{
  "type": "FeatureCollection",
  "features": [
    {
      "type": "Feature",
      "geometry": {
        "type": "Point",
        "coordinates": [
          33.89,
          0.54
        ]
      },
      "properties": {
        "Bridge_Number": "B001",
        "Bridge_Name": "Kibimba Bridge",
        "Link_Number": "A001_Link08",
        "River_Crossing": "Local Waterway",
        "Maintenance_Station": "Jinja",
        "Maintenance_Region": "Eastern",
        "Bridge_Condition_Score": 78.5,
        "Scour_Vulnerability_Index": 15.0,
        "Deck_Condition_Rating": "Good",
        "Substructure_Deficit_Score": 21.5,
        "Structure_Type": "Reinforced Concrete Girder / Steel Truss",
        "Year_Constructed": 1985
      }
    },
    {
      "type": "Feature",
      "geometry": {
        "type": "Point",
        "coordinates": [
          34.26,
          0.64
        ]
      },
      "properties": {
        "Bridge_Number": "B002",
        "Bridge_Name": "Malaba",
        "Link_Number": "A001_Link11",
        "River_Crossing": "Malaba River",
        "Maintenance_Station": "Tororo",
        "Maintenance_Region": "Eastern",
        "Bridge_Condition_Score": 78.5,
        "Scour_Vulnerability_Index": 16.0,
        "Deck_Condition_Rating": "Good",
        "Substructure_Deficit_Score": 21.5,
        "Structure_Type": "Reinforced Concrete Girder / Steel Truss",
        "Year_Constructed": 1986
      }
    },
    {
      "type": "Feature",
      "geometry": {
        "type": "Point",
        "coordinates": [
          32.51,
          -0.3
        ]
      },
      "properties": {
        "Bridge_Number": "B003",
        "Bridge_Name": "Busega",
        "Link_Number": "A002_Link02",
        "River_Crossing": "Local Waterway",
        "Maintenance_Station": "Mpigi",
        "Maintenance_Region": "Central",
        "Bridge_Condition_Score": 78.5,
        "Scour_Vulnerability_Index": 17.0,
        "Deck_Condition_Rating": "Good",
        "Substructure_Deficit_Score": 21.5,
        "Structure_Type": "Reinforced Concrete Girder / Steel Truss",
        "Year_Constructed": 1987
      }
    },
    {
      "type": "Feature",
      "geometry": {
        "type": "Point",
        "coordinates": [
          32.01,
          0.03
        ]
      },
      "properties": {
        "Bridge_Number": "B004",
        "Bridge_Name": "Katonga Bridge",
        "Link_Number": "A002_Link04",
        "River_Crossing": "River Katonga",
        "Maintenance_Station": "Mpigi",
        "Maintenance_Region": "Central",
        "Bridge_Condition_Score": 78.5,
        "Scour_Vulnerability_Index": 18.0,
        "Deck_Condition_Rating": "Good",
        "Substructure_Deficit_Score": 21.5,
        "Structure_Type": "Reinforced Concrete Girder / Steel Truss",
        "Year_Constructed": 1988
      }
    },
    {
      "type": "Feature",
      "geometry": {
        "type": "Point",
        "coordinates": [
          30.64,
          0.62
        ]
      },
      "properties": {
        "Bridge_Number": "B005",
        "Bridge_Name": "Rwizi Bridge",
        "Link_Number": "A002_Link08",
        "River_Crossing": "River Rwizi",
        "Maintenance_Station": "Mbarara",
        "Maintenance_Region": "Southern",
        "Bridge_Condition_Score": 78.5,
        "Scour_Vulnerability_Index": 19.0,
        "Deck_Condition_Rating": "Good",
        "Substructure_Deficit_Score": 21.5,
        "Structure_Type": "Reinforced Concrete Girder / Steel Truss",
        "Year_Constructed": 1989
      }
    },
    {
      "type": "Feature",
      "geometry": {
        "type": "Point",
        "coordinates": [
          30.22,
          0.93
        ]
      },
      "properties": {
        "Bridge_Number": "B006",
        "Bridge_Name": "Kamira Bridge",
        "Link_Number": "A002_Link09",
        "River_Crossing": "River Kamira",
        "Maintenance_Station": "Kabale",
        "Maintenance_Region": "Southern",
        "Bridge_Condition_Score": 73.5,
        "Scour_Vulnerability_Index": 20.0,
        "Deck_Condition_Rating": "Fair",
        "Substructure_Deficit_Score": 26.5,
        "Structure_Type": "Reinforced Concrete Girder / Steel Truss",
        "Year_Constructed": 1990
      }
    },
    {
      "type": "Feature",
      "geometry": {
        "type": "Point",
        "coordinates": [
          30.21,
          0.96
        ]
      },
      "properties": {
        "Bridge_Number": "B007",
        "Bridge_Name": "Rubanga Bridge",
        "Link_Number": "A002_Link09",
        "River_Crossing": "Rubanga River",
        "Maintenance_Station": "Kabale",
        "Maintenance_Region": "Southern",
        "Bridge_Condition_Score": 73.5,
        "Scour_Vulnerability_Index": 21.0,
        "Deck_Condition_Rating": "Fair",
        "Substructure_Deficit_Score": 26.5,
        "Structure_Type": "Reinforced Concrete Girder / Steel Truss",
        "Year_Constructed": 1991
      }
    },
    {
      "type": "Feature",
      "geometry": {
        "type": "Point",
        "coordinates": [
          30.18,
          1.04
        ]
      },
      "properties": {
        "Bridge_Number": "B008",
        "Bridge_Name": "Katinada Bridge",
        "Link_Number": "A002_Link10",
        "River_Crossing": "Kemyenda River",
        "Maintenance_Station": "Kabale",
        "Maintenance_Region": "Southern",
        "Bridge_Condition_Score": 73.5,
        "Scour_Vulnerability_Index": 22.0,
        "Deck_Condition_Rating": "Fair",
        "Substructure_Deficit_Score": 26.5,
        "Structure_Type": "Reinforced Concrete Girder / Steel Truss",
        "Year_Constructed": 1992
      }
    },
    {
      "type": "Feature",
      "geometry": {
        "type": "Point",
        "coordinates": [
          30.03,
          1.26
        ]
      },
      "properties": {
        "Bridge_Number": "B009",
        "Bridge_Name": "Kyanamira",
        "Link_Number": "A002_Link10",
        "River_Crossing": "Kyanamira",
        "Maintenance_Station": "Kabale",
        "Maintenance_Region": "Southern",
        "Bridge_Condition_Score": 73.5,
        "Scour_Vulnerability_Index": 23.0,
        "Deck_Condition_Rating": "Fair",
        "Substructure_Deficit_Score": 26.5,
        "Structure_Type": "Reinforced Concrete Girder / Steel Truss",
        "Year_Constructed": 1993
      }
    },
    {
      "type": "Feature",
      "geometry": {
        "type": "Point",
        "coordinates": [
          31.49,
          0.84
        ]
      },
      "properties": {
        "Bridge_Number": "B011",
        "Bridge_Name": "Bukoola",
        "Link_Number": "A004_Link02",
        "River_Crossing": "River Bukoola",
        "Maintenance_Station": "Masaka",
        "Maintenance_Region": "Central",
        "Bridge_Condition_Score": 73.5,
        "Scour_Vulnerability_Index": 24.0,
        "Deck_Condition_Rating": "Fair",
        "Substructure_Deficit_Score": 26.5,
        "Structure_Type": "Reinforced Concrete Girder / Steel Truss",
        "Year_Constructed": 1994
      }
    },
    {
      "type": "Feature",
      "geometry": {
        "type": "Point",
        "coordinates": [
          32.42,
          -0.33
        ]
      },
      "properties": {
        "Bridge_Number": "B012",
        "Bridge_Name": "Buyala",
        "Link_Number": "A005_Link01",
        "River_Crossing": "Local Waterway",
        "Maintenance_Station": "Mpigi",
        "Maintenance_Region": "Central",
        "Bridge_Condition_Score": 68.5,
        "Scour_Vulnerability_Index": 25.0,
        "Deck_Condition_Rating": "Fair",
        "Substructure_Deficit_Score": 31.5,
        "Structure_Type": "Reinforced Concrete Girder / Steel Truss",
        "Year_Constructed": 1995
      }
    },
    {
      "type": "Feature",
      "geometry": {
        "type": "Point",
        "coordinates": [
          30.39,
          0.64
        ]
      },
      "properties": {
        "Bridge_Number": "B013",
        "Bridge_Name": "Mpanga",
        "Link_Number": "A005_Link10",
        "River_Crossing": "River",
        "Maintenance_Station": "Fort Portal",
        "Maintenance_Region": "Western",
        "Bridge_Condition_Score": 68.5,
        "Scour_Vulnerability_Index": 26.0,
        "Deck_Condition_Rating": "Fair",
        "Substructure_Deficit_Score": 31.5,
        "Structure_Type": "Reinforced Concrete Girder / Steel Truss",
        "Year_Constructed": 1996
      }
    },
    {
      "type": "Feature",
      "geometry": {
        "type": "Point",
        "coordinates": [
          30.3,
          0.66
        ]
      },
      "properties": {
        "Bridge_Number": "B014",
        "Bridge_Name": "Mpanga",
        "Link_Number": "C542_Link01",
        "River_Crossing": "Mpanga River",
        "Maintenance_Station": "Fort Portal",
        "Maintenance_Region": "Western",
        "Bridge_Condition_Score": 68.5,
        "Scour_Vulnerability_Index": 27.0,
        "Deck_Condition_Rating": "Fair",
        "Substructure_Deficit_Score": 31.5,
        "Structure_Type": "Reinforced Concrete Girder / Steel Truss",
        "Year_Constructed": 1997
      }
    },
    {
      "type": "Feature",
      "geometry": {
        "type": "Point",
        "coordinates": [
          30.28,
          0.66
        ]
      },
      "properties": {
        "Bridge_Number": "B015",
        "Bridge_Name": "Mpanga",
        "Link_Number": "A005_Link10",
        "River_Crossing": "Mpanga River",
        "Maintenance_Station": "Fort Portal",
        "Maintenance_Region": "Western",
        "Bridge_Condition_Score": 68.5,
        "Scour_Vulnerability_Index": 28.0,
        "Deck_Condition_Rating": "Fair",
        "Substructure_Deficit_Score": 31.5,
        "Structure_Type": "Reinforced Concrete Girder / Steel Truss",
        "Year_Constructed": 1998
      }
    },
    {
      "type": "Feature",
      "geometry": {
        "type": "Point",
        "coordinates": [
          30.21,
          0.37
        ]
      },
      "properties": {
        "Bridge_Number": "B016",
        "Bridge_Name": "Rwimi",
        "Link_Number": "A005_Link11",
        "River_Crossing": "Local Waterway",
        "Maintenance_Station": "Fort Portal",
        "Maintenance_Region": "Western",
        "Bridge_Condition_Score": 68.5,
        "Scour_Vulnerability_Index": 29.0,
        "Deck_Condition_Rating": "Fair",
        "Substructure_Deficit_Score": 31.5,
        "Structure_Type": "Reinforced Concrete Girder / Steel Truss",
        "Year_Constructed": 1999
      }
    },
    {
      "type": "Feature",
      "geometry": {
        "type": "Point",
        "coordinates": [
          30.28,
          0.35
        ]
      },
      "properties": {
        "Bridge_Number": "B017",
        "Bridge_Name": "Nsonja",
        "Link_Number": "C547_Link01",
        "River_Crossing": "Local Waterway",
        "Maintenance_Station": "Fort Portal",
        "Maintenance_Region": "Western",
        "Bridge_Condition_Score": 63.5,
        "Scour_Vulnerability_Index": 30.0,
        "Deck_Condition_Rating": "Fair",
        "Substructure_Deficit_Score": 36.5,
        "Structure_Type": "Reinforced Concrete Girder / Steel Truss",
        "Year_Constructed": 2000
      }
    },
    {
      "type": "Feature",
      "geometry": {
        "type": "Point",
        "coordinates": [
          30.12,
          -0.26
        ]
      },
      "properties": {
        "Bridge_Number": "B018",
        "Bridge_Name": "Mubuku Bridge",
        "Link_Number": "A005_Link13",
        "River_Crossing": "MUBUKU RIVER",
        "Maintenance_Station": "Kasese",
        "Maintenance_Region": "Southern",
        "Bridge_Condition_Score": 63.5,
        "Scour_Vulnerability_Index": 31.0,
        "Deck_Condition_Rating": "Fair",
        "Substructure_Deficit_Score": 36.5,
        "Structure_Type": "Reinforced Concrete Girder / Steel Truss",
        "Year_Constructed": 2001
      }
    },
    {
      "type": "Feature",
      "geometry": {
        "type": "Point",
        "coordinates": [
          30.12,
          -0.25
        ]
      },
      "properties": {
        "Bridge_Number": "B019",
        "Bridge_Name": "MUBUKU",
        "Link_Number": "A005_Link13",
        "River_Crossing": "River Mubuku",
        "Maintenance_Station": "Kasese",
        "Maintenance_Region": "Southern",
        "Bridge_Condition_Score": 63.5,
        "Scour_Vulnerability_Index": 32.0,
        "Deck_Condition_Rating": "Fair",
        "Substructure_Deficit_Score": 36.5,
        "Structure_Type": "Reinforced Concrete Girder / Steel Truss",
        "Year_Constructed": 2002
      }
    },
    {
      "type": "Feature",
      "geometry": {
        "type": "Point",
        "coordinates": [
          30.11,
          -0.19
        ]
      },
      "properties": {
        "Bridge_Number": "B020",
        "Bridge_Name": "NYAMWAMBA BRIDGE",
        "Link_Number": "A005_Link13",
        "River_Crossing": "Nyamwamba River",
        "Maintenance_Station": "Kasese",
        "Maintenance_Region": "Southern",
        "Bridge_Condition_Score": 63.5,
        "Scour_Vulnerability_Index": 33.0,
        "Deck_Condition_Rating": "Fair",
        "Substructure_Deficit_Score": 36.5,
        "Structure_Type": "Reinforced Concrete Girder / Steel Truss",
        "Year_Constructed": 2003
      }
    },
    {
      "type": "Feature",
      "geometry": {
        "type": "Point",
        "coordinates": [
          30.09,
          -0.17
        ]
      },
      "properties": {
        "Bridge_Number": "B021",
        "Bridge_Name": "Kaseiga",
        "Link_Number": "A005_Link13",
        "River_Crossing": "Nyamwamba",
        "Maintenance_Station": "Kasese",
        "Maintenance_Region": "Southern",
        "Bridge_Condition_Score": 63.5,
        "Scour_Vulnerability_Index": 34.0,
        "Deck_Condition_Rating": "Fair",
        "Substructure_Deficit_Score": 36.5,
        "Structure_Type": "Reinforced Concrete Girder / Steel Truss",
        "Year_Constructed": 2004
      }
    },
    {
      "type": "Feature",
      "geometry": {
        "type": "Point",
        "coordinates": [
          29.72,
          -0.04
        ]
      },
      "properties": {
        "Bridge_Number": "B022",
        "Bridge_Name": "Mpondwe Bridge",
        "Link_Number": "A005_Link15",
        "River_Crossing": "Rubiriha River",
        "Maintenance_Station": "Kasese",
        "Maintenance_Region": "Southern",
        "Bridge_Condition_Score": 58.5,
        "Scour_Vulnerability_Index": 35.0,
        "Deck_Condition_Rating": "Fair",
        "Substructure_Deficit_Score": 41.5,
        "Structure_Type": "Reinforced Concrete Girder / Steel Truss",
        "Year_Constructed": 2005
      }
    },
    {
      "type": "Feature",
      "geometry": {
        "type": "Point",
        "coordinates": [
          32.04,
          -1.54
        ]
      },
      "properties": {
        "Bridge_Number": "B023",
        "Bridge_Name": "Kafu Bridge",
        "Link_Number": "A006_Link06",
        "River_Crossing": "River Kafu",
        "Maintenance_Station": "Luwero",
        "Maintenance_Region": "Central",
        "Bridge_Condition_Score": 58.5,
        "Scour_Vulnerability_Index": 36.0,
        "Deck_Condition_Rating": "Fair",
        "Substructure_Deficit_Score": 41.5,
        "Structure_Type": "Reinforced Concrete Girder / Steel Truss",
        "Year_Constructed": 2006
      }
    },
    {
      "type": "Feature",
      "geometry": {
        "type": "Point",
        "coordinates": [
          32.02,
          1.83
        ]
      },
      "properties": {
        "Bridge_Number": "B024",
        "Bridge_Name": "Titi",
        "Link_Number": "A006_Link08",
        "River_Crossing": "Titi Swamp river",
        "Maintenance_Station": "Masindi",
        "Maintenance_Region": "Western",
        "Bridge_Condition_Score": 58.5,
        "Scour_Vulnerability_Index": 37.0,
        "Deck_Condition_Rating": "Fair",
        "Substructure_Deficit_Score": 41.5,
        "Structure_Type": "Reinforced Concrete Girder / Steel Truss",
        "Year_Constructed": 2007
      }
    },
    {
      "type": "Feature",
      "geometry": {
        "type": "Point",
        "coordinates": [
          32.24,
          2.24
        ]
      },
      "properties": {
        "Bridge_Number": "B025",
        "Bridge_Name": "KARUMA",
        "Link_Number": "A006_Link09",
        "River_Crossing": "WHITE NILE",
        "Maintenance_Station": "Gulu",
        "Maintenance_Region": "Northern",
        "Bridge_Condition_Score": 58.5,
        "Scour_Vulnerability_Index": 38.0,
        "Deck_Condition_Rating": "Fair",
        "Substructure_Deficit_Score": 41.5,
        "Structure_Type": "Reinforced Concrete Girder / Steel Truss",
        "Year_Constructed": 2008
      }
    },
    {
      "type": "Feature",
      "geometry": {
        "type": "Point",
        "coordinates": [
          34.17,
          0.83
        ]
      },
      "properties": {
        "Bridge_Number": "B026",
        "Bridge_Name": "MAGODES",
        "Link_Number": "A007_Link02",
        "River_Crossing": "Magodes",
        "Maintenance_Station": "Tororo",
        "Maintenance_Region": "Eastern",
        "Bridge_Condition_Score": 58.5,
        "Scour_Vulnerability_Index": 39.0,
        "Deck_Condition_Rating": "Fair",
        "Substructure_Deficit_Score": 41.5,
        "Structure_Type": "Reinforced Concrete Girder / Steel Truss",
        "Year_Constructed": 2009
      }
    },
    {
      "type": "Feature",
      "geometry": {
        "type": "Point",
        "coordinates": [
          34.18,
          1.08
        ]
      },
      "properties": {
        "Bridge_Number": "B027",
        "Bridge_Name": "NABUYONGA BRIDGE",
        "Link_Number": "A007_Link04",
        "River_Crossing": "NABUYONGA RIVER",
        "Maintenance_Station": "Mbale",
        "Maintenance_Region": "Eastern",
        "Bridge_Condition_Score": 53.5,
        "Scour_Vulnerability_Index": 40.0,
        "Deck_Condition_Rating": "Fair",
        "Substructure_Deficit_Score": 46.5,
        "Structure_Type": "Reinforced Concrete Girder / Steel Truss",
        "Year_Constructed": 2010
      }
    },
    {
      "type": "Feature",
      "geometry": {
        "type": "Point",
        "coordinates": [
          34.17,
          1.11
        ]
      },
      "properties": {
        "Bridge_Number": "B028",
        "Bridge_Name": "Namatala",
        "Link_Number": "A007_Link04",
        "River_Crossing": "Namatala",
        "Maintenance_Station": "Mbale",
        "Maintenance_Region": "Eastern",
        "Bridge_Condition_Score": 53.5,
        "Scour_Vulnerability_Index": 41.0,
        "Deck_Condition_Rating": "Fair",
        "Substructure_Deficit_Score": 46.5,
        "Structure_Type": "Reinforced Concrete Girder / Steel Truss",
        "Year_Constructed": 2011
      }
    },
    {
      "type": "Feature",
      "geometry": {
        "type": "Point",
        "coordinates": [
          34.16,
          1.16
        ]
      },
      "properties": {
        "Bridge_Number": "B029",
        "Bridge_Name": "FIKA SALAAMA",
        "Link_Number": "A007_Link04",
        "River_Crossing": "Lwere",
        "Maintenance_Station": "Mbale",
        "Maintenance_Region": "Eastern",
        "Bridge_Condition_Score": 53.5,
        "Scour_Vulnerability_Index": 42.0,
        "Deck_Condition_Rating": "Fair",
        "Substructure_Deficit_Score": 46.5,
        "Structure_Type": "Reinforced Concrete Girder / Steel Truss",
        "Year_Constructed": 2012
      }
    },
    {
      "type": "Feature",
      "geometry": {
        "type": "Point",
        "coordinates": [
          33.74,
          1.67
        ]
      },
      "properties": {
        "Bridge_Number": "B030",
        "Bridge_Name": "AWOJA",
        "Link_Number": "A007_Link05",
        "River_Crossing": "AWOJA RIVER",
        "Maintenance_Station": "Soroti",
        "Maintenance_Region": "North Eastern",
        "Bridge_Condition_Score": 53.5,
        "Scour_Vulnerability_Index": 43.0,
        "Deck_Condition_Rating": "Fair",
        "Substructure_Deficit_Score": 46.5,
        "Structure_Type": "Reinforced Concrete Girder / Steel Truss",
        "Year_Constructed": 2013
      }
    },
    {
      "type": "Feature",
      "geometry": {
        "type": "Point",
        "coordinates": [
          32.34,
          2.23
        ]
      },
      "properties": {
        "Bridge_Number": "B031",
        "Bridge_Name": "Tochi - Kamdini",
        "Link_Number": "A007_Link10",
        "River_Crossing": "Tochi River",
        "Maintenance_Station": "Lira",
        "Maintenance_Region": "Northern",
        "Bridge_Condition_Score": 53.5,
        "Scour_Vulnerability_Index": 44.0,
        "Deck_Condition_Rating": "Fair",
        "Substructure_Deficit_Score": 46.5,
        "Structure_Type": "Reinforced Concrete Girder / Steel Truss",
        "Year_Constructed": 2014
      }
    },
    {
      "type": "Feature",
      "geometry": {
        "type": "Point",
        "coordinates": [
          31.51,
          2.46
        ]
      },
      "properties": {
        "Bridge_Number": "B032",
        "Bridge_Name": "ALBERT NILE",
        "Link_Number": "A008_Link03",
        "River_Crossing": "ALBERT NILE",
        "Maintenance_Station": "Arua",
        "Maintenance_Region": "Northern",
        "Bridge_Condition_Score": 48.5,
        "Scour_Vulnerability_Index": 45.0,
        "Deck_Condition_Rating": "Poor",
        "Substructure_Deficit_Score": 51.5,
        "Structure_Type": "Reinforced Concrete Girder / Steel Truss",
        "Year_Constructed": 2015
      }
    },
    {
      "type": "Feature",
      "geometry": {
        "type": "Point",
        "coordinates": [
          31.17,
          2.48
        ]
      },
      "properties": {
        "Bridge_Number": "B033",
        "Bridge_Name": "ACHWERA",
        "Link_Number": "A008_Link03",
        "River_Crossing": "ACHWERA",
        "Maintenance_Station": "Arua",
        "Maintenance_Region": "Northern",
        "Bridge_Condition_Score": 48.5,
        "Scour_Vulnerability_Index": 46.0,
        "Deck_Condition_Rating": "Poor",
        "Substructure_Deficit_Score": 51.5,
        "Structure_Type": "Reinforced Concrete Girder / Steel Truss",
        "Year_Constructed": 2016
      }
    },
    {
      "type": "Feature",
      "geometry": {
        "type": "Point",
        "coordinates": [
          31.14,
          2.49
        ]
      },
      "properties": {
        "Bridge_Number": "B034",
        "Bridge_Name": "AKABA",
        "Link_Number": "A008_Link03",
        "River_Crossing": "AKABA",
        "Maintenance_Station": "Arua",
        "Maintenance_Region": "Northern",
        "Bridge_Condition_Score": 48.5,
        "Scour_Vulnerability_Index": 47.0,
        "Deck_Condition_Rating": "Poor",
        "Substructure_Deficit_Score": 51.5,
        "Structure_Type": "Reinforced Concrete Girder / Steel Truss",
        "Year_Constructed": 2017
      }
    },
    {
      "type": "Feature",
      "geometry": {
        "type": "Point",
        "coordinates": [
          31.13,
          2.5
        ]
      },
      "properties": {
        "Bridge_Number": "B035",
        "Bridge_Name": "NYARWODHO",
        "Link_Number": "A008_Link03",
        "River_Crossing": "NYARWODHO",
        "Maintenance_Station": "Arua",
        "Maintenance_Region": "Northern",
        "Bridge_Condition_Score": 48.5,
        "Scour_Vulnerability_Index": 48.0,
        "Deck_Condition_Rating": "Poor",
        "Substructure_Deficit_Score": 51.5,
        "Structure_Type": "Reinforced Concrete Girder / Steel Truss",
        "Year_Constructed": 2018
      }
    },
    {
      "type": "Feature",
      "geometry": {
        "type": "Point",
        "coordinates": [
          31.09,
          2.51
        ]
      },
      "properties": {
        "Bridge_Number": "B036",
        "Bridge_Name": "NAMTHIN",
        "Link_Number": "A008_Link04",
        "River_Crossing": "NAMTHIN",
        "Maintenance_Station": "Arua",
        "Maintenance_Region": "Northern",
        "Bridge_Condition_Score": 48.5,
        "Scour_Vulnerability_Index": 49.0,
        "Deck_Condition_Rating": "Poor",
        "Substructure_Deficit_Score": 51.5,
        "Structure_Type": "Reinforced Concrete Girder / Steel Truss",
        "Year_Constructed": 2019
      }
    },
    {
      "type": "Feature",
      "geometry": {
        "type": "Point",
        "coordinates": [
          31.14,
          2.66
        ]
      },
      "properties": {
        "Bridge_Number": "B037",
        "Bridge_Name": "ORA",
        "Link_Number": "A008_Link04",
        "River_Crossing": "ORA",
        "Maintenance_Station": "Arua",
        "Maintenance_Region": "Northern",
        "Bridge_Condition_Score": 78.5,
        "Scour_Vulnerability_Index": 50.0,
        "Deck_Condition_Rating": "Good",
        "Substructure_Deficit_Score": 21.5,
        "Structure_Type": "Reinforced Concrete Girder / Steel Truss",
        "Year_Constructed": 1985
      }
    },
    {
      "type": "Feature",
      "geometry": {
        "type": "Point",
        "coordinates": [
          31.0,
          2.83
        ]
      },
      "properties": {
        "Bridge_Number": "B038",
        "Bridge_Name": "AGUYI",
        "Link_Number": "A008_Link04",
        "River_Crossing": "AGUYI",
        "Maintenance_Station": "Arua",
        "Maintenance_Region": "Northern",
        "Bridge_Condition_Score": 78.5,
        "Scour_Vulnerability_Index": 51.0,
        "Deck_Condition_Rating": "Good",
        "Substructure_Deficit_Score": 21.5,
        "Structure_Type": "Reinforced Concrete Girder / Steel Truss",
        "Year_Constructed": 1986
      }
    },
    {
      "type": "Feature",
      "geometry": {
        "type": "Point",
        "coordinates": [
          30.98,
          2.87
        ]
      },
      "properties": {
        "Bridge_Number": "B039",
        "Bridge_Name": "OZUVA",
        "Link_Number": "A008_Link04",
        "River_Crossing": "OZUVA",
        "Maintenance_Station": "Arua",
        "Maintenance_Region": "Northern",
        "Bridge_Condition_Score": 78.5,
        "Scour_Vulnerability_Index": 52.0,
        "Deck_Condition_Rating": "Good",
        "Substructure_Deficit_Score": 21.5,
        "Structure_Type": "Reinforced Concrete Girder / Steel Truss",
        "Year_Constructed": 1987
      }
    },
    {
      "type": "Feature",
      "geometry": {
        "type": "Point",
        "coordinates": [
          30.98,
          2.88
        ]
      },
      "properties": {
        "Bridge_Number": "B040",
        "Bridge_Name": "WIKI",
        "Link_Number": "A008_Link04",
        "River_Crossing": "WIKI",
        "Maintenance_Station": "Arua",
        "Maintenance_Region": "Northern",
        "Bridge_Condition_Score": 78.5,
        "Scour_Vulnerability_Index": 53.0,
        "Deck_Condition_Rating": "Good",
        "Substructure_Deficit_Score": 21.5,
        "Structure_Type": "Reinforced Concrete Girder / Steel Truss",
        "Year_Constructed": 1988
      }
    },
    {
      "type": "Feature",
      "geometry": {
        "type": "Point",
        "coordinates": [
          31.91,
          -0.82
        ]
      },
      "properties": {
        "Bridge_Number": "B041",
        "Bridge_Name": "Kayirila Bridge",
        "Link_Number": "A009_Link03",
        "River_Crossing": "KAYIRIIRA RIVER",
        "Maintenance_Station": "Kampala",
        "Maintenance_Region": "Central",
        "Bridge_Condition_Score": 78.5,
        "Scour_Vulnerability_Index": 54.0,
        "Deck_Condition_Rating": "Good",
        "Substructure_Deficit_Score": 21.5,
        "Structure_Type": "Reinforced Concrete Girder / Steel Truss",
        "Year_Constructed": 1989
      }
    },
    {
      "type": "Feature",
      "geometry": {
        "type": "Point",
        "coordinates": [
          33.74,
          0.97
        ]
      },
      "properties": {
        "Bridge_Number": "B042",
        "Bridge_Name": "MPOLOGOMA",
        "Link_Number": "A012_Link02",
        "River_Crossing": "MPOLOGOMA",
        "Maintenance_Station": "Mbale",
        "Maintenance_Region": "Eastern",
        "Bridge_Condition_Score": 73.5,
        "Scour_Vulnerability_Index": 55.0,
        "Deck_Condition_Rating": "Fair",
        "Substructure_Deficit_Score": 26.5,
        "Structure_Type": "Reinforced Concrete Girder / Steel Truss",
        "Year_Constructed": 1990
      }
    },
    {
      "type": "Feature",
      "geometry": {
        "type": "Point",
        "coordinates": [
          30.71,
          0.08
        ]
      },
      "properties": {
        "Bridge_Number": "B043",
        "Bridge_Name": "Rushango - Bridge",
        "Link_Number": "C356_Link01",
        "River_Crossing": "Rushango  River",
        "Maintenance_Station": "Ibanda",
        "Maintenance_Region": "Southern",
        "Bridge_Condition_Score": 73.5,
        "Scour_Vulnerability_Index": 56.0,
        "Deck_Condition_Rating": "Fair",
        "Substructure_Deficit_Score": 26.5,
        "Structure_Type": "Reinforced Concrete Girder / Steel Truss",
        "Year_Constructed": 1991
      }
    },
    {
      "type": "Feature",
      "geometry": {
        "type": "Point",
        "coordinates": [
          30.46,
          0.1
        ]
      },
      "properties": {
        "Bridge_Number": "B044",
        "Bridge_Name": "Mpanga - Bridge",
        "Link_Number": "B150_Link03",
        "River_Crossing": "Local Waterway",
        "Maintenance_Station": "Ibanda",
        "Maintenance_Region": "Southern",
        "Bridge_Condition_Score": 73.5,
        "Scour_Vulnerability_Index": 57.0,
        "Deck_Condition_Rating": "Fair",
        "Substructure_Deficit_Score": 26.5,
        "Structure_Type": "Reinforced Concrete Girder / Steel Truss",
        "Year_Constructed": 1992
      }
    },
    {
      "type": "Feature",
      "geometry": {
        "type": "Point",
        "coordinates": [
          30.05,
          0.13
        ]
      },
      "properties": {
        "Bridge_Number": "B047",
        "Bridge_Name": "Katunguru Bridge",
        "Link_Number": "B152_Link03",
        "River_Crossing": "Kazinga Channel",
        "Maintenance_Station": "Mbarara",
        "Maintenance_Region": "Southern",
        "Bridge_Condition_Score": 73.5,
        "Scour_Vulnerability_Index": 58.0,
        "Deck_Condition_Rating": "Fair",
        "Substructure_Deficit_Score": 26.5,
        "Structure_Type": "Reinforced Concrete Girder / Steel Truss",
        "Year_Constructed": 1993
      }
    },
    {
      "type": "Feature",
      "geometry": {
        "type": "Point",
        "coordinates": [
          30.73,
          0.87
        ]
      },
      "properties": {
        "Bridge_Number": "B048",
        "Bridge_Name": "Muziza",
        "Link_Number": "B202_Link02",
        "River_Crossing": "Local Waterway",
        "Maintenance_Station": "Hoima",
        "Maintenance_Region": "Western",
        "Bridge_Condition_Score": 73.5,
        "Scour_Vulnerability_Index": 59.0,
        "Deck_Condition_Rating": "Fair",
        "Substructure_Deficit_Score": 26.5,
        "Structure_Type": "Reinforced Concrete Girder / Steel Truss",
        "Year_Constructed": 1994
      }
    },
    {
      "type": "Feature",
      "geometry": {
        "type": "Point",
        "coordinates": [
          30.99,
          1.13
        ]
      },
      "properties": {
        "Bridge_Number": "B049",
        "Bridge_Name": "Nkusi",
        "Link_Number": "B202_Link03",
        "River_Crossing": "River Nkusi",
        "Maintenance_Station": "Hoima",
        "Maintenance_Region": "Western",
        "Bridge_Condition_Score": 68.5,
        "Scour_Vulnerability_Index": 60.0,
        "Deck_Condition_Rating": "Fair",
        "Substructure_Deficit_Score": 31.5,
        "Structure_Type": "Reinforced Concrete Girder / Steel Truss",
        "Year_Constructed": 1995
      }
    },
    {
      "type": "Feature",
      "geometry": {
        "type": "Point",
        "coordinates": [
          34.2,
          1.15
        ]
      },
      "properties": {
        "Bridge_Number": "B050",
        "Bridge_Name": "RWERE",
        "Link_Number": "B300_Link01",
        "River_Crossing": "River RWERE",
        "Maintenance_Station": "Mbale",
        "Maintenance_Region": "Eastern",
        "Bridge_Condition_Score": 68.5,
        "Scour_Vulnerability_Index": 61.0,
        "Deck_Condition_Rating": "Fair",
        "Substructure_Deficit_Score": 31.5,
        "Structure_Type": "Reinforced Concrete Girder / Steel Truss",
        "Year_Constructed": 1996
      }
    },
    {
      "type": "Feature",
      "geometry": {
        "type": "Point",
        "coordinates": [
          34.26,
          1.24
        ]
      },
      "properties": {
        "Bridge_Number": "B051",
        "Bridge_Name": "Sironko",
        "Link_Number": "B300_Link01",
        "River_Crossing": "Sironko",
        "Maintenance_Station": "Mbale",
        "Maintenance_Region": "Eastern",
        "Bridge_Condition_Score": 68.5,
        "Scour_Vulnerability_Index": 62.0,
        "Deck_Condition_Rating": "Fair",
        "Substructure_Deficit_Score": 31.5,
        "Structure_Type": "Reinforced Concrete Girder / Steel Truss",
        "Year_Constructed": 1997
      }
    },
    {
      "type": "Feature",
      "geometry": {
        "type": "Point",
        "coordinates": [
          34.27,
          1.24
        ]
      },
      "properties": {
        "Bridge_Number": "B052",
        "Bridge_Name": "Nalugugu",
        "Link_Number": "B300_Link01",
        "River_Crossing": "River Nalugugu",
        "Maintenance_Station": "Mbale",
        "Maintenance_Region": "Eastern",
        "Bridge_Condition_Score": 68.5,
        "Scour_Vulnerability_Index": 63.0,
        "Deck_Condition_Rating": "Fair",
        "Substructure_Deficit_Score": 31.5,
        "Structure_Type": "Reinforced Concrete Girder / Steel Truss",
        "Year_Constructed": 1998
      }
    },
    {
      "type": "Feature",
      "geometry": {
        "type": "Point",
        "coordinates": [
          34.29,
          1.3
        ]
      },
      "properties": {
        "Bridge_Number": "B053",
        "Bridge_Name": "SIMU",
        "Link_Number": "B300_Link02",
        "River_Crossing": "SIMU",
        "Maintenance_Station": "Mbale",
        "Maintenance_Region": "Eastern",
        "Bridge_Condition_Score": 68.5,
        "Scour_Vulnerability_Index": 64.0,
        "Deck_Condition_Rating": "Fair",
        "Substructure_Deficit_Score": 31.5,
        "Structure_Type": "Reinforced Concrete Girder / Steel Truss",
        "Year_Constructed": 1999
      }
    },
    {
      "type": "Feature",
      "geometry": {
        "type": "Point",
        "coordinates": [
          34.3,
          1.33
        ]
      },
      "properties": {
        "Bridge_Number": "B054",
        "Bridge_Name": "YEMBE",
        "Link_Number": "B300_Link03",
        "River_Crossing": "YEMBE",
        "Maintenance_Station": "Mbale",
        "Maintenance_Region": "Eastern",
        "Bridge_Condition_Score": 63.5,
        "Scour_Vulnerability_Index": 65.0,
        "Deck_Condition_Rating": "Fair",
        "Substructure_Deficit_Score": 36.5,
        "Structure_Type": "Reinforced Concrete Girder / Steel Truss",
        "Year_Constructed": 2000
      }
    },
    {
      "type": "Feature",
      "geometry": {
        "type": "Point",
        "coordinates": [
          34.48,
          1.41
        ]
      },
      "properties": {
        "Bridge_Number": "B055",
        "Bridge_Name": "Atari",
        "Link_Number": "B304_Link02",
        "River_Crossing": "Atari",
        "Maintenance_Station": "Mbale",
        "Maintenance_Region": "Eastern",
        "Bridge_Condition_Score": 63.5,
        "Scour_Vulnerability_Index": 66.0,
        "Deck_Condition_Rating": "Fair",
        "Substructure_Deficit_Score": 36.5,
        "Structure_Type": "Reinforced Concrete Girder / Steel Truss",
        "Year_Constructed": 2001
      }
    },
    {
      "type": "Feature",
      "geometry": {
        "type": "Point",
        "coordinates": [
          34.51,
          1.41
        ]
      },
      "properties": {
        "Bridge_Number": "B056",
        "Bridge_Name": "NGENGE BRIDGE",
        "Link_Number": "B304_Link02",
        "River_Crossing": "RIVER NGENGE",
        "Maintenance_Station": "Mbale",
        "Maintenance_Region": "Eastern",
        "Bridge_Condition_Score": 63.5,
        "Scour_Vulnerability_Index": 67.0,
        "Deck_Condition_Rating": "Fair",
        "Substructure_Deficit_Score": 36.5,
        "Structure_Type": "Reinforced Concrete Girder / Steel Truss",
        "Year_Constructed": 2002
      }
    },
    {
      "type": "Feature",
      "geometry": {
        "type": "Point",
        "coordinates": [
          34.52,
          1.41
        ]
      },
      "properties": {
        "Bridge_Number": "B057",
        "Bridge_Name": "Emjong",
        "Link_Number": "B304_Link02",
        "River_Crossing": "River Emjong",
        "Maintenance_Station": "Mbale",
        "Maintenance_Region": "Eastern",
        "Bridge_Condition_Score": 63.5,
        "Scour_Vulnerability_Index": 68.0,
        "Deck_Condition_Rating": "Fair",
        "Substructure_Deficit_Score": 36.5,
        "Structure_Type": "Reinforced Concrete Girder / Steel Truss",
        "Year_Constructed": 2003
      }
    },
    {
      "type": "Feature",
      "geometry": {
        "type": "Point",
        "coordinates": [
          33.92,
          1.41
        ]
      },
      "properties": {
        "Bridge_Number": "B058",
        "Bridge_Name": "Kanyago 2",
        "Link_Number": "B305_Link03",
        "River_Crossing": "River Oladot",
        "Maintenance_Station": "Soroti",
        "Maintenance_Region": "North Eastern",
        "Bridge_Condition_Score": 63.5,
        "Scour_Vulnerability_Index": 69.0,
        "Deck_Condition_Rating": "Fair",
        "Substructure_Deficit_Score": 36.5,
        "Structure_Type": "Reinforced Concrete Girder / Steel Truss",
        "Year_Constructed": 2004
      }
    },
    {
      "type": "Feature",
      "geometry": {
        "type": "Point",
        "coordinates": [
          33.87,
          1.27
        ]
      },
      "properties": {
        "Bridge_Number": "B059",
        "Bridge_Name": "Ladot",
        "Link_Number": "B305_Link03",
        "River_Crossing": "Ladot",
        "Maintenance_Station": "Soroti",
        "Maintenance_Region": "North Eastern",
        "Bridge_Condition_Score": 58.5,
        "Scour_Vulnerability_Index": 70.0,
        "Deck_Condition_Rating": "Fair",
        "Substructure_Deficit_Score": 41.5,
        "Structure_Type": "Reinforced Concrete Girder / Steel Truss",
        "Year_Constructed": 2005
      }
    },
    {
      "type": "Feature",
      "geometry": {
        "type": "Point",
        "coordinates": [
          33.87,
          1.27
        ]
      },
      "properties": {
        "Bridge_Number": "B060",
        "Bridge_Name": "KANYAGO",
        "Link_Number": "B305_Link03",
        "River_Crossing": "LADOT",
        "Maintenance_Station": "Soroti",
        "Maintenance_Region": "North Eastern",
        "Bridge_Condition_Score": 58.5,
        "Scour_Vulnerability_Index": 71.0,
        "Deck_Condition_Rating": "Fair",
        "Substructure_Deficit_Score": 41.5,
        "Structure_Type": "Reinforced Concrete Girder / Steel Truss",
        "Year_Constructed": 2006
      }
    },
    {
      "type": "Feature",
      "geometry": {
        "type": "Point",
        "coordinates": [
          31.2,
          0.47
        ]
      },
      "properties": {
        "Bridge_Number": "B061",
        "Bridge_Name": "Buyanja",
        "Link_Number": "C214_Link01",
        "River_Crossing": "Buyanja",
        "Maintenance_Station": "Masaka",
        "Maintenance_Region": "Central",
        "Bridge_Condition_Score": 58.5,
        "Scour_Vulnerability_Index": 72.0,
        "Deck_Condition_Rating": "Fair",
        "Substructure_Deficit_Score": 41.5,
        "Structure_Type": "Reinforced Concrete Girder / Steel Truss",
        "Year_Constructed": 2007
      }
    },
    {
      "type": "Feature",
      "geometry": {
        "type": "Point",
        "coordinates": [
          31.35,
          0.78
        ]
      },
      "properties": {
        "Bridge_Number": "B062",
        "Bridge_Name": "Kibale",
        "Link_Number": "C351_Link01",
        "River_Crossing": "Kibale river",
        "Maintenance_Station": "Mbarara",
        "Maintenance_Region": "Southern",
        "Bridge_Condition_Score": 58.5,
        "Scour_Vulnerability_Index": 73.0,
        "Deck_Condition_Rating": "Fair",
        "Substructure_Deficit_Score": 41.5,
        "Structure_Type": "Reinforced Concrete Girder / Steel Truss",
        "Year_Constructed": 2008
      }
    },
    {
      "type": "Feature",
      "geometry": {
        "type": "Point",
        "coordinates": [
          30.05,
          0.83
        ]
      },
      "properties": {
        "Bridge_Number": "B067",
        "Bridge_Name": "Kahenge Bridge",
        "Link_Number": "C410_Link01",
        "River_Crossing": "Kahenge River",
        "Maintenance_Station": "Kabale",
        "Maintenance_Region": "Southern",
        "Bridge_Condition_Score": 58.5,
        "Scour_Vulnerability_Index": 74.0,
        "Deck_Condition_Rating": "Fair",
        "Substructure_Deficit_Score": 41.5,
        "Structure_Type": "Reinforced Concrete Girder / Steel Truss",
        "Year_Constructed": 2009
      }
    },
    {
      "type": "Feature",
      "geometry": {
        "type": "Point",
        "coordinates": [
          30.01,
          0.91
        ]
      },
      "properties": {
        "Bridge_Number": "B068",
        "Bridge_Name": "Minera Bridge  01",
        "Link_Number": "C411_Link01",
        "River_Crossing": "River Minera",
        "Maintenance_Station": "Kabale",
        "Maintenance_Region": "Southern",
        "Bridge_Condition_Score": 53.5,
        "Scour_Vulnerability_Index": 75.0,
        "Deck_Condition_Rating": "Fair",
        "Substructure_Deficit_Score": 46.5,
        "Structure_Type": "Reinforced Concrete Girder / Steel Truss",
        "Year_Constructed": 2010
      }
    },
    {
      "type": "Feature",
      "geometry": {
        "type": "Point",
        "coordinates": [
          30.01,
          0.91
        ]
      },
      "properties": {
        "Bridge_Number": "B069",
        "Bridge_Name": "Minera 02",
        "Link_Number": "C411_Link01",
        "River_Crossing": "Minera",
        "Maintenance_Station": "Kabale",
        "Maintenance_Region": "Southern",
        "Bridge_Condition_Score": 53.5,
        "Scour_Vulnerability_Index": 76.0,
        "Deck_Condition_Rating": "Fair",
        "Substructure_Deficit_Score": 46.5,
        "Structure_Type": "Reinforced Concrete Girder / Steel Truss",
        "Year_Constructed": 2011
      }
    },
    {
      "type": "Feature",
      "geometry": {
        "type": "Point",
        "coordinates": [
          29.87,
          0.31
        ]
      },
      "properties": {
        "Bridge_Number": "B070",
        "Bridge_Name": "Nyamwiru Bridge",
        "Link_Number": "C414_Link01",
        "River_Crossing": "Nyamwiru river",
        "Maintenance_Station": "Kasese",
        "Maintenance_Region": "Southern",
        "Bridge_Condition_Score": 53.5,
        "Scour_Vulnerability_Index": 77.0,
        "Deck_Condition_Rating": "Fair",
        "Substructure_Deficit_Score": 46.5,
        "Structure_Type": "Reinforced Concrete Girder / Steel Truss",
        "Year_Constructed": 2012
      }
    },
    {
      "type": "Feature",
      "geometry": {
        "type": "Point",
        "coordinates": [
          29.88,
          0.38
        ]
      },
      "properties": {
        "Bridge_Number": "B071",
        "Bridge_Name": "Rwempunu",
        "Link_Number": "C414_Link01",
        "River_Crossing": "Rwempunu river",
        "Maintenance_Station": "Kasese",
        "Maintenance_Region": "Southern",
        "Bridge_Condition_Score": 53.5,
        "Scour_Vulnerability_Index": 78.0,
        "Deck_Condition_Rating": "Fair",
        "Substructure_Deficit_Score": 46.5,
        "Structure_Type": "Reinforced Concrete Girder / Steel Truss",
        "Year_Constructed": 2013
      }
    },
    {
      "type": "Feature",
      "geometry": {
        "type": "Point",
        "coordinates": [
          29.87,
          0.42
        ]
      },
      "properties": {
        "Bridge_Number": "B072",
        "Bridge_Name": "Kaizi Bridge",
        "Link_Number": "C414_Link01",
        "River_Crossing": "Kaizi river",
        "Maintenance_Station": "Kasese",
        "Maintenance_Region": "Southern",
        "Bridge_Condition_Score": 53.5,
        "Scour_Vulnerability_Index": 79.0,
        "Deck_Condition_Rating": "Fair",
        "Substructure_Deficit_Score": 46.5,
        "Structure_Type": "Reinforced Concrete Girder / Steel Truss",
        "Year_Constructed": 2014
      }
    },
    {
      "type": "Feature",
      "geometry": {
        "type": "Point",
        "coordinates": [
          29.8,
          0.46
        ]
      },
      "properties": {
        "Bridge_Number": "B073",
        "Bridge_Name": "NCHWERA",
        "Link_Number": "C414_Link01",
        "River_Crossing": "NSHWERA",
        "Maintenance_Station": "Kasese",
        "Maintenance_Region": "Southern",
        "Bridge_Condition_Score": 48.5,
        "Scour_Vulnerability_Index": 15.0,
        "Deck_Condition_Rating": "Poor",
        "Substructure_Deficit_Score": 51.5,
        "Structure_Type": "Reinforced Concrete Girder / Steel Truss",
        "Year_Constructed": 2015
      }
    },
    {
      "type": "Feature",
      "geometry": {
        "type": "Point",
        "coordinates": [
          29.72,
          -0.57
        ]
      },
      "properties": {
        "Bridge_Number": "B074",
        "Bridge_Name": "Ntungwe Bridge",
        "Link_Number": "C414_Link01",
        "River_Crossing": "Ntungwe River",
        "Maintenance_Station": "Kasese",
        "Maintenance_Region": "Southern",
        "Bridge_Condition_Score": 48.5,
        "Scour_Vulnerability_Index": 16.0,
        "Deck_Condition_Rating": "Poor",
        "Substructure_Deficit_Score": 51.5,
        "Structure_Type": "Reinforced Concrete Girder / Steel Truss",
        "Year_Constructed": 2016
      }
    },
    {
      "type": "Feature",
      "geometry": {
        "type": "Point",
        "coordinates": [
          29.63,
          0.73
        ]
      },
      "properties": {
        "Bridge_Number": "B075",
        "Bridge_Name": "Ishasha Bridge",
        "Link_Number": "C414_Link01",
        "River_Crossing": "Ishasha River",
        "Maintenance_Station": "Kasese",
        "Maintenance_Region": "Southern",
        "Bridge_Condition_Score": 48.5,
        "Scour_Vulnerability_Index": 17.0,
        "Deck_Condition_Rating": "Poor",
        "Substructure_Deficit_Score": 51.5,
        "Structure_Type": "Reinforced Concrete Girder / Steel Truss",
        "Year_Constructed": 2017
      }
    },
    {
      "type": "Feature",
      "geometry": {
        "type": "Point",
        "coordinates": [
          30.46,
          0.43
        ]
      },
      "properties": {
        "Bridge_Number": "B076",
        "Bridge_Name": "Nyakambu Brigde",
        "Link_Number": "C415_Link02",
        "River_Crossing": "Nyakambugu swamp",
        "Maintenance_Station": "Ibanda",
        "Maintenance_Region": "Southern",
        "Bridge_Condition_Score": 48.5,
        "Scour_Vulnerability_Index": 18.0,
        "Deck_Condition_Rating": "Poor",
        "Substructure_Deficit_Score": 51.5,
        "Structure_Type": "Reinforced Concrete Girder / Steel Truss",
        "Year_Constructed": 2018
      }
    },
    {
      "type": "Feature",
      "geometry": {
        "type": "Point",
        "coordinates": [
          30.42,
          0.37
        ]
      },
      "properties": {
        "Bridge_Number": "B077",
        "Bridge_Name": "KAMIIRA BRIDGE",
        "Link_Number": "C416_Link01",
        "River_Crossing": "KAMIIRA SWAMP",
        "Maintenance_Station": "Ibanda",
        "Maintenance_Region": "Southern",
        "Bridge_Condition_Score": 48.5,
        "Scour_Vulnerability_Index": 19.0,
        "Deck_Condition_Rating": "Poor",
        "Substructure_Deficit_Score": 51.5,
        "Structure_Type": "Reinforced Concrete Girder / Steel Truss",
        "Year_Constructed": 2019
      }
    },
    {
      "type": "Feature",
      "geometry": {
        "type": "Point",
        "coordinates": [
          30.46,
          1.05
        ]
      },
      "properties": {
        "Bridge_Number": "B078",
        "Bridge_Name": "Mirama 01",
        "Link_Number": "C417_Link03",
        "River_Crossing": "River Kagera",
        "Maintenance_Station": "Kabale",
        "Maintenance_Region": "Southern",
        "Bridge_Condition_Score": 78.5,
        "Scour_Vulnerability_Index": 20.0,
        "Deck_Condition_Rating": "Good",
        "Substructure_Deficit_Score": 21.5,
        "Structure_Type": "Reinforced Concrete Girder / Steel Truss",
        "Year_Constructed": 1985
      }
    },
    {
      "type": "Feature",
      "geometry": {
        "type": "Point",
        "coordinates": [
          30.22,
          0.99
        ]
      },
      "properties": {
        "Bridge_Number": "B079",
        "Bridge_Name": "Katengure Bridge",
        "Link_Number": "C418_Link01",
        "River_Crossing": "Katengure River",
        "Maintenance_Station": "Kabale",
        "Maintenance_Region": "Southern",
        "Bridge_Condition_Score": 78.5,
        "Scour_Vulnerability_Index": 21.0,
        "Deck_Condition_Rating": "Good",
        "Substructure_Deficit_Score": 21.5,
        "Structure_Type": "Reinforced Concrete Girder / Steel Truss",
        "Year_Constructed": 1986
      }
    },
    {
      "type": "Feature",
      "geometry": {
        "type": "Point",
        "coordinates": [
          30.08,
          -0.33
        ]
      },
      "properties": {
        "Bridge_Number": "B080",
        "Bridge_Name": "Mubuku bridge",
        "Link_Number": "C510_Link01",
        "River_Crossing": "Mubuku river",
        "Maintenance_Station": "Kasese",
        "Maintenance_Region": "Southern",
        "Bridge_Condition_Score": 78.5,
        "Scour_Vulnerability_Index": 22.0,
        "Deck_Condition_Rating": "Good",
        "Substructure_Deficit_Score": 21.5,
        "Structure_Type": "Reinforced Concrete Girder / Steel Truss",
        "Year_Constructed": 1987
      }
    },
    {
      "type": "Feature",
      "geometry": {
        "type": "Point",
        "coordinates": [
          30.01,
          -0.2
        ]
      },
      "properties": {
        "Bridge_Number": "B081",
        "Bridge_Name": "KILEMBE BRIDGE",
        "Link_Number": "C511_Link01",
        "River_Crossing": "River Nyamwamba",
        "Maintenance_Station": "Kasese",
        "Maintenance_Region": "Southern",
        "Bridge_Condition_Score": 78.5,
        "Scour_Vulnerability_Index": 23.0,
        "Deck_Condition_Rating": "Good",
        "Substructure_Deficit_Score": 21.5,
        "Structure_Type": "Reinforced Concrete Girder / Steel Truss",
        "Year_Constructed": 1988
      }
    },
    {
      "type": "Feature",
      "geometry": {
        "type": "Point",
        "coordinates": [
          29.86,
          -0.05
        ]
      },
      "properties": {
        "Bridge_Number": "B082",
        "Bridge_Name": "Kanyampala Upper",
        "Link_Number": "C513_Link01",
        "River_Crossing": "Kanyampala",
        "Maintenance_Station": "Kasese",
        "Maintenance_Region": "Southern",
        "Bridge_Condition_Score": 78.5,
        "Scour_Vulnerability_Index": 24.0,
        "Deck_Condition_Rating": "Good",
        "Substructure_Deficit_Score": 21.5,
        "Structure_Type": "Reinforced Concrete Girder / Steel Truss",
        "Year_Constructed": 1989
      }
    },
    {
      "type": "Feature",
      "geometry": {
        "type": "Point",
        "coordinates": [
          29.84,
          -0.12
        ]
      },
      "properties": {
        "Bridge_Number": "B085",
        "Bridge_Name": "Nyamugasani Bridge",
        "Link_Number": "C516_Link01",
        "River_Crossing": "Namugasani",
        "Maintenance_Station": "Kasese",
        "Maintenance_Region": "Southern",
        "Bridge_Condition_Score": 73.5,
        "Scour_Vulnerability_Index": 25.0,
        "Deck_Condition_Rating": "Fair",
        "Substructure_Deficit_Score": 26.5,
        "Structure_Type": "Reinforced Concrete Girder / Steel Truss",
        "Year_Constructed": 1990
      }
    },
    {
      "type": "Feature",
      "geometry": {
        "type": "Point",
        "coordinates": [
          30.36,
          0.93
        ]
      },
      "properties": {
        "Bridge_Number": "B087",
        "Bridge_Name": "Wassa",
        "Link_Number": "C541_Link01",
        "River_Crossing": "Local Waterway",
        "Maintenance_Station": "Fort Portal",
        "Maintenance_Region": "Western",
        "Bridge_Condition_Score": 73.5,
        "Scour_Vulnerability_Index": 26.0,
        "Deck_Condition_Rating": "Fair",
        "Substructure_Deficit_Score": 26.5,
        "Structure_Type": "Reinforced Concrete Girder / Steel Truss",
        "Year_Constructed": 1991
      }
    },
    {
      "type": "Feature",
      "geometry": {
        "type": "Point",
        "coordinates": [
          30.49,
          0.88
        ]
      },
      "properties": {
        "Bridge_Number": "B088",
        "Bridge_Name": "Sogoha",
        "Link_Number": "C542_Link01",
        "River_Crossing": "Sogoha",
        "Maintenance_Station": "Fort Portal",
        "Maintenance_Region": "Western",
        "Bridge_Condition_Score": 73.5,
        "Scour_Vulnerability_Index": 27.0,
        "Deck_Condition_Rating": "Fair",
        "Substructure_Deficit_Score": 26.5,
        "Structure_Type": "Reinforced Concrete Girder / Steel Truss",
        "Year_Constructed": 1992
      }
    },
    {
      "type": "Feature",
      "geometry": {
        "type": "Point",
        "coordinates": [
          31.48,
          1.99
        ]
      },
      "properties": {
        "Bridge_Number": "B089",
        "Bridge_Name": "Waiga",
        "Link_Number": "C623_Link01",
        "River_Crossing": "Waiga",
        "Maintenance_Station": "Masindi",
        "Maintenance_Region": "Western",
        "Bridge_Condition_Score": 73.5,
        "Scour_Vulnerability_Index": 28.0,
        "Deck_Condition_Rating": "Fair",
        "Substructure_Deficit_Score": 26.5,
        "Structure_Type": "Reinforced Concrete Girder / Steel Truss",
        "Year_Constructed": 1993
      }
    },
    {
      "type": "Feature",
      "geometry": {
        "type": "Point",
        "coordinates": [
          31.72,
          2.06
        ]
      },
      "properties": {
        "Bridge_Number": "B090",
        "Bridge_Name": "Waiga",
        "Link_Number": "C625_Link01",
        "River_Crossing": "Waiga",
        "Maintenance_Station": "Masindi",
        "Maintenance_Region": "Western",
        "Bridge_Condition_Score": 73.5,
        "Scour_Vulnerability_Index": 29.0,
        "Deck_Condition_Rating": "Fair",
        "Substructure_Deficit_Score": 26.5,
        "Structure_Type": "Reinforced Concrete Girder / Steel Truss",
        "Year_Constructed": 1994
      }
    },
    {
      "type": "Feature",
      "geometry": {
        "type": "Point",
        "coordinates": [
          31.72,
          2.1
        ]
      },
      "properties": {
        "Bridge_Number": "B091",
        "Bridge_Name": "Waringo Bridge",
        "Link_Number": "C625_Link01",
        "River_Crossing": "Waringo River",
        "Maintenance_Station": "Masindi",
        "Maintenance_Region": "Western",
        "Bridge_Condition_Score": 68.5,
        "Scour_Vulnerability_Index": 30.0,
        "Deck_Condition_Rating": "Fair",
        "Substructure_Deficit_Score": 31.5,
        "Structure_Type": "Reinforced Concrete Girder / Steel Truss",
        "Year_Constructed": 1995
      }
    },
    {
      "type": "Feature",
      "geometry": {
        "type": "Point",
        "coordinates": [
          31.71,
          2.15
        ]
      },
      "properties": {
        "Bridge_Number": "B092",
        "Bridge_Name": "Zuleya Bridge",
        "Link_Number": "C625_Link01",
        "River_Crossing": "Zuleya River",
        "Maintenance_Station": "Masindi",
        "Maintenance_Region": "Western",
        "Bridge_Condition_Score": 68.5,
        "Scour_Vulnerability_Index": 31.0,
        "Deck_Condition_Rating": "Fair",
        "Substructure_Deficit_Score": 31.5,
        "Structure_Type": "Reinforced Concrete Girder / Steel Truss",
        "Year_Constructed": 1996
      }
    },
    {
      "type": "Feature",
      "geometry": {
        "type": "Point",
        "coordinates": [
          31.7,
          2.18
        ]
      },
      "properties": {
        "Bridge_Number": "B093",
        "Bridge_Name": "Sambiya Bridge",
        "Link_Number": "C625_Link01",
        "River_Crossing": "Sambiya River",
        "Maintenance_Station": "Masindi",
        "Maintenance_Region": "Western",
        "Bridge_Condition_Score": 68.5,
        "Scour_Vulnerability_Index": 32.0,
        "Deck_Condition_Rating": "Fair",
        "Substructure_Deficit_Score": 31.5,
        "Structure_Type": "Reinforced Concrete Girder / Steel Truss",
        "Year_Constructed": 1997
      }
    },
    {
      "type": "Feature",
      "geometry": {
        "type": "Point",
        "coordinates": [
          34.16,
          0.7
        ]
      },
      "properties": {
        "Bridge_Number": "B094",
        "Bridge_Name": "Aturukuru",
        "Link_Number": "C832_Link01",
        "River_Crossing": "RUBONGE RIVER",
        "Maintenance_Station": "Tororo",
        "Maintenance_Region": "Eastern",
        "Bridge_Condition_Score": 68.5,
        "Scour_Vulnerability_Index": 33.0,
        "Deck_Condition_Rating": "Fair",
        "Substructure_Deficit_Score": 31.5,
        "Structure_Type": "Reinforced Concrete Girder / Steel Truss",
        "Year_Constructed": 1998
      }
    },
    {
      "type": "Feature",
      "geometry": {
        "type": "Point",
        "coordinates": [
          34.12,
          0.72
        ]
      },
      "properties": {
        "Bridge_Number": "B095",
        "Bridge_Name": "PAKAMU",
        "Link_Number": "C832_Link01",
        "River_Crossing": "PAKAMU",
        "Maintenance_Station": "Tororo",
        "Maintenance_Region": "Eastern",
        "Bridge_Condition_Score": 68.5,
        "Scour_Vulnerability_Index": 34.0,
        "Deck_Condition_Rating": "Fair",
        "Substructure_Deficit_Score": 31.5,
        "Structure_Type": "Reinforced Concrete Girder / Steel Truss",
        "Year_Constructed": 1999
      }
    },
    {
      "type": "Feature",
      "geometry": {
        "type": "Point",
        "coordinates": [
          34.04,
          0.76
        ]
      },
      "properties": {
        "Bridge_Number": "B096",
        "Bridge_Name": "mahanga",
        "Link_Number": "C832_Link01",
        "River_Crossing": "mahanga",
        "Maintenance_Station": "Tororo",
        "Maintenance_Region": "Eastern",
        "Bridge_Condition_Score": 63.5,
        "Scour_Vulnerability_Index": 35.0,
        "Deck_Condition_Rating": "Fair",
        "Substructure_Deficit_Score": 36.5,
        "Structure_Type": "Reinforced Concrete Girder / Steel Truss",
        "Year_Constructed": 2000
      }
    },
    {
      "type": "Feature",
      "geometry": {
        "type": "Point",
        "coordinates": [
          34.0,
          0.93
        ]
      },
      "properties": {
        "Bridge_Number": "B097",
        "Bridge_Name": "Nakulumutu",
        "Link_Number": "C833_Link01",
        "River_Crossing": "Nakulumutu River",
        "Maintenance_Station": "Tororo",
        "Maintenance_Region": "Eastern",
        "Bridge_Condition_Score": 63.5,
        "Scour_Vulnerability_Index": 36.0,
        "Deck_Condition_Rating": "Fair",
        "Substructure_Deficit_Score": 36.5,
        "Structure_Type": "Reinforced Concrete Girder / Steel Truss",
        "Year_Constructed": 2001
      }
    },
    {
      "type": "Feature",
      "geometry": {
        "type": "Point",
        "coordinates": [
          34.0,
          0.93
        ]
      },
      "properties": {
        "Bridge_Number": "B098",
        "Bridge_Name": "NKOLA",
        "Link_Number": "C833_Link01",
        "River_Crossing": "MANAFA",
        "Maintenance_Station": "Tororo",
        "Maintenance_Region": "Eastern",
        "Bridge_Condition_Score": 63.5,
        "Scour_Vulnerability_Index": 37.0,
        "Deck_Condition_Rating": "Fair",
        "Substructure_Deficit_Score": 36.5,
        "Structure_Type": "Reinforced Concrete Girder / Steel Truss",
        "Year_Constructed": 2002
      }
    },
    {
      "type": "Feature",
      "geometry": {
        "type": "Point",
        "coordinates": [
          33.94,
          0.85
        ]
      },
      "properties": {
        "Bridge_Number": "B099",
        "Bridge_Name": "Nakwazi",
        "Link_Number": "C833_Link01",
        "River_Crossing": "River Nakwazi",
        "Maintenance_Station": "Tororo",
        "Maintenance_Region": "Eastern",
        "Bridge_Condition_Score": 63.5,
        "Scour_Vulnerability_Index": 38.0,
        "Deck_Condition_Rating": "Fair",
        "Substructure_Deficit_Score": 36.5,
        "Structure_Type": "Reinforced Concrete Girder / Steel Truss",
        "Year_Constructed": 2003
      }
    },
    {
      "type": "Feature",
      "geometry": {
        "type": "Point",
        "coordinates": [
          33.79,
          0.83
        ]
      },
      "properties": {
        "Bridge_Number": "B100",
        "Bridge_Name": "BUDUMBA",
        "Link_Number": "C833_Link02",
        "River_Crossing": "MPOLOGOMA",
        "Maintenance_Station": "Tororo",
        "Maintenance_Region": "Eastern",
        "Bridge_Condition_Score": 63.5,
        "Scour_Vulnerability_Index": 39.0,
        "Deck_Condition_Rating": "Fair",
        "Substructure_Deficit_Score": 36.5,
        "Structure_Type": "Reinforced Concrete Girder / Steel Truss",
        "Year_Constructed": 2004
      }
    },
    {
      "type": "Feature",
      "geometry": {
        "type": "Point",
        "coordinates": [
          34.32,
          1.19
        ]
      },
      "properties": {
        "Bridge_Number": "B101",
        "Bridge_Name": "MIWU",
        "Link_Number": "C861_Link01",
        "River_Crossing": "Local Waterway",
        "Maintenance_Station": "Mbale",
        "Maintenance_Region": "Eastern",
        "Bridge_Condition_Score": 58.5,
        "Scour_Vulnerability_Index": 40.0,
        "Deck_Condition_Rating": "Fair",
        "Substructure_Deficit_Score": 41.5,
        "Structure_Type": "Reinforced Concrete Girder / Steel Truss",
        "Year_Constructed": 2005
      }
    },
    {
      "type": "Feature",
      "geometry": {
        "type": "Point",
        "coordinates": [
          34.32,
          1.19
        ]
      },
      "properties": {
        "Bridge_Number": "B102",
        "Bridge_Name": "Sironko",
        "Link_Number": "C861_Link01",
        "River_Crossing": "Sironko",
        "Maintenance_Station": "Mbale",
        "Maintenance_Region": "Eastern",
        "Bridge_Condition_Score": 58.5,
        "Scour_Vulnerability_Index": 41.0,
        "Deck_Condition_Rating": "Fair",
        "Substructure_Deficit_Score": 41.5,
        "Structure_Type": "Reinforced Concrete Girder / Steel Truss",
        "Year_Constructed": 2006
      }
    },
    {
      "type": "Feature",
      "geometry": {
        "type": "Point",
        "coordinates": [
          34.34,
          1.17
        ]
      },
      "properties": {
        "Bridge_Number": "B103",
        "Bridge_Name": "KADO",
        "Link_Number": "C862_Link01",
        "River_Crossing": "KADO",
        "Maintenance_Station": "Mbale",
        "Maintenance_Region": "Eastern",
        "Bridge_Condition_Score": 58.5,
        "Scour_Vulnerability_Index": 42.0,
        "Deck_Condition_Rating": "Fair",
        "Substructure_Deficit_Score": 41.5,
        "Structure_Type": "Reinforced Concrete Girder / Steel Truss",
        "Year_Constructed": 2007
      }
    },
    {
      "type": "Feature",
      "geometry": {
        "type": "Point",
        "coordinates": [
          34.3,
          1.16
        ]
      },
      "properties": {
        "Bridge_Number": "B104",
        "Bridge_Name": "SONOLI",
        "Link_Number": "C862_Link01",
        "River_Crossing": "SONOLI",
        "Maintenance_Station": "Mbale",
        "Maintenance_Region": "Eastern",
        "Bridge_Condition_Score": 58.5,
        "Scour_Vulnerability_Index": 43.0,
        "Deck_Condition_Rating": "Fair",
        "Substructure_Deficit_Score": 41.5,
        "Structure_Type": "Reinforced Concrete Girder / Steel Truss",
        "Year_Constructed": 2008
      }
    },
    {
      "type": "Feature",
      "geometry": {
        "type": "Point",
        "coordinates": [
          34.19,
          1.08
        ]
      },
      "properties": {
        "Bridge_Number": "B105",
        "Bridge_Name": "NAMATSU",
        "Link_Number": "C863_Link01",
        "River_Crossing": "NAMATSU",
        "Maintenance_Station": "Mbale",
        "Maintenance_Region": "Eastern",
        "Bridge_Condition_Score": 58.5,
        "Scour_Vulnerability_Index": 44.0,
        "Deck_Condition_Rating": "Fair",
        "Substructure_Deficit_Score": 41.5,
        "Structure_Type": "Reinforced Concrete Girder / Steel Truss",
        "Year_Constructed": 2009
      }
    },
    {
      "type": "Feature",
      "geometry": {
        "type": "Point",
        "coordinates": [
          34.24,
          1.06
        ]
      },
      "properties": {
        "Bridge_Number": "B106",
        "Bridge_Name": "KIGEZI",
        "Link_Number": "C863_Link01",
        "River_Crossing": "NABUYONGA",
        "Maintenance_Station": "Mbale",
        "Maintenance_Region": "Eastern",
        "Bridge_Condition_Score": 53.5,
        "Scour_Vulnerability_Index": 45.0,
        "Deck_Condition_Rating": "Fair",
        "Substructure_Deficit_Score": 46.5,
        "Structure_Type": "Reinforced Concrete Girder / Steel Truss",
        "Year_Constructed": 2010
      }
    },
    {
      "type": "Feature",
      "geometry": {
        "type": "Point",
        "coordinates": [
          34.37,
          0.81
        ]
      },
      "properties": {
        "Bridge_Number": "B107",
        "Bridge_Name": "Namikhoma",
        "Link_Number": "C866_Link01",
        "River_Crossing": "NAMIHOMA",
        "Maintenance_Station": "Tororo",
        "Maintenance_Region": "Eastern",
        "Bridge_Condition_Score": 53.5,
        "Scour_Vulnerability_Index": 46.0,
        "Deck_Condition_Rating": "Fair",
        "Substructure_Deficit_Score": 46.5,
        "Structure_Type": "Reinforced Concrete Girder / Steel Truss",
        "Year_Constructed": 2011
      }
    },
    {
      "type": "Feature",
      "geometry": {
        "type": "Point",
        "coordinates": [
          34.29,
          0.96
        ]
      },
      "properties": {
        "Bridge_Number": "B108",
        "Bridge_Name": "Pasa",
        "Link_Number": "C867_Link02",
        "River_Crossing": "River pasa",
        "Maintenance_Station": "Mbale",
        "Maintenance_Region": "Eastern",
        "Bridge_Condition_Score": 53.5,
        "Scour_Vulnerability_Index": 47.0,
        "Deck_Condition_Rating": "Fair",
        "Substructure_Deficit_Score": 46.5,
        "Structure_Type": "Reinforced Concrete Girder / Steel Truss",
        "Year_Constructed": 2012
      }
    },
    {
      "type": "Feature",
      "geometry": {
        "type": "Point",
        "coordinates": [
          34.33,
          1.0
        ]
      },
      "properties": {
        "Bridge_Number": "B109",
        "Bridge_Name": "TSUTSU",
        "Link_Number": "C867_Link02",
        "River_Crossing": "TSUTSU",
        "Maintenance_Station": "Mbale",
        "Maintenance_Region": "Eastern",
        "Bridge_Condition_Score": 53.5,
        "Scour_Vulnerability_Index": 48.0,
        "Deck_Condition_Rating": "Fair",
        "Substructure_Deficit_Score": 46.5,
        "Structure_Type": "Reinforced Concrete Girder / Steel Truss",
        "Year_Constructed": 2013
      }
    },
    {
      "type": "Feature",
      "geometry": {
        "type": "Point",
        "coordinates": [
          34.36,
          1.0
        ]
      },
      "properties": {
        "Bridge_Number": "B111",
        "Bridge_Name": "Manafwa",
        "Link_Number": "C867_Link02",
        "River_Crossing": "Local Waterway",
        "Maintenance_Station": "Mbale",
        "Maintenance_Region": "Eastern",
        "Bridge_Condition_Score": 53.5,
        "Scour_Vulnerability_Index": 49.0,
        "Deck_Condition_Rating": "Fair",
        "Substructure_Deficit_Score": 46.5,
        "Structure_Type": "Reinforced Concrete Girder / Steel Truss",
        "Year_Constructed": 2014
      }
    },
    {
      "type": "Feature",
      "geometry": {
        "type": "Point",
        "coordinates": [
          34.28,
          0.94
        ]
      },
      "properties": {
        "Bridge_Number": "B112",
        "Bridge_Name": "MANAFA",
        "Link_Number": "C870_Link01",
        "River_Crossing": "MANAFA",
        "Maintenance_Station": "Mbale",
        "Maintenance_Region": "Eastern",
        "Bridge_Condition_Score": 48.5,
        "Scour_Vulnerability_Index": 50.0,
        "Deck_Condition_Rating": "Poor",
        "Substructure_Deficit_Score": 51.5,
        "Structure_Type": "Reinforced Concrete Girder / Steel Truss",
        "Year_Constructed": 2015
      }
    },
    {
      "type": "Feature",
      "geometry": {
        "type": "Point",
        "coordinates": [
          34.34,
          0.81
        ]
      },
      "properties": {
        "Bridge_Number": "B113",
        "Bridge_Name": "NAMUNYIRI",
        "Link_Number": "C870_Link02",
        "River_Crossing": "NAMUNYIRI",
        "Maintenance_Station": "Tororo",
        "Maintenance_Region": "Eastern",
        "Bridge_Condition_Score": 48.5,
        "Scour_Vulnerability_Index": 51.0,
        "Deck_Condition_Rating": "Poor",
        "Substructure_Deficit_Score": 51.5,
        "Structure_Type": "Reinforced Concrete Girder / Steel Truss",
        "Year_Constructed": 2016
      }
    },
    {
      "type": "Feature",
      "geometry": {
        "type": "Point",
        "coordinates": [
          34.33,
          1.31
        ]
      },
      "properties": {
        "Bridge_Number": "B114",
        "Bridge_Name": "MBIGI",
        "Link_Number": "C871_Link01",
        "River_Crossing": "YEMBE",
        "Maintenance_Station": "Mbale",
        "Maintenance_Region": "Eastern",
        "Bridge_Condition_Score": 48.5,
        "Scour_Vulnerability_Index": 52.0,
        "Deck_Condition_Rating": "Poor",
        "Substructure_Deficit_Score": 51.5,
        "Structure_Type": "Reinforced Concrete Girder / Steel Truss",
        "Year_Constructed": 2017
      }
    },
    {
      "type": "Feature",
      "geometry": {
        "type": "Point",
        "coordinates": [
          33.7,
          1.47
        ]
      },
      "properties": {
        "Bridge_Number": "B115",
        "Bridge_Name": "AGU",
        "Link_Number": "C920_Link01",
        "River_Crossing": "AMOKOKA",
        "Maintenance_Station": "Soroti",
        "Maintenance_Region": "North Eastern",
        "Bridge_Condition_Score": 48.5,
        "Scour_Vulnerability_Index": 53.0,
        "Deck_Condition_Rating": "Poor",
        "Substructure_Deficit_Score": 51.5,
        "Structure_Type": "Reinforced Concrete Girder / Steel Truss",
        "Year_Constructed": 2018
      }
    },
    {
      "type": "Feature",
      "geometry": {
        "type": "Point",
        "coordinates": [
          33.65,
          1.45
        ]
      },
      "properties": {
        "Bridge_Number": "B116",
        "Bridge_Name": "ABUKET",
        "Link_Number": "C920_Link01",
        "River_Crossing": "Local Waterway",
        "Maintenance_Station": "Soroti",
        "Maintenance_Region": "North Eastern",
        "Bridge_Condition_Score": 48.5,
        "Scour_Vulnerability_Index": 54.0,
        "Deck_Condition_Rating": "Poor",
        "Substructure_Deficit_Score": 51.5,
        "Structure_Type": "Reinforced Concrete Girder / Steel Truss",
        "Year_Constructed": 2019
      }
    },
    {
      "type": "Feature",
      "geometry": {
        "type": "Point",
        "coordinates": [
          32.33,
          2.63
        ]
      },
      "properties": {
        "Bridge_Number": "B117",
        "Bridge_Name": "Tochi",
        "Link_Number": "A006_Link11",
        "River_Crossing": "Tochi",
        "Maintenance_Station": "Gulu",
        "Maintenance_Region": "Northern",
        "Bridge_Condition_Score": 78.5,
        "Scour_Vulnerability_Index": 55.0,
        "Deck_Condition_Rating": "Good",
        "Substructure_Deficit_Score": 21.5,
        "Structure_Type": "Reinforced Concrete Girder / Steel Truss",
        "Year_Constructed": 1985
      }
    },
    {
      "type": "Feature",
      "geometry": {
        "type": "Point",
        "coordinates": [
          32.07,
          3.57
        ]
      },
      "properties": {
        "Bridge_Number": "B118",
        "Bridge_Name": "Unyama",
        "Link_Number": "A006_Link13",
        "River_Crossing": "Unyama River",
        "Maintenance_Station": "Gulu",
        "Maintenance_Region": "Northern",
        "Bridge_Condition_Score": 78.5,
        "Scour_Vulnerability_Index": 56.0,
        "Deck_Condition_Rating": "Good",
        "Substructure_Deficit_Score": 21.5,
        "Structure_Type": "Reinforced Concrete Girder / Steel Truss",
        "Year_Constructed": 1986
      }
    },
    {
      "type": "Feature",
      "geometry": {
        "type": "Point",
        "coordinates": [
          30.91,
          3.09
        ]
      },
      "properties": {
        "Bridge_Number": "B119",
        "Bridge_Name": "ENYAU",
        "Link_Number": "A008_Link06",
        "River_Crossing": "ENYAU",
        "Maintenance_Station": "Arua",
        "Maintenance_Region": "Northern",
        "Bridge_Condition_Score": 78.5,
        "Scour_Vulnerability_Index": 57.0,
        "Deck_Condition_Rating": "Good",
        "Substructure_Deficit_Score": 21.5,
        "Structure_Type": "Reinforced Concrete Girder / Steel Truss",
        "Year_Constructed": 1987
      }
    },
    {
      "type": "Feature",
      "geometry": {
        "type": "Point",
        "coordinates": [
          30.91,
          3.15
        ]
      },
      "properties": {
        "Bridge_Number": "B120",
        "Bridge_Name": "ENVE",
        "Link_Number": "A008_Link06",
        "River_Crossing": "ENVE",
        "Maintenance_Station": "Arua",
        "Maintenance_Region": "Northern",
        "Bridge_Condition_Score": 78.5,
        "Scour_Vulnerability_Index": 58.0,
        "Deck_Condition_Rating": "Good",
        "Substructure_Deficit_Score": 21.5,
        "Structure_Type": "Reinforced Concrete Girder / Steel Truss",
        "Year_Constructed": 1988
      }
    },
    {
      "type": "Feature",
      "geometry": {
        "type": "Point",
        "coordinates": [
          30.93,
          3.19
        ]
      },
      "properties": {
        "Bridge_Number": "B121",
        "Bridge_Name": "OLUFFE",
        "Link_Number": "A008_Link06",
        "River_Crossing": "OLUFFE",
        "Maintenance_Station": "Arua",
        "Maintenance_Region": "Northern",
        "Bridge_Condition_Score": 78.5,
        "Scour_Vulnerability_Index": 59.0,
        "Deck_Condition_Rating": "Good",
        "Substructure_Deficit_Score": 21.5,
        "Structure_Type": "Reinforced Concrete Girder / Steel Truss",
        "Year_Constructed": 1989
      }
    },
    {
      "type": "Feature",
      "geometry": {
        "type": "Point",
        "coordinates": [
          30.94,
          3.25
        ]
      },
      "properties": {
        "Bridge_Number": "B122",
        "Bridge_Name": "AYII",
        "Link_Number": "A008_Link06",
        "River_Crossing": "AYII",
        "Maintenance_Station": "Arua",
        "Maintenance_Region": "Northern",
        "Bridge_Condition_Score": 73.5,
        "Scour_Vulnerability_Index": 60.0,
        "Deck_Condition_Rating": "Fair",
        "Substructure_Deficit_Score": 26.5,
        "Structure_Type": "Reinforced Concrete Girder / Steel Truss",
        "Year_Constructed": 1990
      }
    },
    {
      "type": "Feature",
      "geometry": {
        "type": "Point",
        "coordinates": [
          30.95,
          3.33
        ]
      },
      "properties": {
        "Bridge_Number": "B123",
        "Bridge_Name": "YOO",
        "Link_Number": "A008_Link06",
        "River_Crossing": "YOO",
        "Maintenance_Station": "Arua",
        "Maintenance_Region": "Northern",
        "Bridge_Condition_Score": 73.5,
        "Scour_Vulnerability_Index": 61.0,
        "Deck_Condition_Rating": "Fair",
        "Substructure_Deficit_Score": 26.5,
        "Structure_Type": "Reinforced Concrete Girder / Steel Truss",
        "Year_Constructed": 1991
      }
    },
    {
      "type": "Feature",
      "geometry": {
        "type": "Point",
        "coordinates": [
          30.95,
          3.34
        ]
      },
      "properties": {
        "Bridge_Number": "B124",
        "Bridge_Name": "ORU",
        "Link_Number": "A008_Link06",
        "River_Crossing": "ORU",
        "Maintenance_Station": "Arua",
        "Maintenance_Region": "Northern",
        "Bridge_Condition_Score": 73.5,
        "Scour_Vulnerability_Index": 62.0,
        "Deck_Condition_Rating": "Fair",
        "Substructure_Deficit_Score": 26.5,
        "Structure_Type": "Reinforced Concrete Girder / Steel Truss",
        "Year_Constructed": 1992
      }
    },
    {
      "type": "Feature",
      "geometry": {
        "type": "Point",
        "coordinates": [
          30.96,
          3.4
        ]
      },
      "properties": {
        "Bridge_Number": "B125",
        "Bridge_Name": "APA",
        "Link_Number": "A008_Link06",
        "River_Crossing": "APA",
        "Maintenance_Station": "Arua",
        "Maintenance_Region": "Northern",
        "Bridge_Condition_Score": 73.5,
        "Scour_Vulnerability_Index": 63.0,
        "Deck_Condition_Rating": "Fair",
        "Substructure_Deficit_Score": 26.5,
        "Structure_Type": "Reinforced Concrete Girder / Steel Truss",
        "Year_Constructed": 1993
      }
    },
    {
      "type": "Feature",
      "geometry": {
        "type": "Point",
        "coordinates": [
          30.96,
          3.44
        ]
      },
      "properties": {
        "Bridge_Number": "B126",
        "Bridge_Name": "KOCHI",
        "Link_Number": "A008_Link07",
        "River_Crossing": "KOCHI",
        "Maintenance_Station": "Arua",
        "Maintenance_Region": "Northern",
        "Bridge_Condition_Score": 73.5,
        "Scour_Vulnerability_Index": 64.0,
        "Deck_Condition_Rating": "Fair",
        "Substructure_Deficit_Score": 26.5,
        "Structure_Type": "Reinforced Concrete Girder / Steel Truss",
        "Year_Constructed": 1994
      }
    },
    {
      "type": "Feature",
      "geometry": {
        "type": "Point",
        "coordinates": [
          32.04,
          3.35
        ]
      },
      "properties": {
        "Bridge_Number": "B127",
        "Bridge_Name": "AYUGI",
        "Link_Number": "B250_Link01",
        "River_Crossing": "AYUGI",
        "Maintenance_Station": "Moyo",
        "Maintenance_Region": "Northern",
        "Bridge_Condition_Score": 68.5,
        "Scour_Vulnerability_Index": 65.0,
        "Deck_Condition_Rating": "Fair",
        "Substructure_Deficit_Score": 31.5,
        "Structure_Type": "Reinforced Concrete Girder / Steel Truss",
        "Year_Constructed": 1995
      }
    },
    {
      "type": "Feature",
      "geometry": {
        "type": "Point",
        "coordinates": [
          31.99,
          3.38
        ]
      },
      "properties": {
        "Bridge_Number": "B129",
        "Bridge_Name": "ERIA",
        "Link_Number": "B250_Link01",
        "River_Crossing": "ERIA",
        "Maintenance_Station": "Moyo",
        "Maintenance_Region": "Northern",
        "Bridge_Condition_Score": 68.5,
        "Scour_Vulnerability_Index": 66.0,
        "Deck_Condition_Rating": "Fair",
        "Substructure_Deficit_Score": 31.5,
        "Structure_Type": "Reinforced Concrete Girder / Steel Truss",
        "Year_Constructed": 1996
      }
    },
    {
      "type": "Feature",
      "geometry": {
        "type": "Point",
        "coordinates": [
          31.79,
          3.39
        ]
      },
      "properties": {
        "Bridge_Number": "B130",
        "Bridge_Name": "Surumu",
        "Link_Number": "B250_Link01",
        "River_Crossing": "River Surumu",
        "Maintenance_Station": "Moyo",
        "Maintenance_Region": "Northern",
        "Bridge_Condition_Score": 68.5,
        "Scour_Vulnerability_Index": 67.0,
        "Deck_Condition_Rating": "Fair",
        "Substructure_Deficit_Score": 31.5,
        "Structure_Type": "Reinforced Concrete Girder / Steel Truss",
        "Year_Constructed": 1997
      }
    },
    {
      "type": "Feature",
      "geometry": {
        "type": "Point",
        "coordinates": [
          31.54,
          3.61
        ]
      },
      "properties": {
        "Bridge_Number": "B134",
        "Bridge_Name": "YII",
        "Link_Number": "B250_Link02",
        "River_Crossing": "YII",
        "Maintenance_Station": "Moyo",
        "Maintenance_Region": "Northern",
        "Bridge_Condition_Score": 68.5,
        "Scour_Vulnerability_Index": 68.0,
        "Deck_Condition_Rating": "Fair",
        "Substructure_Deficit_Score": 31.5,
        "Structure_Type": "Reinforced Concrete Girder / Steel Truss",
        "Year_Constructed": 1998
      }
    },
    {
      "type": "Feature",
      "geometry": {
        "type": "Point",
        "coordinates": [
          31.48,
          3.58
        ]
      },
      "properties": {
        "Bridge_Number": "B135",
        "Bridge_Name": "NYAWA",
        "Link_Number": "B250_Link02",
        "River_Crossing": "NYAWA",
        "Maintenance_Station": "Moyo",
        "Maintenance_Region": "Northern",
        "Bridge_Condition_Score": 68.5,
        "Scour_Vulnerability_Index": 69.0,
        "Deck_Condition_Rating": "Fair",
        "Substructure_Deficit_Score": 31.5,
        "Structure_Type": "Reinforced Concrete Girder / Steel Truss",
        "Year_Constructed": 1999
      }
    },
    {
      "type": "Feature",
      "geometry": {
        "type": "Point",
        "coordinates": [
          31.44,
          3.56
        ]
      },
      "properties": {
        "Bridge_Number": "B136",
        "Bridge_Name": "KOCHI",
        "Link_Number": "B250_Link02",
        "River_Crossing": "KOCHI",
        "Maintenance_Station": "Moyo",
        "Maintenance_Region": "Northern",
        "Bridge_Condition_Score": 63.5,
        "Scour_Vulnerability_Index": 70.0,
        "Deck_Condition_Rating": "Fair",
        "Substructure_Deficit_Score": 36.5,
        "Structure_Type": "Reinforced Concrete Girder / Steel Truss",
        "Year_Constructed": 2000
      }
    },
    {
      "type": "Feature",
      "geometry": {
        "type": "Point",
        "coordinates": [
          31.28,
          3.38
        ]
      },
      "properties": {
        "Bridge_Number": "B137",
        "Bridge_Name": "JURE",
        "Link_Number": "B250_Link03",
        "River_Crossing": "JURE",
        "Maintenance_Station": "Arua",
        "Maintenance_Region": "Northern",
        "Bridge_Condition_Score": 63.5,
        "Scour_Vulnerability_Index": 71.0,
        "Deck_Condition_Rating": "Fair",
        "Substructure_Deficit_Score": 36.5,
        "Structure_Type": "Reinforced Concrete Girder / Steel Truss",
        "Year_Constructed": 2001
      }
    },
    {
      "type": "Feature",
      "geometry": {
        "type": "Point",
        "coordinates": [
          31.26,
          3.36
        ]
      },
      "properties": {
        "Bridge_Number": "B138",
        "Bridge_Name": "DACHA",
        "Link_Number": "B250_Link03",
        "River_Crossing": "Dacha",
        "Maintenance_Station": "Arua",
        "Maintenance_Region": "Northern",
        "Bridge_Condition_Score": 63.5,
        "Scour_Vulnerability_Index": 72.0,
        "Deck_Condition_Rating": "Fair",
        "Substructure_Deficit_Score": 36.5,
        "Structure_Type": "Reinforced Concrete Girder / Steel Truss",
        "Year_Constructed": 2002
      }
    },
    {
      "type": "Feature",
      "geometry": {
        "type": "Point",
        "coordinates": [
          31.2,
          3.34
        ]
      },
      "properties": {
        "Bridge_Number": "B139",
        "Bridge_Name": "ORE",
        "Link_Number": "B250_Link03",
        "River_Crossing": "River ORE",
        "Maintenance_Station": "Arua",
        "Maintenance_Region": "Northern",
        "Bridge_Condition_Score": 63.5,
        "Scour_Vulnerability_Index": 73.0,
        "Deck_Condition_Rating": "Fair",
        "Substructure_Deficit_Score": 36.5,
        "Structure_Type": "Reinforced Concrete Girder / Steel Truss",
        "Year_Constructed": 2003
      }
    },
    {
      "type": "Feature",
      "geometry": {
        "type": "Point",
        "coordinates": [
          31.14,
          3.27
        ]
      },
      "properties": {
        "Bridge_Number": "B142",
        "Bridge_Name": "ORU",
        "Link_Number": "B250_Link03",
        "River_Crossing": "River Oru",
        "Maintenance_Station": "Arua",
        "Maintenance_Region": "Northern",
        "Bridge_Condition_Score": 63.5,
        "Scour_Vulnerability_Index": 74.0,
        "Deck_Condition_Rating": "Fair",
        "Substructure_Deficit_Score": 36.5,
        "Structure_Type": "Reinforced Concrete Girder / Steel Truss",
        "Year_Constructed": 2004
      }
    },
    {
      "type": "Feature",
      "geometry": {
        "type": "Point",
        "coordinates": [
          31.12,
          3.25
        ]
      },
      "properties": {
        "Bridge_Number": "B143",
        "Bridge_Name": "Enyau",
        "Link_Number": "B250_Link03",
        "River_Crossing": "River Enyau",
        "Maintenance_Station": "Arua",
        "Maintenance_Region": "Northern",
        "Bridge_Condition_Score": 58.5,
        "Scour_Vulnerability_Index": 75.0,
        "Deck_Condition_Rating": "Fair",
        "Substructure_Deficit_Score": 41.5,
        "Structure_Type": "Reinforced Concrete Girder / Steel Truss",
        "Year_Constructed": 2005
      }
    },
    {
      "type": "Feature",
      "geometry": {
        "type": "Point",
        "coordinates": [
          32.06,
          2.62
        ]
      },
      "properties": {
        "Bridge_Number": "B144",
        "Bridge_Name": "Ayago",
        "Link_Number": "B251_Link01",
        "River_Crossing": "Ayago River",
        "Maintenance_Station": "Gulu",
        "Maintenance_Region": "Northern",
        "Bridge_Condition_Score": 58.5,
        "Scour_Vulnerability_Index": 76.0,
        "Deck_Condition_Rating": "Fair",
        "Substructure_Deficit_Score": 41.5,
        "Structure_Type": "Reinforced Concrete Girder / Steel Truss",
        "Year_Constructed": 2006
      }
    },
    {
      "type": "Feature",
      "geometry": {
        "type": "Point",
        "coordinates": [
          32.0,
          2.42
        ]
      },
      "properties": {
        "Bridge_Number": "B145",
        "Bridge_Name": "Ayago",
        "Link_Number": "A008_Link01",
        "River_Crossing": "Ayago",
        "Maintenance_Station": "Gulu",
        "Maintenance_Region": "Northern",
        "Bridge_Condition_Score": 58.5,
        "Scour_Vulnerability_Index": 77.0,
        "Deck_Condition_Rating": "Fair",
        "Substructure_Deficit_Score": 41.5,
        "Structure_Type": "Reinforced Concrete Girder / Steel Truss",
        "Year_Constructed": 2007
      }
    },
    {
      "type": "Feature",
      "geometry": {
        "type": "Point",
        "coordinates": [
          32.93,
          2.55
        ]
      },
      "properties": {
        "Bridge_Number": "B147",
        "Bridge_Name": "Itunga Bridge",
        "Link_Number": "B252_Link01",
        "River_Crossing": "itunga Stream",
        "Maintenance_Station": "Lira",
        "Maintenance_Region": "Northern",
        "Bridge_Condition_Score": 58.5,
        "Scour_Vulnerability_Index": 78.0,
        "Deck_Condition_Rating": "Fair",
        "Substructure_Deficit_Score": 41.5,
        "Structure_Type": "Reinforced Concrete Girder / Steel Truss",
        "Year_Constructed": 2008
      }
    },
    {
      "type": "Feature",
      "geometry": {
        "type": "Point",
        "coordinates": [
          32.94,
          2.61
        ]
      },
      "properties": {
        "Bridge_Number": "B148",
        "Bridge_Name": "Puranga Bridge",
        "Link_Number": "B252_Link01",
        "River_Crossing": "Puranga",
        "Maintenance_Station": "Lira",
        "Maintenance_Region": "Northern",
        "Bridge_Condition_Score": 58.5,
        "Scour_Vulnerability_Index": 79.0,
        "Deck_Condition_Rating": "Fair",
        "Substructure_Deficit_Score": 41.5,
        "Structure_Type": "Reinforced Concrete Girder / Steel Truss",
        "Year_Constructed": 2009
      }
    },
    {
      "type": "Feature",
      "geometry": {
        "type": "Point",
        "coordinates": [
          32.95,
          2.74
        ]
      },
      "properties": {
        "Bridge_Number": "B149",
        "Bridge_Name": "Atup Bridge",
        "Link_Number": "B252_Link02",
        "River_Crossing": "Atup River",
        "Maintenance_Station": "Kitgum",
        "Maintenance_Region": "Northern",
        "Bridge_Condition_Score": 53.5,
        "Scour_Vulnerability_Index": 15.0,
        "Deck_Condition_Rating": "Fair",
        "Substructure_Deficit_Score": 46.5,
        "Structure_Type": "Reinforced Concrete Girder / Steel Truss",
        "Year_Constructed": 2010
      }
    },
    {
      "type": "Feature",
      "geometry": {
        "type": "Point",
        "coordinates": [
          32.96,
          2.82
        ]
      },
      "properties": {
        "Bridge_Number": "B150",
        "Bridge_Name": "Agora Bridge",
        "Link_Number": "B252_Link02",
        "River_Crossing": "Agora",
        "Maintenance_Station": "Kitgum",
        "Maintenance_Region": "Northern",
        "Bridge_Condition_Score": 53.5,
        "Scour_Vulnerability_Index": 16.0,
        "Deck_Condition_Rating": "Fair",
        "Substructure_Deficit_Score": 46.5,
        "Structure_Type": "Reinforced Concrete Girder / Steel Truss",
        "Year_Constructed": 2011
      }
    },
    {
      "type": "Feature",
      "geometry": {
        "type": "Point",
        "coordinates": [
          32.96,
          2.84
        ]
      },
      "properties": {
        "Bridge_Number": "B151",
        "Bridge_Name": "Agago Bridge",
        "Link_Number": "B252_Link02",
        "River_Crossing": "Local Waterway",
        "Maintenance_Station": "Kitgum",
        "Maintenance_Region": "Northern",
        "Bridge_Condition_Score": 53.5,
        "Scour_Vulnerability_Index": 17.0,
        "Deck_Condition_Rating": "Fair",
        "Substructure_Deficit_Score": 46.5,
        "Structure_Type": "Reinforced Concrete Girder / Steel Truss",
        "Year_Constructed": 2012
      }
    },
    {
      "type": "Feature",
      "geometry": {
        "type": "Point",
        "coordinates": [
          32.88,
          3.3
        ]
      },
      "properties": {
        "Bridge_Number": "B154",
        "Bridge_Name": "Pager Bridge",
        "Link_Number": "B252_Link03",
        "River_Crossing": "Pager River",
        "Maintenance_Station": "Kitgum",
        "Maintenance_Region": "Northern",
        "Bridge_Condition_Score": 53.5,
        "Scour_Vulnerability_Index": 18.0,
        "Deck_Condition_Rating": "Fair",
        "Substructure_Deficit_Score": 46.5,
        "Structure_Type": "Reinforced Concrete Girder / Steel Truss",
        "Year_Constructed": 2013
      }
    },
    {
      "type": "Feature",
      "geometry": {
        "type": "Point",
        "coordinates": [
          33.0,
          3.4
        ]
      },
      "properties": {
        "Bridge_Number": "B156",
        "Bridge_Name": "Aringa Bridge",
        "Link_Number": "B252_Link04",
        "River_Crossing": "Aringa Stream",
        "Maintenance_Station": "Kitgum",
        "Maintenance_Region": "Northern",
        "Bridge_Condition_Score": 53.5,
        "Scour_Vulnerability_Index": 19.0,
        "Deck_Condition_Rating": "Fair",
        "Substructure_Deficit_Score": 46.5,
        "Structure_Type": "Reinforced Concrete Girder / Steel Truss",
        "Year_Constructed": 2014
      }
    },
    {
      "type": "Feature",
      "geometry": {
        "type": "Point",
        "coordinates": [
          34.31,
          1.38
        ]
      },
      "properties": {
        "Bridge_Number": "B158",
        "Bridge_Name": "SIPI",
        "Link_Number": "B300_Link03",
        "River_Crossing": "SIPI",
        "Maintenance_Station": "Mbale",
        "Maintenance_Region": "Eastern",
        "Bridge_Condition_Score": 48.5,
        "Scour_Vulnerability_Index": 20.0,
        "Deck_Condition_Rating": "Poor",
        "Substructure_Deficit_Score": 51.5,
        "Structure_Type": "Reinforced Concrete Girder / Steel Truss",
        "Year_Constructed": 2015
      }
    },
    {
      "type": "Feature",
      "geometry": {
        "type": "Point",
        "coordinates": [
          34.34,
          1.41
        ]
      },
      "properties": {
        "Bridge_Number": "B159",
        "Bridge_Name": "Cheptui",
        "Link_Number": "B300_Link03",
        "River_Crossing": "Cheptui River",
        "Maintenance_Station": "Mbale",
        "Maintenance_Region": "Eastern",
        "Bridge_Condition_Score": 48.5,
        "Scour_Vulnerability_Index": 21.0,
        "Deck_Condition_Rating": "Poor",
        "Substructure_Deficit_Score": 51.5,
        "Structure_Type": "Reinforced Concrete Girder / Steel Truss",
        "Year_Constructed": 2016
      }
    },
    {
      "type": "Feature",
      "geometry": {
        "type": "Point",
        "coordinates": [
          34.35,
          1.41
        ]
      },
      "properties": {
        "Bridge_Number": "B160",
        "Bridge_Name": "CHESEBERE",
        "Link_Number": "B300_Link03",
        "River_Crossing": "CHESEBERE",
        "Maintenance_Station": "Mbale",
        "Maintenance_Region": "Eastern",
        "Bridge_Condition_Score": 48.5,
        "Scour_Vulnerability_Index": 22.0,
        "Deck_Condition_Rating": "Poor",
        "Substructure_Deficit_Score": 51.5,
        "Structure_Type": "Reinforced Concrete Girder / Steel Truss",
        "Year_Constructed": 2017
      }
    },
    {
      "type": "Feature",
      "geometry": {
        "type": "Point",
        "coordinates": [
          34.4,
          1.47
        ]
      },
      "properties": {
        "Bridge_Number": "B161",
        "Bridge_Name": "KAPUTOKOI",
        "Link_Number": "B300_Link05",
        "River_Crossing": "KAPUTOKOI",
        "Maintenance_Station": "Moroto",
        "Maintenance_Region": "North Eastern",
        "Bridge_Condition_Score": 48.5,
        "Scour_Vulnerability_Index": 23.0,
        "Deck_Condition_Rating": "Poor",
        "Substructure_Deficit_Score": 51.5,
        "Structure_Type": "Reinforced Concrete Girder / Steel Truss",
        "Year_Constructed": 2018
      }
    },
    {
      "type": "Feature",
      "geometry": {
        "type": "Point",
        "coordinates": [
          34.44,
          1.5
        ]
      },
      "properties": {
        "Bridge_Number": "B162",
        "Bridge_Name": "ATARI BRIDGE",
        "Link_Number": "B300_Link06",
        "River_Crossing": "Atari River",
        "Maintenance_Station": "Moroto",
        "Maintenance_Region": "North Eastern",
        "Bridge_Condition_Score": 48.5,
        "Scour_Vulnerability_Index": 24.0,
        "Deck_Condition_Rating": "Poor",
        "Substructure_Deficit_Score": 51.5,
        "Structure_Type": "Reinforced Concrete Girder / Steel Truss",
        "Year_Constructed": 2019
      }
    },
    {
      "type": "Feature",
      "geometry": {
        "type": "Point",
        "coordinates": [
          34.49,
          1.54
        ]
      },
      "properties": {
        "Bridge_Number": "B163",
        "Bridge_Name": "Seretyo",
        "Link_Number": "B300_Link03",
        "River_Crossing": "Seretyo",
        "Maintenance_Station": "Mbale",
        "Maintenance_Region": "Eastern",
        "Bridge_Condition_Score": 78.5,
        "Scour_Vulnerability_Index": 25.0,
        "Deck_Condition_Rating": "Good",
        "Substructure_Deficit_Score": 21.5,
        "Structure_Type": "Reinforced Concrete Girder / Steel Truss",
        "Year_Constructed": 1985
      }
    },
    {
      "type": "Feature",
      "geometry": {
        "type": "Point",
        "coordinates": [
          34.54,
          1.6
        ]
      },
      "properties": {
        "Bridge_Number": "B164",
        "Bridge_Name": "OKILIM",
        "Link_Number": "B300_Link03",
        "River_Crossing": "OKILIM",
        "Maintenance_Station": "Mbale",
        "Maintenance_Region": "Eastern",
        "Bridge_Condition_Score": 78.5,
        "Scour_Vulnerability_Index": 26.0,
        "Deck_Condition_Rating": "Good",
        "Substructure_Deficit_Score": 21.5,
        "Structure_Type": "Reinforced Concrete Girder / Steel Truss",
        "Year_Constructed": 1986
      }
    },
    {
      "type": "Feature",
      "geometry": {
        "type": "Point",
        "coordinates": [
          34.58,
          2.35
        ]
      },
      "properties": {
        "Bridge_Number": "B165",
        "Bridge_Name": "LORENGEDWAT",
        "Link_Number": "B300_Link05",
        "River_Crossing": "OMANIMAN",
        "Maintenance_Station": "Moroto",
        "Maintenance_Region": "North Eastern",
        "Bridge_Condition_Score": 78.5,
        "Scour_Vulnerability_Index": 27.0,
        "Deck_Condition_Rating": "Good",
        "Substructure_Deficit_Score": 21.5,
        "Structure_Type": "Reinforced Concrete Girder / Steel Truss",
        "Year_Constructed": 1987
      }
    },
    {
      "type": "Feature",
      "geometry": {
        "type": "Point",
        "coordinates": [
          34.57,
          2.4
        ]
      },
      "properties": {
        "Bridge_Number": "B166",
        "Bridge_Name": "NAMALERA",
        "Link_Number": "B300_Link05",
        "River_Crossing": "NAMALERA",
        "Maintenance_Station": "Moroto",
        "Maintenance_Region": "North Eastern",
        "Bridge_Condition_Score": 78.5,
        "Scour_Vulnerability_Index": 28.0,
        "Deck_Condition_Rating": "Good",
        "Substructure_Deficit_Score": 21.5,
        "Structure_Type": "Reinforced Concrete Girder / Steel Truss",
        "Year_Constructed": 1988
      }
    },
    {
      "type": "Feature",
      "geometry": {
        "type": "Point",
        "coordinates": [
          34.57,
          2.44
        ]
      },
      "properties": {
        "Bridge_Number": "B167",
        "Bridge_Name": "LOKALI",
        "Link_Number": "B300_Link05",
        "River_Crossing": "LOKALI",
        "Maintenance_Station": "Moroto",
        "Maintenance_Region": "North Eastern",
        "Bridge_Condition_Score": 78.5,
        "Scour_Vulnerability_Index": 29.0,
        "Deck_Condition_Rating": "Good",
        "Substructure_Deficit_Score": 21.5,
        "Structure_Type": "Reinforced Concrete Girder / Steel Truss",
        "Year_Constructed": 1989
      }
    },
    {
      "type": "Feature",
      "geometry": {
        "type": "Point",
        "coordinates": [
          34.59,
          2.51
        ]
      },
      "properties": {
        "Bridge_Number": "B168",
        "Bridge_Name": "NADUNGET",
        "Link_Number": "B300_Link06",
        "River_Crossing": "ANGOLOT",
        "Maintenance_Station": "Moroto",
        "Maintenance_Region": "North Eastern",
        "Bridge_Condition_Score": 73.5,
        "Scour_Vulnerability_Index": 30.0,
        "Deck_Condition_Rating": "Fair",
        "Substructure_Deficit_Score": 26.5,
        "Structure_Type": "Reinforced Concrete Girder / Steel Truss",
        "Year_Constructed": 1990
      }
    },
    {
      "type": "Feature",
      "geometry": {
        "type": "Point",
        "coordinates": [
          34.33,
          2.58
        ]
      },
      "properties": {
        "Bridge_Number": "B169",
        "Bridge_Name": "LOKICHAR",
        "Link_Number": "B301_Link01",
        "River_Crossing": "LOKICHAR",
        "Maintenance_Station": "Kotido",
        "Maintenance_Region": "North Eastern",
        "Bridge_Condition_Score": 73.5,
        "Scour_Vulnerability_Index": 31.0,
        "Deck_Condition_Rating": "Fair",
        "Substructure_Deficit_Score": 26.5,
        "Structure_Type": "Reinforced Concrete Girder / Steel Truss",
        "Year_Constructed": 1991
      }
    },
    {
      "type": "Feature",
      "geometry": {
        "type": "Point",
        "coordinates": [
          34.11,
          2.97
        ]
      },
      "properties": {
        "Bridge_Number": "B170",
        "Bridge_Name": "PANYANGALA",
        "Link_Number": "B301_Link02",
        "River_Crossing": "NANGOLOLO",
        "Maintenance_Station": "Kotido",
        "Maintenance_Region": "North Eastern",
        "Bridge_Condition_Score": 73.5,
        "Scour_Vulnerability_Index": 32.0,
        "Deck_Condition_Rating": "Fair",
        "Substructure_Deficit_Score": 26.5,
        "Structure_Type": "Reinforced Concrete Girder / Steel Truss",
        "Year_Constructed": 1992
      }
    },
    {
      "type": "Feature",
      "geometry": {
        "type": "Point",
        "coordinates": [
          34.09,
          3.0
        ]
      },
      "properties": {
        "Bridge_Number": "B171",
        "Bridge_Name": "LONGIRO",
        "Link_Number": "B301_Link02",
        "River_Crossing": "LONGIRO",
        "Maintenance_Station": "Kotido",
        "Maintenance_Region": "North Eastern",
        "Bridge_Condition_Score": 73.5,
        "Scour_Vulnerability_Index": 33.0,
        "Deck_Condition_Rating": "Fair",
        "Substructure_Deficit_Score": 26.5,
        "Structure_Type": "Reinforced Concrete Girder / Steel Truss",
        "Year_Constructed": 1993
      }
    },
    {
      "type": "Feature",
      "geometry": {
        "type": "Point",
        "coordinates": [
          34.12,
          3.33
        ]
      },
      "properties": {
        "Bridge_Number": "B172",
        "Bridge_Name": "KATULANGOLE",
        "Link_Number": "B301_Link03",
        "River_Crossing": "KATULANGOLE",
        "Maintenance_Station": "Kotido",
        "Maintenance_Region": "North Eastern",
        "Bridge_Condition_Score": 73.5,
        "Scour_Vulnerability_Index": 34.0,
        "Deck_Condition_Rating": "Fair",
        "Substructure_Deficit_Score": 26.5,
        "Structure_Type": "Reinforced Concrete Girder / Steel Truss",
        "Year_Constructed": 1994
      }
    },
    {
      "type": "Feature",
      "geometry": {
        "type": "Point",
        "coordinates": [
          34.14,
          3.44
        ]
      },
      "properties": {
        "Bridge_Number": "B173",
        "Bridge_Name": "LOCHOM",
        "Link_Number": "B301_Link03",
        "River_Crossing": "LOCHOM",
        "Maintenance_Station": "Kotido",
        "Maintenance_Region": "North Eastern",
        "Bridge_Condition_Score": 68.5,
        "Scour_Vulnerability_Index": 35.0,
        "Deck_Condition_Rating": "Fair",
        "Substructure_Deficit_Score": 31.5,
        "Structure_Type": "Reinforced Concrete Girder / Steel Truss",
        "Year_Constructed": 1995
      }
    },
    {
      "type": "Feature",
      "geometry": {
        "type": "Point",
        "coordinates": [
          34.17,
          3.5
        ]
      },
      "properties": {
        "Bridge_Number": "B174",
        "Bridge_Name": "LOMUSAN",
        "Link_Number": "B301_Link03",
        "River_Crossing": "LOMUSAN",
        "Maintenance_Station": "Kotido",
        "Maintenance_Region": "North Eastern",
        "Bridge_Condition_Score": 68.5,
        "Scour_Vulnerability_Index": 36.0,
        "Deck_Condition_Rating": "Fair",
        "Substructure_Deficit_Score": 31.5,
        "Structure_Type": "Reinforced Concrete Girder / Steel Truss",
        "Year_Constructed": 1996
      }
    },
    {
      "type": "Feature",
      "geometry": {
        "type": "Point",
        "coordinates": [
          34.13,
          3.52
        ]
      },
      "properties": {
        "Bridge_Number": "B175",
        "Bridge_Name": "Kaabong",
        "Link_Number": "B301_Link03",
        "River_Crossing": "River Kaabong",
        "Maintenance_Station": "Kotido",
        "Maintenance_Region": "North Eastern",
        "Bridge_Condition_Score": 68.5,
        "Scour_Vulnerability_Index": 37.0,
        "Deck_Condition_Rating": "Fair",
        "Substructure_Deficit_Score": 31.5,
        "Structure_Type": "Reinforced Concrete Girder / Steel Truss",
        "Year_Constructed": 1997
      }
    },
    {
      "type": "Feature",
      "geometry": {
        "type": "Point",
        "coordinates": [
          34.09,
          3.63
        ]
      },
      "properties": {
        "Bridge_Number": "B176",
        "Bridge_Name": "LAKAPELOT",
        "Link_Number": "B301_Link03",
        "River_Crossing": "LAKAPELOT",
        "Maintenance_Station": "Kotido",
        "Maintenance_Region": "North Eastern",
        "Bridge_Condition_Score": 68.5,
        "Scour_Vulnerability_Index": 38.0,
        "Deck_Condition_Rating": "Fair",
        "Substructure_Deficit_Score": 31.5,
        "Structure_Type": "Reinforced Concrete Girder / Steel Truss",
        "Year_Constructed": 1998
      }
    },
    {
      "type": "Feature",
      "geometry": {
        "type": "Point",
        "coordinates": [
          34.07,
          3.64
        ]
      },
      "properties": {
        "Bridge_Number": "B177",
        "Bridge_Name": "YADALALA",
        "Link_Number": "B301_Link03",
        "River_Crossing": "NAKWOSONGWAN",
        "Maintenance_Station": "Kotido",
        "Maintenance_Region": "North Eastern",
        "Bridge_Condition_Score": 68.5,
        "Scour_Vulnerability_Index": 39.0,
        "Deck_Condition_Rating": "Fair",
        "Substructure_Deficit_Score": 31.5,
        "Structure_Type": "Reinforced Concrete Girder / Steel Truss",
        "Year_Constructed": 1999
      }
    },
    {
      "type": "Feature",
      "geometry": {
        "type": "Point",
        "coordinates": [
          34.04,
          3.65
        ]
      },
      "properties": {
        "Bridge_Number": "B178",
        "Bridge_Name": "NARIAMABUNE",
        "Link_Number": "B301_Link03",
        "River_Crossing": "LOBALOKILI",
        "Maintenance_Station": "Kotido",
        "Maintenance_Region": "North Eastern",
        "Bridge_Condition_Score": 63.5,
        "Scour_Vulnerability_Index": 40.0,
        "Deck_Condition_Rating": "Fair",
        "Substructure_Deficit_Score": 36.5,
        "Structure_Type": "Reinforced Concrete Girder / Steel Truss",
        "Year_Constructed": 2000
      }
    },
    {
      "type": "Feature",
      "geometry": {
        "type": "Point",
        "coordinates": [
          33.75,
          2.82
        ]
      },
      "properties": {
        "Bridge_Number": "B179",
        "Bridge_Name": "LOYOROIT",
        "Link_Number": "B302_Link01",
        "River_Crossing": "LOYOROIT",
        "Maintenance_Station": "Kotido",
        "Maintenance_Region": "North Eastern",
        "Bridge_Condition_Score": 63.5,
        "Scour_Vulnerability_Index": 41.0,
        "Deck_Condition_Rating": "Fair",
        "Substructure_Deficit_Score": 36.5,
        "Structure_Type": "Reinforced Concrete Girder / Steel Truss",
        "Year_Constructed": 2001
      }
    },
    {
      "type": "Feature",
      "geometry": {
        "type": "Point",
        "coordinates": [
          33.06,
          2.81
        ]
      },
      "properties": {
        "Bridge_Number": "B181",
        "Bridge_Name": "Otaka bridge",
        "Link_Number": "B302_Link02",
        "River_Crossing": "Local Waterway",
        "Maintenance_Station": "Kitgum",
        "Maintenance_Region": "Northern",
        "Bridge_Condition_Score": 63.5,
        "Scour_Vulnerability_Index": 42.0,
        "Deck_Condition_Rating": "Fair",
        "Substructure_Deficit_Score": 36.5,
        "Structure_Type": "Reinforced Concrete Girder / Steel Truss",
        "Year_Constructed": 2002
      }
    },
    {
      "type": "Feature",
      "geometry": {
        "type": "Point",
        "coordinates": [
          33.85,
          1.86
        ]
      },
      "properties": {
        "Bridge_Number": "B182",
        "Bridge_Name": "KOMOLO",
        "Link_Number": "B303_Link02",
        "River_Crossing": "KOMOLO",
        "Maintenance_Station": "Soroti",
        "Maintenance_Region": "North Eastern",
        "Bridge_Condition_Score": 63.5,
        "Scour_Vulnerability_Index": 43.0,
        "Deck_Condition_Rating": "Fair",
        "Substructure_Deficit_Score": 36.5,
        "Structure_Type": "Reinforced Concrete Girder / Steel Truss",
        "Year_Constructed": 2003
      }
    },
    {
      "type": "Feature",
      "geometry": {
        "type": "Point",
        "coordinates": [
          33.86,
          1.86
        ]
      },
      "properties": {
        "Bridge_Number": "B183",
        "Bridge_Name": "GETOM",
        "Link_Number": "B303_Link02",
        "River_Crossing": "ABRAITU",
        "Maintenance_Station": "Soroti",
        "Maintenance_Region": "North Eastern",
        "Bridge_Condition_Score": 63.5,
        "Scour_Vulnerability_Index": 44.0,
        "Deck_Condition_Rating": "Fair",
        "Substructure_Deficit_Score": 36.5,
        "Structure_Type": "Reinforced Concrete Girder / Steel Truss",
        "Year_Constructed": 2004
      }
    },
    {
      "type": "Feature",
      "geometry": {
        "type": "Point",
        "coordinates": [
          34.48,
          2.44
        ]
      },
      "properties": {
        "Bridge_Number": "B184",
        "Bridge_Name": "Omanima Bridge",
        "Link_Number": "B303_Link02",
        "River_Crossing": "Omanima river",
        "Maintenance_Station": "Soroti",
        "Maintenance_Region": "North Eastern",
        "Bridge_Condition_Score": 58.5,
        "Scour_Vulnerability_Index": 45.0,
        "Deck_Condition_Rating": "Fair",
        "Substructure_Deficit_Score": 41.5,
        "Structure_Type": "Reinforced Concrete Girder / Steel Truss",
        "Year_Constructed": 2005
      }
    },
    {
      "type": "Feature",
      "geometry": {
        "type": "Point",
        "coordinates": [
          33.22,
          2.37
        ]
      },
      "properties": {
        "Bridge_Number": "B185",
        "Bridge_Name": "Apak Bridge",
        "Link_Number": "C650_Link01",
        "River_Crossing": "Apak River",
        "Maintenance_Station": "Lira",
        "Maintenance_Region": "Northern",
        "Bridge_Condition_Score": 58.5,
        "Scour_Vulnerability_Index": 46.0,
        "Deck_Condition_Rating": "Fair",
        "Substructure_Deficit_Score": 41.5,
        "Structure_Type": "Reinforced Concrete Girder / Steel Truss",
        "Year_Constructed": 2006
      }
    },
    {
      "type": "Feature",
      "geometry": {
        "type": "Point",
        "coordinates": [
          32.93,
          2.25
        ]
      },
      "properties": {
        "Bridge_Number": "B186",
        "Bridge_Name": "Apak Bridge",
        "Link_Number": "C650_Link01",
        "River_Crossing": "Apak River",
        "Maintenance_Station": "Lira",
        "Maintenance_Region": "Northern",
        "Bridge_Condition_Score": 58.5,
        "Scour_Vulnerability_Index": 47.0,
        "Deck_Condition_Rating": "Fair",
        "Substructure_Deficit_Score": 41.5,
        "Structure_Type": "Reinforced Concrete Girder / Steel Truss",
        "Year_Constructed": 2007
      }
    },
    {
      "type": "Feature",
      "geometry": {
        "type": "Point",
        "coordinates": [
          32.4,
          2.52
        ]
      },
      "properties": {
        "Bridge_Number": "B187",
        "Bridge_Name": "TORCHI (AWOL)",
        "Link_Number": "C655_Link01",
        "River_Crossing": "TORCHI",
        "Maintenance_Station": "Gulu",
        "Maintenance_Region": "Northern",
        "Bridge_Condition_Score": 58.5,
        "Scour_Vulnerability_Index": 48.0,
        "Deck_Condition_Rating": "Fair",
        "Substructure_Deficit_Score": 41.5,
        "Structure_Type": "Reinforced Concrete Girder / Steel Truss",
        "Year_Constructed": 2008
      }
    },
    {
      "type": "Feature",
      "geometry": {
        "type": "Point",
        "coordinates": [
          32.74,
          2.68
        ]
      },
      "properties": {
        "Bridge_Number": "B188",
        "Bridge_Name": "ODEK",
        "Link_Number": "C680_Link02",
        "River_Crossing": "ODEK",
        "Maintenance_Station": "Gulu",
        "Maintenance_Region": "Northern",
        "Bridge_Condition_Score": 58.5,
        "Scour_Vulnerability_Index": 49.0,
        "Deck_Condition_Rating": "Fair",
        "Substructure_Deficit_Score": 41.5,
        "Structure_Type": "Reinforced Concrete Girder / Steel Truss",
        "Year_Constructed": 2009
      }
    },
    {
      "type": "Feature",
      "geometry": {
        "type": "Point",
        "coordinates": [
          32.79,
          2.69
        ]
      },
      "properties": {
        "Bridge_Number": "B189",
        "Bridge_Name": "AWERE",
        "Link_Number": "C680_Link02",
        "River_Crossing": "ASWA",
        "Maintenance_Station": "Gulu",
        "Maintenance_Region": "Northern",
        "Bridge_Condition_Score": 53.5,
        "Scour_Vulnerability_Index": 50.0,
        "Deck_Condition_Rating": "Fair",
        "Substructure_Deficit_Score": 46.5,
        "Structure_Type": "Reinforced Concrete Girder / Steel Truss",
        "Year_Constructed": 2010
      }
    },
    {
      "type": "Feature",
      "geometry": {
        "type": "Point",
        "coordinates": [
          32.77,
          3.03
        ]
      },
      "properties": {
        "Bridge_Number": "B192",
        "Bridge_Name": "Ajan Bridge",
        "Link_Number": "C681_Link01",
        "River_Crossing": "Ajan River",
        "Maintenance_Station": "Kitgum",
        "Maintenance_Region": "Northern",
        "Bridge_Condition_Score": 53.5,
        "Scour_Vulnerability_Index": 51.0,
        "Deck_Condition_Rating": "Fair",
        "Substructure_Deficit_Score": 46.5,
        "Structure_Type": "Reinforced Concrete Girder / Steel Truss",
        "Year_Constructed": 2011
      }
    },
    {
      "type": "Feature",
      "geometry": {
        "type": "Point",
        "coordinates": [
          32.58,
          2.96
        ]
      },
      "properties": {
        "Bridge_Number": "B195",
        "Bridge_Name": "Aswa",
        "Link_Number": "C681_Link02",
        "River_Crossing": "Aswa Bridge",
        "Maintenance_Station": "Gulu",
        "Maintenance_Region": "Northern",
        "Bridge_Condition_Score": 53.5,
        "Scour_Vulnerability_Index": 52.0,
        "Deck_Condition_Rating": "Fair",
        "Substructure_Deficit_Score": 46.5,
        "Structure_Type": "Reinforced Concrete Girder / Steel Truss",
        "Year_Constructed": 2012
      }
    },
    {
      "type": "Feature",
      "geometry": {
        "type": "Point",
        "coordinates": [
          32.29,
          2.96
        ]
      },
      "properties": {
        "Bridge_Number": "B196",
        "Bridge_Name": "UNYAMA",
        "Link_Number": "C682_Link01",
        "River_Crossing": "UNYAMA",
        "Maintenance_Station": "Gulu",
        "Maintenance_Region": "Northern",
        "Bridge_Condition_Score": 53.5,
        "Scour_Vulnerability_Index": 53.0,
        "Deck_Condition_Rating": "Fair",
        "Substructure_Deficit_Score": 46.5,
        "Structure_Type": "Reinforced Concrete Girder / Steel Truss",
        "Year_Constructed": 2013
      }
    },
    {
      "type": "Feature",
      "geometry": {
        "type": "Point",
        "coordinates": [
          31.03,
          2.38
        ]
      },
      "properties": {
        "Bridge_Number": "B197",
        "Bridge_Name": "Nyarwotho",
        "Link_Number": "C745_Link01",
        "River_Crossing": "River Nyarwodho",
        "Maintenance_Station": "Arua",
        "Maintenance_Region": "Northern",
        "Bridge_Condition_Score": 53.5,
        "Scour_Vulnerability_Index": 54.0,
        "Deck_Condition_Rating": "Fair",
        "Substructure_Deficit_Score": 46.5,
        "Structure_Type": "Reinforced Concrete Girder / Steel Truss",
        "Year_Constructed": 2014
      }
    },
    {
      "type": "Feature",
      "geometry": {
        "type": "Point",
        "coordinates": [
          32.21,
          3.27
        ]
      },
      "properties": {
        "Bridge_Number": "B198",
        "Bridge_Name": "Unyama Bridge",
        "Link_Number": "C700_Link01",
        "River_Crossing": "Unyama River",
        "Maintenance_Station": "Kitgum",
        "Maintenance_Region": "Northern",
        "Bridge_Condition_Score": 48.5,
        "Scour_Vulnerability_Index": 55.0,
        "Deck_Condition_Rating": "Poor",
        "Substructure_Deficit_Score": 51.5,
        "Structure_Type": "Reinforced Concrete Girder / Steel Truss",
        "Year_Constructed": 2015
      }
    },
    {
      "type": "Feature",
      "geometry": {
        "type": "Point",
        "coordinates": [
          32.36,
          3.3
        ]
      },
      "properties": {
        "Bridge_Number": "B199",
        "Bridge_Name": "Aswa Bridge",
        "Link_Number": "C700_Link01",
        "River_Crossing": "River Aswa",
        "Maintenance_Station": "Kitgum",
        "Maintenance_Region": "Northern",
        "Bridge_Condition_Score": 48.5,
        "Scour_Vulnerability_Index": 56.0,
        "Deck_Condition_Rating": "Poor",
        "Substructure_Deficit_Score": 51.5,
        "Structure_Type": "Reinforced Concrete Girder / Steel Truss",
        "Year_Constructed": 2016
      }
    },
    {
      "type": "Feature",
      "geometry": {
        "type": "Point",
        "coordinates": [
          32.41,
          3.37
        ]
      },
      "properties": {
        "Bridge_Number": "B200",
        "Bridge_Name": "Awich Bridge",
        "Link_Number": "C700_Link01",
        "River_Crossing": "Awich stream",
        "Maintenance_Station": "Kitgum",
        "Maintenance_Region": "Northern",
        "Bridge_Condition_Score": 48.5,
        "Scour_Vulnerability_Index": 57.0,
        "Deck_Condition_Rating": "Poor",
        "Substructure_Deficit_Score": 51.5,
        "Structure_Type": "Reinforced Concrete Girder / Steel Truss",
        "Year_Constructed": 2017
      }
    },
    {
      "type": "Feature",
      "geometry": {
        "type": "Point",
        "coordinates": [
          32.52,
          3.43
        ]
      },
      "properties": {
        "Bridge_Number": "B201",
        "Bridge_Name": "Burkung Bridge",
        "Link_Number": "C700_Link01",
        "River_Crossing": "Burkung stream",
        "Maintenance_Station": "Kitgum",
        "Maintenance_Region": "Northern",
        "Bridge_Condition_Score": 48.5,
        "Scour_Vulnerability_Index": 58.0,
        "Deck_Condition_Rating": "Poor",
        "Substructure_Deficit_Score": 51.5,
        "Structure_Type": "Reinforced Concrete Girder / Steel Truss",
        "Year_Constructed": 2018
      }
    },
    {
      "type": "Feature",
      "geometry": {
        "type": "Point",
        "coordinates": [
          32.85,
          3.44
        ]
      },
      "properties": {
        "Bridge_Number": "B202",
        "Bridge_Name": "Lagwel",
        "Link_Number": "C701_Link01",
        "River_Crossing": "Lagwel Stream",
        "Maintenance_Station": "Kitgum",
        "Maintenance_Region": "Northern",
        "Bridge_Condition_Score": 48.5,
        "Scour_Vulnerability_Index": 59.0,
        "Deck_Condition_Rating": "Poor",
        "Substructure_Deficit_Score": 51.5,
        "Structure_Type": "Reinforced Concrete Girder / Steel Truss",
        "Year_Constructed": 2019
      }
    },
    {
      "type": "Feature",
      "geometry": {
        "type": "Point",
        "coordinates": [
          32.59,
          3.67
        ]
      },
      "properties": {
        "Bridge_Number": "B203",
        "Bridge_Name": "Limu Bridge",
        "Link_Number": "C701_Link01",
        "River_Crossing": "Limu Stream",
        "Maintenance_Station": "Kitgum",
        "Maintenance_Region": "Northern",
        "Bridge_Condition_Score": 78.5,
        "Scour_Vulnerability_Index": 60.0,
        "Deck_Condition_Rating": "Good",
        "Substructure_Deficit_Score": 21.5,
        "Structure_Type": "Reinforced Concrete Girder / Steel Truss",
        "Year_Constructed": 1985
      }
    },
    {
      "type": "Feature",
      "geometry": {
        "type": "Point",
        "coordinates": [
          33.01,
          3.8
        ]
      },
      "properties": {
        "Bridge_Number": "B206",
        "Bridge_Name": "Okura Bridge",
        "Link_Number": "C702_Link01",
        "River_Crossing": "Local Waterway",
        "Maintenance_Station": "Kitgum",
        "Maintenance_Region": "Northern",
        "Bridge_Condition_Score": 78.5,
        "Scour_Vulnerability_Index": 61.0,
        "Deck_Condition_Rating": "Good",
        "Substructure_Deficit_Score": 21.5,
        "Structure_Type": "Reinforced Concrete Girder / Steel Truss",
        "Year_Constructed": 1986
      }
    },
    {
      "type": "Feature",
      "geometry": {
        "type": "Point",
        "coordinates": [
          33.07,
          3.26
        ]
      },
      "properties": {
        "Bridge_Number": "B207",
        "Bridge_Name": "Kitgummatidi",
        "Link_Number": "C703_Link01",
        "River_Crossing": "Pager River",
        "Maintenance_Station": "Kitgum",
        "Maintenance_Region": "Northern",
        "Bridge_Condition_Score": 78.5,
        "Scour_Vulnerability_Index": 62.0,
        "Deck_Condition_Rating": "Good",
        "Substructure_Deficit_Score": 21.5,
        "Structure_Type": "Reinforced Concrete Girder / Steel Truss",
        "Year_Constructed": 1987
      }
    },
    {
      "type": "Feature",
      "geometry": {
        "type": "Point",
        "coordinates": [
          31.39,
          2.72
        ]
      },
      "properties": {
        "Bridge_Number": "B209",
        "Bridge_Name": "ORAA 2",
        "Link_Number": "C743_Link01",
        "River_Crossing": "River Ora",
        "Maintenance_Station": "Arua",
        "Maintenance_Region": "Northern",
        "Bridge_Condition_Score": 78.5,
        "Scour_Vulnerability_Index": 63.0,
        "Deck_Condition_Rating": "Good",
        "Substructure_Deficit_Score": 21.5,
        "Structure_Type": "Reinforced Concrete Girder / Steel Truss",
        "Year_Constructed": 1988
      }
    },
    {
      "type": "Feature",
      "geometry": {
        "type": "Point",
        "coordinates": [
          31.2,
          2.89
        ]
      },
      "properties": {
        "Bridge_Number": "B210",
        "Bridge_Name": "AWA",
        "Link_Number": "C743_Link02",
        "River_Crossing": "AWA",
        "Maintenance_Station": "Arua",
        "Maintenance_Region": "Northern",
        "Bridge_Condition_Score": 78.5,
        "Scour_Vulnerability_Index": 64.0,
        "Deck_Condition_Rating": "Good",
        "Substructure_Deficit_Score": 21.5,
        "Structure_Type": "Reinforced Concrete Girder / Steel Truss",
        "Year_Constructed": 1989
      }
    },
    {
      "type": "Feature",
      "geometry": {
        "type": "Point",
        "coordinates": [
          31.07,
          2.9
        ]
      },
      "properties": {
        "Bridge_Number": "B211",
        "Bridge_Name": "ALLAH",
        "Link_Number": "C743_Link02",
        "River_Crossing": "ALLAH",
        "Maintenance_Station": "Arua",
        "Maintenance_Region": "Northern",
        "Bridge_Condition_Score": 73.5,
        "Scour_Vulnerability_Index": 65.0,
        "Deck_Condition_Rating": "Fair",
        "Substructure_Deficit_Score": 26.5,
        "Structure_Type": "Reinforced Concrete Girder / Steel Truss",
        "Year_Constructed": 1990
      }
    },
    {
      "type": "Feature",
      "geometry": {
        "type": "Point",
        "coordinates": [
          31.91,
          2.02
        ]
      },
      "properties": {
        "Bridge_Number": "B212",
        "Bridge_Name": "OLEMIKA",
        "Link_Number": "C743_Link02",
        "River_Crossing": "OLEMICA",
        "Maintenance_Station": "Arua",
        "Maintenance_Region": "Northern",
        "Bridge_Condition_Score": 73.5,
        "Scour_Vulnerability_Index": 66.0,
        "Deck_Condition_Rating": "Fair",
        "Substructure_Deficit_Score": 26.5,
        "Structure_Type": "Reinforced Concrete Girder / Steel Truss",
        "Year_Constructed": 1991
      }
    },
    {
      "type": "Feature",
      "geometry": {
        "type": "Point",
        "coordinates": [
          31.36,
          2.32
        ]
      },
      "properties": {
        "Bridge_Number": "B213",
        "Bridge_Name": "BORO",
        "Link_Number": "C746_Link01",
        "River_Crossing": "BORO",
        "Maintenance_Station": "Arua",
        "Maintenance_Region": "Northern",
        "Bridge_Condition_Score": 73.5,
        "Scour_Vulnerability_Index": 67.0,
        "Deck_Condition_Rating": "Fair",
        "Substructure_Deficit_Score": 26.5,
        "Structure_Type": "Reinforced Concrete Girder / Steel Truss",
        "Year_Constructed": 1992
      }
    },
    {
      "type": "Feature",
      "geometry": {
        "type": "Point",
        "coordinates": [
          31.34,
          2.29
        ]
      },
      "properties": {
        "Bridge_Number": "B214",
        "Bridge_Name": "KIVUJE",
        "Link_Number": "C746_Link01",
        "River_Crossing": "Kivuje",
        "Maintenance_Station": "Arua",
        "Maintenance_Region": "Northern",
        "Bridge_Condition_Score": 73.5,
        "Scour_Vulnerability_Index": 68.0,
        "Deck_Condition_Rating": "Fair",
        "Substructure_Deficit_Score": 26.5,
        "Structure_Type": "Reinforced Concrete Girder / Steel Truss",
        "Year_Constructed": 1993
      }
    },
    {
      "type": "Feature",
      "geometry": {
        "type": "Point",
        "coordinates": [
          34.57,
          2.03
        ]
      },
      "properties": {
        "Bridge_Number": "B215",
        "Bridge_Name": "LOJORO",
        "Link_Number": "C960_Link01",
        "River_Crossing": "LOJORO",
        "Maintenance_Station": "Moroto",
        "Maintenance_Region": "North Eastern",
        "Bridge_Condition_Score": 73.5,
        "Scour_Vulnerability_Index": 69.0,
        "Deck_Condition_Rating": "Fair",
        "Substructure_Deficit_Score": 26.5,
        "Structure_Type": "Reinforced Concrete Girder / Steel Truss",
        "Year_Constructed": 1994
      }
    },
    {
      "type": "Feature",
      "geometry": {
        "type": "Point",
        "coordinates": [
          34.68,
          2.1
        ]
      },
      "properties": {
        "Bridge_Number": "B216",
        "Bridge_Name": "NAKOYITI",
        "Link_Number": "C960_Link01",
        "River_Crossing": "NAKOYITI",
        "Maintenance_Station": "Moroto",
        "Maintenance_Region": "North Eastern",
        "Bridge_Condition_Score": 68.5,
        "Scour_Vulnerability_Index": 70.0,
        "Deck_Condition_Rating": "Fair",
        "Substructure_Deficit_Score": 31.5,
        "Structure_Type": "Reinforced Concrete Girder / Steel Truss",
        "Year_Constructed": 1995
      }
    },
    {
      "type": "Feature",
      "geometry": {
        "type": "Point",
        "coordinates": [
          34.83,
          1.94
        ]
      },
      "properties": {
        "Bridge_Number": "B217",
        "Bridge_Name": "Chololo Bridge",
        "Link_Number": "C961_Link01",
        "River_Crossing": "River Chololo",
        "Maintenance_Station": "Moroto",
        "Maintenance_Region": "North Eastern",
        "Bridge_Condition_Score": 68.5,
        "Scour_Vulnerability_Index": 71.0,
        "Deck_Condition_Rating": "Fair",
        "Substructure_Deficit_Score": 31.5,
        "Structure_Type": "Reinforced Concrete Girder / Steel Truss",
        "Year_Constructed": 1996
      }
    },
    {
      "type": "Feature",
      "geometry": {
        "type": "Point",
        "coordinates": [
          32.7,
          -0.35
        ]
      },
      "properties": {
        "Bridge_Number": "B218",
        "Bridge_Name": "Kolo Bridge",
        "Link_Number": "C036_Link01",
        "River_Crossing": "Local Waterway",
        "Maintenance_Station": "Kampala",
        "Maintenance_Region": "Central",
        "Bridge_Condition_Score": 68.5,
        "Scour_Vulnerability_Index": 72.0,
        "Deck_Condition_Rating": "Fair",
        "Substructure_Deficit_Score": 31.5,
        "Structure_Type": "Reinforced Concrete Girder / Steel Truss",
        "Year_Constructed": 1997
      }
    },
    {
      "type": "Feature",
      "geometry": {
        "type": "Point",
        "coordinates": [
          32.44,
          -0.02
        ]
      },
      "properties": {
        "Bridge_Number": "B220",
        "Bridge_Name": "Kigungu Bridge",
        "Link_Number": "C177_Link01",
        "River_Crossing": "Local Waterway",
        "Maintenance_Station": "Kampala",
        "Maintenance_Region": "Central",
        "Bridge_Condition_Score": 68.5,
        "Scour_Vulnerability_Index": 73.0,
        "Deck_Condition_Rating": "Fair",
        "Substructure_Deficit_Score": 31.5,
        "Structure_Type": "Reinforced Concrete Girder / Steel Truss",
        "Year_Constructed": 1998
      }
    },
    {
      "type": "Feature",
      "geometry": {
        "type": "Point",
        "coordinates": [
          32.25,
          -0.41
        ]
      },
      "properties": {
        "Bridge_Number": "B222",
        "Bridge_Name": "Mayanja",
        "Link_Number": "C187_Link01",
        "River_Crossing": "MAYANJA RIVER",
        "Maintenance_Station": "Kampala",
        "Maintenance_Region": "Central",
        "Bridge_Condition_Score": 68.5,
        "Scour_Vulnerability_Index": 74.0,
        "Deck_Condition_Rating": "Fair",
        "Substructure_Deficit_Score": 31.5,
        "Structure_Type": "Reinforced Concrete Girder / Steel Truss",
        "Year_Constructed": 1999
      }
    },
    {
      "type": "Feature",
      "geometry": {
        "type": "Point",
        "coordinates": [
          31.63,
          0.89
        ]
      },
      "properties": {
        "Bridge_Number": "B223",
        "Bridge_Name": "BUKOOLA",
        "Link_Number": "C271_Link04",
        "River_Crossing": "BUKOOLA",
        "Maintenance_Station": "Hoima",
        "Maintenance_Region": "Western",
        "Bridge_Condition_Score": 63.5,
        "Scour_Vulnerability_Index": 75.0,
        "Deck_Condition_Rating": "Fair",
        "Substructure_Deficit_Score": 36.5,
        "Structure_Type": "Reinforced Concrete Girder / Steel Truss",
        "Year_Constructed": 2000
      }
    },
    {
      "type": "Feature",
      "geometry": {
        "type": "Point",
        "coordinates": [
          32.17,
          -0.68
        ]
      },
      "properties": {
        "Bridge_Number": "B225",
        "Bridge_Name": "MAYANJA BRIDGE",
        "Link_Number": "C320_Link01",
        "River_Crossing": "RIVER MAYANJA",
        "Maintenance_Station": "Luwero",
        "Maintenance_Region": "Central",
        "Bridge_Condition_Score": 63.5,
        "Scour_Vulnerability_Index": 76.0,
        "Deck_Condition_Rating": "Fair",
        "Substructure_Deficit_Score": 36.5,
        "Structure_Type": "Reinforced Concrete Girder / Steel Truss",
        "Year_Constructed": 2001
      }
    },
    {
      "type": "Feature",
      "geometry": {
        "type": "Point",
        "coordinates": [
          30.35,
          -0.1
        ]
      },
      "properties": {
        "Bridge_Number": "B227",
        "Bridge_Name": "NKURUNGU",
        "Link_Number": "C373_Link02",
        "River_Crossing": "NKURUNGU",
        "Maintenance_Station": "Ibanda",
        "Maintenance_Region": "Southern",
        "Bridge_Condition_Score": 63.5,
        "Scour_Vulnerability_Index": 77.0,
        "Deck_Condition_Rating": "Fair",
        "Substructure_Deficit_Score": 36.5,
        "Structure_Type": "Reinforced Concrete Girder / Steel Truss",
        "Year_Constructed": 2002
      }
    },
    {
      "type": "Feature",
      "geometry": {
        "type": "Point",
        "coordinates": [
          29.96,
          0.65
        ]
      },
      "properties": {
        "Bridge_Number": "B228",
        "Bridge_Name": "Butembe Bridge",
        "Link_Number": "C452_Link01",
        "River_Crossing": "BUTEMBE RIVER",
        "Maintenance_Station": "Kabale",
        "Maintenance_Region": "Southern",
        "Bridge_Condition_Score": 63.5,
        "Scour_Vulnerability_Index": 78.0,
        "Deck_Condition_Rating": "Fair",
        "Substructure_Deficit_Score": 36.5,
        "Structure_Type": "Reinforced Concrete Girder / Steel Truss",
        "Year_Constructed": 2003
      }
    },
    {
      "type": "Feature",
      "geometry": {
        "type": "Point",
        "coordinates": [
          30.33,
          -0.26
        ]
      },
      "properties": {
        "Bridge_Number": "B229",
        "Bridge_Name": "KYONYO",
        "Link_Number": "C416_Link02",
        "River_Crossing": "KYONYO",
        "Maintenance_Station": "Ibanda",
        "Maintenance_Region": "Southern",
        "Bridge_Condition_Score": 63.5,
        "Scour_Vulnerability_Index": 79.0,
        "Deck_Condition_Rating": "Fair",
        "Substructure_Deficit_Score": 36.5,
        "Structure_Type": "Reinforced Concrete Girder / Steel Truss",
        "Year_Constructed": 2004
      }
    },
    {
      "type": "Feature",
      "geometry": {
        "type": "Point",
        "coordinates": [
          30.1,
          1.31
        ]
      },
      "properties": {
        "Bridge_Number": "B230",
        "Bridge_Name": "Maziba Bridge",
        "Link_Number": "C424_Link01",
        "River_Crossing": "Kacwamahembe",
        "Maintenance_Station": "Kabale",
        "Maintenance_Region": "Southern",
        "Bridge_Condition_Score": 58.5,
        "Scour_Vulnerability_Index": 15.0,
        "Deck_Condition_Rating": "Fair",
        "Substructure_Deficit_Score": 41.5,
        "Structure_Type": "Reinforced Concrete Girder / Steel Truss",
        "Year_Constructed": 2005
      }
    },
    {
      "type": "Feature",
      "geometry": {
        "type": "Point",
        "coordinates": [
          29.69,
          0.98
        ]
      },
      "properties": {
        "Bridge_Number": "B231",
        "Bridge_Name": "Mpungu Bridge",
        "Link_Number": "C434_Link01",
        "River_Crossing": "MPUNGU RIVER",
        "Maintenance_Station": "Kabale",
        "Maintenance_Region": "Southern",
        "Bridge_Condition_Score": 58.5,
        "Scour_Vulnerability_Index": 16.0,
        "Deck_Condition_Rating": "Fair",
        "Substructure_Deficit_Score": 41.5,
        "Structure_Type": "Reinforced Concrete Girder / Steel Truss",
        "Year_Constructed": 2006
      }
    },
    {
      "type": "Feature",
      "geometry": {
        "type": "Point",
        "coordinates": [
          29.72,
          1.22
        ]
      },
      "properties": {
        "Bridge_Number": "B232",
        "Bridge_Name": "Mucha Bridge",
        "Link_Number": "C436_Link02",
        "River_Crossing": "MUCHA RIVER",
        "Maintenance_Station": "Kabale",
        "Maintenance_Region": "Southern",
        "Bridge_Condition_Score": 58.5,
        "Scour_Vulnerability_Index": 17.0,
        "Deck_Condition_Rating": "Fair",
        "Substructure_Deficit_Score": 41.5,
        "Structure_Type": "Reinforced Concrete Girder / Steel Truss",
        "Year_Constructed": 2007
      }
    },
    {
      "type": "Feature",
      "geometry": {
        "type": "Point",
        "coordinates": [
          29.61,
          1.2
        ]
      },
      "properties": {
        "Bridge_Number": "B233",
        "Bridge_Name": "Kaku Bridge",
        "Link_Number": "C439_Link01",
        "River_Crossing": "KAKU RIVER",
        "Maintenance_Station": "Kabale",
        "Maintenance_Region": "Southern",
        "Bridge_Condition_Score": 58.5,
        "Scour_Vulnerability_Index": 18.0,
        "Deck_Condition_Rating": "Fair",
        "Substructure_Deficit_Score": 41.5,
        "Structure_Type": "Reinforced Concrete Girder / Steel Truss",
        "Year_Constructed": 2008
      }
    },
    {
      "type": "Feature",
      "geometry": {
        "type": "Point",
        "coordinates": [
          29.64,
          0.84
        ]
      },
      "properties": {
        "Bridge_Number": "B234",
        "Bridge_Name": "Ishasha Bridge",
        "Link_Number": "C440_Link01",
        "River_Crossing": "ISHASHA RIVER",
        "Maintenance_Station": "Kabale",
        "Maintenance_Region": "Southern",
        "Bridge_Condition_Score": 58.5,
        "Scour_Vulnerability_Index": 19.0,
        "Deck_Condition_Rating": "Fair",
        "Substructure_Deficit_Score": 41.5,
        "Structure_Type": "Reinforced Concrete Girder / Steel Truss",
        "Year_Constructed": 2009
      }
    },
    {
      "type": "Feature",
      "geometry": {
        "type": "Point",
        "coordinates": [
          29.64,
          0.91
        ]
      },
      "properties": {
        "Bridge_Number": "B235",
        "Bridge_Name": "Muyaga Bridge",
        "Link_Number": "C440_Link02",
        "River_Crossing": "MUYAGA RIVER",
        "Maintenance_Station": "Kabale",
        "Maintenance_Region": "Southern",
        "Bridge_Condition_Score": 53.5,
        "Scour_Vulnerability_Index": 20.0,
        "Deck_Condition_Rating": "Fair",
        "Substructure_Deficit_Score": 46.5,
        "Structure_Type": "Reinforced Concrete Girder / Steel Truss",
        "Year_Constructed": 2010
      }
    },
    {
      "type": "Feature",
      "geometry": {
        "type": "Point",
        "coordinates": [
          29.72,
          0.77
        ]
      },
      "properties": {
        "Bridge_Number": "B236",
        "Bridge_Name": "Kiruruma Bridge",
        "Link_Number": "C441_Link01",
        "River_Crossing": "Local Waterway",
        "Maintenance_Station": "Kabale",
        "Maintenance_Region": "Southern",
        "Bridge_Condition_Score": 53.5,
        "Scour_Vulnerability_Index": 21.0,
        "Deck_Condition_Rating": "Fair",
        "Substructure_Deficit_Score": 46.5,
        "Structure_Type": "Reinforced Concrete Girder / Steel Truss",
        "Year_Constructed": 2011
      }
    },
    {
      "type": "Feature",
      "geometry": {
        "type": "Point",
        "coordinates": [
          29.82,
          0.78
        ]
      },
      "properties": {
        "Bridge_Number": "B237",
        "Bridge_Name": "Mitano 01",
        "Link_Number": "C442_Link02",
        "River_Crossing": "Mitano river",
        "Maintenance_Station": "Kabale",
        "Maintenance_Region": "Southern",
        "Bridge_Condition_Score": 53.5,
        "Scour_Vulnerability_Index": 22.0,
        "Deck_Condition_Rating": "Fair",
        "Substructure_Deficit_Score": 46.5,
        "Structure_Type": "Reinforced Concrete Girder / Steel Truss",
        "Year_Constructed": 2012
      }
    },
    {
      "type": "Feature",
      "geometry": {
        "type": "Point",
        "coordinates": [
          29.85,
          0.78
        ]
      },
      "properties": {
        "Bridge_Number": "B238",
        "Bridge_Name": "Kabaale Bridge",
        "Link_Number": "C443_Link01",
        "River_Crossing": "KABALE",
        "Maintenance_Station": "Kabale",
        "Maintenance_Region": "Southern",
        "Bridge_Condition_Score": 53.5,
        "Scour_Vulnerability_Index": 23.0,
        "Deck_Condition_Rating": "Fair",
        "Substructure_Deficit_Score": 46.5,
        "Structure_Type": "Reinforced Concrete Girder / Steel Truss",
        "Year_Constructed": 2013
      }
    },
    {
      "type": "Feature",
      "geometry": {
        "type": "Point",
        "coordinates": [
          29.86,
          0.68
        ]
      },
      "properties": {
        "Bridge_Number": "B239",
        "Bridge_Name": "Kakingo Bridge",
        "Link_Number": "C445_Link02",
        "River_Crossing": "KAKINDO RIVER",
        "Maintenance_Station": "Kabale",
        "Maintenance_Region": "Southern",
        "Bridge_Condition_Score": 53.5,
        "Scour_Vulnerability_Index": 24.0,
        "Deck_Condition_Rating": "Fair",
        "Substructure_Deficit_Score": 46.5,
        "Structure_Type": "Reinforced Concrete Girder / Steel Truss",
        "Year_Constructed": 2014
      }
    },
    {
      "type": "Feature",
      "geometry": {
        "type": "Point",
        "coordinates": [
          29.79,
          0.58
        ]
      },
      "properties": {
        "Bridge_Number": "B240",
        "Bridge_Name": "Rushaya Bridge",
        "Link_Number": "C445_Link02",
        "River_Crossing": "RUSHAYA RIVER",
        "Maintenance_Station": "Kabale",
        "Maintenance_Region": "Southern",
        "Bridge_Condition_Score": 48.5,
        "Scour_Vulnerability_Index": 25.0,
        "Deck_Condition_Rating": "Poor",
        "Substructure_Deficit_Score": 51.5,
        "Structure_Type": "Reinforced Concrete Girder / Steel Truss",
        "Year_Constructed": 2015
      }
    },
    {
      "type": "Feature",
      "geometry": {
        "type": "Point",
        "coordinates": [
          29.8,
          0.68
        ]
      },
      "properties": {
        "Bridge_Number": "B241",
        "Bridge_Name": "Mitano 02",
        "Link_Number": "C446_Link01",
        "River_Crossing": "Mitano",
        "Maintenance_Station": "Kabale",
        "Maintenance_Region": "Southern",
        "Bridge_Condition_Score": 48.5,
        "Scour_Vulnerability_Index": 26.0,
        "Deck_Condition_Rating": "Poor",
        "Substructure_Deficit_Score": 51.5,
        "Structure_Type": "Reinforced Concrete Girder / Steel Truss",
        "Year_Constructed": 2016
      }
    },
    {
      "type": "Feature",
      "geometry": {
        "type": "Point",
        "coordinates": [
          30.29,
          0.62
        ]
      },
      "properties": {
        "Bridge_Number": "B243",
        "Bridge_Name": "Rwamuganga 01",
        "Link_Number": "C447_Link01",
        "River_Crossing": "RWAMUGANGA",
        "Maintenance_Station": "Mbarara",
        "Maintenance_Region": "Southern",
        "Bridge_Condition_Score": 48.5,
        "Scour_Vulnerability_Index": 27.0,
        "Deck_Condition_Rating": "Poor",
        "Substructure_Deficit_Score": 51.5,
        "Structure_Type": "Reinforced Concrete Girder / Steel Truss",
        "Year_Constructed": 2017
      }
    },
    {
      "type": "Feature",
      "geometry": {
        "type": "Point",
        "coordinates": [
          30.16,
          0.66
        ]
      },
      "properties": {
        "Bridge_Number": "B246",
        "Bridge_Name": "Ndurumo bridge",
        "Link_Number": "C447_Link01",
        "River_Crossing": "NDURUMO",
        "Maintenance_Station": "Mbarara",
        "Maintenance_Region": "Southern",
        "Bridge_Condition_Score": 48.5,
        "Scour_Vulnerability_Index": 28.0,
        "Deck_Condition_Rating": "Poor",
        "Substructure_Deficit_Score": 51.5,
        "Structure_Type": "Reinforced Concrete Girder / Steel Truss",
        "Year_Constructed": 2018
      }
    },
    {
      "type": "Feature",
      "geometry": {
        "type": "Point",
        "coordinates": [
          30.06,
          0.69
        ]
      },
      "properties": {
        "Bridge_Number": "B248",
        "Bridge_Name": "KATIZI BRIDGE",
        "Link_Number": "C447_Link02",
        "River_Crossing": "KATIZI RIVER",
        "Maintenance_Station": "Kabale",
        "Maintenance_Region": "Southern",
        "Bridge_Condition_Score": 48.5,
        "Scour_Vulnerability_Index": 29.0,
        "Deck_Condition_Rating": "Poor",
        "Substructure_Deficit_Score": 51.5,
        "Structure_Type": "Reinforced Concrete Girder / Steel Truss",
        "Year_Constructed": 2019
      }
    },
    {
      "type": "Feature",
      "geometry": {
        "type": "Point",
        "coordinates": [
          30.11,
          0.21
        ]
      },
      "properties": {
        "Bridge_Number": "B249",
        "Bridge_Name": "KYAMBURA",
        "Link_Number": "C450_Link01",
        "River_Crossing": "KYAMBURA RIVER",
        "Maintenance_Station": "Mbarara",
        "Maintenance_Region": "Southern",
        "Bridge_Condition_Score": 78.5,
        "Scour_Vulnerability_Index": 30.0,
        "Deck_Condition_Rating": "Good",
        "Substructure_Deficit_Score": 21.5,
        "Structure_Type": "Reinforced Concrete Girder / Steel Truss",
        "Year_Constructed": 1985
      }
    },
    {
      "type": "Feature",
      "geometry": {
        "type": "Point",
        "coordinates": [
          30.09,
          -0.32
        ]
      },
      "properties": {
        "Bridge_Number": "B251",
        "Bridge_Name": "ENSHYA",
        "Link_Number": "C519_Link01",
        "River_Crossing": "ENSHYA",
        "Maintenance_Station": "Kasese",
        "Maintenance_Region": "Southern",
        "Bridge_Condition_Score": 78.5,
        "Scour_Vulnerability_Index": 31.0,
        "Deck_Condition_Rating": "Good",
        "Substructure_Deficit_Score": 21.5,
        "Structure_Type": "Reinforced Concrete Girder / Steel Truss",
        "Year_Constructed": 1986
      }
    },
    {
      "type": "Feature",
      "geometry": {
        "type": "Point",
        "coordinates": [
          29.75,
          -0.08
        ]
      },
      "properties": {
        "Bridge_Number": "B252",
        "Bridge_Name": "RUBIRIHA",
        "Link_Number": "C520_Link02",
        "River_Crossing": "RUBIRIHA RIVER",
        "Maintenance_Station": "Kasese",
        "Maintenance_Region": "Southern",
        "Bridge_Condition_Score": 78.5,
        "Scour_Vulnerability_Index": 32.0,
        "Deck_Condition_Rating": "Good",
        "Substructure_Deficit_Score": 21.5,
        "Structure_Type": "Reinforced Concrete Girder / Steel Truss",
        "Year_Constructed": 1987
      }
    },
    {
      "type": "Feature",
      "geometry": {
        "type": "Point",
        "coordinates": [
          29.74,
          -0.1
        ]
      },
      "properties": {
        "Bridge_Number": "B253",
        "Bridge_Name": "KABIRA bridge",
        "Link_Number": "C520_Link02",
        "River_Crossing": "KABIRA RIVER",
        "Maintenance_Station": "Kasese",
        "Maintenance_Region": "Southern",
        "Bridge_Condition_Score": 78.5,
        "Scour_Vulnerability_Index": 33.0,
        "Deck_Condition_Rating": "Good",
        "Substructure_Deficit_Score": 21.5,
        "Structure_Type": "Reinforced Concrete Girder / Steel Truss",
        "Year_Constructed": 1988
      }
    },
    {
      "type": "Feature",
      "geometry": {
        "type": "Point",
        "coordinates": [
          31.0,
          1.11
        ]
      },
      "properties": {
        "Bridge_Number": "B255",
        "Bridge_Name": "Ruzairwe",
        "Link_Number": "C553_Link01",
        "River_Crossing": "Local Waterway",
        "Maintenance_Station": "Hoima",
        "Maintenance_Region": "Western",
        "Bridge_Condition_Score": 78.5,
        "Scour_Vulnerability_Index": 34.0,
        "Deck_Condition_Rating": "Good",
        "Substructure_Deficit_Score": 21.5,
        "Structure_Type": "Reinforced Concrete Girder / Steel Truss",
        "Year_Constructed": 1989
      }
    },
    {
      "type": "Feature",
      "geometry": {
        "type": "Point",
        "coordinates": [
          30.16,
          0.57
        ]
      },
      "properties": {
        "Bridge_Number": "B256",
        "Bridge_Name": "Perepa",
        "Link_Number": "C556_Link01",
        "River_Crossing": "Local Waterway",
        "Maintenance_Station": "Fort Portal",
        "Maintenance_Region": "Western",
        "Bridge_Condition_Score": 73.5,
        "Scour_Vulnerability_Index": 35.0,
        "Deck_Condition_Rating": "Fair",
        "Substructure_Deficit_Score": 26.5,
        "Structure_Type": "Reinforced Concrete Girder / Steel Truss",
        "Year_Constructed": 1990
      }
    },
    {
      "type": "Feature",
      "geometry": {
        "type": "Point",
        "coordinates": [
          30.16,
          0.6
        ]
      },
      "properties": {
        "Bridge_Number": "B258",
        "Bridge_Name": "Mahoma",
        "Link_Number": "C556_Link01",
        "River_Crossing": "Local Waterway",
        "Maintenance_Station": "Fort Portal",
        "Maintenance_Region": "Western",
        "Bridge_Condition_Score": 73.5,
        "Scour_Vulnerability_Index": 36.0,
        "Deck_Condition_Rating": "Fair",
        "Substructure_Deficit_Score": 26.5,
        "Structure_Type": "Reinforced Concrete Girder / Steel Truss",
        "Year_Constructed": 1991
      }
    },
    {
      "type": "Feature",
      "geometry": {
        "type": "Point",
        "coordinates": [
          30.16,
          0.62
        ]
      },
      "properties": {
        "Bridge_Number": "B259",
        "Bridge_Name": "Dunga",
        "Link_Number": "C556_Link01",
        "River_Crossing": "Local Waterway",
        "Maintenance_Station": "Fort Portal",
        "Maintenance_Region": "Western",
        "Bridge_Condition_Score": 73.5,
        "Scour_Vulnerability_Index": 37.0,
        "Deck_Condition_Rating": "Fair",
        "Substructure_Deficit_Score": 26.5,
        "Structure_Type": "Reinforced Concrete Girder / Steel Truss",
        "Year_Constructed": 1992
      }
    },
    {
      "type": "Feature",
      "geometry": {
        "type": "Point",
        "coordinates": [
          30.16,
          0.63
        ]
      },
      "properties": {
        "Bridge_Number": "B260",
        "Bridge_Name": "Nyabuswa",
        "Link_Number": "C556_Link01",
        "River_Crossing": "Local Waterway",
        "Maintenance_Station": "Fort Portal",
        "Maintenance_Region": "Western",
        "Bridge_Condition_Score": 73.5,
        "Scour_Vulnerability_Index": 38.0,
        "Deck_Condition_Rating": "Fair",
        "Substructure_Deficit_Score": 26.5,
        "Structure_Type": "Reinforced Concrete Girder / Steel Truss",
        "Year_Constructed": 1993
      }
    },
    {
      "type": "Feature",
      "geometry": {
        "type": "Point",
        "coordinates": [
          30.17,
          0.66
        ]
      },
      "properties": {
        "Bridge_Number": "B261",
        "Bridge_Name": "Mpanga",
        "Link_Number": "C556_Link01",
        "River_Crossing": "Local Waterway",
        "Maintenance_Station": "Fort Portal",
        "Maintenance_Region": "Western",
        "Bridge_Condition_Score": 73.5,
        "Scour_Vulnerability_Index": 39.0,
        "Deck_Condition_Rating": "Fair",
        "Substructure_Deficit_Score": 26.5,
        "Structure_Type": "Reinforced Concrete Girder / Steel Truss",
        "Year_Constructed": 1994
      }
    },
    {
      "type": "Feature",
      "geometry": {
        "type": "Point",
        "coordinates": [
          30.24,
          0.93
        ]
      },
      "properties": {
        "Bridge_Number": "B263",
        "Bridge_Name": "Dongoi",
        "Link_Number": "C575_Link01",
        "River_Crossing": "Local Waterway",
        "Maintenance_Station": "Fort Portal",
        "Maintenance_Region": "Western",
        "Bridge_Condition_Score": 68.5,
        "Scour_Vulnerability_Index": 40.0,
        "Deck_Condition_Rating": "Fair",
        "Substructure_Deficit_Score": 31.5,
        "Structure_Type": "Reinforced Concrete Girder / Steel Truss",
        "Year_Constructed": 1995
      }
    },
    {
      "type": "Feature",
      "geometry": {
        "type": "Point",
        "coordinates": [
          30.82,
          1.07
        ]
      },
      "properties": {
        "Bridge_Number": "B264",
        "Bridge_Name": "Murungu",
        "Link_Number": "C565_Link01",
        "River_Crossing": "Local Waterway",
        "Maintenance_Station": "Hoima",
        "Maintenance_Region": "Western",
        "Bridge_Condition_Score": 68.5,
        "Scour_Vulnerability_Index": 41.0,
        "Deck_Condition_Rating": "Fair",
        "Substructure_Deficit_Score": 31.5,
        "Structure_Type": "Reinforced Concrete Girder / Steel Truss",
        "Year_Constructed": 1996
      }
    },
    {
      "type": "Feature",
      "geometry": {
        "type": "Point",
        "coordinates": [
          31.12,
          1.02
        ]
      },
      "properties": {
        "Bridge_Number": "B265",
        "Bridge_Name": "Nguse",
        "Link_Number": "C566_Link01",
        "River_Crossing": "Local Waterway",
        "Maintenance_Station": "Hoima",
        "Maintenance_Region": "Western",
        "Bridge_Condition_Score": 68.5,
        "Scour_Vulnerability_Index": 42.0,
        "Deck_Condition_Rating": "Fair",
        "Substructure_Deficit_Score": 31.5,
        "Structure_Type": "Reinforced Concrete Girder / Steel Truss",
        "Year_Constructed": 1997
      }
    },
    {
      "type": "Feature",
      "geometry": {
        "type": "Point",
        "coordinates": [
          30.53,
          0.3
        ]
      },
      "properties": {
        "Bridge_Number": "B266",
        "Bridge_Name": "Mpanga",
        "Link_Number": "C568_Link03",
        "River_Crossing": "Local Waterway",
        "Maintenance_Station": "Fort Portal",
        "Maintenance_Region": "Western",
        "Bridge_Condition_Score": 68.5,
        "Scour_Vulnerability_Index": 43.0,
        "Deck_Condition_Rating": "Fair",
        "Substructure_Deficit_Score": 31.5,
        "Structure_Type": "Reinforced Concrete Girder / Steel Truss",
        "Year_Constructed": 1998
      }
    },
    {
      "type": "Feature",
      "geometry": {
        "type": "Point",
        "coordinates": [
          31.2,
          -0.47
        ]
      },
      "properties": {
        "Bridge_Number": "B267",
        "Bridge_Name": "MPANGA",
        "Link_Number": "C571_Link01",
        "River_Crossing": "MPANGA RIVER",
        "Maintenance_Station": "Fort Portal",
        "Maintenance_Region": "Western",
        "Bridge_Condition_Score": 68.5,
        "Scour_Vulnerability_Index": 44.0,
        "Deck_Condition_Rating": "Fair",
        "Substructure_Deficit_Score": 31.5,
        "Structure_Type": "Reinforced Concrete Girder / Steel Truss",
        "Year_Constructed": 1999
      }
    },
    {
      "type": "Feature",
      "geometry": {
        "type": "Point",
        "coordinates": [
          30.41,
          -0.11
        ]
      },
      "properties": {
        "Bridge_Number": "B268",
        "Bridge_Name": "MPANGA BRIDGE",
        "Link_Number": "C572_Link01",
        "River_Crossing": "MPANGA RIVER",
        "Maintenance_Station": "Ibanda",
        "Maintenance_Region": "Southern",
        "Bridge_Condition_Score": 63.5,
        "Scour_Vulnerability_Index": 45.0,
        "Deck_Condition_Rating": "Fair",
        "Substructure_Deficit_Score": 36.5,
        "Structure_Type": "Reinforced Concrete Girder / Steel Truss",
        "Year_Constructed": 2000
      }
    },
    {
      "type": "Feature",
      "geometry": {
        "type": "Point",
        "coordinates": [
          30.24,
          0.93
        ]
      },
      "properties": {
        "Bridge_Number": "B269",
        "Bridge_Name": "Kisenge",
        "Link_Number": "C575_Link01",
        "River_Crossing": "Local Waterway",
        "Maintenance_Station": "Fort Portal",
        "Maintenance_Region": "Western",
        "Bridge_Condition_Score": 63.5,
        "Scour_Vulnerability_Index": 46.0,
        "Deck_Condition_Rating": "Fair",
        "Substructure_Deficit_Score": 36.5,
        "Structure_Type": "Reinforced Concrete Girder / Steel Truss",
        "Year_Constructed": 2001
      }
    },
    {
      "type": "Feature",
      "geometry": {
        "type": "Point",
        "coordinates": [
          31.11,
          1.53
        ]
      },
      "properties": {
        "Bridge_Number": "B270",
        "Bridge_Name": "WAMBABYA",
        "Link_Number": "C592_Link02",
        "River_Crossing": "WAMBABYA",
        "Maintenance_Station": "Hoima",
        "Maintenance_Region": "Western",
        "Bridge_Condition_Score": 63.5,
        "Scour_Vulnerability_Index": 47.0,
        "Deck_Condition_Rating": "Fair",
        "Substructure_Deficit_Score": 36.5,
        "Structure_Type": "Reinforced Concrete Girder / Steel Truss",
        "Year_Constructed": 2002
      }
    },
    {
      "type": "Feature",
      "geometry": {
        "type": "Point",
        "coordinates": [
          31.18,
          1.37
        ]
      },
      "properties": {
        "Bridge_Number": "B271",
        "Bridge_Name": "WAMBABYA",
        "Link_Number": "C594_Link01",
        "River_Crossing": "WAMBABYA",
        "Maintenance_Station": "Hoima",
        "Maintenance_Region": "Western",
        "Bridge_Condition_Score": 63.5,
        "Scour_Vulnerability_Index": 48.0,
        "Deck_Condition_Rating": "Fair",
        "Substructure_Deficit_Score": 36.5,
        "Structure_Type": "Reinforced Concrete Girder / Steel Truss",
        "Year_Constructed": 2003
      }
    },
    {
      "type": "Feature",
      "geometry": {
        "type": "Point",
        "coordinates": [
          31.25,
          1.38
        ]
      },
      "properties": {
        "Bridge_Number": "B272",
        "Bridge_Name": "Wambabya",
        "Link_Number": "C595_Link01",
        "River_Crossing": "Local Waterway",
        "Maintenance_Station": "Hoima",
        "Maintenance_Region": "Western",
        "Bridge_Condition_Score": 63.5,
        "Scour_Vulnerability_Index": 49.0,
        "Deck_Condition_Rating": "Fair",
        "Substructure_Deficit_Score": 36.5,
        "Structure_Type": "Reinforced Concrete Girder / Steel Truss",
        "Year_Constructed": 2004
      }
    },
    {
      "type": "Feature",
      "geometry": {
        "type": "Point",
        "coordinates": [
          31.21,
          1.57
        ]
      },
      "properties": {
        "Bridge_Number": "B274",
        "Bridge_Name": "Wambabya",
        "Link_Number": "C601_Link01",
        "River_Crossing": "Local Waterway",
        "Maintenance_Station": "Hoima",
        "Maintenance_Region": "Western",
        "Bridge_Condition_Score": 58.5,
        "Scour_Vulnerability_Index": 50.0,
        "Deck_Condition_Rating": "Fair",
        "Substructure_Deficit_Score": 41.5,
        "Structure_Type": "Reinforced Concrete Girder / Steel Truss",
        "Year_Constructed": 2005
      }
    },
    {
      "type": "Feature",
      "geometry": {
        "type": "Point",
        "coordinates": [
          31.1,
          1.56
        ]
      },
      "properties": {
        "Bridge_Number": "B275",
        "Bridge_Name": "WAMBABYA",
        "Link_Number": "C604_Link01",
        "River_Crossing": "WAMBABYA",
        "Maintenance_Station": "Hoima",
        "Maintenance_Region": "Western",
        "Bridge_Condition_Score": 58.5,
        "Scour_Vulnerability_Index": 51.0,
        "Deck_Condition_Rating": "Fair",
        "Substructure_Deficit_Score": 41.5,
        "Structure_Type": "Reinforced Concrete Girder / Steel Truss",
        "Year_Constructed": 2006
      }
    },
    {
      "type": "Feature",
      "geometry": {
        "type": "Point",
        "coordinates": [
          31.45,
          0.96
        ]
      },
      "properties": {
        "Bridge_Number": "B276",
        "Bridge_Name": "Kanangaro",
        "Link_Number": "C627_Link02",
        "River_Crossing": "Local Waterway",
        "Maintenance_Station": "Hoima",
        "Maintenance_Region": "Western",
        "Bridge_Condition_Score": 58.5,
        "Scour_Vulnerability_Index": 52.0,
        "Deck_Condition_Rating": "Fair",
        "Substructure_Deficit_Score": 41.5,
        "Structure_Type": "Reinforced Concrete Girder / Steel Truss",
        "Year_Constructed": 2007
      }
    },
    {
      "type": "Feature",
      "geometry": {
        "type": "Point",
        "coordinates": [
          32.57,
          2.2
        ]
      },
      "properties": {
        "Bridge_Number": "B277",
        "Bridge_Name": "Okole Bridge 1",
        "Link_Number": "C662_Link01",
        "River_Crossing": "Okole River",
        "Maintenance_Station": "Lira",
        "Maintenance_Region": "Northern",
        "Bridge_Condition_Score": 58.5,
        "Scour_Vulnerability_Index": 53.0,
        "Deck_Condition_Rating": "Fair",
        "Substructure_Deficit_Score": 41.5,
        "Structure_Type": "Reinforced Concrete Girder / Steel Truss",
        "Year_Constructed": 2008
      }
    },
    {
      "type": "Feature",
      "geometry": {
        "type": "Point",
        "coordinates": [
          32.43,
          2.41
        ]
      },
      "properties": {
        "Bridge_Number": "B278",
        "Bridge_Name": "WALABAM",
        "Link_Number": "C665_Link01",
        "River_Crossing": "WALABAM",
        "Maintenance_Station": "Gulu",
        "Maintenance_Region": "Northern",
        "Bridge_Condition_Score": 58.5,
        "Scour_Vulnerability_Index": 54.0,
        "Deck_Condition_Rating": "Fair",
        "Substructure_Deficit_Score": 41.5,
        "Structure_Type": "Reinforced Concrete Girder / Steel Truss",
        "Year_Constructed": 2009
      }
    },
    {
      "type": "Feature",
      "geometry": {
        "type": "Point",
        "coordinates": [
          32.43,
          2.41
        ]
      },
      "properties": {
        "Bridge_Number": "B279",
        "Bridge_Name": "Tochi Bridge",
        "Link_Number": "C665_Link02",
        "River_Crossing": "Tochi River",
        "Maintenance_Station": "Gulu",
        "Maintenance_Region": "Northern",
        "Bridge_Condition_Score": 53.5,
        "Scour_Vulnerability_Index": 55.0,
        "Deck_Condition_Rating": "Fair",
        "Substructure_Deficit_Score": 46.5,
        "Structure_Type": "Reinforced Concrete Girder / Steel Truss",
        "Year_Constructed": 2010
      }
    },
    {
      "type": "Feature",
      "geometry": {
        "type": "Point",
        "coordinates": [
          33.28,
          2.12
        ]
      },
      "properties": {
        "Bridge_Number": "B281",
        "Bridge_Name": "Eyama Bridge",
        "Link_Number": "C670_Link01",
        "River_Crossing": "Eyama River",
        "Maintenance_Station": "Lira",
        "Maintenance_Region": "Northern",
        "Bridge_Condition_Score": 53.5,
        "Scour_Vulnerability_Index": 56.0,
        "Deck_Condition_Rating": "Fair",
        "Substructure_Deficit_Score": 46.5,
        "Structure_Type": "Reinforced Concrete Girder / Steel Truss",
        "Year_Constructed": 2011
      }
    },
    {
      "type": "Feature",
      "geometry": {
        "type": "Point",
        "coordinates": [
          33.22,
          2.16
        ]
      },
      "properties": {
        "Bridge_Number": "B282",
        "Bridge_Name": "Enget Bridge",
        "Link_Number": "C671_Link01",
        "River_Crossing": "Enget River",
        "Maintenance_Station": "Lira",
        "Maintenance_Region": "Northern",
        "Bridge_Condition_Score": 53.5,
        "Scour_Vulnerability_Index": 57.0,
        "Deck_Condition_Rating": "Fair",
        "Substructure_Deficit_Score": 46.5,
        "Structure_Type": "Reinforced Concrete Girder / Steel Truss",
        "Year_Constructed": 2012
      }
    },
    {
      "type": "Feature",
      "geometry": {
        "type": "Point",
        "coordinates": [
          33.22,
          2.15
        ]
      },
      "properties": {
        "Bridge_Number": "B283",
        "Bridge_Name": "Akokowo  Bridge",
        "Link_Number": "C671_Link01",
        "River_Crossing": "Akokowo River",
        "Maintenance_Station": "Lira",
        "Maintenance_Region": "Northern",
        "Bridge_Condition_Score": 53.5,
        "Scour_Vulnerability_Index": 58.0,
        "Deck_Condition_Rating": "Fair",
        "Substructure_Deficit_Score": 46.5,
        "Structure_Type": "Reinforced Concrete Girder / Steel Truss",
        "Year_Constructed": 2013
      }
    },
    {
      "type": "Feature",
      "geometry": {
        "type": "Point",
        "coordinates": [
          33.11,
          2.0
        ]
      },
      "properties": {
        "Bridge_Number": "B284",
        "Bridge_Name": "Enget Bridge",
        "Link_Number": "C671_Link01",
        "River_Crossing": "Enget Bridge",
        "Maintenance_Station": "Lira",
        "Maintenance_Region": "Northern",
        "Bridge_Condition_Score": 53.5,
        "Scour_Vulnerability_Index": 59.0,
        "Deck_Condition_Rating": "Fair",
        "Substructure_Deficit_Score": 46.5,
        "Structure_Type": "Reinforced Concrete Girder / Steel Truss",
        "Year_Constructed": 2014
      }
    },
    {
      "type": "Feature",
      "geometry": {
        "type": "Point",
        "coordinates": [
          32.94,
          2.43
        ]
      },
      "properties": {
        "Bridge_Number": "B285",
        "Bridge_Name": "Apoc  Bridge",
        "Link_Number": "C672_Link01",
        "River_Crossing": "Apoc River",
        "Maintenance_Station": "Lira",
        "Maintenance_Region": "Northern",
        "Bridge_Condition_Score": 48.5,
        "Scour_Vulnerability_Index": 60.0,
        "Deck_Condition_Rating": "Poor",
        "Substructure_Deficit_Score": 51.5,
        "Structure_Type": "Reinforced Concrete Girder / Steel Truss",
        "Year_Constructed": 2015
      }
    },
    {
      "type": "Feature",
      "geometry": {
        "type": "Point",
        "coordinates": [
          33.0,
          2.41
        ]
      },
      "properties": {
        "Bridge_Number": "B286",
        "Bridge_Name": "Obim Bridge",
        "Link_Number": "C672_Link01",
        "River_Crossing": "Obim River",
        "Maintenance_Station": "Lira",
        "Maintenance_Region": "Northern",
        "Bridge_Condition_Score": 48.5,
        "Scour_Vulnerability_Index": 61.0,
        "Deck_Condition_Rating": "Poor",
        "Substructure_Deficit_Score": 51.5,
        "Structure_Type": "Reinforced Concrete Girder / Steel Truss",
        "Year_Constructed": 2016
      }
    },
    {
      "type": "Feature",
      "geometry": {
        "type": "Point",
        "coordinates": [
          33.08,
          2.37
        ]
      },
      "properties": {
        "Bridge_Number": "B287",
        "Bridge_Name": "Apochi Bridge",
        "Link_Number": "C672_Link02",
        "River_Crossing": "Apochi  River",
        "Maintenance_Station": "Lira",
        "Maintenance_Region": "Northern",
        "Bridge_Condition_Score": 48.5,
        "Scour_Vulnerability_Index": 62.0,
        "Deck_Condition_Rating": "Poor",
        "Substructure_Deficit_Score": 51.5,
        "Structure_Type": "Reinforced Concrete Girder / Steel Truss",
        "Year_Constructed": 2017
      }
    },
    {
      "type": "Feature",
      "geometry": {
        "type": "Point",
        "coordinates": [
          33.16,
          2.29
        ]
      },
      "properties": {
        "Bridge_Number": "B288",
        "Bridge_Name": "Buaporo Bridge",
        "Link_Number": "C672_Link02",
        "River_Crossing": "ECONGO RIVER",
        "Maintenance_Station": "Lira",
        "Maintenance_Region": "Northern",
        "Bridge_Condition_Score": 48.5,
        "Scour_Vulnerability_Index": 63.0,
        "Deck_Condition_Rating": "Poor",
        "Substructure_Deficit_Score": 51.5,
        "Structure_Type": "Reinforced Concrete Girder / Steel Truss",
        "Year_Constructed": 2018
      }
    },
    {
      "type": "Feature",
      "geometry": {
        "type": "Point",
        "coordinates": [
          33.08,
          2.43
        ]
      },
      "properties": {
        "Bridge_Number": "B289",
        "Bridge_Name": "APOC",
        "Link_Number": "C673_Link02",
        "River_Crossing": "APOC",
        "Maintenance_Station": "Lira",
        "Maintenance_Region": "Northern",
        "Bridge_Condition_Score": 48.5,
        "Scour_Vulnerability_Index": 64.0,
        "Deck_Condition_Rating": "Poor",
        "Substructure_Deficit_Score": 51.5,
        "Structure_Type": "Reinforced Concrete Girder / Steel Truss",
        "Year_Constructed": 2019
      }
    },
    {
      "type": "Feature",
      "geometry": {
        "type": "Point",
        "coordinates": [
          33.16,
          2.46
        ]
      },
      "properties": {
        "Bridge_Number": "B290",
        "Bridge_Name": "Akwera Bridge",
        "Link_Number": "C673_Link02",
        "River_Crossing": "Akwera  River",
        "Maintenance_Station": "Lira",
        "Maintenance_Region": "Northern",
        "Bridge_Condition_Score": 78.5,
        "Scour_Vulnerability_Index": 65.0,
        "Deck_Condition_Rating": "Good",
        "Substructure_Deficit_Score": 21.5,
        "Structure_Type": "Reinforced Concrete Girder / Steel Truss",
        "Year_Constructed": 1985
      }
    },
    {
      "type": "Feature",
      "geometry": {
        "type": "Point",
        "coordinates": [
          33.16,
          2.58
        ]
      },
      "properties": {
        "Bridge_Number": "B291",
        "Bridge_Name": "Okee Bridge",
        "Link_Number": "C994_Link01",
        "River_Crossing": "Okee River",
        "Maintenance_Station": "Lira",
        "Maintenance_Region": "Northern",
        "Bridge_Condition_Score": 78.5,
        "Scour_Vulnerability_Index": 66.0,
        "Deck_Condition_Rating": "Good",
        "Substructure_Deficit_Score": 21.5,
        "Structure_Type": "Reinforced Concrete Girder / Steel Truss",
        "Year_Constructed": 1986
      }
    },
    {
      "type": "Feature",
      "geometry": {
        "type": "Point",
        "coordinates": [
          33.1,
          2.85
        ]
      },
      "properties": {
        "Bridge_Number": "B292",
        "Bridge_Name": "AGAGO",
        "Link_Number": "C675_Link01",
        "River_Crossing": "Local Waterway",
        "Maintenance_Station": "Kitgum",
        "Maintenance_Region": "Northern",
        "Bridge_Condition_Score": 78.5,
        "Scour_Vulnerability_Index": 67.0,
        "Deck_Condition_Rating": "Good",
        "Substructure_Deficit_Score": 21.5,
        "Structure_Type": "Reinforced Concrete Girder / Steel Truss",
        "Year_Constructed": 1987
      }
    },
    {
      "type": "Feature",
      "geometry": {
        "type": "Point",
        "coordinates": [
          33.31,
          2.78
        ]
      },
      "properties": {
        "Bridge_Number": "B293",
        "Bridge_Name": "AGAGO",
        "Link_Number": "C677_Link01",
        "River_Crossing": "AGAGO",
        "Maintenance_Station": "Kitgum",
        "Maintenance_Region": "Northern",
        "Bridge_Condition_Score": 78.5,
        "Scour_Vulnerability_Index": 68.0,
        "Deck_Condition_Rating": "Good",
        "Substructure_Deficit_Score": 21.5,
        "Structure_Type": "Reinforced Concrete Girder / Steel Truss",
        "Year_Constructed": 1988
      }
    },
    {
      "type": "Feature",
      "geometry": {
        "type": "Point",
        "coordinates": [
          33.31,
          2.78
        ]
      },
      "properties": {
        "Bridge_Number": "B294",
        "Bridge_Name": "AGAGO",
        "Link_Number": "C677_Link01",
        "River_Crossing": "AGAGO",
        "Maintenance_Station": "Kitgum",
        "Maintenance_Region": "Northern",
        "Bridge_Condition_Score": 78.5,
        "Scour_Vulnerability_Index": 69.0,
        "Deck_Condition_Rating": "Good",
        "Substructure_Deficit_Score": 21.5,
        "Structure_Type": "Reinforced Concrete Girder / Steel Truss",
        "Year_Constructed": 1989
      }
    },
    {
      "type": "Feature",
      "geometry": {
        "type": "Point",
        "coordinates": [
          33.31,
          2.78
        ]
      },
      "properties": {
        "Bridge_Number": "B295",
        "Bridge_Name": "AGAGO",
        "Link_Number": "C677_Link01",
        "River_Crossing": "AGAGO",
        "Maintenance_Station": "Kitgum",
        "Maintenance_Region": "Northern",
        "Bridge_Condition_Score": 73.5,
        "Scour_Vulnerability_Index": 70.0,
        "Deck_Condition_Rating": "Fair",
        "Substructure_Deficit_Score": 26.5,
        "Structure_Type": "Reinforced Concrete Girder / Steel Truss",
        "Year_Constructed": 1990
      }
    },
    {
      "type": "Feature",
      "geometry": {
        "type": "Point",
        "coordinates": [
          33.37,
          3.01
        ]
      },
      "properties": {
        "Bridge_Number": "B296",
        "Bridge_Name": "AGAGO",
        "Link_Number": "C677_Link01",
        "River_Crossing": "AGAGO",
        "Maintenance_Station": "Kitgum",
        "Maintenance_Region": "Northern",
        "Bridge_Condition_Score": 73.5,
        "Scour_Vulnerability_Index": 71.0,
        "Deck_Condition_Rating": "Fair",
        "Substructure_Deficit_Score": 26.5,
        "Structure_Type": "Reinforced Concrete Girder / Steel Truss",
        "Year_Constructed": 1991
      }
    },
    {
      "type": "Feature",
      "geometry": {
        "type": "Point",
        "coordinates": [
          33.14,
          3.17
        ]
      },
      "properties": {
        "Bridge_Number": "B297",
        "Bridge_Name": "BULUGI",
        "Link_Number": "C677_Link03",
        "River_Crossing": "BULUGI",
        "Maintenance_Station": "Kitgum",
        "Maintenance_Region": "Northern",
        "Bridge_Condition_Score": 73.5,
        "Scour_Vulnerability_Index": 72.0,
        "Deck_Condition_Rating": "Fair",
        "Substructure_Deficit_Score": 26.5,
        "Structure_Type": "Reinforced Concrete Girder / Steel Truss",
        "Year_Constructed": 1992
      }
    },
    {
      "type": "Feature",
      "geometry": {
        "type": "Point",
        "coordinates": [
          33.06,
          3.26
        ]
      },
      "properties": {
        "Bridge_Number": "B298",
        "Bridge_Name": "ODYAKA",
        "Link_Number": "C677_Link03",
        "River_Crossing": "ODYAKA",
        "Maintenance_Station": "Kitgum",
        "Maintenance_Region": "Northern",
        "Bridge_Condition_Score": 73.5,
        "Scour_Vulnerability_Index": 73.0,
        "Deck_Condition_Rating": "Fair",
        "Substructure_Deficit_Score": 26.5,
        "Structure_Type": "Reinforced Concrete Girder / Steel Truss",
        "Year_Constructed": 1993
      }
    },
    {
      "type": "Feature",
      "geometry": {
        "type": "Point",
        "coordinates": [
          33.48,
          2.87
        ]
      },
      "properties": {
        "Bridge_Number": "B299",
        "Bridge_Name": "NAGOYA",
        "Link_Number": "C678_Link01",
        "River_Crossing": "NAGOYA",
        "Maintenance_Station": "Kitgum",
        "Maintenance_Region": "Northern",
        "Bridge_Condition_Score": 73.5,
        "Scour_Vulnerability_Index": 74.0,
        "Deck_Condition_Rating": "Fair",
        "Substructure_Deficit_Score": 26.5,
        "Structure_Type": "Reinforced Concrete Girder / Steel Truss",
        "Year_Constructed": 1994
      }
    },
    {
      "type": "Feature",
      "geometry": {
        "type": "Point",
        "coordinates": [
          33.24,
          2.26
        ]
      },
      "properties": {
        "Bridge_Number": "B300",
        "Bridge_Name": "Orok Bridge",
        "Link_Number": "C997_Link01",
        "River_Crossing": "Orok River",
        "Maintenance_Station": "Lira",
        "Maintenance_Region": "Northern",
        "Bridge_Condition_Score": 68.5,
        "Scour_Vulnerability_Index": 75.0,
        "Deck_Condition_Rating": "Fair",
        "Substructure_Deficit_Score": 31.5,
        "Structure_Type": "Reinforced Concrete Girder / Steel Truss",
        "Year_Constructed": 1995
      }
    },
    {
      "type": "Feature",
      "geometry": {
        "type": "Point",
        "coordinates": [
          32.21,
          2.76
        ]
      },
      "properties": {
        "Bridge_Number": "B301",
        "Bridge_Name": "TORCHI",
        "Link_Number": "C685_Link01",
        "River_Crossing": "Torchi",
        "Maintenance_Station": "Gulu",
        "Maintenance_Region": "Northern",
        "Bridge_Condition_Score": 68.5,
        "Scour_Vulnerability_Index": 76.0,
        "Deck_Condition_Rating": "Fair",
        "Substructure_Deficit_Score": 31.5,
        "Structure_Type": "Reinforced Concrete Girder / Steel Truss",
        "Year_Constructed": 1996
      }
    },
    {
      "type": "Feature",
      "geometry": {
        "type": "Point",
        "coordinates": [
          32.17,
          2.75
        ]
      },
      "properties": {
        "Bridge_Number": "B302",
        "Bridge_Name": "AYAGO",
        "Link_Number": "C685_Link01",
        "River_Crossing": "AYAGO",
        "Maintenance_Station": "Gulu",
        "Maintenance_Region": "Northern",
        "Bridge_Condition_Score": 68.5,
        "Scour_Vulnerability_Index": 77.0,
        "Deck_Condition_Rating": "Fair",
        "Substructure_Deficit_Score": 31.5,
        "Structure_Type": "Reinforced Concrete Girder / Steel Truss",
        "Year_Constructed": 1997
      }
    },
    {
      "type": "Feature",
      "geometry": {
        "type": "Point",
        "coordinates": [
          32.14,
          2.74
        ]
      },
      "properties": {
        "Bridge_Number": "B303",
        "Bridge_Name": "AYAGO (MAIN)",
        "Link_Number": "C685_Link01",
        "River_Crossing": "LANGOL",
        "Maintenance_Station": "Gulu",
        "Maintenance_Region": "Northern",
        "Bridge_Condition_Score": 68.5,
        "Scour_Vulnerability_Index": 78.0,
        "Deck_Condition_Rating": "Fair",
        "Substructure_Deficit_Score": 31.5,
        "Structure_Type": "Reinforced Concrete Girder / Steel Truss",
        "Year_Constructed": 1998
      }
    },
    {
      "type": "Feature",
      "geometry": {
        "type": "Point",
        "coordinates": [
          31.76,
          2.85
        ]
      },
      "properties": {
        "Bridge_Number": "B308",
        "Bridge_Name": "OMEE",
        "Link_Number": "C686_Link02",
        "River_Crossing": "OMEE",
        "Maintenance_Station": "Gulu",
        "Maintenance_Region": "Northern",
        "Bridge_Condition_Score": 68.5,
        "Scour_Vulnerability_Index": 79.0,
        "Deck_Condition_Rating": "Fair",
        "Substructure_Deficit_Score": 31.5,
        "Structure_Type": "Reinforced Concrete Girder / Steel Truss",
        "Year_Constructed": 1999
      }
    },
    {
      "type": "Feature",
      "geometry": {
        "type": "Point",
        "coordinates": [
          31.66,
          2.88
        ]
      },
      "properties": {
        "Bridge_Number": "B312",
        "Bridge_Name": "APA",
        "Link_Number": "C686_Link02",
        "River_Crossing": "APA",
        "Maintenance_Station": "Gulu",
        "Maintenance_Region": "Northern",
        "Bridge_Condition_Score": 63.5,
        "Scour_Vulnerability_Index": 15.0,
        "Deck_Condition_Rating": "Fair",
        "Substructure_Deficit_Score": 36.5,
        "Structure_Type": "Reinforced Concrete Girder / Steel Truss",
        "Year_Constructed": 2000
      }
    },
    {
      "type": "Feature",
      "geometry": {
        "type": "Point",
        "coordinates": [
          31.59,
          2.87
        ]
      },
      "properties": {
        "Bridge_Number": "B313",
        "Bridge_Name": "OCIIP",
        "Link_Number": "C686_Link03",
        "River_Crossing": "OCIIP",
        "Maintenance_Station": "Gulu",
        "Maintenance_Region": "Northern",
        "Bridge_Condition_Score": 63.5,
        "Scour_Vulnerability_Index": 16.0,
        "Deck_Condition_Rating": "Fair",
        "Substructure_Deficit_Score": 36.5,
        "Structure_Type": "Reinforced Concrete Girder / Steel Truss",
        "Year_Constructed": 2001
      }
    },
    {
      "type": "Feature",
      "geometry": {
        "type": "Point",
        "coordinates": [
          31.87,
          2.96
        ]
      },
      "properties": {
        "Bridge_Number": "B314",
        "Bridge_Name": "OMEE",
        "Link_Number": "C688_Link02",
        "River_Crossing": "OMEE",
        "Maintenance_Station": "Moyo",
        "Maintenance_Region": "Northern",
        "Bridge_Condition_Score": 63.5,
        "Scour_Vulnerability_Index": 17.0,
        "Deck_Condition_Rating": "Fair",
        "Substructure_Deficit_Score": 36.5,
        "Structure_Type": "Reinforced Concrete Girder / Steel Truss",
        "Year_Constructed": 2002
      }
    },
    {
      "type": "Feature",
      "geometry": {
        "type": "Point",
        "coordinates": [
          31.78,
          3.09
        ]
      },
      "properties": {
        "Bridge_Number": "B315",
        "Bridge_Name": "ZOKA",
        "Link_Number": "C688_Link02",
        "River_Crossing": "ZOKA",
        "Maintenance_Station": "Moyo",
        "Maintenance_Region": "Northern",
        "Bridge_Condition_Score": 63.5,
        "Scour_Vulnerability_Index": 18.0,
        "Deck_Condition_Rating": "Fair",
        "Substructure_Deficit_Score": 36.5,
        "Structure_Type": "Reinforced Concrete Girder / Steel Truss",
        "Year_Constructed": 2003
      }
    },
    {
      "type": "Feature",
      "geometry": {
        "type": "Point",
        "coordinates": [
          32.08,
          3.11
        ]
      },
      "properties": {
        "Bridge_Number": "B316",
        "Bridge_Name": "AYUGI",
        "Link_Number": "C689_Link01",
        "River_Crossing": "AYUGI",
        "Maintenance_Station": "Moyo",
        "Maintenance_Region": "Northern",
        "Bridge_Condition_Score": 63.5,
        "Scour_Vulnerability_Index": 19.0,
        "Deck_Condition_Rating": "Fair",
        "Substructure_Deficit_Score": 36.5,
        "Structure_Type": "Reinforced Concrete Girder / Steel Truss",
        "Year_Constructed": 2004
      }
    },
    {
      "type": "Feature",
      "geometry": {
        "type": "Point",
        "coordinates": [
          32.01,
          3.21
        ]
      },
      "properties": {
        "Bridge_Number": "B317",
        "Bridge_Name": "OPIO",
        "Link_Number": "C689_Link01",
        "River_Crossing": "OPIO",
        "Maintenance_Station": "Moyo",
        "Maintenance_Region": "Northern",
        "Bridge_Condition_Score": 58.5,
        "Scour_Vulnerability_Index": 20.0,
        "Deck_Condition_Rating": "Fair",
        "Substructure_Deficit_Score": 41.5,
        "Structure_Type": "Reinforced Concrete Girder / Steel Truss",
        "Year_Constructed": 2005
      }
    },
    {
      "type": "Feature",
      "geometry": {
        "type": "Point",
        "coordinates": [
          32.0,
          3.21
        ]
      },
      "properties": {
        "Bridge_Number": "B318",
        "Bridge_Name": "AMORO",
        "Link_Number": "C689_Link01",
        "River_Crossing": "AMORO",
        "Maintenance_Station": "Moyo",
        "Maintenance_Region": "Northern",
        "Bridge_Condition_Score": 58.5,
        "Scour_Vulnerability_Index": 21.0,
        "Deck_Condition_Rating": "Fair",
        "Substructure_Deficit_Score": 41.5,
        "Structure_Type": "Reinforced Concrete Girder / Steel Truss",
        "Year_Constructed": 2006
      }
    },
    {
      "type": "Feature",
      "geometry": {
        "type": "Point",
        "coordinates": [
          31.94,
          3.24
        ]
      },
      "properties": {
        "Bridge_Number": "B319",
        "Bridge_Name": "YUBA",
        "Link_Number": "C689_Link01",
        "River_Crossing": "YUBA",
        "Maintenance_Station": "Moyo",
        "Maintenance_Region": "Northern",
        "Bridge_Condition_Score": 58.5,
        "Scour_Vulnerability_Index": 22.0,
        "Deck_Condition_Rating": "Fair",
        "Substructure_Deficit_Score": 41.5,
        "Structure_Type": "Reinforced Concrete Girder / Steel Truss",
        "Year_Constructed": 2007
      }
    },
    {
      "type": "Feature",
      "geometry": {
        "type": "Point",
        "coordinates": [
          31.89,
          3.32
        ]
      },
      "properties": {
        "Bridge_Number": "B320",
        "Bridge_Name": "ADIDI",
        "Link_Number": "C689_Link01",
        "River_Crossing": "ADIDI",
        "Maintenance_Station": "Moyo",
        "Maintenance_Region": "Northern",
        "Bridge_Condition_Score": 58.5,
        "Scour_Vulnerability_Index": 23.0,
        "Deck_Condition_Rating": "Fair",
        "Substructure_Deficit_Score": 41.5,
        "Structure_Type": "Reinforced Concrete Girder / Steel Truss",
        "Year_Constructed": 2008
      }
    },
    {
      "type": "Feature",
      "geometry": {
        "type": "Point",
        "coordinates": [
          31.87,
          3.34
        ]
      },
      "properties": {
        "Bridge_Number": "B321",
        "Bridge_Name": "ODRAGI",
        "Link_Number": "C689_Link01",
        "River_Crossing": "ODRAGI",
        "Maintenance_Station": "Moyo",
        "Maintenance_Region": "Northern",
        "Bridge_Condition_Score": 58.5,
        "Scour_Vulnerability_Index": 24.0,
        "Deck_Condition_Rating": "Fair",
        "Substructure_Deficit_Score": 41.5,
        "Structure_Type": "Reinforced Concrete Girder / Steel Truss",
        "Year_Constructed": 2009
      }
    },
    {
      "type": "Feature",
      "geometry": {
        "type": "Point",
        "coordinates": [
          32.34,
          3.23
        ]
      },
      "properties": {
        "Bridge_Number": "B323",
        "Bridge_Name": "AGAGURA",
        "Link_Number": "C682_Link01",
        "River_Crossing": "AGUGURA",
        "Maintenance_Station": "Gulu",
        "Maintenance_Region": "Northern",
        "Bridge_Condition_Score": 53.5,
        "Scour_Vulnerability_Index": 25.0,
        "Deck_Condition_Rating": "Fair",
        "Substructure_Deficit_Score": 46.5,
        "Structure_Type": "Reinforced Concrete Girder / Steel Truss",
        "Year_Constructed": 2010
      }
    },
    {
      "type": "Feature",
      "geometry": {
        "type": "Point",
        "coordinates": [
          32.83,
          3.47
        ]
      },
      "properties": {
        "Bridge_Number": "B324",
        "Bridge_Name": "LAGWEL",
        "Link_Number": "C704_Link01",
        "River_Crossing": "LAGWEL",
        "Maintenance_Station": "Kitgum",
        "Maintenance_Region": "Northern",
        "Bridge_Condition_Score": 53.5,
        "Scour_Vulnerability_Index": 26.0,
        "Deck_Condition_Rating": "Fair",
        "Substructure_Deficit_Score": 46.5,
        "Structure_Type": "Reinforced Concrete Girder / Steel Truss",
        "Year_Constructed": 2011
      }
    },
    {
      "type": "Feature",
      "geometry": {
        "type": "Point",
        "coordinates": [
          32.7,
          3.43
        ]
      },
      "properties": {
        "Bridge_Number": "B325",
        "Bridge_Name": "PAUO",
        "Link_Number": "C704_Link01",
        "River_Crossing": "PAUO",
        "Maintenance_Station": "Kitgum",
        "Maintenance_Region": "Northern",
        "Bridge_Condition_Score": 53.5,
        "Scour_Vulnerability_Index": 27.0,
        "Deck_Condition_Rating": "Fair",
        "Substructure_Deficit_Score": 46.5,
        "Structure_Type": "Reinforced Concrete Girder / Steel Truss",
        "Year_Constructed": 2012
      }
    },
    {
      "type": "Feature",
      "geometry": {
        "type": "Point",
        "coordinates": [
          33.06,
          3.61
        ]
      },
      "properties": {
        "Bridge_Number": "B326",
        "Bridge_Name": "OKWORA",
        "Link_Number": "C705_Link01",
        "River_Crossing": "OKWORA",
        "Maintenance_Station": "Kitgum",
        "Maintenance_Region": "Northern",
        "Bridge_Condition_Score": 53.5,
        "Scour_Vulnerability_Index": 28.0,
        "Deck_Condition_Rating": "Fair",
        "Substructure_Deficit_Score": 46.5,
        "Structure_Type": "Reinforced Concrete Girder / Steel Truss",
        "Year_Constructed": 2013
      }
    },
    {
      "type": "Feature",
      "geometry": {
        "type": "Point",
        "coordinates": [
          32.95,
          3.59
        ]
      },
      "properties": {
        "Bridge_Number": "B327",
        "Bridge_Name": "ARINGA",
        "Link_Number": "C705_Link01",
        "River_Crossing": "ARINGA",
        "Maintenance_Station": "Kitgum",
        "Maintenance_Region": "Northern",
        "Bridge_Condition_Score": 53.5,
        "Scour_Vulnerability_Index": 29.0,
        "Deck_Condition_Rating": "Fair",
        "Substructure_Deficit_Score": 46.5,
        "Structure_Type": "Reinforced Concrete Girder / Steel Truss",
        "Year_Constructed": 2014
      }
    },
    {
      "type": "Feature",
      "geometry": {
        "type": "Point",
        "coordinates": [
          32.89,
          3.72
        ]
      },
      "properties": {
        "Bridge_Number": "B328",
        "Bridge_Name": "ARINGA",
        "Link_Number": "C706_Link02",
        "River_Crossing": "ARINGA",
        "Maintenance_Station": "Kitgum",
        "Maintenance_Region": "Northern",
        "Bridge_Condition_Score": 48.5,
        "Scour_Vulnerability_Index": 30.0,
        "Deck_Condition_Rating": "Poor",
        "Substructure_Deficit_Score": 51.5,
        "Structure_Type": "Reinforced Concrete Girder / Steel Truss",
        "Year_Constructed": 2015
      }
    },
    {
      "type": "Feature",
      "geometry": {
        "type": "Point",
        "coordinates": [
          31.46,
          3.23
        ]
      },
      "properties": {
        "Bridge_Number": "B330",
        "Bridge_Name": "NGAGO",
        "Link_Number": "C721_Link01",
        "River_Crossing": "NGAGO",
        "Maintenance_Station": "Moyo",
        "Maintenance_Region": "Northern",
        "Bridge_Condition_Score": 48.5,
        "Scour_Vulnerability_Index": 31.0,
        "Deck_Condition_Rating": "Poor",
        "Substructure_Deficit_Score": 51.5,
        "Structure_Type": "Reinforced Concrete Girder / Steel Truss",
        "Year_Constructed": 2016
      }
    },
    {
      "type": "Feature",
      "geometry": {
        "type": "Point",
        "coordinates": [
          31.65,
          3.61
        ]
      },
      "properties": {
        "Bridge_Number": "B331",
        "Bridge_Name": "LEA",
        "Link_Number": "C722_Link01",
        "River_Crossing": "LEA",
        "Maintenance_Station": "Moyo",
        "Maintenance_Region": "Northern",
        "Bridge_Condition_Score": 48.5,
        "Scour_Vulnerability_Index": 32.0,
        "Deck_Condition_Rating": "Poor",
        "Substructure_Deficit_Score": 51.5,
        "Structure_Type": "Reinforced Concrete Girder / Steel Truss",
        "Year_Constructed": 2017
      }
    },
    {
      "type": "Feature",
      "geometry": {
        "type": "Point",
        "coordinates": [
          31.63,
          3.45
        ]
      },
      "properties": {
        "Bridge_Number": "B332",
        "Bridge_Name": "NYAWA",
        "Link_Number": "C722_Link01",
        "River_Crossing": "NYAWA",
        "Maintenance_Station": "Moyo",
        "Maintenance_Region": "Northern",
        "Bridge_Condition_Score": 48.5,
        "Scour_Vulnerability_Index": 33.0,
        "Deck_Condition_Rating": "Poor",
        "Substructure_Deficit_Score": 51.5,
        "Structure_Type": "Reinforced Concrete Girder / Steel Truss",
        "Year_Constructed": 2018
      }
    },
    {
      "type": "Feature",
      "geometry": {
        "type": "Point",
        "coordinates": [
          31.56,
          3.37
        ]
      },
      "properties": {
        "Bridge_Number": "B333",
        "Bridge_Name": "OMPOSO",
        "Link_Number": "C722_Link01",
        "River_Crossing": "OMPOSO",
        "Maintenance_Station": "Moyo",
        "Maintenance_Region": "Northern",
        "Bridge_Condition_Score": 48.5,
        "Scour_Vulnerability_Index": 34.0,
        "Deck_Condition_Rating": "Poor",
        "Substructure_Deficit_Score": 51.5,
        "Structure_Type": "Reinforced Concrete Girder / Steel Truss",
        "Year_Constructed": 2019
      }
    },
    {
      "type": "Feature",
      "geometry": {
        "type": "Point",
        "coordinates": [
          32.01,
          3.48
        ]
      },
      "properties": {
        "Bridge_Number": "B334",
        "Bridge_Name": "TETE",
        "Link_Number": "C727_Link01",
        "River_Crossing": "TETE",
        "Maintenance_Station": "Moyo",
        "Maintenance_Region": "Northern",
        "Bridge_Condition_Score": 78.5,
        "Scour_Vulnerability_Index": 35.0,
        "Deck_Condition_Rating": "Good",
        "Substructure_Deficit_Score": 21.5,
        "Structure_Type": "Reinforced Concrete Girder / Steel Truss",
        "Year_Constructed": 1985
      }
    },
    {
      "type": "Feature",
      "geometry": {
        "type": "Point",
        "coordinates": [
          30.97,
          3.18
        ]
      },
      "properties": {
        "Bridge_Number": "B335",
        "Bridge_Name": "BALIBO",
        "Link_Number": "C764_Link01",
        "River_Crossing": "Enyau",
        "Maintenance_Station": "Arua",
        "Maintenance_Region": "Northern",
        "Bridge_Condition_Score": 78.5,
        "Scour_Vulnerability_Index": 36.0,
        "Deck_Condition_Rating": "Good",
        "Substructure_Deficit_Score": 21.5,
        "Structure_Type": "Reinforced Concrete Girder / Steel Truss",
        "Year_Constructed": 1986
      }
    },
    {
      "type": "Feature",
      "geometry": {
        "type": "Point",
        "coordinates": [
          31.26,
          2.26
        ]
      },
      "properties": {
        "Bridge_Number": "B336",
        "Bridge_Name": "OGUTA",
        "Link_Number": "C747_Link01",
        "River_Crossing": "OGUTA",
        "Maintenance_Station": "Arua",
        "Maintenance_Region": "Northern",
        "Bridge_Condition_Score": 78.5,
        "Scour_Vulnerability_Index": 37.0,
        "Deck_Condition_Rating": "Good",
        "Substructure_Deficit_Score": 21.5,
        "Structure_Type": "Reinforced Concrete Girder / Steel Truss",
        "Year_Constructed": 1987
      }
    },
    {
      "type": "Feature",
      "geometry": {
        "type": "Point",
        "coordinates": [
          31.21,
          2.28
        ]
      },
      "properties": {
        "Bridge_Number": "B337",
        "Bridge_Name": "ARAGA",
        "Link_Number": "C747_Link01",
        "River_Crossing": "ARAGA",
        "Maintenance_Station": "Arua",
        "Maintenance_Region": "Northern",
        "Bridge_Condition_Score": 78.5,
        "Scour_Vulnerability_Index": 38.0,
        "Deck_Condition_Rating": "Good",
        "Substructure_Deficit_Score": 21.5,
        "Structure_Type": "Reinforced Concrete Girder / Steel Truss",
        "Year_Constructed": 1988
      }
    },
    {
      "type": "Feature",
      "geometry": {
        "type": "Point",
        "coordinates": [
          31.21,
          2.3
        ]
      },
      "properties": {
        "Bridge_Number": "B338",
        "Bridge_Name": "ACODHO",
        "Link_Number": "C747_Link01",
        "River_Crossing": "ACODHO",
        "Maintenance_Station": "Arua",
        "Maintenance_Region": "Northern",
        "Bridge_Condition_Score": 78.5,
        "Scour_Vulnerability_Index": 39.0,
        "Deck_Condition_Rating": "Good",
        "Substructure_Deficit_Score": 21.5,
        "Structure_Type": "Reinforced Concrete Girder / Steel Truss",
        "Year_Constructed": 1989
      }
    },
    {
      "type": "Feature",
      "geometry": {
        "type": "Point",
        "coordinates": [
          31.06,
          2.38
        ]
      },
      "properties": {
        "Bridge_Number": "B339",
        "Bridge_Name": "CIDO",
        "Link_Number": "C747_Link01",
        "River_Crossing": "CIDO",
        "Maintenance_Station": "Arua",
        "Maintenance_Region": "Northern",
        "Bridge_Condition_Score": 73.5,
        "Scour_Vulnerability_Index": 40.0,
        "Deck_Condition_Rating": "Fair",
        "Substructure_Deficit_Score": 26.5,
        "Structure_Type": "Reinforced Concrete Girder / Steel Truss",
        "Year_Constructed": 1990
      }
    },
    {
      "type": "Feature",
      "geometry": {
        "type": "Point",
        "coordinates": [
          31.05,
          2.38
        ]
      },
      "properties": {
        "Bridge_Number": "B340",
        "Bridge_Name": "NYARWOTHO",
        "Link_Number": "C747_Link01",
        "River_Crossing": "NYARWOTHO",
        "Maintenance_Station": "Arua",
        "Maintenance_Region": "Northern",
        "Bridge_Condition_Score": 73.5,
        "Scour_Vulnerability_Index": 41.0,
        "Deck_Condition_Rating": "Fair",
        "Substructure_Deficit_Score": 26.5,
        "Structure_Type": "Reinforced Concrete Girder / Steel Truss",
        "Year_Constructed": 1991
      }
    },
    {
      "type": "Feature",
      "geometry": {
        "type": "Point",
        "coordinates": [
          30.89,
          3.03
        ]
      },
      "properties": {
        "Bridge_Number": "B344",
        "Bridge_Name": "ENYAU",
        "Link_Number": "C752_Link01",
        "River_Crossing": "ENYAU",
        "Maintenance_Station": "Arua",
        "Maintenance_Region": "Northern",
        "Bridge_Condition_Score": 73.5,
        "Scour_Vulnerability_Index": 42.0,
        "Deck_Condition_Rating": "Fair",
        "Substructure_Deficit_Score": 26.5,
        "Structure_Type": "Reinforced Concrete Girder / Steel Truss",
        "Year_Constructed": 1992
      }
    },
    {
      "type": "Feature",
      "geometry": {
        "type": "Point",
        "coordinates": [
          30.88,
          3.04
        ]
      },
      "properties": {
        "Bridge_Number": "B345",
        "Bridge_Name": "OKAYIVA",
        "Link_Number": "C752_Link01",
        "River_Crossing": "OKAYIVA",
        "Maintenance_Station": "Arua",
        "Maintenance_Region": "Northern",
        "Bridge_Condition_Score": 73.5,
        "Scour_Vulnerability_Index": 43.0,
        "Deck_Condition_Rating": "Fair",
        "Substructure_Deficit_Score": 26.5,
        "Structure_Type": "Reinforced Concrete Girder / Steel Truss",
        "Year_Constructed": 1993
      }
    },
    {
      "type": "Feature",
      "geometry": {
        "type": "Point",
        "coordinates": [
          30.83,
          3.05
        ]
      },
      "properties": {
        "Bridge_Number": "B346",
        "Bridge_Name": "ESI",
        "Link_Number": "C752_Link01",
        "River_Crossing": "ASI",
        "Maintenance_Station": "Arua",
        "Maintenance_Region": "Northern",
        "Bridge_Condition_Score": 73.5,
        "Scour_Vulnerability_Index": 44.0,
        "Deck_Condition_Rating": "Fair",
        "Substructure_Deficit_Score": 26.5,
        "Structure_Type": "Reinforced Concrete Girder / Steel Truss",
        "Year_Constructed": 1994
      }
    },
    {
      "type": "Feature",
      "geometry": {
        "type": "Point",
        "coordinates": [
          31.03,
          3.2
        ]
      },
      "properties": {
        "Bridge_Number": "B347",
        "Bridge_Name": "ENYAWU -CHILLiO",
        "Link_Number": "C755_Link01",
        "River_Crossing": "ENYWU",
        "Maintenance_Station": "Arua",
        "Maintenance_Region": "Northern",
        "Bridge_Condition_Score": 68.5,
        "Scour_Vulnerability_Index": 45.0,
        "Deck_Condition_Rating": "Fair",
        "Substructure_Deficit_Score": 31.5,
        "Structure_Type": "Reinforced Concrete Girder / Steel Truss",
        "Year_Constructed": 1995
      }
    },
    {
      "type": "Feature",
      "geometry": {
        "type": "Point",
        "coordinates": [
          31.25,
          3.55
        ]
      },
      "properties": {
        "Bridge_Number": "B348",
        "Bridge_Name": "KOCHI",
        "Link_Number": "C758_Link01",
        "River_Crossing": "KOCHI",
        "Maintenance_Station": "Moyo",
        "Maintenance_Region": "Northern",
        "Bridge_Condition_Score": 68.5,
        "Scour_Vulnerability_Index": 46.0,
        "Deck_Condition_Rating": "Fair",
        "Substructure_Deficit_Score": 31.5,
        "Structure_Type": "Reinforced Concrete Girder / Steel Truss",
        "Year_Constructed": 1996
      }
    },
    {
      "type": "Feature",
      "geometry": {
        "type": "Point",
        "coordinates": [
          31.07,
          3.05
        ]
      },
      "properties": {
        "Bridge_Number": "B349",
        "Bridge_Name": "OSU",
        "Link_Number": "C762_Link01",
        "River_Crossing": "ONZUA",
        "Maintenance_Station": "Arua",
        "Maintenance_Region": "Northern",
        "Bridge_Condition_Score": 68.5,
        "Scour_Vulnerability_Index": 47.0,
        "Deck_Condition_Rating": "Fair",
        "Substructure_Deficit_Score": 31.5,
        "Structure_Type": "Reinforced Concrete Girder / Steel Truss",
        "Year_Constructed": 1997
      }
    },
    {
      "type": "Feature",
      "geometry": {
        "type": "Point",
        "coordinates": [
          34.01,
          0.71
        ]
      },
      "properties": {
        "Bridge_Number": "B352",
        "Bridge_Name": "KORUBUDE BRIDGE",
        "Link_Number": "C836_Link02",
        "River_Crossing": "RIVER KORUBUDE",
        "Maintenance_Station": "Tororo",
        "Maintenance_Region": "Eastern",
        "Bridge_Condition_Score": 68.5,
        "Scour_Vulnerability_Index": 48.0,
        "Deck_Condition_Rating": "Fair",
        "Substructure_Deficit_Score": 31.5,
        "Structure_Type": "Reinforced Concrete Girder / Steel Truss",
        "Year_Constructed": 1998
      }
    },
    {
      "type": "Feature",
      "geometry": {
        "type": "Point",
        "coordinates": [
          34.11,
          0.87
        ]
      },
      "properties": {
        "Bridge_Number": "B354",
        "Bridge_Name": "Kaminima Bridge",
        "Link_Number": "C837_Link01",
        "River_Crossing": "Kaminima",
        "Maintenance_Station": "Tororo",
        "Maintenance_Region": "Eastern",
        "Bridge_Condition_Score": 68.5,
        "Scour_Vulnerability_Index": 49.0,
        "Deck_Condition_Rating": "Fair",
        "Substructure_Deficit_Score": 31.5,
        "Structure_Type": "Reinforced Concrete Girder / Steel Truss",
        "Year_Constructed": 1999
      }
    },
    {
      "type": "Feature",
      "geometry": {
        "type": "Point",
        "coordinates": [
          34.11,
          0.87
        ]
      },
      "properties": {
        "Bridge_Number": "B355",
        "Bridge_Name": "Kamunima",
        "Link_Number": "C837_Link01",
        "River_Crossing": "Kamunima",
        "Maintenance_Station": "Tororo",
        "Maintenance_Region": "Eastern",
        "Bridge_Condition_Score": 63.5,
        "Scour_Vulnerability_Index": 50.0,
        "Deck_Condition_Rating": "Fair",
        "Substructure_Deficit_Score": 36.5,
        "Structure_Type": "Reinforced Concrete Girder / Steel Truss",
        "Year_Constructed": 2000
      }
    },
    {
      "type": "Feature",
      "geometry": {
        "type": "Point",
        "coordinates": [
          34.07,
          0.94
        ]
      },
      "properties": {
        "Bridge_Number": "B357",
        "Bridge_Name": "KAPISA BRIDGE",
        "Link_Number": "C838_Link02",
        "River_Crossing": "Local Waterway",
        "Maintenance_Station": "Tororo",
        "Maintenance_Region": "Eastern",
        "Bridge_Condition_Score": 63.5,
        "Scour_Vulnerability_Index": 51.0,
        "Deck_Condition_Rating": "Fair",
        "Substructure_Deficit_Score": 36.5,
        "Structure_Type": "Reinforced Concrete Girder / Steel Truss",
        "Year_Constructed": 2001
      }
    },
    {
      "type": "Feature",
      "geometry": {
        "type": "Point",
        "coordinates": [
          34.03,
          0.92
        ]
      },
      "properties": {
        "Bridge_Number": "B359",
        "Bridge_Name": "NAMULO-BRIGE",
        "Link_Number": "C839_Link01",
        "River_Crossing": "RIVER MANAFA",
        "Maintenance_Station": "Tororo",
        "Maintenance_Region": "Eastern",
        "Bridge_Condition_Score": 63.5,
        "Scour_Vulnerability_Index": 52.0,
        "Deck_Condition_Rating": "Fair",
        "Substructure_Deficit_Score": 36.5,
        "Structure_Type": "Reinforced Concrete Girder / Steel Truss",
        "Year_Constructed": 2002
      }
    },
    {
      "type": "Feature",
      "geometry": {
        "type": "Point",
        "coordinates": [
          34.02,
          0.82
        ]
      },
      "properties": {
        "Bridge_Number": "B360",
        "Bridge_Name": "PAYA",
        "Link_Number": "C847_Link01",
        "River_Crossing": "NAGONGERA",
        "Maintenance_Station": "Tororo",
        "Maintenance_Region": "Eastern",
        "Bridge_Condition_Score": 63.5,
        "Scour_Vulnerability_Index": 53.0,
        "Deck_Condition_Rating": "Fair",
        "Substructure_Deficit_Score": 36.5,
        "Structure_Type": "Reinforced Concrete Girder / Steel Truss",
        "Year_Constructed": 2003
      }
    },
    {
      "type": "Feature",
      "geometry": {
        "type": "Point",
        "coordinates": [
          34.04,
          1.02
        ]
      },
      "properties": {
        "Bridge_Number": "B361",
        "Bridge_Name": "JALAJA",
        "Link_Number": "C873_Link01",
        "River_Crossing": "JALAJA",
        "Maintenance_Station": "Mbale",
        "Maintenance_Region": "Eastern",
        "Bridge_Condition_Score": 63.5,
        "Scour_Vulnerability_Index": 54.0,
        "Deck_Condition_Rating": "Fair",
        "Substructure_Deficit_Score": 36.5,
        "Structure_Type": "Reinforced Concrete Girder / Steel Truss",
        "Year_Constructed": 2004
      }
    },
    {
      "type": "Feature",
      "geometry": {
        "type": "Point",
        "coordinates": [
          34.04,
          1.02
        ]
      },
      "properties": {
        "Bridge_Number": "B362",
        "Bridge_Name": "NAHAMYA BRIDGE",
        "Link_Number": "C873_Link01",
        "River_Crossing": "RIVER NAMATALA",
        "Maintenance_Station": "Mbale",
        "Maintenance_Region": "Eastern",
        "Bridge_Condition_Score": 58.5,
        "Scour_Vulnerability_Index": 55.0,
        "Deck_Condition_Rating": "Fair",
        "Substructure_Deficit_Score": 41.5,
        "Structure_Type": "Reinforced Concrete Girder / Steel Truss",
        "Year_Constructed": 2005
      }
    },
    {
      "type": "Feature",
      "geometry": {
        "type": "Point",
        "coordinates": [
          33.97,
          1.2
        ]
      },
      "properties": {
        "Bridge_Number": "B363",
        "Bridge_Name": "KITOIKAWUNONI",
        "Link_Number": "C878_Link01",
        "River_Crossing": "KITOIKAWUNONI",
        "Maintenance_Station": "Mbale",
        "Maintenance_Region": "Eastern",
        "Bridge_Condition_Score": 58.5,
        "Scour_Vulnerability_Index": 56.0,
        "Deck_Condition_Rating": "Fair",
        "Substructure_Deficit_Score": 41.5,
        "Structure_Type": "Reinforced Concrete Girder / Steel Truss",
        "Year_Constructed": 2006
      }
    },
    {
      "type": "Feature",
      "geometry": {
        "type": "Point",
        "coordinates": [
          34.19,
          1.08
        ]
      },
      "properties": {
        "Bridge_Number": "B364",
        "Bridge_Name": "BUSAMAGA",
        "Link_Number": "C880_Link01",
        "River_Crossing": "NABUYONGA",
        "Maintenance_Station": "Mbale",
        "Maintenance_Region": "Eastern",
        "Bridge_Condition_Score": 58.5,
        "Scour_Vulnerability_Index": 57.0,
        "Deck_Condition_Rating": "Fair",
        "Substructure_Deficit_Score": 41.5,
        "Structure_Type": "Reinforced Concrete Girder / Steel Truss",
        "Year_Constructed": 2007
      }
    },
    {
      "type": "Feature",
      "geometry": {
        "type": "Point",
        "coordinates": [
          34.28,
          1.11
        ]
      },
      "properties": {
        "Bridge_Number": "B365",
        "Bridge_Name": "NAMATYALE",
        "Link_Number": "C880_Link01",
        "River_Crossing": "NAMATYALE",
        "Maintenance_Station": "Mbale",
        "Maintenance_Region": "Eastern",
        "Bridge_Condition_Score": 58.5,
        "Scour_Vulnerability_Index": 58.0,
        "Deck_Condition_Rating": "Fair",
        "Substructure_Deficit_Score": 41.5,
        "Structure_Type": "Reinforced Concrete Girder / Steel Truss",
        "Year_Constructed": 2008
      }
    },
    {
      "type": "Feature",
      "geometry": {
        "type": "Point",
        "coordinates": [
          34.3,
          1.28
        ]
      },
      "properties": {
        "Bridge_Number": "B366",
        "Bridge_Name": "PONDO",
        "Link_Number": "C884_Link01",
        "River_Crossing": "SIMU",
        "Maintenance_Station": "Mbale",
        "Maintenance_Region": "Eastern",
        "Bridge_Condition_Score": 58.5,
        "Scour_Vulnerability_Index": 59.0,
        "Deck_Condition_Rating": "Fair",
        "Substructure_Deficit_Score": 41.5,
        "Structure_Type": "Reinforced Concrete Girder / Steel Truss",
        "Year_Constructed": 2009
      }
    },
    {
      "type": "Feature",
      "geometry": {
        "type": "Point",
        "coordinates": [
          34.34,
          1.24
        ]
      },
      "properties": {
        "Bridge_Number": "B367",
        "Bridge_Name": "SIMU",
        "Link_Number": "C884_Link01",
        "River_Crossing": "SIMU",
        "Maintenance_Station": "Mbale",
        "Maintenance_Region": "Eastern",
        "Bridge_Condition_Score": 53.5,
        "Scour_Vulnerability_Index": 60.0,
        "Deck_Condition_Rating": "Fair",
        "Substructure_Deficit_Score": 46.5,
        "Structure_Type": "Reinforced Concrete Girder / Steel Truss",
        "Year_Constructed": 2010
      }
    },
    {
      "type": "Feature",
      "geometry": {
        "type": "Point",
        "coordinates": [
          34.35,
          1.26
        ]
      },
      "properties": {
        "Bridge_Number": "B368",
        "Bridge_Name": "SISI",
        "Link_Number": "C885_Link01",
        "River_Crossing": "SISI",
        "Maintenance_Station": "Mbale",
        "Maintenance_Region": "Eastern",
        "Bridge_Condition_Score": 53.5,
        "Scour_Vulnerability_Index": 61.0,
        "Deck_Condition_Rating": "Fair",
        "Substructure_Deficit_Score": 46.5,
        "Structure_Type": "Reinforced Concrete Girder / Steel Truss",
        "Year_Constructed": 2011
      }
    },
    {
      "type": "Feature",
      "geometry": {
        "type": "Point",
        "coordinates": [
          34.3,
          0.93
        ]
      },
      "properties": {
        "Bridge_Number": "B369",
        "Bridge_Name": "KUFFU",
        "Link_Number": "C891_Link01",
        "River_Crossing": "KUFFU",
        "Maintenance_Station": "Mbale",
        "Maintenance_Region": "Eastern",
        "Bridge_Condition_Score": 53.5,
        "Scour_Vulnerability_Index": 62.0,
        "Deck_Condition_Rating": "Fair",
        "Substructure_Deficit_Score": 46.5,
        "Structure_Type": "Reinforced Concrete Girder / Steel Truss",
        "Year_Constructed": 2012
      }
    },
    {
      "type": "Feature",
      "geometry": {
        "type": "Point",
        "coordinates": [
          34.31,
          0.92
        ]
      },
      "properties": {
        "Bridge_Number": "B370",
        "Bridge_Name": "NABUKHYA",
        "Link_Number": "C891_Link01",
        "River_Crossing": "NABUKHYA",
        "Maintenance_Station": "Mbale",
        "Maintenance_Region": "Eastern",
        "Bridge_Condition_Score": 53.5,
        "Scour_Vulnerability_Index": 63.0,
        "Deck_Condition_Rating": "Fair",
        "Substructure_Deficit_Score": 46.5,
        "Structure_Type": "Reinforced Concrete Girder / Steel Truss",
        "Year_Constructed": 2013
      }
    },
    {
      "type": "Feature",
      "geometry": {
        "type": "Point",
        "coordinates": [
          34.36,
          0.92
        ]
      },
      "properties": {
        "Bridge_Number": "B372",
        "Bridge_Name": "Methi",
        "Link_Number": "C891_Link01",
        "River_Crossing": "METHI-MERU",
        "Maintenance_Station": "Mbale",
        "Maintenance_Region": "Eastern",
        "Bridge_Condition_Score": 53.5,
        "Scour_Vulnerability_Index": 64.0,
        "Deck_Condition_Rating": "Fair",
        "Substructure_Deficit_Score": 46.5,
        "Structure_Type": "Reinforced Concrete Girder / Steel Truss",
        "Year_Constructed": 2014
      }
    },
    {
      "type": "Feature",
      "geometry": {
        "type": "Point",
        "coordinates": [
          34.36,
          0.91
        ]
      },
      "properties": {
        "Bridge_Number": "B373",
        "Bridge_Name": "NAMISINDWA",
        "Link_Number": "C891_Link01",
        "River_Crossing": "TSAKHANA",
        "Maintenance_Station": "Mbale",
        "Maintenance_Region": "Eastern",
        "Bridge_Condition_Score": 48.5,
        "Scour_Vulnerability_Index": 65.0,
        "Deck_Condition_Rating": "Poor",
        "Substructure_Deficit_Score": 51.5,
        "Structure_Type": "Reinforced Concrete Girder / Steel Truss",
        "Year_Constructed": 2015
      }
    },
    {
      "type": "Feature",
      "geometry": {
        "type": "Point",
        "coordinates": [
          33.8,
          1.36
        ]
      },
      "properties": {
        "Bridge_Number": "B378",
        "Bridge_Name": "ATOOT",
        "Link_Number": "C930_Link02",
        "River_Crossing": "ATOOT",
        "Maintenance_Station": "Soroti",
        "Maintenance_Region": "North Eastern",
        "Bridge_Condition_Score": 48.5,
        "Scour_Vulnerability_Index": 66.0,
        "Deck_Condition_Rating": "Poor",
        "Substructure_Deficit_Score": 51.5,
        "Structure_Type": "Reinforced Concrete Girder / Steel Truss",
        "Year_Constructed": 2016
      }
    },
    {
      "type": "Feature",
      "geometry": {
        "type": "Point",
        "coordinates": [
          33.6,
          2.14
        ]
      },
      "properties": {
        "Bridge_Number": "B379",
        "Bridge_Name": "OPOT",
        "Link_Number": "C941_Link01",
        "River_Crossing": "OPOT",
        "Maintenance_Station": "Soroti",
        "Maintenance_Region": "North Eastern",
        "Bridge_Condition_Score": 48.5,
        "Scour_Vulnerability_Index": 67.0,
        "Deck_Condition_Rating": "Poor",
        "Substructure_Deficit_Score": 51.5,
        "Structure_Type": "Reinforced Concrete Girder / Steel Truss",
        "Year_Constructed": 2017
      }
    },
    {
      "type": "Feature",
      "geometry": {
        "type": "Point",
        "coordinates": [
          34.9,
          2.21
        ]
      },
      "properties": {
        "Bridge_Number": "B380",
        "Bridge_Name": "LORO",
        "Link_Number": "C963_Link02",
        "River_Crossing": "LORO",
        "Maintenance_Station": "Moroto",
        "Maintenance_Region": "North Eastern",
        "Bridge_Condition_Score": 48.5,
        "Scour_Vulnerability_Index": 68.0,
        "Deck_Condition_Rating": "Poor",
        "Substructure_Deficit_Score": 51.5,
        "Structure_Type": "Reinforced Concrete Girder / Steel Truss",
        "Year_Constructed": 2018
      }
    },
    {
      "type": "Feature",
      "geometry": {
        "type": "Point",
        "coordinates": [
          34.94,
          1.96
        ]
      },
      "properties": {
        "Bridge_Number": "B382",
        "Bridge_Name": "KANYANGAREN",
        "Link_Number": "C963_Link02",
        "River_Crossing": "KANYANGAREN",
        "Maintenance_Station": "Moroto",
        "Maintenance_Region": "North Eastern",
        "Bridge_Condition_Score": 48.5,
        "Scour_Vulnerability_Index": 69.0,
        "Deck_Condition_Rating": "Poor",
        "Substructure_Deficit_Score": 51.5,
        "Structure_Type": "Reinforced Concrete Girder / Steel Truss",
        "Year_Constructed": 2019
      }
    },
    {
      "type": "Feature",
      "geometry": {
        "type": "Point",
        "coordinates": [
          34.95,
          1.71
        ]
      },
      "properties": {
        "Bridge_Number": "B382",
        "Bridge_Name": "DINGIDINGA",
        "Link_Number": "C963_Link03",
        "River_Crossing": "Local Waterway",
        "Maintenance_Station": "Moroto",
        "Maintenance_Region": "North Eastern",
        "Bridge_Condition_Score": 78.5,
        "Scour_Vulnerability_Index": 70.0,
        "Deck_Condition_Rating": "Good",
        "Substructure_Deficit_Score": 21.5,
        "Structure_Type": "Reinforced Concrete Girder / Steel Truss",
        "Year_Constructed": 1985
      }
    },
    {
      "type": "Feature",
      "geometry": {
        "type": "Point",
        "coordinates": [
          34.06,
          1.76
        ]
      },
      "properties": {
        "Bridge_Number": "B383",
        "Bridge_Name": "OMONGO",
        "Link_Number": "C964_Link02",
        "River_Crossing": "OMONGO",
        "Maintenance_Station": "Soroti",
        "Maintenance_Region": "North Eastern",
        "Bridge_Condition_Score": 78.5,
        "Scour_Vulnerability_Index": 71.0,
        "Deck_Condition_Rating": "Good",
        "Substructure_Deficit_Score": 21.5,
        "Structure_Type": "Reinforced Concrete Girder / Steel Truss",
        "Year_Constructed": 1986
      }
    },
    {
      "type": "Feature",
      "geometry": {
        "type": "Point",
        "coordinates": [
          34.39,
          2.47
        ]
      },
      "properties": {
        "Bridge_Number": "B384",
        "Bridge_Name": "NAKODONGOT",
        "Link_Number": "C967_Link01",
        "River_Crossing": "NAKODONGOT",
        "Maintenance_Station": "Moroto",
        "Maintenance_Region": "North Eastern",
        "Bridge_Condition_Score": 78.5,
        "Scour_Vulnerability_Index": 72.0,
        "Deck_Condition_Rating": "Good",
        "Substructure_Deficit_Score": 21.5,
        "Structure_Type": "Reinforced Concrete Girder / Steel Truss",
        "Year_Constructed": 1987
      }
    },
    {
      "type": "Feature",
      "geometry": {
        "type": "Point",
        "coordinates": [
          33.19,
          0.44
        ]
      },
      "properties": {
        "Bridge_Number": "B387",
        "Bridge_Name": "KIIRA",
        "Link_Number": "A001_Link04",
        "River_Crossing": "NILE",
        "Maintenance_Station": "Kampala",
        "Maintenance_Region": "Central",
        "Bridge_Condition_Score": 78.5,
        "Scour_Vulnerability_Index": 73.0,
        "Deck_Condition_Rating": "Good",
        "Substructure_Deficit_Score": 21.5,
        "Structure_Type": "Reinforced Concrete Girder / Steel Truss",
        "Year_Constructed": 1988
      }
    },
    {
      "type": "Feature",
      "geometry": {
        "type": "Point",
        "coordinates": [
          32.88,
          -0.67
        ]
      },
      "properties": {
        "Bridge_Number": "B388",
        "Bridge_Name": "Sezibwa Bridge",
        "Link_Number": "B101_Link02",
        "River_Crossing": "SEZIBWA",
        "Maintenance_Station": "Kampala",
        "Maintenance_Region": "Central",
        "Bridge_Condition_Score": 78.5,
        "Scour_Vulnerability_Index": 74.0,
        "Deck_Condition_Rating": "Good",
        "Substructure_Deficit_Score": 21.5,
        "Structure_Type": "Reinforced Concrete Girder / Steel Truss",
        "Year_Constructed": 1989
      }
    },
    {
      "type": "Feature",
      "geometry": {
        "type": "Point",
        "coordinates": [
          33.19,
          0.44
        ]
      },
      "properties": {
        "Bridge_Number": "B389",
        "Bridge_Name": "NALUBAALE",
        "Link_Number": "A001_Link04",
        "River_Crossing": "NILE",
        "Maintenance_Station": "Kampala",
        "Maintenance_Region": "Central",
        "Bridge_Condition_Score": 73.5,
        "Scour_Vulnerability_Index": 75.0,
        "Deck_Condition_Rating": "Fair",
        "Substructure_Deficit_Score": 26.5,
        "Structure_Type": "Reinforced Concrete Girder / Steel Truss",
        "Year_Constructed": 1990
      }
    },
    {
      "type": "Feature",
      "geometry": {
        "type": "Point",
        "coordinates": [
          32.65,
          0.35
        ]
      },
      "properties": {
        "Bridge_Number": "B390",
        "Bridge_Name": "Namboole flyover",
        "Link_Number": "A001_Link01",
        "River_Crossing": "Local Waterway",
        "Maintenance_Station": "Kampala",
        "Maintenance_Region": "Central",
        "Bridge_Condition_Score": 73.5,
        "Scour_Vulnerability_Index": 76.0,
        "Deck_Condition_Rating": "Fair",
        "Substructure_Deficit_Score": 26.5,
        "Structure_Type": "Reinforced Concrete Girder / Steel Truss",
        "Year_Constructed": 1991
      }
    },
    {
      "type": "Feature",
      "geometry": {
        "type": "Point",
        "coordinates": [
          32.65,
          -0.35
        ]
      },
      "properties": {
        "Bridge_Number": "B391",
        "Bridge_Name": "Namboole flyover",
        "Link_Number": "A001_Link01",
        "River_Crossing": "Local Waterway",
        "Maintenance_Station": "Kampala",
        "Maintenance_Region": "Central",
        "Bridge_Condition_Score": 73.5,
        "Scour_Vulnerability_Index": 77.0,
        "Deck_Condition_Rating": "Fair",
        "Substructure_Deficit_Score": 26.5,
        "Structure_Type": "Reinforced Concrete Girder / Steel Truss",
        "Year_Constructed": 1992
      }
    },
    {
      "type": "Feature",
      "geometry": {
        "type": "Point",
        "coordinates": [
          32.65,
          -0.36
        ]
      },
      "properties": {
        "Bridge_Number": "B392",
        "Bridge_Name": "Kireka-Namugongo-Misindye-Seeta flyover",
        "Link_Number": "C152_Link01",
        "River_Crossing": "Local Waterway",
        "Maintenance_Station": "Kampala",
        "Maintenance_Region": "Central",
        "Bridge_Condition_Score": 73.5,
        "Scour_Vulnerability_Index": 78.0,
        "Deck_Condition_Rating": "Fair",
        "Substructure_Deficit_Score": 26.5,
        "Structure_Type": "Reinforced Concrete Girder / Steel Truss",
        "Year_Constructed": 1993
      }
    },
    {
      "type": "Feature",
      "geometry": {
        "type": "Point",
        "coordinates": [
          32.63,
          -0.37
        ]
      },
      "properties": {
        "Bridge_Number": "B393",
        "Bridge_Name": "Kiwatule flyover",
        "Link_Number": "M20",
        "River_Crossing": "Local Waterway",
        "Maintenance_Station": "Kampala",
        "Maintenance_Region": "Central",
        "Bridge_Condition_Score": 73.5,
        "Scour_Vulnerability_Index": 79.0,
        "Deck_Condition_Rating": "Fair",
        "Substructure_Deficit_Score": 26.5,
        "Structure_Type": "Reinforced Concrete Girder / Steel Truss",
        "Year_Constructed": 1994
      }
    },
    {
      "type": "Feature",
      "geometry": {
        "type": "Point",
        "coordinates": [
          32.62,
          -0.37
        ]
      },
      "properties": {
        "Bridge_Number": "B394",
        "Bridge_Name": "Najeera flyover",
        "Link_Number": "M20",
        "River_Crossing": "Local Waterway",
        "Maintenance_Station": "Kampala",
        "Maintenance_Region": "Central",
        "Bridge_Condition_Score": 68.5,
        "Scour_Vulnerability_Index": 15.0,
        "Deck_Condition_Rating": "Fair",
        "Substructure_Deficit_Score": 31.5,
        "Structure_Type": "Reinforced Concrete Girder / Steel Truss",
        "Year_Constructed": 1995
      }
    },
    {
      "type": "Feature",
      "geometry": {
        "type": "Point",
        "coordinates": [
          32.6,
          0.36
        ]
      },
      "properties": {
        "Bridge_Number": "B395",
        "Bridge_Name": "Kisaasi flyover",
        "Link_Number": "M20",
        "River_Crossing": "Local Waterway",
        "Maintenance_Station": "Kampala",
        "Maintenance_Region": "Central",
        "Bridge_Condition_Score": 68.5,
        "Scour_Vulnerability_Index": 16.0,
        "Deck_Condition_Rating": "Fair",
        "Substructure_Deficit_Score": 31.5,
        "Structure_Type": "Reinforced Concrete Girder / Steel Truss",
        "Year_Constructed": 1996
      }
    },
    {
      "type": "Feature",
      "geometry": {
        "type": "Point",
        "coordinates": [
          32.58,
          -0.35
        ]
      },
      "properties": {
        "Bridge_Number": "B396",
        "Bridge_Name": "Kyebando flyover",
        "Link_Number": "M20",
        "River_Crossing": "Local Waterway",
        "Maintenance_Station": "Kampala",
        "Maintenance_Region": "Central",
        "Bridge_Condition_Score": 68.5,
        "Scour_Vulnerability_Index": 17.0,
        "Deck_Condition_Rating": "Fair",
        "Substructure_Deficit_Score": 31.5,
        "Structure_Type": "Reinforced Concrete Girder / Steel Truss",
        "Year_Constructed": 1997
      }
    },
    {
      "type": "Feature",
      "geometry": {
        "type": "Point",
        "coordinates": [
          32.57,
          -0.35
        ]
      },
      "properties": {
        "Bridge_Number": "B397",
        "Bridge_Name": "Pedestrian bridge at Kalerwe",
        "Link_Number": "M20",
        "River_Crossing": "Local Waterway",
        "Maintenance_Station": "Kampala",
        "Maintenance_Region": "Central",
        "Bridge_Condition_Score": 68.5,
        "Scour_Vulnerability_Index": 18.0,
        "Deck_Condition_Rating": "Fair",
        "Substructure_Deficit_Score": 31.5,
        "Structure_Type": "Reinforced Concrete Girder / Steel Truss",
        "Year_Constructed": 1998
      }
    },
    {
      "type": "Feature",
      "geometry": {
        "type": "Point",
        "coordinates": [
          32.56,
          -0.35
        ]
      },
      "properties": {
        "Bridge_Number": "B399",
        "Bridge_Name": "Bwaise flyover",
        "Link_Number": "M20",
        "River_Crossing": "Local Waterway",
        "Maintenance_Station": "Kampala",
        "Maintenance_Region": "Central",
        "Bridge_Condition_Score": 68.5,
        "Scour_Vulnerability_Index": 19.0,
        "Deck_Condition_Rating": "Fair",
        "Substructure_Deficit_Score": 31.5,
        "Structure_Type": "Reinforced Concrete Girder / Steel Truss",
        "Year_Constructed": 1999
      }
    },
    {
      "type": "Feature",
      "geometry": {
        "type": "Point",
        "coordinates": [
          32.56,
          -0.35
        ]
      },
      "properties": {
        "Bridge_Number": "B401",
        "Bridge_Name": "Bwaise flyover",
        "Link_Number": "M20",
        "River_Crossing": "Local Waterway",
        "Maintenance_Station": "Kampala",
        "Maintenance_Region": "Central",
        "Bridge_Condition_Score": 63.5,
        "Scour_Vulnerability_Index": 20.0,
        "Deck_Condition_Rating": "Fair",
        "Substructure_Deficit_Score": 36.5,
        "Structure_Type": "Reinforced Concrete Girder / Steel Truss",
        "Year_Constructed": 2000
      }
    },
    {
      "type": "Feature",
      "geometry": {
        "type": "Point",
        "coordinates": [
          32.55,
          -0.35
        ]
      },
      "properties": {
        "Bridge_Number": "B402",
        "Bridge_Name": "Kawaala flyover",
        "Link_Number": "M20",
        "River_Crossing": "Local Waterway",
        "Maintenance_Station": "Kampala",
        "Maintenance_Region": "Central",
        "Bridge_Condition_Score": 63.5,
        "Scour_Vulnerability_Index": 21.0,
        "Deck_Condition_Rating": "Fair",
        "Substructure_Deficit_Score": 36.5,
        "Structure_Type": "Reinforced Concrete Girder / Steel Truss",
        "Year_Constructed": 2001
      }
    },
    {
      "type": "Feature",
      "geometry": {
        "type": "Point",
        "coordinates": [
          32.03,
          2.82
        ]
      },
      "properties": {
        "Bridge_Number": "B406",
        "Bridge_Name": "OLWAL",
        "Link_Number": "C686_Link01",
        "River_Crossing": "OLWAL",
        "Maintenance_Station": "Gulu",
        "Maintenance_Region": "Northern",
        "Bridge_Condition_Score": 63.5,
        "Scour_Vulnerability_Index": 22.0,
        "Deck_Condition_Rating": "Fair",
        "Substructure_Deficit_Score": 36.5,
        "Structure_Type": "Reinforced Concrete Girder / Steel Truss",
        "Year_Constructed": 2002
      }
    },
    {
      "type": "Feature",
      "geometry": {
        "type": "Point",
        "coordinates": [
          31.99,
          2.81
        ]
      },
      "properties": {
        "Bridge_Number": "B407",
        "Bridge_Name": "ASHAW",
        "Link_Number": "C686_Link01",
        "River_Crossing": "ASHAW",
        "Maintenance_Station": "Gulu",
        "Maintenance_Region": "Northern",
        "Bridge_Condition_Score": 63.5,
        "Scour_Vulnerability_Index": 23.0,
        "Deck_Condition_Rating": "Fair",
        "Substructure_Deficit_Score": 36.5,
        "Structure_Type": "Reinforced Concrete Girder / Steel Truss",
        "Year_Constructed": 2003
      }
    },
    {
      "type": "Feature",
      "geometry": {
        "type": "Point",
        "coordinates": [
          34.33,
          0.92
        ]
      },
      "properties": {
        "Bridge_Number": "B408",
        "Bridge_Name": "KUFU",
        "Link_Number": "C870_Link03",
        "River_Crossing": "KUFU",
        "Maintenance_Station": "Tororo",
        "Maintenance_Region": "Eastern",
        "Bridge_Condition_Score": 63.5,
        "Scour_Vulnerability_Index": 24.0,
        "Deck_Condition_Rating": "Fair",
        "Substructure_Deficit_Score": 36.5,
        "Structure_Type": "Reinforced Concrete Girder / Steel Truss",
        "Year_Constructed": 2004
      }
    },
    {
      "type": "Feature",
      "geometry": {
        "type": "Point",
        "coordinates": [
          33.8,
          1.19
        ]
      },
      "properties": {
        "Bridge_Number": "B410",
        "Bridge_Name": "Palisa - Kadoto Bridge",
        "Link_Number": "C878_Link02",
        "River_Crossing": "Local Waterway",
        "Maintenance_Station": "Mbale",
        "Maintenance_Region": "Eastern",
        "Bridge_Condition_Score": 58.5,
        "Scour_Vulnerability_Index": 25.0,
        "Deck_Condition_Rating": "Fair",
        "Substructure_Deficit_Score": 41.5,
        "Structure_Type": "Reinforced Concrete Girder / Steel Truss",
        "Year_Constructed": 2005
      }
    },
    {
      "type": "Feature",
      "geometry": {
        "type": "Point",
        "coordinates": [
          34.22,
          0.94
        ]
      },
      "properties": {
        "Bridge_Number": "B411",
        "Bridge_Name": "SHIKOYE BRIDGE",
        "Link_Number": "C867_Link01",
        "River_Crossing": "MANAFA RIVER",
        "Maintenance_Station": "Mbale",
        "Maintenance_Region": "Eastern",
        "Bridge_Condition_Score": 58.5,
        "Scour_Vulnerability_Index": 26.0,
        "Deck_Condition_Rating": "Fair",
        "Substructure_Deficit_Score": 41.5,
        "Structure_Type": "Reinforced Concrete Girder / Steel Truss",
        "Year_Constructed": 2006
      }
    },
    {
      "type": "Feature",
      "geometry": {
        "type": "Point",
        "coordinates": [
          31.93,
          3.26
        ]
      },
      "properties": {
        "Bridge_Number": "B413",
        "Bridge_Name": "ARAGI",
        "Link_Number": "C689_Link01",
        "River_Crossing": "ARAGI",
        "Maintenance_Station": "Moyo",
        "Maintenance_Region": "Northern",
        "Bridge_Condition_Score": 58.5,
        "Scour_Vulnerability_Index": 27.0,
        "Deck_Condition_Rating": "Fair",
        "Substructure_Deficit_Score": 41.5,
        "Structure_Type": "Reinforced Concrete Girder / Steel Truss",
        "Year_Constructed": 2007
      }
    },
    {
      "type": "Feature",
      "geometry": {
        "type": "Point",
        "coordinates": [
          31.81,
          3.15
        ]
      },
      "properties": {
        "Bridge_Number": "B415",
        "Bridge_Name": "ASIYA",
        "Link_Number": "C688_Link02",
        "River_Crossing": "Asiya",
        "Maintenance_Station": "Moyo",
        "Maintenance_Region": "Northern",
        "Bridge_Condition_Score": 58.5,
        "Scour_Vulnerability_Index": 28.0,
        "Deck_Condition_Rating": "Fair",
        "Substructure_Deficit_Score": 41.5,
        "Structure_Type": "Reinforced Concrete Girder / Steel Truss",
        "Year_Constructed": 2008
      }
    },
    {
      "type": "Feature",
      "geometry": {
        "type": "Point",
        "coordinates": [
          30.65,
          1.07
        ]
      },
      "properties": {
        "Bridge_Number": "B430",
        "Bridge_Name": "MURONGO BRIDGE",
        "Link_Number": "C354_Link01",
        "River_Crossing": "KAGERA RIVER",
        "Maintenance_Station": "Mbarara",
        "Maintenance_Region": "Southern",
        "Bridge_Condition_Score": 58.5,
        "Scour_Vulnerability_Index": 29.0,
        "Deck_Condition_Rating": "Fair",
        "Substructure_Deficit_Score": 41.5,
        "Structure_Type": "Reinforced Concrete Girder / Steel Truss",
        "Year_Constructed": 2009
      }
    },
    {
      "type": "Feature",
      "geometry": {
        "type": "Point",
        "coordinates": [
          32.22,
          -0.56
        ]
      },
      "properties": {
        "Bridge_Number": "B450",
        "Bridge_Name": "Busunju Bridge",
        "Link_Number": "A009_Link02",
        "River_Crossing": "River Mayanja",
        "Maintenance_Station": "Kampala",
        "Maintenance_Region": "Central",
        "Bridge_Condition_Score": 53.5,
        "Scour_Vulnerability_Index": 30.0,
        "Deck_Condition_Rating": "Fair",
        "Substructure_Deficit_Score": 46.5,
        "Structure_Type": "Reinforced Concrete Girder / Steel Truss",
        "Year_Constructed": 2010
      }
    },
    {
      "type": "Feature",
      "geometry": {
        "type": "Point",
        "coordinates": [
          32.14,
          -0.61
        ]
      },
      "properties": {
        "Bridge_Number": "B451",
        "Bridge_Name": "Mate Bridge",
        "Link_Number": "A009_Link03",
        "River_Crossing": "River Mayanja",
        "Maintenance_Station": "Kampala",
        "Maintenance_Region": "Central",
        "Bridge_Condition_Score": 53.5,
        "Scour_Vulnerability_Index": 31.0,
        "Deck_Condition_Rating": "Fair",
        "Substructure_Deficit_Score": 46.5,
        "Structure_Type": "Reinforced Concrete Girder / Steel Truss",
        "Year_Constructed": 2011
      }
    },
    {
      "type": "Feature",
      "geometry": {
        "type": "Point",
        "coordinates": [
          32.12,
          -0.63
        ]
      },
      "properties": {
        "Bridge_Number": "B452",
        "Bridge_Name": "Nana Bridge",
        "Link_Number": "A009_Link03",
        "River_Crossing": "River Mayanja",
        "Maintenance_Station": "Kampala",
        "Maintenance_Region": "Central",
        "Bridge_Condition_Score": 53.5,
        "Scour_Vulnerability_Index": 32.0,
        "Deck_Condition_Rating": "Fair",
        "Substructure_Deficit_Score": 46.5,
        "Structure_Type": "Reinforced Concrete Girder / Steel Truss",
        "Year_Constructed": 2012
      }
    },
    {
      "type": "Feature",
      "geometry": {
        "type": "Point",
        "coordinates": [
          32.24,
          -0.58
        ]
      },
      "properties": {
        "Bridge_Number": "B453",
        "Bridge_Name": "Wamika 2",
        "Link_Number": "C305_Link01",
        "River_Crossing": "River Mayanja",
        "Maintenance_Station": "Luwero",
        "Maintenance_Region": "Central",
        "Bridge_Condition_Score": 53.5,
        "Scour_Vulnerability_Index": 33.0,
        "Deck_Condition_Rating": "Fair",
        "Substructure_Deficit_Score": 46.5,
        "Structure_Type": "Reinforced Concrete Girder / Steel Truss",
        "Year_Constructed": 2013
      }
    },
    {
      "type": "Feature",
      "geometry": {
        "type": "Point",
        "coordinates": [
          32.23,
          -0.58
        ]
      },
      "properties": {
        "Bridge_Number": "B454",
        "Bridge_Name": "Wamika 1",
        "Link_Number": "C305_Link01",
        "River_Crossing": "River Mayanja",
        "Maintenance_Station": "Luwero",
        "Maintenance_Region": "Central",
        "Bridge_Condition_Score": 53.5,
        "Scour_Vulnerability_Index": 34.0,
        "Deck_Condition_Rating": "Fair",
        "Substructure_Deficit_Score": 46.5,
        "Structure_Type": "Reinforced Concrete Girder / Steel Truss",
        "Year_Constructed": 2014
      }
    },
    {
      "type": "Feature",
      "geometry": {
        "type": "Point",
        "coordinates": [
          32.94,
          -0.37
        ]
      },
      "properties": {
        "Bridge_Number": "B455",
        "Bridge_Name": "Lugazi",
        "Link_Number": "A001_Link02",
        "River_Crossing": "Local Waterway",
        "Maintenance_Station": "Kampala",
        "Maintenance_Region": "Central",
        "Bridge_Condition_Score": 48.5,
        "Scour_Vulnerability_Index": 35.0,
        "Deck_Condition_Rating": "Poor",
        "Substructure_Deficit_Score": 51.5,
        "Structure_Type": "Reinforced Concrete Girder / Steel Truss",
        "Year_Constructed": 2015
      }
    },
    {
      "type": "Feature",
      "geometry": {
        "type": "Point",
        "coordinates": [
          32.52,
          -0.28
        ]
      },
      "properties": {
        "Bridge_Number": "B456",
        "Bridge_Name": "KEE Nakawuka",
        "Link_Number": "C178_Link01",
        "River_Crossing": "Local Waterway",
        "Maintenance_Station": "Kampala",
        "Maintenance_Region": "Central",
        "Bridge_Condition_Score": 48.5,
        "Scour_Vulnerability_Index": 36.0,
        "Deck_Condition_Rating": "Poor",
        "Substructure_Deficit_Score": 51.5,
        "Structure_Type": "Reinforced Concrete Girder / Steel Truss",
        "Year_Constructed": 2016
      }
    },
    {
      "type": "Feature",
      "geometry": {
        "type": "Point",
        "coordinates": [
          32.96,
          -0.38
        ]
      },
      "properties": {
        "Bridge_Number": "B457",
        "Bridge_Name": "SCOUL Underpass",
        "Link_Number": "A001_Link03",
        "River_Crossing": "Local Waterway",
        "Maintenance_Station": "Kampala",
        "Maintenance_Region": "Central",
        "Bridge_Condition_Score": 48.5,
        "Scour_Vulnerability_Index": 37.0,
        "Deck_Condition_Rating": "Poor",
        "Substructure_Deficit_Score": 51.5,
        "Structure_Type": "Reinforced Concrete Girder / Steel Truss",
        "Year_Constructed": 2017
      }
    },
    {
      "type": "Feature",
      "geometry": {
        "type": "Point",
        "coordinates": [
          32.05,
          0.68
        ]
      },
      "properties": {
        "Bridge_Number": "B458",
        "Bridge_Name": "Bridge B458",
        "Link_Number": "A009_Link03",
        "River_Crossing": "Local Waterway",
        "Maintenance_Station": "Kampala",
        "Maintenance_Region": "Central",
        "Bridge_Condition_Score": 48.5,
        "Scour_Vulnerability_Index": 38.0,
        "Deck_Condition_Rating": "Poor",
        "Substructure_Deficit_Score": 51.5,
        "Structure_Type": "Reinforced Concrete Girder / Steel Truss",
        "Year_Constructed": 2018
      }
    },
    {
      "type": "Feature",
      "geometry": {
        "type": "Point",
        "coordinates": [
          31.91,
          -1.12
        ]
      },
      "properties": {
        "Bridge_Number": "B459",
        "Bridge_Name": "Kabaale Bridge",
        "Link_Number": "C315_Link01",
        "River_Crossing": "Kabaale Bridge",
        "Maintenance_Station": "Luwero",
        "Maintenance_Region": "Central",
        "Bridge_Condition_Score": 48.5,
        "Scour_Vulnerability_Index": 39.0,
        "Deck_Condition_Rating": "Poor",
        "Substructure_Deficit_Score": 51.5,
        "Structure_Type": "Reinforced Concrete Girder / Steel Truss",
        "Year_Constructed": 2019
      }
    },
    {
      "type": "Feature",
      "geometry": {
        "type": "Point",
        "coordinates": [
          31.96,
          -0.43
        ]
      },
      "properties": {
        "Bridge_Number": "B460",
        "Bridge_Name": "Bridge B460",
        "Link_Number": "A005_Link03",
        "River_Crossing": "Local Waterway",
        "Maintenance_Station": "Mubende",
        "Maintenance_Region": "Central",
        "Bridge_Condition_Score": 78.5,
        "Scour_Vulnerability_Index": 40.0,
        "Deck_Condition_Rating": "Good",
        "Substructure_Deficit_Score": 21.5,
        "Structure_Type": "Reinforced Concrete Girder / Steel Truss",
        "Year_Constructed": 1985
      }
    },
    {
      "type": "Feature",
      "geometry": {
        "type": "Point",
        "coordinates": [
          31.58,
          0.9
        ]
      },
      "properties": {
        "Bridge_Number": "B461",
        "Bridge_Name": "Bukoola Bridge",
        "Link_Number": "C224_Link01",
        "River_Crossing": "Bukoola River",
        "Maintenance_Station": "Masaka",
        "Maintenance_Region": "Central",
        "Bridge_Condition_Score": 78.5,
        "Scour_Vulnerability_Index": 41.0,
        "Deck_Condition_Rating": "Good",
        "Substructure_Deficit_Score": 21.5,
        "Structure_Type": "Reinforced Concrete Girder / Steel Truss",
        "Year_Constructed": 1986
      }
    },
    {
      "type": "Feature",
      "geometry": {
        "type": "Point",
        "coordinates": [
          32.01,
          0.03
        ]
      },
      "properties": {
        "Bridge_Number": "B462",
        "Bridge_Name": "Katonga Bridge",
        "Link_Number": "A002_Link04",
        "River_Crossing": "Katonga",
        "Maintenance_Station": "Mpigi",
        "Maintenance_Region": "Central",
        "Bridge_Condition_Score": 78.5,
        "Scour_Vulnerability_Index": 42.0,
        "Deck_Condition_Rating": "Good",
        "Substructure_Deficit_Score": 21.5,
        "Structure_Type": "Reinforced Concrete Girder / Steel Truss",
        "Year_Constructed": 1987
      }
    },
    {
      "type": "Feature",
      "geometry": {
        "type": "Point",
        "coordinates": [
          30.29,
          0.62
        ]
      },
      "properties": {
        "Bridge_Number": "B540",
        "Bridge_Name": "Rwamuganga-02",
        "Link_Number": "C447_Link01",
        "River_Crossing": "Rwamuganga Swamp",
        "Maintenance_Station": "Mbarara",
        "Maintenance_Region": "Southern",
        "Bridge_Condition_Score": 78.5,
        "Scour_Vulnerability_Index": 43.0,
        "Deck_Condition_Rating": "Good",
        "Substructure_Deficit_Score": 21.5,
        "Structure_Type": "Reinforced Concrete Girder / Steel Truss",
        "Year_Constructed": 1988
      }
    },
    {
      "type": "Feature",
      "geometry": {
        "type": "Point",
        "coordinates": [
          30.46,
          1.05
        ]
      },
      "properties": {
        "Bridge_Number": "B542",
        "Bridge_Name": "Mirama Border_02",
        "Link_Number": "C417_Link03",
        "River_Crossing": "River Kagera",
        "Maintenance_Station": "Kabale",
        "Maintenance_Region": "Southern",
        "Bridge_Condition_Score": 78.5,
        "Scour_Vulnerability_Index": 44.0,
        "Deck_Condition_Rating": "Good",
        "Substructure_Deficit_Score": 21.5,
        "Structure_Type": "Reinforced Concrete Girder / Steel Truss",
        "Year_Constructed": 1989
      }
    },
    {
      "type": "Feature",
      "geometry": {
        "type": "Point",
        "coordinates": [
          30.53,
          0.13
        ]
      },
      "properties": {
        "Bridge_Number": "B543",
        "Bridge_Name": "KYAMBU BRIDGE",
        "Link_Number": "C356_Link01",
        "River_Crossing": "KYAMBU RIVER",
        "Maintenance_Station": "Ibanda",
        "Maintenance_Region": "Southern",
        "Bridge_Condition_Score": 73.5,
        "Scour_Vulnerability_Index": 45.0,
        "Deck_Condition_Rating": "Fair",
        "Substructure_Deficit_Score": 26.5,
        "Structure_Type": "Reinforced Concrete Girder / Steel Truss",
        "Year_Constructed": 1990
      }
    },
    {
      "type": "Feature",
      "geometry": {
        "type": "Point",
        "coordinates": [
          30.68,
          0.1
        ]
      },
      "properties": {
        "Bridge_Number": "B545",
        "Bridge_Name": "NYAMASHEKYE BRIDGE",
        "Link_Number": "C356_Link01",
        "River_Crossing": "NYAMASHEKYE RIVER",
        "Maintenance_Station": "Ibanda",
        "Maintenance_Region": "Southern",
        "Bridge_Condition_Score": 73.5,
        "Scour_Vulnerability_Index": 46.0,
        "Deck_Condition_Rating": "Fair",
        "Substructure_Deficit_Score": 26.5,
        "Structure_Type": "Reinforced Concrete Girder / Steel Truss",
        "Year_Constructed": 1991
      }
    },
    {
      "type": "Feature",
      "geometry": {
        "type": "Point",
        "coordinates": [
          30.49,
          0.17
        ]
      },
      "properties": {
        "Bridge_Number": "B547",
        "Bridge_Name": "IBANDA",
        "Link_Number": "B150_Link02",
        "River_Crossing": "Local Waterway",
        "Maintenance_Station": "Ibanda",
        "Maintenance_Region": "Southern",
        "Bridge_Condition_Score": 73.5,
        "Scour_Vulnerability_Index": 47.0,
        "Deck_Condition_Rating": "Fair",
        "Substructure_Deficit_Score": 26.5,
        "Structure_Type": "Reinforced Concrete Girder / Steel Truss",
        "Year_Constructed": 1992
      }
    },
    {
      "type": "Feature",
      "geometry": {
        "type": "Point",
        "coordinates": [
          29.9,
          -0.07
        ]
      },
      "properties": {
        "Bridge_Number": "B549",
        "Bridge_Name": "RWEMBYO",
        "Link_Number": "C513_Link01",
        "River_Crossing": "RWEMBYO",
        "Maintenance_Station": "Kasese",
        "Maintenance_Region": "Southern",
        "Bridge_Condition_Score": 73.5,
        "Scour_Vulnerability_Index": 48.0,
        "Deck_Condition_Rating": "Fair",
        "Substructure_Deficit_Score": 26.5,
        "Structure_Type": "Reinforced Concrete Girder / Steel Truss",
        "Year_Constructed": 1993
      }
    },
    {
      "type": "Feature",
      "geometry": {
        "type": "Point",
        "coordinates": [
          29.87,
          -0.06
        ]
      },
      "properties": {
        "Bridge_Number": "B550",
        "Bridge_Name": "KAJWENGE",
        "Link_Number": "C513_Link01",
        "River_Crossing": "KAJWENGE",
        "Maintenance_Station": "Kasese",
        "Maintenance_Region": "Southern",
        "Bridge_Condition_Score": 73.5,
        "Scour_Vulnerability_Index": 49.0,
        "Deck_Condition_Rating": "Fair",
        "Substructure_Deficit_Score": 26.5,
        "Structure_Type": "Reinforced Concrete Girder / Steel Truss",
        "Year_Constructed": 1994
      }
    },
    {
      "type": "Feature",
      "geometry": {
        "type": "Point",
        "coordinates": [
          30.01,
          -0.21
        ]
      },
      "properties": {
        "Bridge_Number": "B551",
        "Bridge_Name": "KYANJUKI",
        "Link_Number": "C511_Link01",
        "River_Crossing": "NYAMWAMBA RIVER",
        "Maintenance_Station": "Kasese",
        "Maintenance_Region": "Southern",
        "Bridge_Condition_Score": 68.5,
        "Scour_Vulnerability_Index": 50.0,
        "Deck_Condition_Rating": "Fair",
        "Substructure_Deficit_Score": 31.5,
        "Structure_Type": "Reinforced Concrete Girder / Steel Truss",
        "Year_Constructed": 1995
      }
    },
    {
      "type": "Feature",
      "geometry": {
        "type": "Point",
        "coordinates": [
          30.09,
          -0.18
        ]
      },
      "properties": {
        "Bridge_Number": "B552",
        "Bridge_Name": "DELTA",
        "Link_Number": "A005_Link13",
        "River_Crossing": "STREAM",
        "Maintenance_Station": "Kasese",
        "Maintenance_Region": "Southern",
        "Bridge_Condition_Score": 68.5,
        "Scour_Vulnerability_Index": 51.0,
        "Deck_Condition_Rating": "Fair",
        "Substructure_Deficit_Score": 31.5,
        "Structure_Type": "Reinforced Concrete Girder / Steel Truss",
        "Year_Constructed": 1996
      }
    },
    {
      "type": "Feature",
      "geometry": {
        "type": "Point",
        "coordinates": [
          30.1,
          1.3
        ]
      },
      "properties": {
        "Bridge_Number": "B553",
        "Bridge_Name": "Omukabare Bridge",
        "Link_Number": "C424_Link01",
        "River_Crossing": "Local Waterway",
        "Maintenance_Station": "Kabale",
        "Maintenance_Region": "Southern",
        "Bridge_Condition_Score": 68.5,
        "Scour_Vulnerability_Index": 52.0,
        "Deck_Condition_Rating": "Fair",
        "Substructure_Deficit_Score": 31.5,
        "Structure_Type": "Reinforced Concrete Girder / Steel Truss",
        "Year_Constructed": 1997
      }
    },
    {
      "type": "Feature",
      "geometry": {
        "type": "Point",
        "coordinates": [
          30.18,
          1.05
        ]
      },
      "properties": {
        "Bridge_Number": "B554",
        "Bridge_Name": "Rukiri Bridge",
        "Link_Number": "A002_Link10",
        "River_Crossing": "RUKIRI RIVER",
        "Maintenance_Station": "Kabale",
        "Maintenance_Region": "Southern",
        "Bridge_Condition_Score": 68.5,
        "Scour_Vulnerability_Index": 53.0,
        "Deck_Condition_Rating": "Fair",
        "Substructure_Deficit_Score": 31.5,
        "Structure_Type": "Reinforced Concrete Girder / Steel Truss",
        "Year_Constructed": 1998
      }
    },
    {
      "type": "Feature",
      "geometry": {
        "type": "Point",
        "coordinates": [
          30.31,
          1.15
        ]
      },
      "properties": {
        "Bridge_Number": "B555",
        "Bridge_Name": "Kizinga Bridge",
        "Link_Number": "C422_Link01",
        "River_Crossing": "OMUYANJA",
        "Maintenance_Station": "Kabale",
        "Maintenance_Region": "Southern",
        "Bridge_Condition_Score": 68.5,
        "Scour_Vulnerability_Index": 54.0,
        "Deck_Condition_Rating": "Fair",
        "Substructure_Deficit_Score": 31.5,
        "Structure_Type": "Reinforced Concrete Girder / Steel Truss",
        "Year_Constructed": 1999
      }
    },
    {
      "type": "Feature",
      "geometry": {
        "type": "Point",
        "coordinates": [
          29.64,
          0.94
        ]
      },
      "properties": {
        "Bridge_Number": "B556",
        "Bridge_Name": "Munyaga Bridge",
        "Link_Number": "C456_Link01",
        "River_Crossing": "Muyaga River",
        "Maintenance_Station": "Kabale",
        "Maintenance_Region": "Southern",
        "Bridge_Condition_Score": 63.5,
        "Scour_Vulnerability_Index": 55.0,
        "Deck_Condition_Rating": "Fair",
        "Substructure_Deficit_Score": 36.5,
        "Structure_Type": "Reinforced Concrete Girder / Steel Truss",
        "Year_Constructed": 2000
      }
    },
    {
      "type": "Feature",
      "geometry": {
        "type": "Point",
        "coordinates": [
          31.91,
          1.12
        ]
      },
      "properties": {
        "Bridge_Number": "B630",
        "Bridge_Name": "Mayanja",
        "Link_Number": "C608_Link01",
        "River_Crossing": "Local Waterway",
        "Maintenance_Station": "Hoima",
        "Maintenance_Region": "Western",
        "Bridge_Condition_Score": 63.5,
        "Scour_Vulnerability_Index": 56.0,
        "Deck_Condition_Rating": "Fair",
        "Substructure_Deficit_Score": 36.5,
        "Structure_Type": "Reinforced Concrete Girder / Steel Truss",
        "Year_Constructed": 2001
      }
    },
    {
      "type": "Feature",
      "geometry": {
        "type": "Point",
        "coordinates": [
          31.0,
          1.41
        ]
      },
      "properties": {
        "Bridge_Number": "B631",
        "Bridge_Name": "Rutooha",
        "Link_Number": "C596_Link02",
        "River_Crossing": "Local Waterway",
        "Maintenance_Station": "Hoima",
        "Maintenance_Region": "Western",
        "Bridge_Condition_Score": 63.5,
        "Scour_Vulnerability_Index": 57.0,
        "Deck_Condition_Rating": "Fair",
        "Substructure_Deficit_Score": 36.5,
        "Structure_Type": "Reinforced Concrete Girder / Steel Truss",
        "Year_Constructed": 2002
      }
    },
    {
      "type": "Feature",
      "geometry": {
        "type": "Point",
        "coordinates": [
          30.76,
          1.24
        ]
      },
      "properties": {
        "Bridge_Number": "B632",
        "Bridge_Name": "King fisher",
        "Link_Number": "C591_Link01",
        "River_Crossing": "King Fisher",
        "Maintenance_Station": "Hoima",
        "Maintenance_Region": "Western",
        "Bridge_Condition_Score": 63.5,
        "Scour_Vulnerability_Index": 58.0,
        "Deck_Condition_Rating": "Fair",
        "Substructure_Deficit_Score": 36.5,
        "Structure_Type": "Reinforced Concrete Girder / Steel Truss",
        "Year_Constructed": 2003
      }
    },
    {
      "type": "Feature",
      "geometry": {
        "type": "Point",
        "coordinates": [
          30.49,
          0.16
        ]
      },
      "properties": {
        "Bridge_Number": "B634",
        "Bridge_Name": "MPANGA",
        "Link_Number": "C571_Link01",
        "River_Crossing": "Local Waterway",
        "Maintenance_Station": "Fort Portal",
        "Maintenance_Region": "Western",
        "Bridge_Condition_Score": 63.5,
        "Scour_Vulnerability_Index": 59.0,
        "Deck_Condition_Rating": "Fair",
        "Substructure_Deficit_Score": 36.5,
        "Structure_Type": "Reinforced Concrete Girder / Steel Truss",
        "Year_Constructed": 2004
      }
    },
    {
      "type": "Feature",
      "geometry": {
        "type": "Point",
        "coordinates": [
          32.92,
          3.73
        ]
      },
      "properties": {
        "Bridge_Number": "B720",
        "Bridge_Name": "LAKURE BRIDGE",
        "Link_Number": "C706_Link02",
        "River_Crossing": "Lakure",
        "Maintenance_Station": "Kitgum",
        "Maintenance_Region": "Northern",
        "Bridge_Condition_Score": 58.5,
        "Scour_Vulnerability_Index": 60.0,
        "Deck_Condition_Rating": "Fair",
        "Substructure_Deficit_Score": 41.5,
        "Structure_Type": "Reinforced Concrete Girder / Steel Truss",
        "Year_Constructed": 2005
      }
    },
    {
      "type": "Feature",
      "geometry": {
        "type": "Point",
        "coordinates": [
          31.09,
          3.08
        ]
      },
      "properties": {
        "Bridge_Number": "B731",
        "Bridge_Name": "ODRO BRIDGE",
        "Link_Number": "C762_Link02",
        "River_Crossing": "ODRO RIVER",
        "Maintenance_Station": "Arua",
        "Maintenance_Region": "Northern",
        "Bridge_Condition_Score": 58.5,
        "Scour_Vulnerability_Index": 61.0,
        "Deck_Condition_Rating": "Fair",
        "Substructure_Deficit_Score": 41.5,
        "Structure_Type": "Reinforced Concrete Girder / Steel Truss",
        "Year_Constructed": 2006
      }
    },
    {
      "type": "Feature",
      "geometry": {
        "type": "Point",
        "coordinates": [
          31.09,
          3.13
        ]
      },
      "properties": {
        "Bridge_Number": "B732",
        "Bridge_Name": "ISA",
        "Link_Number": "C762_Link02",
        "River_Crossing": "ISA",
        "Maintenance_Station": "Arua",
        "Maintenance_Region": "Northern",
        "Bridge_Condition_Score": 58.5,
        "Scour_Vulnerability_Index": 62.0,
        "Deck_Condition_Rating": "Fair",
        "Substructure_Deficit_Score": 41.5,
        "Structure_Type": "Reinforced Concrete Girder / Steel Truss",
        "Year_Constructed": 2007
      }
    },
    {
      "type": "Feature",
      "geometry": {
        "type": "Point",
        "coordinates": [
          31.09,
          3.14
        ]
      },
      "properties": {
        "Bridge_Number": "B733",
        "Bridge_Name": "NAARA",
        "Link_Number": "C762_Link02",
        "River_Crossing": "Local Waterway",
        "Maintenance_Station": "Arua",
        "Maintenance_Region": "Northern",
        "Bridge_Condition_Score": 58.5,
        "Scour_Vulnerability_Index": 63.0,
        "Deck_Condition_Rating": "Fair",
        "Substructure_Deficit_Score": 41.5,
        "Structure_Type": "Reinforced Concrete Girder / Steel Truss",
        "Year_Constructed": 2008
      }
    },
    {
      "type": "Feature",
      "geometry": {
        "type": "Point",
        "coordinates": [
          31.24,
          2.89
        ]
      },
      "properties": {
        "Bridge_Number": "B735",
        "Bridge_Name": "GAZI (ALLA)",
        "Link_Number": "C742_Link01",
        "River_Crossing": "GAZI",
        "Maintenance_Station": "Arua",
        "Maintenance_Region": "Northern",
        "Bridge_Condition_Score": 58.5,
        "Scour_Vulnerability_Index": 64.0,
        "Deck_Condition_Rating": "Fair",
        "Substructure_Deficit_Score": 41.5,
        "Structure_Type": "Reinforced Concrete Girder / Steel Truss",
        "Year_Constructed": 2009
      }
    },
    {
      "type": "Feature",
      "geometry": {
        "type": "Point",
        "coordinates": [
          30.96,
          2.42
        ]
      },
      "properties": {
        "Bridge_Number": "B736",
        "Bridge_Name": "AYUALA",
        "Link_Number": "C763_Link01",
        "River_Crossing": "AYUALA",
        "Maintenance_Station": "Arua",
        "Maintenance_Region": "Northern",
        "Bridge_Condition_Score": 53.5,
        "Scour_Vulnerability_Index": 65.0,
        "Deck_Condition_Rating": "Fair",
        "Substructure_Deficit_Score": 46.5,
        "Structure_Type": "Reinforced Concrete Girder / Steel Truss",
        "Year_Constructed": 2010
      }
    },
    {
      "type": "Feature",
      "geometry": {
        "type": "Point",
        "coordinates": [
          30.96,
          2.43
        ]
      },
      "properties": {
        "Bridge_Number": "B737",
        "Bridge_Name": "NYAGAK",
        "Link_Number": "C763_Link01",
        "River_Crossing": "Nyagak",
        "Maintenance_Station": "Arua",
        "Maintenance_Region": "Northern",
        "Bridge_Condition_Score": 53.5,
        "Scour_Vulnerability_Index": 66.0,
        "Deck_Condition_Rating": "Fair",
        "Substructure_Deficit_Score": 46.5,
        "Structure_Type": "Reinforced Concrete Girder / Steel Truss",
        "Year_Constructed": 2011
      }
    },
    {
      "type": "Feature",
      "geometry": {
        "type": "Point",
        "coordinates": [
          30.86,
          2.57
        ]
      },
      "properties": {
        "Bridge_Number": "B738",
        "Bridge_Name": "ORAA",
        "Link_Number": "C747_Link01",
        "River_Crossing": "Local Waterway",
        "Maintenance_Station": "Arua",
        "Maintenance_Region": "Northern",
        "Bridge_Condition_Score": 53.5,
        "Scour_Vulnerability_Index": 67.0,
        "Deck_Condition_Rating": "Fair",
        "Substructure_Deficit_Score": 46.5,
        "Structure_Type": "Reinforced Concrete Girder / Steel Truss",
        "Year_Constructed": 2012
      }
    },
    {
      "type": "Feature",
      "geometry": {
        "type": "Point",
        "coordinates": [
          30.89,
          2.59
        ]
      },
      "properties": {
        "Bridge_Number": "B739",
        "Bridge_Name": "ANIZA",
        "Link_Number": "C763_Link02",
        "River_Crossing": "ANIZA",
        "Maintenance_Station": "Arua",
        "Maintenance_Region": "Northern",
        "Bridge_Condition_Score": 53.5,
        "Scour_Vulnerability_Index": 68.0,
        "Deck_Condition_Rating": "Fair",
        "Substructure_Deficit_Score": 46.5,
        "Structure_Type": "Reinforced Concrete Girder / Steel Truss",
        "Year_Constructed": 2013
      }
    },
    {
      "type": "Feature",
      "geometry": {
        "type": "Point",
        "coordinates": [
          30.87,
          2.62
        ]
      },
      "properties": {
        "Bridge_Number": "B740",
        "Bridge_Name": "OMOLO",
        "Link_Number": "C763_Link02",
        "River_Crossing": "OMOLO",
        "Maintenance_Station": "Arua",
        "Maintenance_Region": "Northern",
        "Bridge_Condition_Score": 53.5,
        "Scour_Vulnerability_Index": 69.0,
        "Deck_Condition_Rating": "Fair",
        "Substructure_Deficit_Score": 46.5,
        "Structure_Type": "Reinforced Concrete Girder / Steel Truss",
        "Year_Constructed": 2014
      }
    },
    {
      "type": "Feature",
      "geometry": {
        "type": "Point",
        "coordinates": [
          30.86,
          2.86
        ]
      },
      "properties": {
        "Bridge_Number": "B741",
        "Bridge_Name": "ODRUA",
        "Link_Number": "C763_Link02",
        "River_Crossing": "ODRUA",
        "Maintenance_Station": "Arua",
        "Maintenance_Region": "Northern",
        "Bridge_Condition_Score": 48.5,
        "Scour_Vulnerability_Index": 70.0,
        "Deck_Condition_Rating": "Poor",
        "Substructure_Deficit_Score": 51.5,
        "Structure_Type": "Reinforced Concrete Girder / Steel Truss",
        "Year_Constructed": 2015
      }
    },
    {
      "type": "Feature",
      "geometry": {
        "type": "Point",
        "coordinates": [
          30.93,
          2.97
        ]
      },
      "properties": {
        "Bridge_Number": "B743",
        "Bridge_Name": "ALLA",
        "Link_Number": "C749_Link01",
        "River_Crossing": "ALLA",
        "Maintenance_Station": "Arua",
        "Maintenance_Region": "Northern",
        "Bridge_Condition_Score": 48.5,
        "Scour_Vulnerability_Index": 71.0,
        "Deck_Condition_Rating": "Poor",
        "Substructure_Deficit_Score": 51.5,
        "Structure_Type": "Reinforced Concrete Girder / Steel Truss",
        "Year_Constructed": 2016
      }
    },
    {
      "type": "Feature",
      "geometry": {
        "type": "Point",
        "coordinates": [
          32.43,
          2.41
        ]
      },
      "properties": {
        "Bridge_Number": "B750",
        "Bridge_Name": "Tochi 2 Bridge",
        "Link_Number": "C665_Link02",
        "River_Crossing": "Tochi 2",
        "Maintenance_Station": "Gulu",
        "Maintenance_Region": "Northern",
        "Bridge_Condition_Score": 48.5,
        "Scour_Vulnerability_Index": 72.0,
        "Deck_Condition_Rating": "Poor",
        "Substructure_Deficit_Score": 51.5,
        "Structure_Type": "Reinforced Concrete Girder / Steel Truss",
        "Year_Constructed": 2017
      }
    },
    {
      "type": "Feature",
      "geometry": {
        "type": "Point",
        "coordinates": [
          32.51,
          2.2
        ]
      },
      "properties": {
        "Bridge_Number": "B751",
        "Bridge_Name": "Okole Bridge 2",
        "Link_Number": "C662_Link01",
        "River_Crossing": "Okole River",
        "Maintenance_Station": "Lira",
        "Maintenance_Region": "Northern",
        "Bridge_Condition_Score": 48.5,
        "Scour_Vulnerability_Index": 73.0,
        "Deck_Condition_Rating": "Poor",
        "Substructure_Deficit_Score": 51.5,
        "Structure_Type": "Reinforced Concrete Girder / Steel Truss",
        "Year_Constructed": 2018
      }
    },
    {
      "type": "Feature",
      "geometry": {
        "type": "Point",
        "coordinates": [
          32.35,
          2.21
        ]
      },
      "properties": {
        "Bridge_Number": "B752",
        "Bridge_Name": "Okole Bridge 3",
        "Link_Number": "C662_Link01",
        "River_Crossing": "Okole River",
        "Maintenance_Station": "Lira",
        "Maintenance_Region": "Northern",
        "Bridge_Condition_Score": 48.5,
        "Scour_Vulnerability_Index": 74.0,
        "Deck_Condition_Rating": "Poor",
        "Substructure_Deficit_Score": 51.5,
        "Structure_Type": "Reinforced Concrete Girder / Steel Truss",
        "Year_Constructed": 2019
      }
    },
    {
      "type": "Feature",
      "geometry": {
        "type": "Point",
        "coordinates": [
          33.3,
          0.49
        ]
      },
      "properties": {
        "Bridge_Number": "B861",
        "Bridge_Name": "Bridge B861",
        "Link_Number": "A001_Link06",
        "River_Crossing": "Local Waterway",
        "Maintenance_Station": "Jinja",
        "Maintenance_Region": "Eastern",
        "Bridge_Condition_Score": 78.5,
        "Scour_Vulnerability_Index": 75.0,
        "Deck_Condition_Rating": "Good",
        "Substructure_Deficit_Score": 21.5,
        "Structure_Type": "Reinforced Concrete Girder / Steel Truss",
        "Year_Constructed": 1985
      }
    },
    {
      "type": "Feature",
      "geometry": {
        "type": "Point",
        "coordinates": [
          33.32,
          0.5
        ]
      },
      "properties": {
        "Bridge_Number": "B862",
        "Bridge_Name": "Bridge B862",
        "Link_Number": "A001_Link06",
        "River_Crossing": "Local Waterway",
        "Maintenance_Station": "Jinja",
        "Maintenance_Region": "Eastern",
        "Bridge_Condition_Score": 78.5,
        "Scour_Vulnerability_Index": 76.0,
        "Deck_Condition_Rating": "Good",
        "Substructure_Deficit_Score": 21.5,
        "Structure_Type": "Reinforced Concrete Girder / Steel Truss",
        "Year_Constructed": 1986
      }
    },
    {
      "type": "Feature",
      "geometry": {
        "type": "Point",
        "coordinates": [
          34.05,
          0.59
        ]
      },
      "properties": {
        "Bridge_Number": "B863",
        "Bridge_Name": "MALAWA BRIDGE",
        "Link_Number": "B308_Link01",
        "River_Crossing": "MALAWA RIVER",
        "Maintenance_Station": "Tororo",
        "Maintenance_Region": "Eastern",
        "Bridge_Condition_Score": 78.5,
        "Scour_Vulnerability_Index": 77.0,
        "Deck_Condition_Rating": "Good",
        "Substructure_Deficit_Score": 21.5,
        "Structure_Type": "Reinforced Concrete Girder / Steel Truss",
        "Year_Constructed": 1987
      }
    },
    {
      "type": "Feature",
      "geometry": {
        "type": "Point",
        "coordinates": [
          34.37,
          1.15
        ]
      },
      "properties": {
        "Bridge_Number": "B864",
        "Bridge_Name": "KIGULI BRIDGE",
        "Link_Number": "C862_Link01",
        "River_Crossing": "SIRONKO RIVER",
        "Maintenance_Station": "Mbale",
        "Maintenance_Region": "Eastern",
        "Bridge_Condition_Score": 78.5,
        "Scour_Vulnerability_Index": 78.0,
        "Deck_Condition_Rating": "Good",
        "Substructure_Deficit_Score": 21.5,
        "Structure_Type": "Reinforced Concrete Girder / Steel Truss",
        "Year_Constructed": 1988
      }
    },
    {
      "type": "Feature",
      "geometry": {
        "type": "Point",
        "coordinates": [
          33.99,
          0.93
        ]
      },
      "properties": {
        "Bridge_Number": "B865",
        "Bridge_Name": "LERESI BRIDGE",
        "Link_Number": "C833_Link01",
        "River_Crossing": "RIVER MANAFA",
        "Maintenance_Station": "Tororo",
        "Maintenance_Region": "Eastern",
        "Bridge_Condition_Score": 78.5,
        "Scour_Vulnerability_Index": 79.0,
        "Deck_Condition_Rating": "Good",
        "Substructure_Deficit_Score": 21.5,
        "Structure_Type": "Reinforced Concrete Girder / Steel Truss",
        "Year_Constructed": 1989
      }
    },
    {
      "type": "Feature",
      "geometry": {
        "type": "Point",
        "coordinates": [
          34.16,
          0.94
        ]
      },
      "properties": {
        "Bridge_Number": "B866",
        "Bridge_Name": "MANAFA",
        "Link_Number": "A007_Link02",
        "River_Crossing": "MANAFA",
        "Maintenance_Station": "Tororo",
        "Maintenance_Region": "Eastern",
        "Bridge_Condition_Score": 73.5,
        "Scour_Vulnerability_Index": 15.0,
        "Deck_Condition_Rating": "Fair",
        "Substructure_Deficit_Score": 26.5,
        "Structure_Type": "Reinforced Concrete Girder / Steel Truss",
        "Year_Constructed": 1990
      }
    },
    {
      "type": "Feature",
      "geometry": {
        "type": "Point",
        "coordinates": [
          34.33,
          1.0
        ]
      },
      "properties": {
        "Bridge_Number": "B867",
        "Bridge_Name": "BUWANGANI",
        "Link_Number": "C867_Link02",
        "River_Crossing": "TSUTSU",
        "Maintenance_Station": "Mbale",
        "Maintenance_Region": "Eastern",
        "Bridge_Condition_Score": 73.5,
        "Scour_Vulnerability_Index": 16.0,
        "Deck_Condition_Rating": "Fair",
        "Substructure_Deficit_Score": 26.5,
        "Structure_Type": "Reinforced Concrete Girder / Steel Truss",
        "Year_Constructed": 1991
      }
    },
    {
      "type": "Feature",
      "geometry": {
        "type": "Point",
        "coordinates": [
          34.03,
          3.0
        ]
      },
      "properties": {
        "Bridge_Number": "B868",
        "Bridge_Name": "DOPETH",
        "Link_Number": "B302_Link01",
        "River_Crossing": "Local Waterway",
        "Maintenance_Station": "Kotido",
        "Maintenance_Region": "North Eastern",
        "Bridge_Condition_Score": 73.5,
        "Scour_Vulnerability_Index": 17.0,
        "Deck_Condition_Rating": "Fair",
        "Substructure_Deficit_Score": 26.5,
        "Structure_Type": "Reinforced Concrete Girder / Steel Truss",
        "Year_Constructed": 1992
      }
    },
    {
      "type": "Feature",
      "geometry": {
        "type": "Point",
        "coordinates": [
          33.55,
          2.72
        ]
      },
      "properties": {
        "Bridge_Number": "B869",
        "Bridge_Name": "AMETA BRIDGE",
        "Link_Number": "B302_Link02",
        "River_Crossing": "AGAGO RIVER",
        "Maintenance_Station": "Kitgum",
        "Maintenance_Region": "Northern",
        "Bridge_Condition_Score": 73.5,
        "Scour_Vulnerability_Index": 18.0,
        "Deck_Condition_Rating": "Fair",
        "Substructure_Deficit_Score": 26.5,
        "Structure_Type": "Reinforced Concrete Girder / Steel Truss",
        "Year_Constructed": 1993
      }
    },
    {
      "type": "Feature",
      "geometry": {
        "type": "Point",
        "coordinates": [
          34.31,
          1.17
        ]
      },
      "properties": {
        "Bridge_Number": "B870",
        "Bridge_Name": "WASITA",
        "Link_Number": "C862_Link01",
        "River_Crossing": "WOSITA",
        "Maintenance_Station": "Mbale",
        "Maintenance_Region": "Eastern",
        "Bridge_Condition_Score": 73.5,
        "Scour_Vulnerability_Index": 19.0,
        "Deck_Condition_Rating": "Fair",
        "Substructure_Deficit_Score": 26.5,
        "Structure_Type": "Reinforced Concrete Girder / Steel Truss",
        "Year_Constructed": 1994
      }
    },
    {
      "type": "Feature",
      "geometry": {
        "type": "Point",
        "coordinates": [
          34.19,
          0.84
        ]
      },
      "properties": {
        "Bridge_Number": "B871",
        "Bridge_Name": "LWANJUSI BRIDGE",
        "Link_Number": "C865_Link01",
        "River_Crossing": "MANAFA RIVER",
        "Maintenance_Station": "Tororo",
        "Maintenance_Region": "Eastern",
        "Bridge_Condition_Score": 68.5,
        "Scour_Vulnerability_Index": 20.0,
        "Deck_Condition_Rating": "Fair",
        "Substructure_Deficit_Score": 31.5,
        "Structure_Type": "Reinforced Concrete Girder / Steel Truss",
        "Year_Constructed": 1995
      }
    },
    {
      "type": "Feature",
      "geometry": {
        "type": "Point",
        "coordinates": [
          34.63,
          1.35
        ]
      },
      "properties": {
        "Bridge_Number": "B872",
        "Bridge_Name": "SITI",
        "Link_Number": "B304_Link02",
        "River_Crossing": "SITI",
        "Maintenance_Station": "Mbale",
        "Maintenance_Region": "Eastern",
        "Bridge_Condition_Score": 68.5,
        "Scour_Vulnerability_Index": 21.0,
        "Deck_Condition_Rating": "Fair",
        "Substructure_Deficit_Score": 31.5,
        "Structure_Type": "Reinforced Concrete Girder / Steel Truss",
        "Year_Constructed": 1996
      }
    },
    {
      "type": "Feature",
      "geometry": {
        "type": "Point",
        "coordinates": [
          34.72,
          1.45
        ]
      },
      "properties": {
        "Bridge_Number": "B873",
        "Bridge_Name": "GIRIK",
        "Link_Number": "C889_Link01",
        "River_Crossing": "Local Waterway",
        "Maintenance_Station": "Mbale",
        "Maintenance_Region": "Eastern",
        "Bridge_Condition_Score": 68.5,
        "Scour_Vulnerability_Index": 22.0,
        "Deck_Condition_Rating": "Fair",
        "Substructure_Deficit_Score": 31.5,
        "Structure_Type": "Reinforced Concrete Girder / Steel Truss",
        "Year_Constructed": 1997
      }
    },
    {
      "type": "Feature",
      "geometry": {
        "type": "Point",
        "coordinates": [
          34.74,
          1.29
        ]
      },
      "properties": {
        "Bridge_Number": "B874",
        "Bridge_Name": "BUKWO",
        "Link_Number": "B304_Link02",
        "River_Crossing": "BUKWO",
        "Maintenance_Station": "Mbale",
        "Maintenance_Region": "Eastern",
        "Bridge_Condition_Score": 68.5,
        "Scour_Vulnerability_Index": 23.0,
        "Deck_Condition_Rating": "Fair",
        "Substructure_Deficit_Score": 31.5,
        "Structure_Type": "Reinforced Concrete Girder / Steel Truss",
        "Year_Constructed": 1998
      }
    },
    {
      "type": "Feature",
      "geometry": {
        "type": "Point",
        "coordinates": [
          34.12,
          0.9
        ]
      },
      "properties": {
        "Bridge_Number": "B875",
        "Bridge_Name": "NANGIPA",
        "Link_Number": "C837_Link02",
        "River_Crossing": "NANGIPA",
        "Maintenance_Station": "Tororo",
        "Maintenance_Region": "Eastern",
        "Bridge_Condition_Score": 68.5,
        "Scour_Vulnerability_Index": 24.0,
        "Deck_Condition_Rating": "Fair",
        "Substructure_Deficit_Score": 31.5,
        "Structure_Type": "Reinforced Concrete Girder / Steel Truss",
        "Year_Constructed": 1999
      }
    },
    {
      "type": "Feature",
      "geometry": {
        "type": "Point",
        "coordinates": [
          34.12,
          0.89
        ]
      },
      "properties": {
        "Bridge_Number": "B876",
        "Bridge_Name": "LUKHA",
        "Link_Number": "C837_Link02",
        "River_Crossing": "Local Waterway",
        "Maintenance_Station": "Tororo",
        "Maintenance_Region": "Eastern",
        "Bridge_Condition_Score": 63.5,
        "Scour_Vulnerability_Index": 25.0,
        "Deck_Condition_Rating": "Fair",
        "Substructure_Deficit_Score": 36.5,
        "Structure_Type": "Reinforced Concrete Girder / Steel Truss",
        "Year_Constructed": 2000
      }
    },
    {
      "type": "Feature",
      "geometry": {
        "type": "Point",
        "coordinates": [
          34.73,
          1.22
        ]
      },
      "properties": {
        "Bridge_Number": "B877",
        "Bridge_Name": "SUAM BRIDGE",
        "Link_Number": "B304_Link02",
        "River_Crossing": "RIVER SUAM",
        "Maintenance_Station": "Mbale",
        "Maintenance_Region": "Eastern",
        "Bridge_Condition_Score": 63.5,
        "Scour_Vulnerability_Index": 26.0,
        "Deck_Condition_Rating": "Fair",
        "Substructure_Deficit_Score": 36.5,
        "Structure_Type": "Reinforced Concrete Girder / Steel Truss",
        "Year_Constructed": 2001
      }
    },
    {
      "type": "Feature",
      "geometry": {
        "type": "Point",
        "coordinates": [
          34.22,
          2.49
        ]
      },
      "properties": {
        "Bridge_Number": "B879",
        "Bridge_Name": "LONENE",
        "Link_Number": "C968_Link01",
        "River_Crossing": "ANGOLORO",
        "Maintenance_Station": "Moroto",
        "Maintenance_Region": "North Eastern",
        "Bridge_Condition_Score": 63.5,
        "Scour_Vulnerability_Index": 27.0,
        "Deck_Condition_Rating": "Fair",
        "Substructure_Deficit_Score": 36.5,
        "Structure_Type": "Reinforced Concrete Girder / Steel Truss",
        "Year_Constructed": 2002
      }
    },
    {
      "type": "Feature",
      "geometry": {
        "type": "Point",
        "coordinates": [
          34.0,
          0.93
        ]
      },
      "properties": {
        "Bridge_Number": "B880",
        "Bridge_Name": "DOHO-MALIK BRIDGE",
        "Link_Number": "C833_Link01",
        "River_Crossing": "RIVER MANAFA",
        "Maintenance_Station": "Tororo",
        "Maintenance_Region": "Eastern",
        "Bridge_Condition_Score": 63.5,
        "Scour_Vulnerability_Index": 28.0,
        "Deck_Condition_Rating": "Fair",
        "Substructure_Deficit_Score": 36.5,
        "Structure_Type": "Reinforced Concrete Girder / Steel Truss",
        "Year_Constructed": 2003
      }
    },
    {
      "type": "Feature",
      "geometry": {
        "type": "Point",
        "coordinates": [
          34.12,
          0.69
        ]
      },
      "properties": {
        "Bridge_Number": "B881",
        "Bridge_Name": "MUSUKULE BRIDGE",
        "Link_Number": "C844_Link01",
        "River_Crossing": "RIVER OSYA",
        "Maintenance_Station": "Tororo",
        "Maintenance_Region": "Eastern",
        "Bridge_Condition_Score": 63.5,
        "Scour_Vulnerability_Index": 29.0,
        "Deck_Condition_Rating": "Fair",
        "Substructure_Deficit_Score": 36.5,
        "Structure_Type": "Reinforced Concrete Girder / Steel Truss",
        "Year_Constructed": 2004
      }
    },
    {
      "type": "Feature",
      "geometry": {
        "type": "Point",
        "coordinates": [
          34.01,
          0.71
        ]
      },
      "properties": {
        "Bridge_Number": "B882",
        "Bridge_Name": "ADEYO BRIDGE",
        "Link_Number": "C836_Link02",
        "River_Crossing": "RIVER KORUBUDE",
        "Maintenance_Station": "Tororo",
        "Maintenance_Region": "Eastern",
        "Bridge_Condition_Score": 58.5,
        "Scour_Vulnerability_Index": 30.0,
        "Deck_Condition_Rating": "Fair",
        "Substructure_Deficit_Score": 41.5,
        "Structure_Type": "Reinforced Concrete Girder / Steel Truss",
        "Year_Constructed": 2005
      }
    },
    {
      "type": "Feature",
      "geometry": {
        "type": "Point",
        "coordinates": [
          34.14,
          0.58
        ]
      },
      "properties": {
        "Bridge_Number": "B883",
        "Bridge_Name": "ANGOLO BRIDGE",
        "Link_Number": "B306_Link01",
        "River_Crossing": "MALABA RIVER",
        "Maintenance_Station": "Tororo",
        "Maintenance_Region": "Eastern",
        "Bridge_Condition_Score": 58.5,
        "Scour_Vulnerability_Index": 31.0,
        "Deck_Condition_Rating": "Fair",
        "Substructure_Deficit_Score": 41.5,
        "Structure_Type": "Reinforced Concrete Girder / Steel Truss",
        "Year_Constructed": 2006
      }
    },
    {
      "type": "Feature",
      "geometry": {
        "type": "Point",
        "coordinates": [
          34.14,
          0.58
        ]
      },
      "properties": {
        "Bridge_Number": "B884",
        "Bridge_Name": "AKATENYANI BRIDGE",
        "Link_Number": "B306_Link01",
        "River_Crossing": "MALABA RIVER",
        "Maintenance_Station": "Tororo",
        "Maintenance_Region": "Eastern",
        "Bridge_Condition_Score": 58.5,
        "Scour_Vulnerability_Index": 32.0,
        "Deck_Condition_Rating": "Fair",
        "Substructure_Deficit_Score": 41.5,
        "Structure_Type": "Reinforced Concrete Girder / Steel Truss",
        "Year_Constructed": 2007
      }
    },
    {
      "type": "Feature",
      "geometry": {
        "type": "Point",
        "coordinates": [
          34.12,
          0.52
        ]
      },
      "properties": {
        "Bridge_Number": "B885",
        "Bridge_Name": "OKAME BRIDGE",
        "Link_Number": "B306_Link01",
        "River_Crossing": "OKAME-AMAGORO",
        "Maintenance_Station": "Tororo",
        "Maintenance_Region": "Eastern",
        "Bridge_Condition_Score": 58.5,
        "Scour_Vulnerability_Index": 33.0,
        "Deck_Condition_Rating": "Fair",
        "Substructure_Deficit_Score": 41.5,
        "Structure_Type": "Reinforced Concrete Girder / Steel Truss",
        "Year_Constructed": 2008
      }
    },
    {
      "type": "Feature",
      "geometry": {
        "type": "Point",
        "coordinates": [
          34.14,
          0.59
        ]
      },
      "properties": {
        "Bridge_Number": "B886",
        "Bridge_Name": "KWAKITEZA BRIDGE",
        "Link_Number": "B306_Link01",
        "River_Crossing": "KWAKITEZA RIVER",
        "Maintenance_Station": "Tororo",
        "Maintenance_Region": "Eastern",
        "Bridge_Condition_Score": 58.5,
        "Scour_Vulnerability_Index": 34.0,
        "Deck_Condition_Rating": "Fair",
        "Substructure_Deficit_Score": 41.5,
        "Structure_Type": "Reinforced Concrete Girder / Steel Truss",
        "Year_Constructed": 2009
      }
    },
    {
      "type": "Feature",
      "geometry": {
        "type": "Point",
        "coordinates": [
          34.25,
          3.32
        ]
      },
      "properties": {
        "Bridge_Number": "B887",
        "Bridge_Name": "NATARACHA BRIDGE",
        "Link_Number": "C992_Link01",
        "River_Crossing": "RIVER LOYORO",
        "Maintenance_Station": "Kotido",
        "Maintenance_Region": "North Eastern",
        "Bridge_Condition_Score": 53.5,
        "Scour_Vulnerability_Index": 35.0,
        "Deck_Condition_Rating": "Fair",
        "Substructure_Deficit_Score": 46.5,
        "Structure_Type": "Reinforced Concrete Girder / Steel Truss",
        "Year_Constructed": 2010
      }
    },
    {
      "type": "Feature",
      "geometry": {
        "type": "Point",
        "coordinates": [
          31.66,
          3.27
        ]
      },
      "properties": {
        "Bridge_Number": "B760",
        "Bridge_Name": "ITIRIKWA",
        "Link_Number": "C726_Link01",
        "River_Crossing": "ITIRIKWA",
        "Maintenance_Station": "Moyo",
        "Maintenance_Region": "Northern",
        "Bridge_Condition_Score": 53.5,
        "Scour_Vulnerability_Index": 36.0,
        "Deck_Condition_Rating": "Fair",
        "Substructure_Deficit_Score": 46.5,
        "Structure_Type": "Reinforced Concrete Girder / Steel Truss",
        "Year_Constructed": 2011
      }
    },
    {
      "type": "Feature",
      "geometry": {
        "type": "Point",
        "coordinates": [
          33.17,
          2.27
        ]
      },
      "properties": {
        "Bridge_Number": "B761",
        "Bridge_Name": "ALOI BRIDGE",
        "Link_Number": "C650_Link01",
        "River_Crossing": "ALOI RIVER",
        "Maintenance_Station": "Lira",
        "Maintenance_Region": "Northern",
        "Bridge_Condition_Score": 53.5,
        "Scour_Vulnerability_Index": 37.0,
        "Deck_Condition_Rating": "Fair",
        "Substructure_Deficit_Score": 46.5,
        "Structure_Type": "Reinforced Concrete Girder / Steel Truss",
        "Year_Constructed": 2012
      }
    },
    {
      "type": "Feature",
      "geometry": {
        "type": "Point",
        "coordinates": [
          33.35,
          3.35
        ]
      },
      "properties": {
        "Bridge_Number": "B762",
        "Bridge_Name": "NAMUKORA BRIDGE",
        "Link_Number": "C678_Link01",
        "River_Crossing": "PAGER RIVER",
        "Maintenance_Station": "Kitgum",
        "Maintenance_Region": "Northern",
        "Bridge_Condition_Score": 53.5,
        "Scour_Vulnerability_Index": 38.0,
        "Deck_Condition_Rating": "Fair",
        "Substructure_Deficit_Score": 46.5,
        "Structure_Type": "Reinforced Concrete Girder / Steel Truss",
        "Year_Constructed": 2013
      }
    },
    {
      "type": "Feature",
      "geometry": {
        "type": "Point",
        "coordinates": [
          30.91,
          3.01
        ]
      },
      "properties": {
        "Bridge_Number": "B763",
        "Bridge_Name": "ENYAU",
        "Link_Number": "C751_Link01",
        "River_Crossing": "ENYAU",
        "Maintenance_Station": "Arua",
        "Maintenance_Region": "Northern",
        "Bridge_Condition_Score": 53.5,
        "Scour_Vulnerability_Index": 39.0,
        "Deck_Condition_Rating": "Fair",
        "Substructure_Deficit_Score": 46.5,
        "Structure_Type": "Reinforced Concrete Girder / Steel Truss",
        "Year_Constructed": 2014
      }
    },
    {
      "type": "Feature",
      "geometry": {
        "type": "Point",
        "coordinates": [
          31.75,
          2.85
        ]
      },
      "properties": {
        "Bridge_Number": "B764",
        "Bridge_Name": "Bridge B764",
        "Link_Number": "C686_Link02",
        "River_Crossing": "Local Waterway",
        "Maintenance_Station": "Gulu",
        "Maintenance_Region": "Northern",
        "Bridge_Condition_Score": 48.5,
        "Scour_Vulnerability_Index": 40.0,
        "Deck_Condition_Rating": "Poor",
        "Substructure_Deficit_Score": 51.5,
        "Structure_Type": "Reinforced Concrete Girder / Steel Truss",
        "Year_Constructed": 2015
      }
    },
    {
      "type": "Feature",
      "geometry": {
        "type": "Point",
        "coordinates": [
          31.73,
          2.85
        ]
      },
      "properties": {
        "Bridge_Number": "B765",
        "Bridge_Name": "Bridge B765",
        "Link_Number": "C686_Link02",
        "River_Crossing": "Local Waterway",
        "Maintenance_Station": "Gulu",
        "Maintenance_Region": "Northern",
        "Bridge_Condition_Score": 48.5,
        "Scour_Vulnerability_Index": 41.0,
        "Deck_Condition_Rating": "Poor",
        "Substructure_Deficit_Score": 51.5,
        "Structure_Type": "Reinforced Concrete Girder / Steel Truss",
        "Year_Constructed": 2016
      }
    },
    {
      "type": "Feature",
      "geometry": {
        "type": "Point",
        "coordinates": [
          31.71,
          2.86
        ]
      },
      "properties": {
        "Bridge_Number": "B766",
        "Bridge_Name": "Bridge B766",
        "Link_Number": "C686_Link02",
        "River_Crossing": "Local Waterway",
        "Maintenance_Station": "Gulu",
        "Maintenance_Region": "Northern",
        "Bridge_Condition_Score": 48.5,
        "Scour_Vulnerability_Index": 42.0,
        "Deck_Condition_Rating": "Poor",
        "Substructure_Deficit_Score": 51.5,
        "Structure_Type": "Reinforced Concrete Girder / Steel Truss",
        "Year_Constructed": 2017
      }
    },
    {
      "type": "Feature",
      "geometry": {
        "type": "Point",
        "coordinates": [
          29.95,
          0.12
        ]
      },
      "properties": {
        "Bridge_Number": "B560",
        "Bridge_Name": "Bridge B560",
        "Link_Number": "C513_Link02",
        "River_Crossing": "DUNGULUHA",
        "Maintenance_Station": "Kasese",
        "Maintenance_Region": "Southern",
        "Bridge_Condition_Score": 48.5,
        "Scour_Vulnerability_Index": 43.0,
        "Deck_Condition_Rating": "Poor",
        "Substructure_Deficit_Score": 51.5,
        "Structure_Type": "Reinforced Concrete Girder / Steel Truss",
        "Year_Constructed": 2018
      }
    },
    {
      "type": "Feature",
      "geometry": {
        "type": "Point",
        "coordinates": [
          29.87,
          -0.87
        ]
      },
      "properties": {
        "Bridge_Number": "B561",
        "Bridge_Name": "BIRARA BRIDGE",
        "Link_Number": "C459_Link01",
        "River_Crossing": "BIRARA",
        "Maintenance_Station": "Kabale",
        "Maintenance_Region": "Southern",
        "Bridge_Condition_Score": 48.5,
        "Scour_Vulnerability_Index": 44.0,
        "Deck_Condition_Rating": "Poor",
        "Substructure_Deficit_Score": 51.5,
        "Structure_Type": "Reinforced Concrete Girder / Steel Truss",
        "Year_Constructed": 2019
      }
    },
    {
      "type": "Feature",
      "geometry": {
        "type": "Point",
        "coordinates": [
          31.38,
          1.71
        ]
      },
      "properties": {
        "Bridge_Number": "B635",
        "Bridge_Name": "WAAKI BRIDGE",
        "Link_Number": "C590_Link01",
        "River_Crossing": "WAAKI RIVER",
        "Maintenance_Station": "Hoima",
        "Maintenance_Region": "Western",
        "Bridge_Condition_Score": 78.5,
        "Scour_Vulnerability_Index": 45.0,
        "Deck_Condition_Rating": "Good",
        "Substructure_Deficit_Score": 21.5,
        "Structure_Type": "Reinforced Concrete Girder / Steel Truss",
        "Year_Constructed": 1985
      }
    },
    {
      "type": "Feature",
      "geometry": {
        "type": "Point",
        "coordinates": [
          0.42,
          30.25
        ]
      },
      "properties": {
        "Bridge_Number": "B638",
        "Bridge_Name": "SONJA",
        "Link_Number": "C557_Link01",
        "River_Crossing": "SONJA",
        "Maintenance_Station": "Fort Portal",
        "Maintenance_Region": "Western",
        "Bridge_Condition_Score": 78.5,
        "Scour_Vulnerability_Index": 46.0,
        "Deck_Condition_Rating": "Good",
        "Substructure_Deficit_Score": 21.5,
        "Structure_Type": "Reinforced Concrete Girder / Steel Truss",
        "Year_Constructed": 1986
      }
    },
    {
      "type": "Feature",
      "geometry": {
        "type": "Point",
        "coordinates": [
          30.01,
          0.69
        ]
      },
      "properties": {
        "Bridge_Number": "B639",
        "Bridge_Name": "BURYAMBWA",
        "Link_Number": "C545_Link01",
        "River_Crossing": "BURYAMBWA",
        "Maintenance_Station": "Fort Portal",
        "Maintenance_Region": "Western",
        "Bridge_Condition_Score": 78.5,
        "Scour_Vulnerability_Index": 47.0,
        "Deck_Condition_Rating": "Good",
        "Substructure_Deficit_Score": 21.5,
        "Structure_Type": "Reinforced Concrete Girder / Steel Truss",
        "Year_Constructed": 1987
      }
    }
  ]
}