{
  "type": "FeatureCollection",
  "name": "districts",
  "crs": {
    "type": "name",
    "properties": {
      "name": "urn:ogc:def:crs:OGC:1.3:CRS84"
    }
  },
  "features": [
    {
      "type": "Feature",
      "properties": {
        "Objectid": 1,
        "Dist": "Abim",
        "Shape Length": 263751.16,
        "Shape Area": 2351759429.39,
        "Count": "Ug"
      },
      "geometry": {
        "type": "Polygon",
        "coordinates": [
          [
            [
              33.965783159710625,
              2.616690355463827
            ],
            [
              33.98641845370974,
              2.570761581706371
            ],
            [
              34.01444392667218,
              2.533937197639015
            ],
            [
              34.03297242395139,
              2.522171104715007
            ],
            [
              34.036832491360066,
              2.498348706079436
            ],
            [
              33.97795050607121,
              2.504729880402178
            ],
            [
              33.911082356254674,
              2.492777541797571
            ],
            [
              33.89399492034584,
              2.501420149175225
            ],
            [
              33.888365664997295,
              2.495227242102585
            ],
            [
              33.81032676712187,
              2.508664546258859
            ],
            [
              33.77413376977878,
              2.50201445399891
            ],
            [
              33.70237236606849,
              2.457260401952809
            ],
            [
              33.650234827185336,
              2.453888580783669
            ],
            [
              33.64715401123437,
              2.476277833485097
            ],
            [
              33.593258686630634,
              2.510927604337353
            ],
            [
              33.575289941493914,
              2.54136448565436
            ],
            [
              33.55321576842394,
              2.558860515564336
            ],
            [
              33.54245452328535,
              2.598699605978412
            ],
            [
              33.53298064766199,
              2.603729615993893
            ],
            [
              33.53866898286259,
              2.623424066643317
            ],
            [
              33.52834099803535,
              2.628396217117873
            ],
            [
              33.52139597261504,
              2.672086615080908
            ],
            [
              33.538232597604406,
              2.717090737854449
            ],
            [
              33.571746181324244,
              2.759624782873575
            ],
            [
              33.603433209843246,
              2.785593602397506
            ],
            [
              33.605460738725085,
              2.860340357029259
            ],
            [
              33.60424873643136,
              2.870604161628402
            ],
            [
              33.57698210884626,
              2.881216345534993
            ],
            [
              33.57056775156208,
              2.933958595421193
            ],
            [
              33.580578135112326,
              2.954092762106539
            ],
            [
              33.559479767578964,
              3.148922081364665
            ],
            [
              33.58099460925539,
              3.149123821834153
            ],
            [
              33.613522613208694,
              3.130622354183257
            ],
            [
              33.64180172308262,
              3.139413629847827
            ],
            [
              33.70434030693103,
              3.134641684381079
            ],
            [
              33.66069509249186,
              3.061276467581527
            ],
            [
              33.68696722451964,
              3.05365576209392
            ],
            [
              33.7213108172697,
              3.021687155060749
            ],
            [
              33.724416646804606,
              2.984490780450293
            ],
            [
              33.75213339811616,
              2.965576526230111
            ],
            [
              33.80406880073811,
              2.98343691901604
            ],
            [
              33.86584461686675,
              2.943802087401309
            ],
            [
              33.8747818806056,
              2.894977594599024
            ],
            [
              33.895385785589355,
              2.861028599292898
            ],
            [
              33.89208974547077,
              2.810890159362434
            ],
            [
              33.90429797930126,
              2.790706365292374
            ],
            [
              33.88591349194414,
              2.732758735982912
            ],
            [
              33.88090784118791,
              2.670454806322223
            ],
            [
              33.965783159710625,
              2.616690355463827
            ]
          ]
        ]
      }
    },
    {
      "type": "Feature",
      "properties": {
        "Objectid": 2,
        "Dist": "Adjumani",
        "Shape Length": 285514.84,
        "Shape Area": 3088839547.1,
        "Count": "Ug"
      },
      "geometry": {
        "type": "Polygon",
        "coordinates": [
          [
            [
              32.06237894232241,
              3.580027436428746
            ],
            [
              32.05646232865143,
              3.568017655010769
            ],
            [
              32.063622207800684,
              3.499743260857987
            ],
            [
              32.05169289544647,
              3.447267175737981
            ],
            [
              32.057500033038,
              3.409884782709676
            ],
            [
              32.01741355929417,
              3.411135802976459
            ],
            [
              32.02997852977484,
              3.39245736077778
            ],
            [
              32.028325051510556,
              3.364292769876053
            ],
            [
              32.04363272646961,
              3.339321055367491
            ],
            [
              32.03044780686449,
              3.332742009125736
            ],
            [
              32.03212718412143,
              3.318132313798791
            ],
            [
              32.00657154460941,
              3.288487597693915
            ],
            [
              32.00868948467669,
              3.218530607430074
            ],
            [
              31.97056090758681,
              3.181902088712899
            ],
            [
              31.95934109253909,
              3.12403653006849
            ],
            [
              31.930585640037027,
              3.085804624693487
            ],
            [
              31.920655624296405,
              3.043165573287931
            ],
            [
              31.90065988744239,
              3.00783928609485
            ],
            [
              31.90240859350056,
              2.993369935538587
            ],
            [
              31.890113433849912,
              2.97557378867665
            ],
            [
              31.768920555308448,
              2.970319536482102
            ],
            [
              31.64309422891779,
              2.936541003801258
            ],
            [
              31.634671967796194,
              2.943897943854571
            ],
            [
              31.614054114244297,
              2.937187300895083
            ],
            [
              31.591907180072596,
              2.946417204654221
            ],
            [
              31.540768882763135,
              2.878226498823222
            ],
            [
              31.515413209934888,
              2.880886200415238
            ],
            [
              31.48467320960321,
              2.91330254427536
            ],
            [
              31.47575415444916,
              2.907456509870021
            ],
            [
              31.463404108879114,
              2.922080525445474
            ],
            [
              31.456716303115513,
              2.916686150484697
            ],
            [
              31.423989841139722,
              2.939639153675067
            ],
            [
              31.401755381384465,
              2.982519608486869
            ],
            [
              31.430115759602003,
              3.002330486807062
            ],
            [
              31.45466677166727,
              3.033777474004993
            ],
            [
              31.47850687172063,
              3.035512213558893
            ],
            [
              31.47760552539533,
              3.066820030650057
            ],
            [
              31.561892036614147,
              3.19290237315286
            ],
            [
              31.571655341693752,
              3.221644267195279
            ],
            [
              31.563192912681274,
              3.250097525251696
            ],
            [
              31.580421753974466,
              3.263781109560846
            ],
            [
              31.58699966780605,
              3.300079505270262
            ],
            [
              31.60595421700143,
              3.323092056584332
            ],
            [
              31.605830155569993,
              3.348475086048554
            ],
            [
              31.625714544257175,
              3.357572947692089
            ],
            [
              31.651016647922123,
              3.385490509102599
            ],
            [
              31.657555002726205,
              3.396696406530662
            ],
            [
              31.652581473168084,
              3.433338422437702
            ],
            [
              31.681010971864094,
              3.45762286069623
            ],
            [
              31.707173782366286,
              3.496838230186793
            ],
            [
              31.751477111861448,
              3.496965290391188
            ],
            [
              31.817737720117726,
              3.548862615328014
            ],
            [
              31.844295647549536,
              3.545164170417845
            ],
            [
              31.87074297265367,
              3.518499194602411
            ],
            [
              31.917466668445496,
              3.508837272877638
            ],
            [
              31.94938264274457,
              3.524290681863179
            ],
            [
              31.950985225171166,
              3.545845560754086
            ],
            [
              31.9707267590581,
              3.5691240940338
            ],
            [
              32.03415806691623,
              3.583000083099238
            ],
            [
              32.04466750704912,
              3.592352866446974
            ],
            [
              32.06237894232241,
              3.580027436428746
            ]
          ]
        ]
      }
    },
    {
      "type": "Feature",
      "properties": {
        "Objectid": 3,
        "Dist": "Agago",
        "Shape Length": 349123.06,
        "Shape Area": 3494088427.66,
        "Count": "Ug"
      },
      "geometry": {
        "type": "Polygon",
        "coordinates": [
          [
            [
              33.40285341375291,
              3.30316235073383
            ],
            [
              33.48464040710824,
              3.297634123890461
            ],
            [
              33.486292321227886,
              3.286457434105867
            ],
            [
              33.49933858432495,
              3.276855968134933
            ],
            [
              33.55052020601598,
              3.28146196956818
            ],
            [
              33.57090872098914,
              3.001858276140903
            ],
            [
              33.580578135109505,
              2.954092756678569
            ],
            [
              33.57056775157034,
              2.933958611705106
            ],
            [
              33.576982111542804,
              2.881216340105656
            ],
            [
              33.60424873642994,
              2.870604158914417
            ],
            [
              33.60546074141766,
              2.860340344362622
            ],
            [
              33.60343320984187,
              2.785593599683515
            ],
            [
              33.571746181324244,
              2.759624782873575
            ],
            [
              33.53823260030333,
              2.717090737853241
            ],
            [
              33.52139597261504,
              2.672086615080908
            ],
            [
              33.52821743594326,
              2.628751734057756
            ],
            [
              33.53866898286143,
              2.623424063929304
            ],
            [
              33.539449396191124,
              2.609302649034514
            ],
            [
              33.503122440014764,
              2.587651727879916
            ],
            [
              33.475008139119296,
              2.596691698808235
            ],
            [
              33.44381297939139,
              2.590891062889785
            ],
            [
              33.4439440807961,
              2.612024073818255
            ],
            [
              33.435242024884204,
              2.618114662009047
            ],
            [
              33.44121889089162,
              2.627283835155863
            ],
            [
              33.43172148919188,
              2.633641319209653
            ],
            [
              33.41077444407813,
              2.595301316074169
            ],
            [
              33.31492714171196,
              2.61202771201003
            ],
            [
              33.29132904707366,
              2.595894563472489
            ],
            [
              33.20686711229777,
              2.598528036364606
            ],
            [
              33.183288554795666,
              2.5853994218863
            ],
            [
              33.15743230931231,
              2.619118593114103
            ],
            [
              33.10056163733902,
              2.59920537870544
            ],
            [
              33.086091267688516,
              2.63666936633143
            ],
            [
              33.090319433783286,
              2.647143540678231
            ],
            [
              33.078091706270165,
              2.667534849551035
            ],
            [
              33.06602130402528,
              2.669803691484657
            ],
            [
              33.03579523223524,
              2.715999812352368
            ],
            [
              33.01291250570709,
              2.732189127007527
            ],
            [
              33.03624354277812,
              2.80493745429209
            ],
            [
              33.052872761350386,
              2.82168094775352
            ],
            [
              33.02001252490427,
              2.839737744257905
            ],
            [
              33.023238487049625,
              2.847912270728991
            ],
            [
              33.0332254542448,
              2.847971872281278
            ],
            [
              33.03630814584825,
              2.838073702324206
            ],
            [
              33.046103655706894,
              2.849220982414607
            ],
            [
              33.052090784497686,
              2.842889316484933
            ],
            [
              33.059256865441576,
              2.847867923885836
            ],
            [
              33.063207946615655,
              2.832045165281059
            ],
            [
              33.08382365570473,
              2.82220562609548
            ],
            [
              33.1002884923081,
              2.854435839330517
            ],
            [
              33.12730636820141,
              2.827192554128592
            ],
            [
              33.151270056140056,
              2.84714135062873
            ],
            [
              33.15881616159436,
              2.842544385178764
            ],
            [
              33.150723461098,
              2.854514077900216
            ],
            [
              33.1544389924784,
              2.866889119752847
            ],
            [
              33.196460339506025,
              2.947457241928008
            ],
            [
              33.205718282039165,
              2.991990530005788
            ],
            [
              33.22614400383906,
              2.991125440869773
            ],
            [
              33.2166416653981,
              3.025793988732772
            ],
            [
              33.140098663984205,
              3.029328728083128
            ],
            [
              33.13127142158744,
              3.073604949897451
            ],
            [
              33.138945737240384,
              3.118813008352911
            ],
            [
              33.13264376369027,
              3.147745384555757
            ],
            [
              33.142419063656064,
              3.165143543854144
            ],
            [
              33.14075687139778,
              3.181397236464754
            ],
            [
              33.179987631441676,
              3.181945962769563
            ],
            [
              33.21133323144529,
              3.170740030327965
            ],
            [
              33.24629254338454,
              3.172184878460023
            ],
            [
              33.282786200472565,
              3.185426512404133
            ],
            [
              33.33649299406382,
              3.181783580516552
            ],
            [
              33.311480364408425,
              3.204842148960669
            ],
            [
              33.30322628977371,
              3.234502442828183
            ],
            [
              33.32827836515234,
              3.255241926236697
            ],
            [
              33.37352184825854,
              3.274507372942862
            ],
            [
              33.40285341375291,
              3.30316235073383
            ]
          ]
        ]
      }
    },
    {
      "type": "Feature",
      "properties": {
        "Objectid": 4,
        "Dist": "Alebtong",
        "Shape Length": 323198.67,
        "Shape Area": 1526220583.39,
        "Count": "Ug"
      },
      "geometry": {
        "type": "Polygon",
        "coordinates": [
          [
            [
              33.031527312863886,
              2.505700748084204
            ],
            [
              33.04547941312119,
              2.487073950497791
            ],
            [
              33.05744565391572,
              2.503377943899985
            ],
            [
              33.072951281876456,
              2.500037891804508
            ],
            [
              33.07117589487389,
              2.489513717786306
            ],
            [
              33.083310680406804,
              2.495256288227806
            ],
            [
              33.090305419934936,
              2.489225372396412
            ],
            [
              33.0878776105911,
              2.475154453225808
            ],
            [
              33.10286786229079,
              2.486065629040275
            ],
            [
              33.103438035177525,
              2.47515332299703
            ],
            [
              33.116144681716726,
              2.490659157192151
            ],
            [
              33.128279095866844,
              2.490801603706774
            ],
            [
              33.12649359648475,
              2.479961312684523
            ],
            [
              33.147479799473174,
              2.489004798947089
            ],
            [
              33.135771688096284,
              2.469335301981715
            ],
            [
              33.150332890629265,
              2.470769552345204
            ],
            [
              33.13539553099859,
              2.448151229520738
            ],
            [
              33.15503954584221,
              2.458532941782736
            ],
            [
              33.15983493588814,
              2.448911223056629
            ],
            [
              33.14495924553066,
              2.430571161499361
            ],
            [
              33.15387561861957,
              2.426820952650025
            ],
            [
              33.17306464561828,
              2.45280580618835
            ],
            [
              33.19064314774859,
              2.456001265605568
            ],
            [
              33.18252882829198,
              2.446004506045432
            ],
            [
              33.18512200869466,
              2.435160846628051
            ],
            [
              33.17265904904677,
              2.424613249147593
            ],
            [
              33.18501973858944,
              2.418815714041683
            ],
            [
              33.18023440711671,
              2.407104914917501
            ],
            [
              33.18781597141992,
              2.405469727584672
            ],
            [
              33.19937103867434,
              2.418450526335107
            ],
            [
              33.21647336468764,
              2.406146351316452
            ],
            [
              33.22098563799586,
              2.40187866604805
            ],
            [
              33.213898202935866,
              2.388307245106177
            ],
            [
              33.22648831541503,
              2.382994238628386
            ],
            [
              33.21917564688074,
              2.371556363145206
            ],
            [
              33.23262397754821,
              2.371917294367811
            ],
            [
              33.23542385759318,
              2.383265080997071
            ],
            [
              33.247427763649036,
              2.381356460450914
            ],
            [
              33.245878644040275,
              2.357263215391167
            ],
            [
              33.254397777878694,
              2.356318905860015
            ],
            [
              33.24979708528323,
              2.346061067984423
            ],
            [
              33.27721820784587,
              2.350114792053137
            ],
            [
              33.289807291381386,
              2.341897470151567
            ],
            [
              33.287569121598985,
              2.330554918104298
            ],
            [
              33.296826394247056,
              2.331965285351159
            ],
            [
              33.29565805466267,
              2.320954417116383
            ],
            [
              33.30325035377369,
              2.326386550711883
            ],
            [
              33.30911463406187,
              2.318904895257279
            ],
            [
              33.313066624855765,
              2.326851170072822
            ],
            [
              33.32060937553871,
              2.32318707196324
            ],
            [
              33.32457341357665,
              2.331456425757417
            ],
            [
              33.331116636119376,
              2.32762496147607
            ],
            [
              33.35389307590016,
              2.339563978856146
            ],
            [
              33.37564005067561,
              2.327015312219201
            ],
            [
              33.39874717401885,
              2.329354742777257
            ],
            [
              33.430966337305506,
              2.363778270438126
            ],
            [
              33.48814555705069,
              2.352367961468484
            ],
            [
              33.53453847986949,
              2.352844309184154
            ],
            [
              33.54397663557914,
              2.329326436317686
            ],
            [
              33.546297240530734,
              2.280615864657487
            ],
            [
              33.50088050435237,
              2.246912718525272
            ],
            [
              33.49167951330563,
              2.231161290833556
            ],
            [
              33.443928183975565,
              2.246315945369008
            ],
            [
              33.44238802214596,
              2.229317846023557
            ],
            [
              33.47839678717929,
              2.198158959690624
            ],
            [
              33.466408386034665,
              2.156383419288302
            ],
            [
              33.455867104255915,
              2.144302590171991
            ],
            [
              33.455240942249084,
              2.127818939857621
            ],
            [
              33.43738944998961,
              2.111095169753852
            ],
            [
              33.415910728067345,
              2.142882769394713
            ],
            [
              33.402036838819654,
              2.123371493544357
            ],
            [
              33.36430579246704,
              2.103924838696652
            ],
            [
              33.34762461811497,
              2.063356847766121
            ],
            [
              33.360583147666084,
              2.048279747461492
            ],
            [
              33.36446117635128,
              2.027015662060795
            ],
            [
              33.34867420841661,
              2.030747118919922
            ],
            [
              33.32559729186822,
              2.052353893122211
            ],
            [
              33.29033570709238,
              2.038843002103333
            ],
            [
              33.287423218802495,
              2.050248886746056
            ],
            [
              33.26478381715002,
              2.065794175382955
            ],
            [
              33.26055437959631,
              2.082507147211262
            ],
            [
              33.19446141015925,
              2.09050845958548
            ],
            [
              33.1726067905488,
              2.107822992071706
            ],
            [
              33.14966246454343,
              2.103125079721382
            ],
            [
              33.13554278859808,
              2.108606185685151
            ],
            [
              33.135264947488956,
              2.131092733649179
            ],
            [
              33.103669130187335,
              2.16692276745787
            ],
            [
              33.11738797353466,
              2.173512439072595
            ],
            [
              33.156153750269766,
              2.16984190420353
            ],
            [
              33.162197941393096,
              2.188394180787657
            ],
            [
              33.142795518021785,
              2.207548668383567
            ],
            [
              33.14061517396333,
              2.246256474505066
            ],
            [
              33.134095208178145,
              2.252708378311265
            ],
            [
              33.1263602358957,
              2.245039249272628
            ],
            [
              33.107271060810554,
              2.249812669388178
            ],
            [
              33.11628416857663,
              2.266028916187596
            ],
            [
              33.096706693612525,
              2.288618921395368
            ],
            [
              33.08336160140891,
              2.343397240052718
            ],
            [
              33.07136878688321,
              2.33000994056323
            ],
            [
              33.03850264364542,
              2.327621567168695
            ],
            [
              32.999838621132774,
              2.304607014523941
            ],
            [
              32.98930379068639,
              2.351431497754934
            ],
            [
              32.98017782299577,
              2.359000953339093
            ],
            [
              32.98191992903474,
              2.394459644394759
            ],
            [
              33.025502382651595,
              2.441677824975355
            ],
            [
              33.010202232925316,
              2.497682044413946
            ],
            [
              33.031527312863886,
              2.505700748084204
            ]
          ]
        ]
      }
    },
    {
      "type": "Feature",
      "properties": {
        "Objectid": 5,
        "Dist": "Amolatar",
        "Shape Length": 214240.94,
        "Shape Area": 1756162113.18,
        "Count": "Ug"
      },
      "geometry": {
        "type": "Polygon",
        "coordinates": [
          [
            [
              32.90139674717462,
              1.805699801869058
            ],
            [
              32.94044736881885,
              1.813367769701284
            ],
            [
              32.9599192395941,
              1.803900985521672
            ],
            [
              32.9754026713003,
              1.781713559937658
            ],
            [
              32.988714214544544,
              1.726007137466443
            ],
            [
              32.999938689479286,
              1.712277686379741
            ],
            [
              32.99646658194603,
              1.671406847459125
            ],
            [
              32.945224597638365,
              1.6419862671106
            ],
            [
              32.96684840406436,
              1.611593436534304
            ],
            [
              32.973680054120344,
              1.477189588627189
            ],
            [
              32.85034025653953,
              1.47904470012062
            ],
            [
              32.65621048233239,
              1.437306007370689
            ],
            [
              32.6264495823165,
              1.43780034209625
            ],
            [
              32.58062467662017,
              1.484260649913241
            ],
            [
              32.562502791684594,
              1.515201601243296
            ],
            [
              32.51047956830232,
              1.521633500839867
            ],
            [
              32.497821729007185,
              1.537859059279368
            ],
            [
              32.410662523420946,
              1.590379928908528
            ],
            [
              32.37728509793026,
              1.595526258436194
            ],
            [
              32.32506575711738,
              1.619870944096688
            ],
            [
              32.31254916375787,
              1.643221449989974
            ],
            [
              32.35837077441083,
              1.650863815168677
            ],
            [
              32.401401302263814,
              1.685617689218453
            ],
            [
              32.431153576770406,
              1.689903829767629
            ],
            [
              32.46516407400244,
              1.679389815487959
            ],
            [
              32.59292780163059,
              1.610100427245591
            ],
            [
              32.6295560383761,
              1.642704398124644
            ],
            [
              32.64001214002716,
              1.679674124645022
            ],
            [
              32.75060688844496,
              1.774476900964693
            ],
            [
              32.798337540483956,
              1.826091192460359
            ],
            [
              32.821584975554785,
              1.836170689092623
            ],
            [
              32.87562930018889,
              1.810021295413308
            ],
            [
              32.90139674717462,
              1.805699801869058
            ]
          ]
        ]
      }
    },
    {
      "type": "Feature",
      "properties": {
        "Objectid": 6,
        "Dist": "Amudat",
        "Shape Length": 300325.02,
        "Shape Area": 1615879952.16,
        "Count": "Ug"
      },
      "geometry": {
        "type": "Polygon",
        "coordinates": [
          [
            [
              34.78745143429547,
              1.363596402232702
            ],
            [
              34.777537856439814,
              1.393572480782784
            ],
            [
              34.71881088912698,
              1.442396007440207
            ],
            [
              34.720098053822916,
              1.466943144487102
            ],
            [
              34.726086971093665,
              1.46961462070844
            ],
            [
              34.71149974696371,
              1.478460352496924
            ],
            [
              34.71161660109606,
              1.498875655704441
            ],
            [
              34.70199258829059,
              1.501230730329834
            ],
            [
              34.699940583127045,
              1.524201257424353
            ],
            [
              34.65923845352157,
              1.523666455329225
            ],
            [
              34.65551406282644,
              1.533891123692952
            ],
            [
              34.63071343226727,
              1.546071858351471
            ],
            [
              34.622974056938986,
              1.568820628432721
            ],
            [
              34.630870228071615,
              1.576943681233902
            ],
            [
              34.691239665692045,
              1.568752753725934
            ],
            [
              34.71343601202987,
              1.584162684124821
            ],
            [
              34.72453072013876,
              1.583424263660225
            ],
            [
              34.740525335312576,
              1.613149257307315
            ],
            [
              34.80809677385764,
              1.643875664066602
            ],
            [
              34.82003133593214,
              1.687330355068648
            ],
            [
              34.818879493171515,
              1.712821819937118
            ],
            [
              34.84683591870067,
              1.727045768895483
            ],
            [
              34.83618977942978,
              1.749074047207615
            ],
            [
              34.862865399695536,
              1.789148015566642
            ],
            [
              34.86308024876949,
              1.82654377095589
            ],
            [
              34.85210491189556,
              1.861201038700123
            ],
            [
              34.83212818601401,
              1.883410046521101
            ],
            [
              34.82841582258643,
              1.934794881579276
            ],
            [
              34.873971916795384,
              2.004039418111694
            ],
            [
              34.855323494292634,
              2.028958094454067
            ],
            [
              34.85304715573878,
              2.056783725524003
            ],
            [
              34.802291860823125,
              2.107890295945076
            ],
            [
              34.79771928947817,
              2.122603746285172
            ],
            [
              34.80699491147778,
              2.123256084296921
            ],
            [
              34.8247923812779,
              2.143726886587874
            ],
            [
              34.83039823260942,
              2.176490115647392
            ],
            [
              34.85191879542165,
              2.199349690473213
            ],
            [
              34.8467342101025,
              2.218494990790227
            ],
            [
              34.86925640399226,
              2.235135337434821
            ],
            [
              34.86856892361576,
              2.249079401519555
            ],
            [
              34.88245027373264,
              2.25263078941697
            ],
            [
              34.88983698391576,
              2.273277363113877
            ],
            [
              34.90558759349503,
              2.268892070306832
            ],
            [
              34.922788776525174,
              2.285619963609598
            ],
            [
              34.934834706301466,
              2.282670528082838
            ],
            [
              34.98048548965801,
              2.050986510130018
            ],
            [
              34.98530037142189,
              1.982442680973885
            ],
            [
              35.00095098059974,
              1.959683190108659
            ],
            [
              35.001053625544436,
              1.755821213240074
            ],
            [
              34.991984960331116,
              1.661630182852927
            ],
            [
              34.94441552235632,
              1.5738836264403
            ],
            [
              34.90734805111133,
              1.550312727404879
            ],
            [
              34.89097655384818,
              1.552533967049798
            ],
            [
              34.86482208668065,
              1.52561823355041
            ],
            [
              34.84498362449976,
              1.454386330702821
            ],
            [
              34.795013644511776,
              1.411884394924034
            ],
            [
              34.80724288500257,
              1.381108554073387
            ],
            [
              34.78745143429547,
              1.363596402232702
            ]
          ]
        ]
      }
    },
    {
      "type": "Feature",
      "properties": {
        "Objectid": 7,
        "Dist": "Amuria",
        "Shape Length": 356534.41,
        "Shape Area": 2585453116.79,
        "Count": "Ug"
      },
      "geometry": {
        "type": "Polygon",
        "coordinates": [
          [
            [
              33.73538658982495,
              2.415491289914624
            ],
            [
              33.910950483872625,
              2.3026736134906
            ],
            [
              33.904044634604865,
              2.279093233178351
            ],
            [
              33.890019264370025,
              2.275617340558742
            ],
            [
              33.887410786854716,
              2.25758594122573
            ],
            [
              33.876367973683706,
              2.247460694161809
            ],
            [
              33.883327568715195,
              2.233693607506718
            ],
            [
              33.88235627397474,
              2.189945371929396
            ],
            [
              33.8939597742635,
              2.18656054275127
            ],
            [
              33.899872390434496,
              2.165740320902828
            ],
            [
              33.89475876077481,
              2.159422109281834
            ],
            [
              33.90367630869448,
              2.148520643162767
            ],
            [
              33.89894396593704,
              2.139062076491657
            ],
            [
              33.910837676721165,
              2.131003828920197
            ],
            [
              33.907173052272725,
              2.121651232118039
            ],
            [
              33.91744828187101,
              2.119423271393677
            ],
            [
              33.90240831651008,
              2.112340228065207
            ],
            [
              33.911285370574774,
              2.102234167325322
            ],
            [
              33.888443858354925,
              2.090260765993702
            ],
            [
              33.892701609836344,
              2.082477686150028
            ],
            [
              33.881489697498566,
              2.070702335429236
            ],
            [
              33.89456693831885,
              2.066439781970321
            ],
            [
              33.897999314018925,
              2.054647979582964
            ],
            [
              33.908169375411795,
              2.054396241087045
            ],
            [
              33.90003688854717,
              2.035819685528615
            ],
            [
              33.88897754791661,
              2.034030330818125
            ],
            [
              33.897843602592516,
              2.018931410761367
            ],
            [
              33.88299399059483,
              2.015135359370721
            ],
            [
              33.88548191587075,
              2.004590314671705
            ],
            [
              33.882696487335565,
              2.007428628621958
            ],
            [
              33.87660868182667,
              2.006521854188619
            ],
            [
              33.89398347615409,
              1.993944293533626
            ],
            [
              33.88912045456768,
              1.991029711639041
            ],
            [
              33.89792363019885,
              1.976058237608746
            ],
            [
              33.8867995384942,
              1.963533969670058
            ],
            [
              33.90166443744742,
              1.945222260024404
            ],
            [
              33.89031500171375,
              1.952553901194603
            ],
            [
              33.894161494327555,
              1.930338013094876
            ],
            [
              33.88432757017273,
              1.92332689496527
            ],
            [
              33.89929172267905,
              1.908620856920277
            ],
            [
              33.858483853341184,
              1.880554939570494
            ],
            [
              33.85743535862679,
              1.888162724166738
            ],
            [
              33.84547979231388,
              1.885155505144565
            ],
            [
              33.847055128949506,
              1.860496696456836
            ],
            [
              33.871293164213775,
              1.831348311286274
            ],
            [
              33.86621488939737,
              1.806130636096758
            ],
            [
              33.87184692714319,
              1.806858965923633
            ],
            [
              33.87166648993382,
              1.7710672871527
            ],
            [
              33.815407050980376,
              1.727146415655962
            ],
            [
              33.810597497918316,
              1.715243687962136
            ],
            [
              33.80447823614158,
              1.724304613401559
            ],
            [
              33.80900304604245,
              1.733908202011479
            ],
            [
              33.79836109825373,
              1.736425316168311
            ],
            [
              33.78965976554394,
              1.755253684681097
            ],
            [
              33.77798750109075,
              1.803908950790174
            ],
            [
              33.73445159104272,
              1.82695540275076
            ],
            [
              33.701511720973485,
              1.869268713067783
            ],
            [
              33.663133622707605,
              1.8926295677471
            ],
            [
              33.6458184841442,
              1.936599713529748
            ],
            [
              33.576856112360424,
              1.955677285264991
            ],
            [
              33.53026600326256,
              2.019541289808209
            ],
            [
              33.502638866803,
              2.011955748798464
            ],
            [
              33.491680101542016,
              2.017911937049071
            ],
            [
              33.46111809002123,
              1.99706370421418
            ],
            [
              33.44668722273655,
              1.960235625373597
            ],
            [
              33.455453694073,
              1.943743231421431
            ],
            [
              33.44082101177224,
              1.928433721270082
            ],
            [
              33.43962606938739,
              1.89617816929115
            ],
            [
              33.414990996434675,
              1.9303691127249
            ],
            [
              33.40713758609483,
              1.980109700815755
            ],
            [
              33.38158403481896,
              1.993171171766489
            ],
            [
              33.360583147666084,
              2.048279747461492
            ],
            [
              33.34773516042,
              2.061985839453602
            ],
            [
              33.36430579246704,
              2.103924838696652
            ],
            [
              33.402036838819654,
              2.123371493544357
            ],
            [
              33.415597731120414,
              2.142791028312038
            ],
            [
              33.43738944998961,
              2.111095169753852
            ],
            [
              33.455240942249084,
              2.127818939857621
            ],
            [
              33.47867026529333,
              2.1962041022449
            ],
            [
              33.47499461643882,
              2.207223051705501
            ],
            [
              33.44238802214596,
              2.229317846023557
            ],
            [
              33.44119761913793,
              2.241071369576198
            ],
            [
              33.44486626343774,
              2.246254385633426
            ],
            [
              33.49167951330563,
              2.231161290833556
            ],
            [
              33.50088050435329,
              2.246912721239315
            ],
            [
              33.546297240530734,
              2.280615864657487
            ],
            [
              33.53579021440112,
              2.356591990024088
            ],
            [
              33.560290153288676,
              2.352268391042604
            ],
            [
              33.56660027136849,
              2.334477135522451
            ],
            [
              33.58269164729562,
              2.326896699286444
            ],
            [
              33.61184355115275,
              2.333753358269774
            ],
            [
              33.63166459492155,
              2.357666767742958
            ],
            [
              33.672776792613085,
              2.354859335768261
            ],
            [
              33.677816320528635,
              2.370788536173838
            ],
            [
              33.73538658982495,
              2.415491289914624
            ]
          ]
        ]
      }
    },
    {
      "type": "Feature",
      "properties": {
        "Objectid": 8,
        "Dist": "Amuru",
        "Shape Length": 497212.75,
        "Shape Area": 3622002014.0,
        "Count": "Ug"
      },
      "geometry": {
        "type": "Polygon",
        "coordinates": [
          [
            [
              31.417987102062554,
              2.952573313192736
            ],
            [
              31.423989841139722,
              2.939639153675067
            ],
            [
              31.456716303115513,
              2.916686150484697
            ],
            [
              31.463404108879114,
              2.922080525445474
            ],
            [
              31.47787487901632,
              2.907010610221551
            ],
            [
              31.48467320960321,
              2.91330254427536
            ],
            [
              31.513715845607514,
              2.881871276407069
            ],
            [
              31.540768882763135,
              2.878226498823222
            ],
            [
              31.591907180072596,
              2.946417204654221
            ],
            [
              31.614054114244297,
              2.937187300895083
            ],
            [
              31.634671967796194,
              2.943897943854571
            ],
            [
              31.64309422891779,
              2.936541003801258
            ],
            [
              31.768920555308448,
              2.970319536482102
            ],
            [
              31.890113433849912,
              2.97557378867665
            ],
            [
              31.90240859350056,
              2.993369935538587
            ],
            [
              31.90065988744239,
              3.00783928609485
            ],
            [
              31.920655624296405,
              3.043165573287931
            ],
            [
              31.930585640037027,
              3.085804624693487
            ],
            [
              31.95934109253909,
              3.12403653006849
            ],
            [
              31.97056090758681,
              3.181902088712899
            ],
            [
              32.00868948467669,
              3.218530607430074
            ],
            [
              32.00657154460941,
              3.288487597693915
            ],
            [
              32.03212718412143,
              3.318132313798791
            ],
            [
              32.03044780686449,
              3.332742009125736
            ],
            [
              32.04363272646961,
              3.339321055367491
            ],
            [
              32.028325051510556,
              3.364292769876053
            ],
            [
              32.02997852977484,
              3.39245736077778
            ],
            [
              32.01741355929417,
              3.411135802976459
            ],
            [
              32.057500033038,
              3.409884782709676
            ],
            [
              32.05169289544647,
              3.447267175737981
            ],
            [
              32.063622207800684,
              3.499743260857987
            ],
            [
              32.05646232865143,
              3.568017655010769
            ],
            [
              32.06240659554867,
              3.580058791157657
            ],
            [
              32.0866429090786,
              3.559667501530209
            ],
            [
              32.085081049643065,
              3.530071884034506
            ],
            [
              32.201171648823916,
              3.504174396332803
            ],
            [
              32.20112026766282,
              3.488019468431295
            ],
            [
              32.21805765665717,
              3.479988806910185
            ],
            [
              32.22763571916397,
              3.439273795271532
            ],
            [
              32.269890186870555,
              3.418317636064189
            ],
            [
              32.27290418345802,
              3.388353160235007
            ],
            [
              32.292600676864694,
              3.342565333867455
            ],
            [
              32.31494513298595,
              3.321709610355091
            ],
            [
              32.3351560585552,
              3.327487148205698
            ],
            [
              32.345810035424996,
              3.32219019456039
            ],
            [
              32.36012815219683,
              3.300925465166715
            ],
            [
              32.364156698547355,
              3.267818427579173
            ],
            [
              32.34545384887363,
              3.266082975430741
            ],
            [
              32.32748865129442,
              3.251077873592382
            ],
            [
              32.3389132197412,
              3.233450866682065
            ],
            [
              32.327687357129896,
              3.233022256735787
            ],
            [
              32.28515902242614,
              3.164867416487219
            ],
            [
              32.279928029425896,
              3.141259022757604
            ],
            [
              32.26355525692486,
              3.130346363136053
            ],
            [
              32.2404959677125,
              3.144114521400243
            ],
            [
              32.25361882833537,
              3.109818452867108
            ],
            [
              32.24394749454531,
              3.100022046045317
            ],
            [
              32.23443228688783,
              3.062408023889292
            ],
            [
              32.226785793915745,
              3.065423288409904
            ],
            [
              32.22822408250592,
              3.001730116649841
            ],
            [
              32.20960090781358,
              3.001183472795908
            ],
            [
              32.18715138462913,
              2.97206267803768
            ],
            [
              32.19191274540104,
              2.901737484782291
            ],
            [
              32.21036570114286,
              2.863856156894566
            ],
            [
              32.21239211380587,
              2.830242302577101
            ],
            [
              32.236452392790135,
              2.768220071489599
            ],
            [
              32.219495720105684,
              2.758425501133627
            ],
            [
              32.19970124813255,
              2.756532266308777
            ],
            [
              32.19172856178096,
              2.779118127561349
            ],
            [
              32.155248278590086,
              2.777653558111051
            ],
            [
              32.13643863180978,
              2.767054769958231
            ],
            [
              32.11394546906319,
              2.802515775116575
            ],
            [
              32.09633228478129,
              2.806227784990756
            ],
            [
              32.07157657920453,
              2.792945704086253
            ],
            [
              32.05066886281513,
              2.799596210388912
            ],
            [
              32.04633686063854,
              2.778659408630326
            ],
            [
              32.028512778811645,
              2.767786914764786
            ],
            [
              32.00087333909785,
              2.78962433178171
            ],
            [
              31.9780857379443,
              2.792531301264118
            ],
            [
              31.95602448687236,
              2.761972852081883
            ],
            [
              31.930393093202824,
              2.785835212094476
            ],
            [
              31.903981982996896,
              2.776811997316754
            ],
            [
              31.83418230287492,
              2.792923082478001
            ],
            [
              31.811434848629986,
              2.782291702824812
            ],
            [
              31.809628717158752,
              2.803010192768572
            ],
            [
              31.784737017999227,
              2.82802323146745
            ],
            [
              31.75320523494824,
              2.834989578747546
            ],
            [
              31.747882477435002,
              2.826645976409184
            ],
            [
              31.742266882153476,
              2.833985199784038
            ],
            [
              31.725883614545914,
              2.827283862276981
            ],
            [
              31.715646053152785,
              2.83197258168153
            ],
            [
              31.707665069247994,
              2.819136133005799
            ],
            [
              31.699756641728396,
              2.823195652060338
            ],
            [
              31.68683676256334,
              2.804826563911726
            ],
            [
              31.671859818125352,
              2.798857845011866
            ],
            [
              31.65997481846867,
              2.801193501468256
            ],
            [
              31.65580663857379,
              2.815770811226138
            ],
            [
              31.641639517722748,
              2.81854428465572
            ],
            [
              31.619331091605694,
              2.80176147382951
            ],
            [
              31.602097998347723,
              2.805142482181961
            ],
            [
              31.59566725382342,
              2.793276812034948
            ],
            [
              31.57970125314318,
              2.790409036627582
            ],
            [
              31.57534510345009,
              2.771910486214005
            ],
            [
              31.56623830528675,
              2.781049515732725
            ],
            [
              31.538115564315895,
              2.759237228711373
            ],
            [
              31.536890918796292,
              2.739155461769962
            ],
            [
              31.527804066598293,
              2.743069710107559
            ],
            [
              31.514362127008997,
              2.722580087531496
            ],
            [
              31.492921037160485,
              2.71535665282607
            ],
            [
              31.48171951472387,
              2.702131412470718
            ],
            [
              31.48033169062301,
              2.684484661444984
            ],
            [
              31.46149227612909,
              2.67517100463462
            ],
            [
              31.442284588154024,
              2.676858374493899
            ],
            [
              31.45403089277871,
              2.701654640200836
            ],
            [
              31.44896721188073,
              2.738858471623955
            ],
            [
              31.432548304347808,
              2.761296334689152
            ],
            [
              31.412631093437046,
              2.761277079358226
            ],
            [
              31.38853316434445,
              2.773089549892625
            ],
            [
              31.361021532767666,
              2.836947524525971
            ],
            [
              31.37488741297238,
              2.858272249434819
            ],
            [
              31.37094930073564,
              2.878420853048559
            ],
            [
              31.379073755912056,
              2.902022027819054
            ],
            [
              31.398386729321185,
              2.922927474501793
            ],
            [
              31.39813577331324,
              2.945525778047594
            ],
            [
              31.417987102062554,
              2.952573313192736
            ]
          ]
        ]
      }
    },
    {
      "type": "Feature",
      "properties": {
        "Objectid": 9,
        "Dist": "Apac",
        "Shape Length": 318146.57,
        "Shape Area": 3252272105.69,
        "Count": "Ug"
      },
      "geometry": {
        "type": "Polygon",
        "coordinates": [
          [
            [
              32.56581210596083,
              2.215552699772088
            ],
            [
              32.59286728628576,
              2.210319020754869
            ],
            [
              32.61821062470031,
              2.173820817868816
            ],
            [
              32.63674283513011,
              2.171775266850597
            ],
            [
              32.64162787351834,
              2.15700607254297
            ],
            [
              32.62850705510761,
              2.140781921974444
            ],
            [
              32.636279096098214,
              2.126294127578017
            ],
            [
              32.64240810013026,
              2.136096865213533
            ],
            [
              32.648849242690844,
              2.130357353552315
            ],
            [
              32.675704648683805,
              2.136381138968562
            ],
            [
              32.69638628779869,
              2.131599560277379
            ],
            [
              32.708787604111336,
              2.149903865228511
            ],
            [
              32.744172269754436,
              2.150227561772904
            ],
            [
              32.756967833824056,
              2.14455096157029
            ],
            [
              32.74761734653607,
              2.135977567756226
            ],
            [
              32.778726982730056,
              2.135030626940602
            ],
            [
              32.79916952892961,
              2.08567135314904
            ],
            [
              32.81329753622373,
              2.097560627865708
            ],
            [
              32.82835259225794,
              2.091815324931537
            ],
            [
              32.8486585538174,
              2.104670015230341
            ],
            [
              32.8600403892332,
              2.078268711048625
            ],
            [
              32.87271814221771,
              2.084636352154925
            ],
            [
              32.89470630422982,
              2.071136176377165
            ],
            [
              32.88787982139578,
              2.045038440519794
            ],
            [
              32.893520619350554,
              2.0153802379319
            ],
            [
              32.860633313394295,
              1.986575514549636
            ],
            [
              32.877593329787864,
              1.96300933774123
            ],
            [
              32.89490153893385,
              1.979990641841221
            ],
            [
              32.915573138479324,
              1.978553120887267
            ],
            [
              32.958486385956874,
              1.940385742673503
            ],
            [
              32.951533518795536,
              1.906774335454222
            ],
            [
              32.955017330173,
              1.876755035125336
            ],
            [
              32.93562906319338,
              1.840141820659946
            ],
            [
              32.94044736881885,
              1.813367769701284
            ],
            [
              32.88765501156937,
              1.806826418270059
            ],
            [
              32.835892089309695,
              1.832933035122445
            ],
            [
              32.812285732887474,
              1.834370279456024
            ],
            [
              32.64001214002716,
              1.679674124645022
            ],
            [
              32.6295560383761,
              1.642704398124644
            ],
            [
              32.592167697264486,
              1.609931388406745
            ],
            [
              32.46516407400244,
              1.679389815487959
            ],
            [
              32.431153576770406,
              1.689903829767629
            ],
            [
              32.401401302262975,
              1.68561769193247
            ],
            [
              32.363485779194995,
              1.653180619752029
            ],
            [
              32.33085379814358,
              1.644881356761071
            ],
            [
              32.31310309622949,
              1.643042740959781
            ],
            [
              32.27660994687508,
              1.66293599088901
            ],
            [
              32.20386609017115,
              1.675314005772863
            ],
            [
              32.1399523136643,
              1.670133809629258
            ],
            [
              32.10532081769054,
              1.647433245656163
            ],
            [
              32.09557519082986,
              1.648212661000237
            ],
            [
              32.1045272978519,
              1.739625676134496
            ],
            [
              32.1313806462573,
              1.748696717210758
            ],
            [
              32.165458650408304,
              1.776426362441689
            ],
            [
              32.207224497220686,
              1.782010276413891
            ],
            [
              32.21775773736503,
              1.793545609876137
            ],
            [
              32.23337853013638,
              1.789693250683208
            ],
            [
              32.27279767717426,
              1.807422680743289
            ],
            [
              32.279885905771245,
              1.837455941865064
            ],
            [
              32.30163761262971,
              1.83716457179314
            ],
            [
              32.341972588202665,
              1.855699463314913
            ],
            [
              32.34234719881695,
              1.923347453976277
            ],
            [
              32.36364092351364,
              1.949698302215255
            ],
            [
              32.358528598089954,
              1.957143792366976
            ],
            [
              32.33791387384766,
              1.95578613034088
            ],
            [
              32.33355321082714,
              1.965181357857033
            ],
            [
              32.35275940859815,
              2.074427021744453
            ],
            [
              32.433930069158734,
              2.075742883752812
            ],
            [
              32.45997213234487,
              2.084283938415555
            ],
            [
              32.486641121500774,
              2.108564068927782
            ],
            [
              32.50813874524363,
              2.108307061420493
            ],
            [
              32.552451581725734,
              2.158294855455539
            ],
            [
              32.56581210596083,
              2.215552699772088
            ]
          ]
        ]
      }
    },
    {
      "type": "Feature",
      "properties": {
        "Objectid": 10,
        "Dist": "Arua",
        "Shape Length": 383991.19,
        "Shape Area": 4353696450.53,
        "Count": "Ug"
      },
      "geometry": {
        "type": "Polygon",
        "coordinates": [
          [
            [
              31.17231198499553,
              3.352947419776107
            ],
            [
              31.203411585659605,
              3.337321924661399
            ],
            [
              31.223705462803903,
              3.312281332194092
            ],
            [
              31.23434430552761,
              3.314343533943114
            ],
            [
              31.251768199052663,
              3.28208433715736
            ],
            [
              31.265087556563746,
              3.28728773819017
            ],
            [
              31.29454118006139,
              3.274053321898803
            ],
            [
              31.30629394152214,
              3.283955450987605
            ],
            [
              31.30812441092411,
              3.270293466159314
            ],
            [
              31.330265394786245,
              3.262237308439489
            ],
            [
              31.34322890916929,
              3.223798404495434
            ],
            [
              31.39862066220501,
              3.21854924571329
            ],
            [
              31.41028099583389,
              3.180821931806869
            ],
            [
              31.47867658948368,
              3.188809799213339
            ],
            [
              31.490462652067528,
              3.172840915284884
            ],
            [
              31.538987041771637,
              3.150654337167112
            ],
            [
              31.524351879880843,
              3.142894848497057
            ],
            [
              31.47760552539533,
              3.066820030650057
            ],
            [
              31.47850687171684,
              3.035512216272044
            ],
            [
              31.45466677166727,
              3.033777474004993
            ],
            [
              31.430115759602003,
              3.002330486807062
            ],
            [
              31.40175538408307,
              2.982519608490807
            ],
            [
              31.418501934618767,
              2.953916234997582
            ],
            [
              31.398135773309363,
              2.945525780760644
            ],
            [
              31.398386729321185,
              2.922927474501793
            ],
            [
              31.379073755908188,
              2.902022030532081
            ],
            [
              31.370949303430095,
              2.878420855765467
            ],
            [
              31.37488741297238,
              2.858272249434819
            ],
            [
              31.36102152287427,
              2.836947524511882
            ],
            [
              31.386702067251353,
              2.776068714773144
            ],
            [
              31.339024719752423,
              2.763714493839488
            ],
            [
              31.325542032424263,
              2.750802376420916
            ],
            [
              31.35658924629033,
              2.711057573577193
            ],
            [
              31.34279001638692,
              2.707782339003996
            ],
            [
              31.34186494855047,
              2.698996850646961
            ],
            [
              31.324265407088276,
              2.689175677609778
            ],
            [
              31.319153793963572,
              2.695765885408647
            ],
            [
              31.30036993697347,
              2.694986814965232
            ],
            [
              31.295075984160686,
              2.676772660623902
            ],
            [
              31.274380607016784,
              2.669740270300238
            ],
            [
              31.26722499932622,
              2.655302663166444
            ],
            [
              31.237296620752193,
              2.637641648874555
            ],
            [
              31.233174367765365,
              2.616828490134633
            ],
            [
              31.2219025740056,
              2.615736230773658
            ],
            [
              31.221438747558715,
              2.601090715545292
            ],
            [
              31.208487993704157,
              2.584908362642027
            ],
            [
              31.125074880641648,
              2.541354359790318
            ],
            [
              31.066806593200795,
              2.550012451164028
            ],
            [
              30.984921527796594,
              2.595611984366387
            ],
            [
              30.98188082840138,
              2.667419279021042
            ],
            [
              30.97666542614387,
              2.687825068442592
            ],
            [
              30.957017374303845,
              2.711954292061965
            ],
            [
              30.94613963604897,
              2.692530492460584
            ],
            [
              30.938317629026457,
              2.693085301454413
            ],
            [
              30.93763934854609,
              2.704779843251402
            ],
            [
              30.91434002679902,
              2.693359196138479
            ],
            [
              30.91185208557973,
              2.670028750831654
            ],
            [
              30.857688235546455,
              2.674995801069561
            ],
            [
              30.792257036608884,
              2.64447395577841
            ],
            [
              30.81140661832259,
              2.692108862758583
            ],
            [
              30.808947402193215,
              2.705973817330764
            ],
            [
              30.82726515375631,
              2.72648130643766
            ],
            [
              30.823481167936297,
              2.747012274062269
            ],
            [
              30.83665921609088,
              2.754040150421389
            ],
            [
              30.83804118039209,
              2.764315527192135
            ],
            [
              30.859939679728498,
              2.770885155205101
            ],
            [
              30.884876440958696,
              2.811432825720217
            ],
            [
              30.89080809892765,
              2.857862289568574
            ],
            [
              30.887981321379588,
              2.87781473918614
            ],
            [
              30.875037171298587,
              2.888239397434318
            ],
            [
              30.867564939412855,
              2.919366701773698
            ],
            [
              30.858165635821425,
              2.925567918787198
            ],
            [
              30.858732632910154,
              2.958953779022484
            ],
            [
              30.826198781262836,
              2.985960521326382
            ],
            [
              30.823308672504783,
              3.001387002829728
            ],
            [
              30.802910459888274,
              3.004100490503182
            ],
            [
              30.7814390175722,
              3.019951265741823
            ],
            [
              30.76872130351003,
              3.049189756400967
            ],
            [
              30.795081869978706,
              3.066393548425224
            ],
            [
              30.8027998982629,
              3.124039488080852
            ],
            [
              30.84360330809383,
              3.123793527678401
            ],
            [
              30.87241676037146,
              3.135345638101816
            ],
            [
              30.883911087347695,
              3.123945015926703
            ],
            [
              30.93832231335214,
              3.123650035122468
            ],
            [
              30.96084163230763,
              3.169360324990118
            ],
            [
              30.96931689402996,
              3.16868525961172
            ],
            [
              30.9788456722632,
              3.186138408039514
            ],
            [
              30.998712106441328,
              3.187880375286738
            ],
            [
              31.003295650904416,
              3.194987086605993
            ],
            [
              30.994825484792443,
              3.215963765403508
            ],
            [
              31.013877593691088,
              3.225298379976214
            ],
            [
              31.010209031844227,
              3.243156937745163
            ],
            [
              31.017985206425234,
              3.246818855554304
            ],
            [
              31.03036445031176,
              3.279462393978692
            ],
            [
              31.052209224204077,
              3.270199240886256
            ],
            [
              31.078304631687065,
              3.278599177209902
            ],
            [
              31.084971861516514,
              3.288344712022328
            ],
            [
              31.10912488837914,
              3.285458300312161
            ],
            [
              31.1255717615021,
              3.293509485414386
            ],
            [
              31.121470662173085,
              3.305557768947099
            ],
            [
              31.138498172879633,
              3.307016201801229
            ],
            [
              31.14514704744817,
              3.347382799016197
            ],
            [
              31.17231198499553,
              3.352947419776107
            ]
          ]
        ]
      }
    },
    {
      "type": "Feature",
      "properties": {
        "Objectid": 11,
        "Dist": "Budaka",
        "Shape Length": 104296.23,
        "Shape Area": 410215344.17,
        "Count": "Ug"
      },
      "geometry": {
        "type": "Polygon",
        "coordinates": [
          [
            [
              33.974513738594176,
              1.189771374345618
            ],
            [
              33.99333762005908,
              1.182459802672494
            ],
            [
              33.996723864871484,
              1.161269896740588
            ],
            [
              34.0066623559999,
              1.152071332521253
            ],
            [
              34.04600375393504,
              1.152007784438667
            ],
            [
              34.07298188938965,
              1.126423290968246
            ],
            [
              34.11183363495403,
              1.119572099494713
            ],
            [
              34.1249023585199,
              1.074657115059775
            ],
            [
              34.10345844775821,
              1.049765818018957
            ],
            [
              34.05162886015177,
              1.033946103174062
            ],
            [
              34.04809800798281,
              1.022160698183883
            ],
            [
              33.98908197636512,
              0.966574671908778
            ],
            [
              33.91997647255039,
              0.936986621847454
            ],
            [
              33.86373014114011,
              0.942733052210204
            ],
            [
              33.87175365865638,
              0.983205112537673
            ],
            [
              33.88638608595263,
              0.990297600170654
            ],
            [
              33.937234837544416,
              1.050541581353093
            ],
            [
              33.92763602995322,
              1.063837204116233
            ],
            [
              33.897554056376116,
              1.063356488452736
            ],
            [
              33.92785727366619,
              1.104620188856182
            ],
            [
              33.93052227540508,
              1.162567230685964
            ],
            [
              33.96299245226401,
              1.160125552496862
            ],
            [
              33.974513738594176,
              1.189771374345618
            ]
          ]
        ]
      }
    },
    {
      "type": "Feature",
      "properties": {
        "Objectid": 12,
        "Dist": "Bududa",
        "Shape Length": 94217.56,
        "Shape Area": 250705791.51,
        "Count": "Ug"
      },
      "geometry": {
        "type": "Polygon",
        "coordinates": [
          [
            [
              34.53780034907335,
              1.113370087423327
            ],
            [
              34.52304742102241,
              1.099595996172238
            ],
            [
              34.503258090121875,
              1.067826543378677
            ],
            [
              34.491880866760816,
              1.02578379165581
            ],
            [
              34.434593365347105,
              1.017025447154564
            ],
            [
              34.42695499163794,
              1.00931694742782
            ],
            [
              34.43366597880455,
              1.002687004865489
            ],
            [
              34.423494792088746,
              0.995175884358163
            ],
            [
              34.403491197602456,
              0.986366639897337
            ],
            [
              34.382491423990814,
              0.992960130666904
            ],
            [
              34.38231491976235,
              0.979642098974647
            ],
            [
              34.359278658140695,
              0.97414382639919
            ],
            [
              34.355612679204675,
              0.998779596832835
            ],
            [
              34.3336925507712,
              1.004702280028215
            ],
            [
              34.31185566321804,
              0.989319771393934
            ],
            [
              34.302216392398215,
              0.97028345870506
            ],
            [
              34.28370177911197,
              0.962538435096929
            ],
            [
              34.27142005431014,
              0.992991552747176
            ],
            [
              34.27374003521082,
              1.005498116143277
            ],
            [
              34.31019875963437,
              1.047319100389689
            ],
            [
              34.31545290021852,
              1.070948880007356
            ],
            [
              34.336020574697834,
              1.079832416142676
            ],
            [
              34.3372371069694,
              1.087369413506404
            ],
            [
              34.37290636452191,
              1.084760982613306
            ],
            [
              34.376211511865215,
              1.102810153846772
            ],
            [
              34.38557158880369,
              1.106360109012638
            ],
            [
              34.47180648385615,
              1.10149515271744
            ],
            [
              34.482628204008805,
              1.090452451687151
            ],
            [
              34.52672290556481,
              1.119093333863505
            ],
            [
              34.53780034907335,
              1.113370087423327
            ]
          ]
        ]
      }
    },
    {
      "type": "Feature",
      "properties": {
        "Objectid": 13,
        "Dist": "Bugiri",
        "Shape Length": 175791.91,
        "Shape Area": 1050156995.31,
        "Count": "Ug"
      },
      "geometry": {
        "type": "Polygon",
        "coordinates": [
          [
            [
              33.61249974850532,
              0.468792221912448
            ],
            [
              33.62304856153583,
              0.494304088681954
            ],
            [
              33.61820521207408,
              0.528393620931529
            ],
            [
              33.66811030558925,
              0.581369852852965
            ],
            [
              33.6801950481471,
              0.636768178328038
            ],
            [
              33.67700780195389,
              0.658737826644891
            ],
            [
              33.684884338033065,
              0.666155489148813
            ],
            [
              33.669465643762344,
              0.699638137956921
            ],
            [
              33.646884715636645,
              0.718049165249281
            ],
            [
              33.62784785904767,
              0.721224387439548
            ],
            [
              33.64014034904437,
              0.731672761516056
            ],
            [
              33.67508020278261,
              0.727090365518991
            ],
            [
              33.72235219156154,
              0.700708379260185
            ],
            [
              33.75749340420312,
              0.719828567044448
            ],
            [
              33.792053973561785,
              0.684207352591232
            ],
            [
              33.85299337533295,
              0.695821913556627
            ],
            [
              33.86739340166301,
              0.692338663359425
            ],
            [
              33.8898965871769,
              0.678261987540724
            ],
            [
              33.882682143955805,
              0.660597458694318
            ],
            [
              33.92354594124168,
              0.588746830439619
            ],
            [
              33.97924507488788,
              0.577454728980438
            ],
            [
              33.97303182459661,
              0.552438381203525
            ],
            [
              33.95597605097193,
              0.53806284922614
            ],
            [
              33.94264590380636,
              0.544885958762055
            ],
            [
              33.90158878725497,
              0.483734601308913
            ],
            [
              33.891340348355406,
              0.489423765768692
            ],
            [
              33.80174669692359,
              0.361852974251158
            ],
            [
              33.8020227753289,
              0.335842089609777
            ],
            [
              33.75177948922182,
              0.307935512111783
            ],
            [
              33.694079965190255,
              0.304991607357946
            ],
            [
              33.69406307278178,
              0.321490333602224
            ],
            [
              33.68754819081631,
              0.324597642031765
            ],
            [
              33.69115029607208,
              0.347898740991867
            ],
            [
              33.71118535023899,
              0.363334769522536
            ],
            [
              33.70503389915258,
              0.374754356032576
            ],
            [
              33.70720879122985,
              0.408219705260709
            ],
            [
              33.67833398686726,
              0.413319495570429
            ],
            [
              33.66695567281227,
              0.406049783158886
            ],
            [
              33.61249974850532,
              0.468792221912448
            ]
          ]
        ]
      }
    },
    {
      "type": "Feature",
      "properties": {
        "Objectid": 14,
        "Dist": "Buikwe",
        "Shape Length": 189155.36,
        "Shape Area": 1449185940.45,
        "Count": "Ug"
      },
      "geometry": {
        "type": "Polygon",
        "coordinates": [
          [
            [
              33.04499907341101,
              0.503894383009041
            ],
            [
              33.07508558588886,
              0.513881213352461
            ],
            [
              33.08915503118757,
              0.547028744594547
            ],
            [
              33.154069254996145,
              0.47881705444817
            ],
            [
              33.15975137918991,
              0.480489804827353
            ],
            [
              33.18245211281899,
              0.451213858530392
            ],
            [
              33.19703146840345,
              0.412629387259075
            ],
            [
              33.27761783908483,
              0.391723297714191
            ],
            [
              33.29036866888094,
              0.379015900627634
            ],
            [
              33.289090146791565,
              0.358500441517246
            ],
            [
              33.179893089289656,
              0.290779259386631
            ],
            [
              33.18065486636979,
              0.244697699436073
            ],
            [
              33.07737498724476,
              0.131361423672599
            ],
            [
              33.028692671239185,
              0.108293692683488
            ],
            [
              32.967778184669854,
              0.060702979349963
            ],
            [
              32.93989433460109,
              0.049985287437988
            ],
            [
              32.9073044267078,
              0.051990371081555
            ],
            [
              32.88453201559991,
              0.069344406905724
            ],
            [
              32.869074075932815,
              0.125328083679068
            ],
            [
              32.89267377630454,
              0.192281537091058
            ],
            [
              32.90800455939355,
              0.267930773072066
            ],
            [
              32.87556045865254,
              0.307990197923352
            ],
            [
              32.87837657363936,
              0.333919372063941
            ],
            [
              32.86576374775347,
              0.343123845466673
            ],
            [
              32.86445715104923,
              0.372997807068749
            ],
            [
              32.880172138056096,
              0.366382199446774
            ],
            [
              32.891805189992084,
              0.370245012704085
            ],
            [
              32.88925398397293,
              0.377908679457867
            ],
            [
              32.90890777277673,
              0.383394712331149
            ],
            [
              32.91015254661062,
              0.400304157663176
            ],
            [
              32.94735824104586,
              0.405625929836962
            ],
            [
              32.95815468719213,
              0.398291034055581
            ],
            [
              32.96493045288132,
              0.410536553107536
            ],
            [
              32.97380841507249,
              0.409242173593501
            ],
            [
              32.94985008049589,
              0.450779608046948
            ],
            [
              32.94956543701321,
              0.46420742251413
            ],
            [
              32.98366408641319,
              0.554984745633101
            ],
            [
              33.021979298935115,
              0.530254036063994
            ],
            [
              33.04499907341101,
              0.503894383009041
            ]
          ]
        ]
      }
    },
    {
      "type": "Feature",
      "properties": {
        "Objectid": 15,
        "Dist": "Bukedea",
        "Shape Length": 166826.39,
        "Shape Area": 1048524884.74,
        "Count": "Ug"
      },
      "geometry": {
        "type": "Polygon",
        "coordinates": [
          [
            [
              34.22950715506924,
              1.579334965913504
            ],
            [
              34.227126941830505,
              1.473312744082824
            ],
            [
              34.23938909943806,
              1.450422518640756
            ],
            [
              34.26027568335789,
              1.440115329940725
            ],
            [
              34.26278971444002,
              1.419755857979786
            ],
            [
              34.275989699858194,
              1.400964270600111
            ],
            [
              34.265035234393494,
              1.382385324334916
            ],
            [
              34.26859552435632,
              1.376803339441465
            ],
            [
              34.24430521994857,
              1.345665512597578
            ],
            [
              34.240767166650954,
              1.280931496060138
            ],
            [
              34.18168428044825,
              1.204170265463884
            ],
            [
              34.19105459238523,
              1.173759924506884
            ],
            [
              34.18327650970031,
              1.162181075962238
            ],
            [
              34.15948182371288,
              1.165382768472889
            ],
            [
              34.146456074744926,
              1.159350614418744
            ],
            [
              34.10198209108893,
              1.186714390235531
            ],
            [
              34.04772533820389,
              1.200773008723226
            ],
            [
              34.0330984651321,
              1.213091942852321
            ],
            [
              34.00497419504246,
              1.2072431364983
            ],
            [
              33.981430101490176,
              1.2245603710038
            ],
            [
              33.93310091419847,
              1.232777719779565
            ],
            [
              33.918017124591344,
              1.256558572899474
            ],
            [
              33.925749864199624,
              1.268411400690522
            ],
            [
              33.97650608428362,
              1.291596707139245
            ],
            [
              34.00816694854076,
              1.31955993024707
            ],
            [
              34.01033456507143,
              1.342994085712546
            ],
            [
              34.02386577432187,
              1.365418000557424
            ],
            [
              34.01471034181698,
              1.391052003563034
            ],
            [
              34.0251162549248,
              1.416073996199763
            ],
            [
              34.008818058951434,
              1.452142000466249
            ],
            [
              34.028244404745266,
              1.458628413093463
            ],
            [
              34.0478418013552,
              1.494161740615821
            ],
            [
              34.08625951544415,
              1.516512519271394
            ],
            [
              34.1054917077134,
              1.537295209157052
            ],
            [
              34.108868827641714,
              1.563897675373786
            ],
            [
              34.1185993876697,
              1.574575044463555
            ],
            [
              34.22950715506924,
              1.579334965913504
            ]
          ]
        ]
      }
    },
    {
      "type": "Feature",
      "properties": {
        "Objectid": 16,
        "Dist": "Bukomansimbi",
        "Shape Length": 108583.12,
        "Shape Area": 600091355.91,
        "Count": "Ug"
      },
      "geometry": {
        "type": "Polygon",
        "coordinates": [
          [
            [
              31.600927566197306,
              0.050008409177361
            ],
            [
              31.662994798265764,
              0.031740481277769
            ],
            [
              31.68706341336286,
              -0.000366857530738
            ],
            [
              31.701230211047186,
              -0.036679237160709
            ],
            [
              31.70518391126254,
              -0.071284801624467
            ],
            [
              31.69249887265607,
              -0.14656315183658
            ],
            [
              31.706195429805966,
              -0.21070479145737
            ],
            [
              31.722518052468057,
              -0.243420378431498
            ],
            [
              31.708219219278856,
              -0.281392892149098
            ],
            [
              31.712281513579345,
              -0.304366701201405
            ],
            [
              31.704498768977476,
              -0.306268917661862
            ],
            [
              31.681996066638884,
              -0.301800239777669
            ],
            [
              31.676660279802327,
              -0.307552125145859
            ],
            [
              31.65981506614448,
              -0.293469578891762
            ],
            [
              31.6302408298243,
              -0.30376817266056
            ],
            [
              31.597248583514933,
              -0.295702061388319
            ],
            [
              31.582070983789276,
              -0.245694820210138
            ],
            [
              31.555296659070574,
              -0.21060872080715
            ],
            [
              31.546570846031408,
              -0.172739809500129
            ],
            [
              31.553114752228467,
              -0.126616694187341
            ],
            [
              31.5348986026242,
              -0.037261694002024
            ],
            [
              31.540476961566437,
              -0.00345847231414
            ],
            [
              31.566226825861325,
              0.026649074998205
            ],
            [
              31.600927566197306,
              0.050008409177361
            ]
          ]
        ]
      }
    },
    {
      "type": "Feature",
      "properties": {
        "Objectid": 17,
        "Dist": "Bukwo",
        "Shape Length": 119151.26,
        "Shape Area": 524973922.58,
        "Count": "Ug"
      },
      "geometry": {
        "type": "Polygon",
        "coordinates": [
          [
            [
              34.7581129638562,
              1.409455875222616
            ],
            [
              34.777615502009226,
              1.393462865479006
            ],
            [
              34.782798410218675,
              1.368912852200123
            ],
            [
              34.8298181389724,
              1.307006891856475
            ],
            [
              34.831527164146685,
              1.266490049609768
            ],
            [
              34.79592803419222,
              1.220396294319789
            ],
            [
              34.67031002808395,
              1.205338725919729
            ],
            [
              34.64956338300838,
              1.176365209384219
            ],
            [
              34.58011597716263,
              1.147314310168212
            ],
            [
              34.575191207337056,
              1.099428022585528
            ],
            [
              34.555341227,
              1.153512862259031
            ],
            [
              34.558949660179394,
              1.202925055978865
            ],
            [
              34.552408826524825,
              1.229159962231788
            ],
            [
              34.56738261609036,
              1.253056246842687
            ],
            [
              34.56794057201466,
              1.29335484301756
            ],
            [
              34.60063203853956,
              1.338601911330175
            ],
            [
              34.64954970681211,
              1.354492545675045
            ],
            [
              34.66246140342717,
              1.352168193211761
            ],
            [
              34.68186499936891,
              1.376135058120003
            ],
            [
              34.71514148398932,
              1.373520069300205
            ],
            [
              34.732658136117195,
              1.35016303886289
            ],
            [
              34.74268496269252,
              1.360778101168216
            ],
            [
              34.7581129638562,
              1.409455875222616
            ]
          ]
        ]
      }
    },
    {
      "type": "Feature",
      "properties": {
        "Objectid": 18,
        "Dist": "Bulambuli",
        "Shape Length": 220504.46,
        "Shape Area": 692668968.96,
        "Count": "Ug"
      },
      "geometry": {
        "type": "Polygon",
        "coordinates": [
          [
            [
              34.348909470651364,
              1.567227293400315
            ],
            [
              34.362440466630964,
              1.558356480153248
            ],
            [
              34.395780644839526,
              1.564254232898896
            ],
            [
              34.39494403685247,
              1.557402000538498
            ],
            [
              34.44381572552221,
              1.509042251320861
            ],
            [
              34.4464918728225,
              1.461652328228718
            ],
            [
              34.42705081033138,
              1.463173632047568
            ],
            [
              34.43053752788885,
              1.442852030151732
            ],
            [
              34.409042968712214,
              1.449736588905059
            ],
            [
              34.39806410033928,
              1.434496460894978
            ],
            [
              34.38751505490997,
              1.447027683557617
            ],
            [
              34.37517231827936,
              1.440767146757156
            ],
            [
              34.374829975135505,
              1.432593492055289
            ],
            [
              34.36021662145758,
              1.424090957803603
            ],
            [
              34.362977066130966,
              1.412963274316092
            ],
            [
              34.35094927545321,
              1.407221111226721
            ],
            [
              34.350306094510096,
              1.392892501385615
            ],
            [
              34.32325956676679,
              1.387920981649734
            ],
            [
              34.30588320647714,
              1.34623402692066
            ],
            [
              34.308028615978266,
              1.33271242294732
            ],
            [
              34.32997329470386,
              1.306087789984074
            ],
            [
              34.39889181224665,
              1.294863628118327
            ],
            [
              34.45408106817326,
              1.253025210780546
            ],
            [
              34.500692341084594,
              1.2341124987831
            ],
            [
              34.53635086922026,
              1.180945854768855
            ],
            [
              34.52495613007363,
              1.157929601733616
            ],
            [
              34.52691602464605,
              1.129055665604727
            ],
            [
              34.42625396071513,
              1.138998736685872
            ],
            [
              34.41599463568593,
              1.154823259597443
            ],
            [
              34.425430882617576,
              1.160472515393095
            ],
            [
              34.40750676721819,
              1.169198936297545
            ],
            [
              34.394222719541816,
              1.201688199279787
            ],
            [
              34.34018459475324,
              1.229126217122543
            ],
            [
              34.29764108195898,
              1.292131014943711
            ],
            [
              34.29622753031203,
              1.282538973411482
            ],
            [
              34.28516759915947,
              1.28039325323608
            ],
            [
              34.25763888548187,
              1.249360341824334
            ],
            [
              34.250265358149946,
              1.264139729053316
            ],
            [
              34.25064811490844,
              1.283861599702679
            ],
            [
              34.24049964698445,
              1.298639381533036
            ],
            [
              34.24769726448715,
              1.318594424350901
            ],
            [
              34.24430521994857,
              1.345665512597578
            ],
            [
              34.26859552435632,
              1.376803339441465
            ],
            [
              34.265035234393494,
              1.382385324334916
            ],
            [
              34.275989699858194,
              1.400964270600111
            ],
            [
              34.26278971444002,
              1.419755857979786
            ],
            [
              34.26027568335789,
              1.440115329940725
            ],
            [
              34.23938909943806,
              1.450422518640756
            ],
            [
              34.227126941830505,
              1.473312744082824
            ],
            [
              34.22956834169628,
              1.561541314940145
            ],
            [
              34.260374746326455,
              1.561650006952349
            ],
            [
              34.271633125326375,
              1.547099920957579
            ],
            [
              34.28329208659586,
              1.546698139039687
            ],
            [
              34.299294192808546,
              1.554797003100147
            ],
            [
              34.32806511227263,
              1.550963753556158
            ],
            [
              34.348909470651364,
              1.567227293400315
            ]
          ]
        ]
      }
    },
    {
      "type": "Feature",
      "properties": {
        "Objectid": 19,
        "Dist": "Buliisa",
        "Shape Length": 236412.75,
        "Shape Area": 1973207321.71,
        "Count": "Ug"
      },
      "geometry": {
        "type": "Polygon",
        "coordinates": [
          [
            [
              31.537624506054446,
              2.273409248697233
            ],
            [
              31.539133768263447,
              2.010561839677419
            ],
            [
              31.565292625516527,
              1.978927505360131
            ],
            [
              31.610727611935413,
              1.960394556250533
            ],
            [
              31.623046515995654,
              1.962973598214353
            ],
            [
              31.58646683357056,
              1.939858116617054
            ],
            [
              31.559867124117524,
              1.90950670029808
            ],
            [
              31.538751778248955,
              1.901981291185873
            ],
            [
              31.55288204649223,
              1.893636707119289
            ],
            [
              31.551318356166533,
              1.879964742574189
            ],
            [
              31.566142294222974,
              1.861484946723592
            ],
            [
              31.58369374631901,
              1.860596666171408
            ],
            [
              31.576450342861666,
              1.835452530335153
            ],
            [
              31.586446924404708,
              1.814057062529127
            ],
            [
              31.58855982783022,
              1.759557775518537
            ],
            [
              31.55613244724645,
              1.756618063560542
            ],
            [
              31.55621394281387,
              1.745504444096634
            ],
            [
              31.526899122327638,
              1.728733428190882
            ],
            [
              31.511695927135342,
              1.733365349962021
            ],
            [
              31.515206025219545,
              1.71835785565264
            ],
            [
              31.497971267791208,
              1.693866568886148
            ],
            [
              31.47161911946189,
              1.697890403662266
            ],
            [
              31.44258875379263,
              1.681898546720823
            ],
            [
              31.403653020250495,
              1.674736571344545
            ],
            [
              31.41068328384735,
              1.687924382298293
            ],
            [
              31.37630443476484,
              1.708126059579798
            ],
            [
              31.378323136974643,
              1.74156729353945
            ],
            [
              31.36760557989285,
              1.749059767112853
            ],
            [
              31.368057369843502,
              1.770818601097319
            ],
            [
              31.34933364550295,
              1.785437251812495
            ],
            [
              31.33386322972712,
              1.78344098124764
            ],
            [
              31.30868300867866,
              1.798422374928733
            ],
            [
              31.10002618075736,
              1.851896913035867
            ],
            [
              31.21287258314376,
              1.98577712774277
            ],
            [
              31.306289414630875,
              2.113617965508609
            ],
            [
              31.306406785233335,
              2.154186951598157
            ],
            [
              31.336488407230885,
              2.247445863821373
            ],
            [
              31.46686646797169,
              2.227199469327047
            ],
            [
              31.490618120256634,
              2.247013644379341
            ],
            [
              31.52559357398515,
              2.256665877189503
            ],
            [
              31.537624506054446,
              2.273409248697233
            ]
          ]
        ]
      }
    },
    {
      "type": "Feature",
      "properties": {
        "Objectid": 20,
        "Dist": "Bundibugyo",
        "Shape Length": 183311.21,
        "Shape Area": 851156666.45,
        "Count": "Ug"
      },
      "geometry": {
        "type": "Polygon",
        "coordinates": [
          [
            [
              30.115154725830592,
              0.894252035356255
            ],
            [
              30.13251320634021,
              0.891296429363098
            ],
            [
              30.13879232783107,
              0.882213318335182
            ],
            [
              30.14033763864095,
              0.887553391071217
            ],
            [
              30.183205128999266,
              0.886857222892372
            ],
            [
              30.19968970353173,
              0.873702058869085
            ],
            [
              30.194530459012203,
              0.849643344086386
            ],
            [
              30.206110443057494,
              0.836306465054459
            ],
            [
              30.187731564935234,
              0.801060600736977
            ],
            [
              30.196648090151562,
              0.7943770007377
            ],
            [
              30.194430344978237,
              0.772659458428082
            ],
            [
              30.174483670280345,
              0.762045546401754
            ],
            [
              30.15009731483859,
              0.694896668204046
            ],
            [
              30.12582905673954,
              0.659345525834091
            ],
            [
              30.120250179997683,
              0.624379777124535
            ],
            [
              30.09572466468469,
              0.608885318187681
            ],
            [
              30.094459449904047,
              0.579974181428604
            ],
            [
              30.073527127956794,
              0.564451574348872
            ],
            [
              30.071489403354157,
              0.531136973608143
            ],
            [
              30.051374882084865,
              0.520209609870815
            ],
            [
              30.03779674909549,
              0.493279963047574
            ],
            [
              29.998596626290574,
              0.472063415801361
            ],
            [
              29.98073637919749,
              0.423491467319546
            ],
            [
              29.951637119625552,
              0.40028499649207
            ],
            [
              29.916556570050204,
              0.421194598205936
            ],
            [
              29.913170497969993,
              0.436013578567988
            ],
            [
              29.979696014568194,
              0.518544207575708
            ],
            [
              29.975036467127858,
              0.54192030556802
            ],
            [
              29.981012240715046,
              0.557879491824194
            ],
            [
              29.96791344853279,
              0.575406317439209
            ],
            [
              29.972584737455865,
              0.598464415223503
            ],
            [
              29.95503927089982,
              0.635995501947512
            ],
            [
              29.975455478043926,
              0.737732150630801
            ],
            [
              29.961809340648077,
              0.775262613824147
            ],
            [
              29.970203819155135,
              0.813027631386718
            ],
            [
              29.9846508711856,
              0.838080689428006
            ],
            [
              29.99026681710708,
              0.836750520302125
            ],
            [
              29.98612507635426,
              0.847816094240927
            ],
            [
              30.000632399547765,
              0.845236886757675
            ],
            [
              30.00994475127523,
              0.854350578584951
            ],
            [
              30.011588062746494,
              0.847129513676179
            ],
            [
              30.014622451161596,
              0.856316852933197
            ],
            [
              30.027647094305614,
              0.855463536030515
            ],
            [
              30.025455795906947,
              0.865274932637561
            ],
            [
              30.031660572435527,
              0.85923493597418
            ],
            [
              30.048728913111752,
              0.872964946762322
            ],
            [
              30.058666773908612,
              0.870963398578616
            ],
            [
              30.059522444965033,
              0.862506490730732
            ],
            [
              30.070233372194252,
              0.881829503773064
            ],
            [
              30.09523025903218,
              0.883078994087397
            ],
            [
              30.110104343533475,
              0.894248021751899
            ],
            [
              30.110751751076453,
              0.885550629857134
            ],
            [
              30.115154725830592,
              0.894252035356255
            ]
          ]
        ]
      }
    },
    {
      "type": "Feature",
      "properties": {
        "Objectid": 21,
        "Dist": "Bushenyi",
        "Shape Length": 194880.68,
        "Shape Area": 907319362.74,
        "Count": "Ug"
      },
      "geometry": {
        "type": "Polygon",
        "coordinates": [
          [
            [
              30.30569353065318,
              -0.433457916617168
            ],
            [
              30.309723394916787,
              -0.573970874039952
            ],
            [
              30.297475416712803,
              -0.583593872683219
            ],
            [
              30.28868677284126,
              -0.62053366872462
            ],
            [
              30.24780819366527,
              -0.628080331795469
            ],
            [
              30.230546292621995,
              -0.619270087162782
            ],
            [
              30.218143279983206,
              -0.625960901233496
            ],
            [
              30.207930202278316,
              -0.622102887249307
            ],
            [
              30.183126568287154,
              -0.632286996206086
            ],
            [
              30.15956593141353,
              -0.666742960017194
            ],
            [
              30.151050179693108,
              -0.655722375881979
            ],
            [
              30.13643911040987,
              -0.653449225143784
            ],
            [
              30.12026017231365,
              -0.58903918832283
            ],
            [
              30.098638743488703,
              -0.600836095083311
            ],
            [
              30.069769659822363,
              -0.570761303983656
            ],
            [
              30.052753988383614,
              -0.566967822171817
            ],
            [
              30.04293290605078,
              -0.547955728333404
            ],
            [
              30.02764894814641,
              -0.544906888468253
            ],
            [
              30.04173999614949,
              -0.533187929328225
            ],
            [
              30.029827696728713,
              -0.502688468177792
            ],
            [
              30.040640947455366,
              -0.471870992802497
            ],
            [
              30.035840650931,
              -0.465913397085132
            ],
            [
              30.020999425853674,
              -0.466156131943553
            ],
            [
              30.014717426492076,
              -0.454512362496245
            ],
            [
              29.981701191803612,
              -0.437692125606029
            ],
            [
              29.975817087275093,
              -0.485899754545077
            ],
            [
              29.957220499703467,
              -0.502604030263353
            ],
            [
              29.933647941707463,
              -0.493737630945404
            ],
            [
              29.944100655312923,
              -0.467150275709436
            ],
            [
              29.936842384367903,
              -0.451146437272067
            ],
            [
              29.944195630244472,
              -0.429215773346804
            ],
            [
              29.976940791918537,
              -0.389054010315792
            ],
            [
              30.010023842381827,
              -0.383515174218392
            ],
            [
              30.087424554283295,
              -0.351553684777718
            ],
            [
              30.12375606413175,
              -0.372342051967123
            ],
            [
              30.17892943132605,
              -0.381676599347362
            ],
            [
              30.16414028522026,
              -0.333892257249257
            ],
            [
              30.179529122790942,
              -0.283990789487283
            ],
            [
              30.19117951401657,
              -0.301255569854883
            ],
            [
              30.18491162331988,
              -0.325230293819843
            ],
            [
              30.191953876181174,
              -0.332436440462594
            ],
            [
              30.2137024920965,
              -0.330247538165361
            ],
            [
              30.24679404432639,
              -0.353052353043263
            ],
            [
              30.24737989732895,
              -0.391079773439984
            ],
            [
              30.22369563731878,
              -0.402238824539276
            ],
            [
              30.212171265101524,
              -0.3989276671823
            ],
            [
              30.250753936719914,
              -0.423660449475746
            ],
            [
              30.30569353065318,
              -0.433457916617168
            ]
          ]
        ]
      }
    },
    {
      "type": "Feature",
      "properties": {
        "Objectid": 22,
        "Dist": "Busia",
        "Shape Length": 149846.85,
        "Shape Area": 763303761.36,
        "Count": "Ug"
      },
      "geometry": {
        "type": "Polygon",
        "coordinates": [
          [
            [
              34.06872794282298,
              0.592376227944904
            ],
            [
              34.09268113543445,
              0.583330551707722
            ],
            [
              34.13834436741831,
              0.582915869163415
            ],
            [
              34.11679852298887,
              0.520355105389244
            ],
            [
              34.12374087721184,
              0.514498932587414
            ],
            [
              34.12021918947045,
              0.480651326539387
            ],
            [
              34.08899042563416,
              0.453900417654582
            ],
            [
              34.090740637307114,
              0.424191601997328
            ],
            [
              34.1011124495926,
              0.411141399960171
            ],
            [
              34.109003351037195,
              0.36804900003218
            ],
            [
              34.081671469622954,
              0.328638209169245
            ],
            [
              34.05700470445329,
              0.321059033899214
            ],
            [
              34.06122867562666,
              0.310907751776326
            ],
            [
              34.05120298232194,
              0.305926795550062
            ],
            [
              34.04284239024266,
              0.275517648751722
            ],
            [
              34.02562783844331,
              0.265606645635739
            ],
            [
              34.02366451935627,
              0.253926678878493
            ],
            [
              33.972874911959536,
              0.189017332090607
            ],
            [
              33.924380478438216,
              0.2312611266118
            ],
            [
              33.89452463684073,
              0.303921176666883
            ],
            [
              33.88406481885295,
              0.313116211675141
            ],
            [
              33.87948285529069,
              0.339267754273533
            ],
            [
              33.9263193384521,
              0.392804684545978
            ],
            [
              33.93198286382175,
              0.422797821403902
            ],
            [
              33.91202771368182,
              0.447308422093979
            ],
            [
              33.90070489564565,
              0.490706221040048
            ],
            [
              33.920293408057155,
              0.506372424704132
            ],
            [
              33.94264590380636,
              0.544885958762055
            ],
            [
              33.95588276525748,
              0.538001411488688
            ],
            [
              33.97303182459661,
              0.552438381203525
            ],
            [
              33.97931607248203,
              0.577072223022569
            ],
            [
              34.01271702462343,
              0.575709645767039
            ],
            [
              34.03355383913629,
              0.590472759409858
            ],
            [
              34.05979018607169,
              0.58268820676887
            ],
            [
              34.06872794282298,
              0.592376227944904
            ]
          ]
        ]
      }
    },
    {
      "type": "Feature",
      "properties": {
        "Objectid": 23,
        "Dist": "Butaleja",
        "Shape Length": 142478.68,
        "Shape Area": 652684206.54,
        "Count": "Ug"
      },
      "geometry": {
        "type": "Polygon",
        "coordinates": [
          [
            [
              34.12274669119603,
              1.00386783779478
            ],
            [
              34.128981381101724,
              0.954106165368776
            ],
            [
              34.10829023923163,
              0.902470755179495
            ],
            [
              34.0626660787464,
              0.903109656300054
            ],
            [
              34.050486647939735,
              0.884921340783866
            ],
            [
              34.02975501126825,
              0.885155098238383
            ],
            [
              34.01105784681139,
              0.872129180287677
            ],
            [
              34.000657502399775,
              0.877098713147874
            ],
            [
              33.956974493331245,
              0.850772802937178
            ],
            [
              33.941733538035265,
              0.834698664008776
            ],
            [
              33.910925510827376,
              0.758300807642833
            ],
            [
              33.897545342283436,
              0.743908247061844
            ],
            [
              33.89058122926649,
              0.717668516721018
            ],
            [
              33.89487287738242,
              0.704565944808866
            ],
            [
              33.87550666641948,
              0.686344112191843
            ],
            [
              33.85284399035988,
              0.691633713955933
            ],
            [
              33.8377722346099,
              0.730375181948049
            ],
            [
              33.81602380672548,
              0.736568959722002
            ],
            [
              33.815287481951835,
              0.752220056903177
            ],
            [
              33.801326139239634,
              0.764995057266977
            ],
            [
              33.78694039416858,
              0.824836200153453
            ],
            [
              33.791999185155,
              0.91631414939988
            ],
            [
              33.76416458449962,
              0.939341955458792
            ],
            [
              33.7641955744905,
              0.952107288038442
            ],
            [
              33.78200672774186,
              0.956272088561921
            ],
            [
              33.922758592120125,
              0.937560315064342
            ],
            [
              33.98908197636512,
              0.966574671908778
            ],
            [
              34.0482935585959,
              1.022130527834696
            ],
            [
              34.051673013929005,
              1.033860024465157
            ],
            [
              34.07636550569432,
              1.04115579605914
            ],
            [
              34.12774299026748,
              1.018979398213613
            ],
            [
              34.12274669119603,
              1.00386783779478
            ]
          ]
        ]
      }
    },
    {
      "type": "Feature",
      "properties": {
        "Objectid": 24,
        "Dist": "Buvuma",
        "Shape Length": 416775.15,
        "Shape Area": 9513438739.27,
        "Count": "Ug"
      },
      "geometry": {
        "type": "Polygon",
        "coordinates": [
          [
            [
              33.289090146791565,
              0.358500441517246
            ],
            [
              33.30396014546616,
              0.33388624982073
            ],
            [
              33.34435015477226,
              0.331889142280893
            ],
            [
              33.38851903381312,
              0.307893405752762
            ],
            [
              33.39708336239521,
              0.277112944817878
            ],
            [
              33.42225342614427,
              0.250496140558821
            ],
            [
              33.417447828094005,
              0.230799988352063
            ],
            [
              33.42622443009255,
              0.210010302699393
            ],
            [
              33.52117489919524,
              0.115016160587819
            ],
            [
              33.52012795507304,
              -0.999232924454714
            ],
            [
              32.87513363411984,
              -0.999422034526137
            ],
            [
              32.87212905384648,
              -0.016598079566426
            ],
            [
              32.878099590800026,
              0.069545129292529
            ],
            [
              32.91645215354371,
              0.049452928215347
            ],
            [
              32.94514678372228,
              0.051511324369234
            ],
            [
              32.9833416790008,
              0.070125313469323
            ],
            [
              33.02869267393521,
              0.108293689969296
            ],
            [
              33.077374985447406,
              0.131361420958417
            ],
            [
              33.18065486636979,
              0.244697699436073
            ],
            [
              33.179893089289656,
              0.290779259386631
            ],
            [
              33.289090146791565,
              0.358500441517246
            ]
          ]
        ]
      }
    },
    {
      "type": "Feature",
      "properties": {
        "Objectid": 25,
        "Dist": "Buyende",
        "Shape Length": 219217.3,
        "Shape Area": 1879269603.5,
        "Count": "Ug"
      },
      "geometry": {
        "type": "Polygon",
        "coordinates": [
          [
            [
              33.3068922674707,
              0.984241950464874
            ],
            [
              33.26815497762111,
              0.985315716950589
            ],
            [
              33.250302811070696,
              0.995920726203922
            ],
            [
              33.22541327562978,
              0.986885733993191
            ],
            [
              33.17811014055787,
              1.040319386082479
            ],
            [
              33.14975810832638,
              1.046646597144107
            ],
            [
              33.12332387084939,
              1.164514580307504
            ],
            [
              33.0920691646189,
              1.169491199280486
            ],
            [
              33.07958122711715,
              1.194647076731092
            ],
            [
              33.05512290476405,
              1.198606539181514
            ],
            [
              33.030304194453564,
              1.223591456652597
            ],
            [
              32.933197053195016,
              1.222301917441247
            ],
            [
              32.898201460054935,
              1.280971861634457
            ],
            [
              32.88825896560786,
              1.275835018992897
            ],
            [
              32.88128012859771,
              1.293533480226652
            ],
            [
              32.858939406038374,
              1.294987987850289
            ],
            [
              32.84278677631217,
              1.319901603364884
            ],
            [
              32.84870297978389,
              1.336748051044101
            ],
            [
              32.8363528969517,
              1.351324037923938
            ],
            [
              32.84206905977037,
              1.362107876911014
            ],
            [
              32.833079244933465,
              1.37255559513417
            ],
            [
              32.836447742106614,
              1.385679776802018
            ],
            [
              32.81992865345425,
              1.47494768034466
            ],
            [
              32.89462452117159,
              1.481230786741252
            ],
            [
              32.97372811501545,
              1.477182336921954
            ],
            [
              33.064391282434734,
              1.436825140406137
            ],
            [
              33.151561378263025,
              1.356118938491238
            ],
            [
              33.24689928008043,
              1.334322688906621
            ],
            [
              33.31195311891251,
              1.375924315093529
            ],
            [
              33.38053950076106,
              1.362926056951422
            ],
            [
              33.40460504045252,
              1.296099952949865
            ],
            [
              33.440350229364164,
              1.291894563643866
            ],
            [
              33.432583472212464,
              1.248206773586861
            ],
            [
              33.40407743900527,
              1.2135293732329
            ],
            [
              33.39261861784886,
              1.177137884618091
            ],
            [
              33.35867778244683,
              1.127930010531122
            ],
            [
              33.35872649962731,
              1.10213127254147
            ],
            [
              33.32126168859418,
              1.05736114251565
            ],
            [
              33.30693302547639,
              1.054466669654152
            ],
            [
              33.31700911740823,
              1.023817728530579
            ],
            [
              33.298794654109734,
              0.999063995837988
            ],
            [
              33.3068922674707,
              0.984241950464874
            ]
          ]
        ]
      }
    },
    {
      "type": "Feature",
      "properties": {
        "Objectid": 26,
        "Dist": "Dokolo",
        "Shape Length": 175438.33,
        "Shape Area": 1074128021.98,
        "Count": "Ug"
      },
      "geometry": {
        "type": "Polygon",
        "coordinates": [
          [
            [
              33.28742321880298,
              2.050248889460176
            ],
            [
              33.27145096476104,
              1.95712711254923
            ],
            [
              33.24875037502644,
              1.951305598692481
            ],
            [
              33.24213309563948,
              1.923859191784878
            ],
            [
              33.22095205466879,
              1.90961844429111
            ],
            [
              33.20038001884489,
              1.907788365590966
            ],
            [
              33.165159180883705,
              1.874036656482025
            ],
            [
              33.146111259936944,
              1.87058673677732
            ],
            [
              33.141773504625775,
              1.857018659600941
            ],
            [
              33.11390376778704,
              1.853816730590325
            ],
            [
              33.11519930985497,
              1.822695219200716
            ],
            [
              33.10163061746045,
              1.791601755994935
            ],
            [
              33.10397810525221,
              1.777256716431055
            ],
            [
              33.08394708162713,
              1.748073847393166
            ],
            [
              33.08381928477991,
              1.731875284855418
            ],
            [
              33.042873029412696,
              1.707313471041437
            ],
            [
              33.016035716592896,
              1.707582312448438
            ],
            [
              32.993659446457634,
              1.717277452335573
            ],
            [
              32.975402671300266,
              1.781713562651821
            ],
            [
              32.9599192395941,
              1.803900985521672
            ],
            [
              32.94044736881885,
              1.813367769701284
            ],
            [
              32.935522200049526,
              1.834552394250865
            ],
            [
              32.955017330173,
              1.876755035125336
            ],
            [
              32.95153351879546,
              1.90677433816838
            ],
            [
              32.958486385956874,
              1.940385742673503
            ],
            [
              32.91557313847918,
              1.978553123601438
            ],
            [
              32.894901538934135,
              1.979990637317633
            ],
            [
              32.877593329787665,
              1.963009340455381
            ],
            [
              32.86063331339407,
              1.986575517263785
            ],
            [
              32.893520619350554,
              2.0153802379319
            ],
            [
              32.88787982139559,
              2.045038443233944
            ],
            [
              32.89470630422982,
              2.071136176377165
            ],
            [
              32.92911151017071,
              2.069450605507264
            ],
            [
              32.95079918940736,
              2.058715453595112
            ],
            [
              32.97705449155614,
              2.067225832923552
            ],
            [
              32.996636188265754,
              2.041660688479803
            ],
            [
              33.04341853268568,
              2.010886914991577
            ],
            [
              33.053672845288155,
              2.01572105157121
            ],
            [
              33.05985589884242,
              2.037809786010683
            ],
            [
              33.0852234097979,
              2.064945753841598
            ],
            [
              33.11383330313355,
              2.067317357145926
            ],
            [
              33.13128467689721,
              2.079939353443763
            ],
            [
              33.135542788598315,
              2.108606188399296
            ],
            [
              33.14966246454343,
              2.103125079721382
            ],
            [
              33.1726067905488,
              2.107822992071706
            ],
            [
              33.194461407461795,
              2.090508462299971
            ],
            [
              33.26055437959676,
              2.082507149925387
            ],
            [
              33.26478381715002,
              2.065794175382955
            ],
            [
              33.28742321880298,
              2.050248889460176
            ]
          ]
        ]
      }
    },
    {
      "type": "Feature",
      "properties": {
        "Objectid": 27,
        "Dist": "Gomba",
        "Shape Length": 262409.61,
        "Shape Area": 1678910709.63,
        "Count": "Ug"
      },
      "geometry": {
        "type": "Polygon",
        "coordinates": [
          [
            [
              31.570250801740897,
              0.367702333817785
            ],
            [
              31.61107433519282,
              0.330899296952073
            ],
            [
              31.62823681926055,
              0.332433301116758
            ],
            [
              31.645320172841355,
              0.30387393313619
            ],
            [
              31.675500449678907,
              0.282662564062638
            ],
            [
              31.699281009550557,
              0.307614001126906
            ],
            [
              31.726940959180496,
              0.295974530877715
            ],
            [
              31.723593524584235,
              0.254859228182059
            ],
            [
              31.733525375881054,
              0.239543044181395
            ],
            [
              31.802779831348175,
              0.283442608423902
            ],
            [
              31.823647524837753,
              0.272746247140502
            ],
            [
              31.842206722824333,
              0.278818088423219
            ],
            [
              31.85071349223476,
              0.267615280940253
            ],
            [
              31.84382108093348,
              0.24822896137353
            ],
            [
              31.858081099798643,
              0.244719490790175
            ],
            [
              31.867731651803684,
              0.230184479138317
            ],
            [
              31.901020713757152,
              0.226049776014189
            ],
            [
              31.91787725084757,
              0.212505067637956
            ],
            [
              31.93134911589598,
              0.231599019316735
            ],
            [
              31.956318591638517,
              0.220839707987077
            ],
            [
              31.967984115774406,
              0.228937265745264
            ],
            [
              31.983085269663107,
              0.226608054308632
            ],
            [
              32.000073606617605,
              0.247205192791024
            ],
            [
              32.02816438045821,
              0.244102574387184
            ],
            [
              32.02898411474352,
              0.263897609186415
            ],
            [
              32.07664397861123,
              0.273275883069455
            ],
            [
              32.076297823483976,
              0.291071303229136
            ],
            [
              32.0895042160288,
              0.297451016413624
            ],
            [
              32.128783483954095,
              0.282443023684189
            ],
            [
              32.15605810598223,
              0.247118447242088
            ],
            [
              32.140453953302654,
              0.229796180888088
            ],
            [
              32.13200944505969,
              0.235682097234555
            ],
            [
              32.12136505798234,
              0.225593152899793
            ],
            [
              32.11658677564377,
              0.19971498858724
            ],
            [
              32.08091636072951,
              0.202478603845595
            ],
            [
              32.08103828032078,
              0.174784197729485
            ],
            [
              32.049404558423895,
              0.132421420297713
            ],
            [
              32.015272990375486,
              0.134750726457776
            ],
            [
              31.99498860508257,
              0.127270462786228
            ],
            [
              31.980377331791594,
              0.109491758133783
            ],
            [
              31.959555148051226,
              0.113665970340781
            ],
            [
              31.948610523644586,
              0.104988690034968
            ],
            [
              31.916091742839487,
              0.122918978929585
            ],
            [
              31.887627274263817,
              0.096286685939105
            ],
            [
              31.84055796523228,
              0.08142576859897
            ],
            [
              31.823552717958663,
              0.067281969331493
            ],
            [
              31.824932154266588,
              0.058021870533157
            ],
            [
              31.812024763469005,
              0.043151022342228
            ],
            [
              31.78054495888233,
              0.062833647618942
            ],
            [
              31.694988137964916,
              0.076443137765608
            ],
            [
              31.663011945917056,
              0.064801540223201
            ],
            [
              31.644914234975328,
              0.038700590951446
            ],
            [
              31.61831505638783,
              0.042605031276065
            ],
            [
              31.578995585174972,
              0.059285346230484
            ],
            [
              31.532217819547657,
              0.108171878445585
            ],
            [
              31.48750240262657,
              0.138782732618699
            ],
            [
              31.419642858037868,
              0.163404652313125
            ],
            [
              31.406488843966393,
              0.198421296322682
            ],
            [
              31.371298941270478,
              0.207641751571994
            ],
            [
              31.302277949933845,
              0.20188865049948
            ],
            [
              31.31100509440778,
              0.210344243034397
            ],
            [
              31.31796023110164,
              0.2539040162011
            ],
            [
              31.34148402192119,
              0.283289380230953
            ],
            [
              31.499990372019017,
              0.317136233742928
            ],
            [
              31.570250801740897,
              0.367702333817785
            ]
          ]
        ]
      }
    },
    {
      "type": "Feature",
      "properties": {
        "Objectid": 28,
        "Dist": "Butambala",
        "Shape Length": 175425.38,
        "Shape Area": 405404136.5,
        "Count": "Ug"
      },
      "geometry": {
        "type": "Polygon",
        "coordinates": [
          [
            [
              32.26946316118687,
              0.314874888219202
            ],
            [
              32.30595544756136,
              0.279089457355309
            ],
            [
              32.298175958339016,
              0.278639229554909
            ],
            [
              32.281758796222796,
              0.24673048798939
            ],
            [
              32.22282640949693,
              0.248938005275683
            ],
            [
              32.213748501638925,
              0.22141873208603
            ],
            [
              32.216911563725226,
              0.206212771817477
            ],
            [
              32.20796892303461,
              0.201496110251843
            ],
            [
              32.2083293743306,
              0.19156851860507
            ],
            [
              32.19686693190525,
              0.190026171652611
            ],
            [
              32.2078739994711,
              0.183821294313806
            ],
            [
              32.20818853513676,
              0.168440923042486
            ],
            [
              32.1924865854158,
              0.105723429772994
            ],
            [
              32.17868879586269,
              0.089737457506887
            ],
            [
              32.165279969897,
              0.091686505811977
            ],
            [
              32.157831406726956,
              0.134282001859875
            ],
            [
              32.149247688337255,
              0.142280220282369
            ],
            [
              32.13248562048264,
              0.143499839508395
            ],
            [
              32.11733392679714,
              0.131254481164606
            ],
            [
              32.09968805194859,
              0.146133271521713
            ],
            [
              32.08453724707112,
              0.142243200199065
            ],
            [
              32.078560023166325,
              0.129176043427845
            ],
            [
              32.05692632619638,
              0.130365865867159
            ],
            [
              32.05350094079676,
              0.109642169474398
            ],
            [
              32.03851012607651,
              0.094232147517524
            ],
            [
              31.96092418292129,
              0.06891577085791
            ],
            [
              31.908137948413138,
              0.033391082853582
            ],
            [
              31.887786264029447,
              0.032786349436461
            ],
            [
              31.87153955534933,
              0.005808027339961
            ],
            [
              31.838844229053834,
              0.020302891010134
            ],
            [
              31.812024763469005,
              0.043151022342228
            ],
            [
              31.824932154266588,
              0.058021870533157
            ],
            [
              31.823552717958663,
              0.067281969331493
            ],
            [
              31.84055796523228,
              0.08142576859897
            ],
            [
              31.887627274263817,
              0.096286685939105
            ],
            [
              31.916091742839487,
              0.122918978929585
            ],
            [
              31.94861052364477,
              0.104988684607509
            ],
            [
              31.959555150746713,
              0.113665973054617
            ],
            [
              31.980377329095813,
              0.109491763561205
            ],
            [
              31.994988602387053,
              0.127270460072353
            ],
            [
              32.015272990375486,
              0.134750726457776
            ],
            [
              32.04940455842379,
              0.132421423011526
            ],
            [
              32.08103828032092,
              0.174784195015647
            ],
            [
              32.08091636072951,
              0.202478603845595
            ],
            [
              32.11658677564377,
              0.19971498858724
            ],
            [
              32.117651491286615,
              0.220438342784023
            ],
            [
              32.13026587289653,
              0.234994031205103
            ],
            [
              32.140453953302654,
              0.229796180888088
            ],
            [
              32.14836805566203,
              0.244746539123991
            ],
            [
              32.1759195166914,
              0.258930048807132
            ],
            [
              32.18508527807826,
              0.253317804961043
            ],
            [
              32.187722307363316,
              0.283955293899218
            ],
            [
              32.19832491421708,
              0.303623722769442
            ],
            [
              32.21123669295636,
              0.283570287059655
            ],
            [
              32.221329562837475,
              0.28181171510207
            ],
            [
              32.2439150249284,
              0.303666550806262
            ],
            [
              32.26946316118687,
              0.314874888219202
            ]
          ]
        ]
      }
    },
    {
      "type": "Feature",
      "properties": {
        "Objectid": 29,
        "Dist": "Gulu",
        "Shape Length": 350464.84,
        "Shape Area": 3449819191.42,
        "Count": "Ug"
      },
      "geometry": {
        "type": "Polygon",
        "coordinates": [
          [
            [
              32.35906511055664,
              3.297715533377447
            ],
            [
              32.38288714931607,
              3.29067648639026
            ],
            [
              32.39637568238484,
              3.259644858277722
            ],
            [
              32.45779764234579,
              3.23082431266457
            ],
            [
              32.491201064394325,
              3.199878621300321
            ],
            [
              32.500551841539504,
              3.166821118764671
            ],
            [
              32.51731765520699,
              3.157438856737492
            ],
            [
              32.5135610185075,
              3.145014147020854
            ],
            [
              32.52178360645474,
              3.128980627429045
            ],
            [
              32.49199519734423,
              3.132697164315998
            ],
            [
              32.47093788122694,
              3.122448714451983
            ],
            [
              32.55249056308161,
              3.011717515568173
            ],
            [
              32.660891339548265,
              2.835462168383318
            ],
            [
              32.69239620487074,
              2.800786349410158
            ],
            [
              32.688464600774296,
              2.784400393427872
            ],
            [
              32.70604416098682,
              2.783556818925042
            ],
            [
              32.69431359288585,
              2.771799390988648
            ],
            [
              32.72171580264715,
              2.766636357756571
            ],
            [
              32.72367296178844,
              2.754229991252352
            ],
            [
              32.762264993367225,
              2.720213315776998
            ],
            [
              32.79791897123653,
              2.664134182734619
            ],
            [
              32.81378774352306,
              2.665240145533437
            ],
            [
              32.82392116932816,
              2.675576039054188
            ],
            [
              32.8295268375923,
              2.66588313689127
            ],
            [
              32.82178785145087,
              2.660163121391286
            ],
            [
              32.825452921144176,
              2.651377179706945
            ],
            [
              32.81064584206936,
              2.639863230904443
            ],
            [
              32.81662307483647,
              2.624724907078179
            ],
            [
              32.796837262717865,
              2.600822340710635
            ],
            [
              32.797538191040424,
              2.590643266252043
            ],
            [
              32.75948561490817,
              2.57990657586744
            ],
            [
              32.54214541127948,
              2.620223771222239
            ],
            [
              32.48024879703392,
              2.613793614790146
            ],
            [
              32.45036769781681,
              2.554636079184406
            ],
            [
              32.43763573454207,
              2.473632570187593
            ],
            [
              32.4275229654826,
              2.465120796552293
            ],
            [
              32.4250849369943,
              2.445838454749768
            ],
            [
              32.395460214054744,
              2.482205433917657
            ],
            [
              32.36331774056913,
              2.476171465411055
            ],
            [
              32.35527520759789,
              2.487951794218416
            ],
            [
              32.33029388029653,
              2.487193020742956
            ],
            [
              32.294497515244636,
              2.506616900978911
            ],
            [
              32.27188516217029,
              2.529070451818154
            ],
            [
              32.26193712955413,
              2.556019547888142
            ],
            [
              32.264998262018175,
              2.586665127844952
            ],
            [
              32.25066503423515,
              2.618762542759594
            ],
            [
              32.19203732984731,
              2.617744322273575
            ],
            [
              32.16909207699371,
              2.664627366666188
            ],
            [
              32.1332592712812,
              2.693319366129991
            ],
            [
              32.125406027951236,
              2.692106324004089
            ],
            [
              32.13982928356572,
              2.710098516510416
            ],
            [
              32.1722891745681,
              2.722359608086234
            ],
            [
              32.17406353645539,
              2.743062620092302
            ],
            [
              32.187657822302505,
              2.762344906857392
            ],
            [
              32.21172339532653,
              2.756030561539129
            ],
            [
              32.236452392790135,
              2.768220071489599
            ],
            [
              32.21239211380587,
              2.830242302577101
            ],
            [
              32.21036570114286,
              2.863856156894566
            ],
            [
              32.19191274540104,
              2.901737484782291
            ],
            [
              32.18715138144337,
              2.97206703195109
            ],
            [
              32.2096009046932,
              3.001187815875598
            ],
            [
              32.22822407945849,
              3.001734459748863
            ],
            [
              32.22678579079579,
              3.065427634216184
            ],
            [
              32.23443225772031,
              3.062412348878578
            ],
            [
              32.243947491454314,
              3.10002640000789
            ],
            [
              32.25361882528188,
              3.109822795983046
            ],
            [
              32.240495964571,
              3.144118864500177
            ],
            [
              32.26355525388452,
              3.130350717115653
            ],
            [
              32.279928029425896,
              3.141259022757604
            ],
            [
              32.28515902242614,
              3.164867416487219
            ],
            [
              32.327687357129896,
              3.233022256735787
            ],
            [
              32.3389132197412,
              3.233450866682065
            ],
            [
              32.32748865129442,
              3.251077873592382
            ],
            [
              32.34545384887363,
              3.266082975430741
            ],
            [
              32.364156698547355,
              3.267818427579173
            ],
            [
              32.35906511055664,
              3.297715533377447
            ]
          ]
        ]
      }
    },
    {
      "type": "Feature",
      "properties": {
        "Objectid": 30,
        "Dist": "Hoima",
        "Shape Length": 364143.06,
        "Shape Area": 5678483829.61,
        "Count": "Ug"
      },
      "geometry": {
        "type": "Polygon",
        "coordinates": [
          [
            [
              31.10002618075736,
              1.851896913035867
            ],
            [
              31.33386322972712,
              1.78344098124764
            ],
            [
              31.34588904591611,
              1.787253482544477
            ],
            [
              31.368057369843502,
              1.770818601097319
            ],
            [
              31.36760557989285,
              1.749059767112853
            ],
            [
              31.37881235346917,
              1.738022928774179
            ],
            [
              31.374467599853784,
              1.711703611565011
            ],
            [
              31.39024656903077,
              1.702095387061275
            ],
            [
              31.367827090163875,
              1.613714398270195
            ],
            [
              31.387206665476718,
              1.600743773747003
            ],
            [
              31.42161506746801,
              1.614196594259698
            ],
            [
              31.43651394751451,
              1.615947804550107
            ],
            [
              31.445078985370074,
              1.607681807010875
            ],
            [
              31.457785946669752,
              1.613468214552558
            ],
            [
              31.462473529469886,
              1.601615841179862
            ],
            [
              31.486633815979523,
              1.593739367767557
            ],
            [
              31.487719268940822,
              1.573885465331015
            ],
            [
              31.477483369694074,
              1.573247003646587
            ],
            [
              31.482709920859858,
              1.519957627247693
            ],
            [
              31.50337727345385,
              1.515832428881511
            ],
            [
              31.526096612986503,
              1.493923474152338
            ],
            [
              31.553421568478317,
              1.449296065580712
            ],
            [
              31.587917188862622,
              1.439295969110532
            ],
            [
              31.57378585563422,
              1.405997618853474
            ],
            [
              31.58300253053138,
              1.357096682617931
            ],
            [
              31.564684030666125,
              1.365375708838607
            ],
            [
              31.530872318283347,
              1.361556055367639
            ],
            [
              31.500811650659024,
              1.326166569864347
            ],
            [
              31.45923076569125,
              1.302630239941269
            ],
            [
              31.449327209612765,
              1.274199489913389
            ],
            [
              31.392941483392452,
              1.267639626172525
            ],
            [
              31.36896106482233,
              1.238891381566416
            ],
            [
              31.32143823510517,
              1.23816298698944
            ],
            [
              31.278511331461758,
              1.19812009992898
            ],
            [
              31.238256212261547,
              1.217665557896663
            ],
            [
              31.219555425776885,
              1.217701364681939
            ],
            [
              31.204160077052332,
              1.194273961574473
            ],
            [
              31.18267935622369,
              1.180560647639573
            ],
            [
              31.130277979801292,
              1.192044287195102
            ],
            [
              31.115956606968258,
              1.180878309070215
            ],
            [
              31.11842609688583,
              1.169366783516721
            ],
            [
              31.10638800650848,
              1.167869746083666
            ],
            [
              31.104923456596104,
              1.154704179831689
            ],
            [
              31.08434556849395,
              1.141592006227779
            ],
            [
              31.059972293916736,
              1.161011654984798
            ],
            [
              31.03937507061231,
              1.136777860095505
            ],
            [
              31.005346666736923,
              1.138189807286011
            ],
            [
              30.998295103173803,
              1.12861045346113
            ],
            [
              30.969553109690544,
              1.134316163974042
            ],
            [
              30.921271135617165,
              1.118488325724128
            ],
            [
              30.90151464006962,
              1.128001134951863
            ],
            [
              30.890757424515314,
              1.145911874714769
            ],
            [
              30.86713325091704,
              1.149039448576122
            ],
            [
              30.81859540127916,
              1.10751298709061
            ],
            [
              30.80269788366544,
              1.120503386240564
            ],
            [
              30.787097552098132,
              1.117513912091553
            ],
            [
              30.754257410799642,
              1.071141587375904
            ],
            [
              30.723713078852622,
              1.086901617843706
            ],
            [
              30.70451807856246,
              1.106903220113878
            ],
            [
              30.67284397656627,
              1.110592894142308
            ],
            [
              30.55047038239923,
              1.206360116266717
            ],
            [
              30.55010414449924,
              1.306668153009905
            ],
            [
              30.757977842718788,
              1.530533311677187
            ],
            [
              31.028802696310215,
              1.746783794388111
            ],
            [
              31.10002618075736,
              1.851896913035867
            ]
          ]
        ]
      }
    },
    {
      "type": "Feature",
      "properties": {
        "Objectid": 31,
        "Dist": "Ibanda",
        "Shape Length": 232271.4,
        "Shape Area": 965895521.25,
        "Count": "Ug"
      },
      "geometry": {
        "type": "Polygon",
        "coordinates": [
          [
            [
              30.604619415633028,
              0.161417295920337
            ],
            [
              30.618117873437,
              0.135933483720819
            ],
            [
              30.63528583119919,
              0.128747890276261
            ],
            [
              30.639599363054295,
              0.107027280427836
            ],
            [
              30.624731163001208,
              0.090627059862747
            ],
            [
              30.6262486016572,
              0.065191988390371
            ],
            [
              30.612814052790892,
              0.047392169878186
            ],
            [
              30.60437811722341,
              0.047614398263242
            ],
            [
              30.59229554481634,
              0.01814263762516
            ],
            [
              30.58195414737853,
              0.016145863384045
            ],
            [
              30.57889259547628,
              -0.03077007953477
            ],
            [
              30.56861728959033,
              -0.043862703158854
            ],
            [
              30.578922166637884,
              -0.070112409030898
            ],
            [
              30.569451090364595,
              -0.112057988556989
            ],
            [
              30.590870383122375,
              -0.131477707537926
            ],
            [
              30.588283872429486,
              -0.147147783586848
            ],
            [
              30.611081245114608,
              -0.146824032497387
            ],
            [
              30.61187503702214,
              -0.15507556202212
            ],
            [
              30.62653468314409,
              -0.161576420291381
            ],
            [
              30.624646986436005,
              -0.185038296985726
            ],
            [
              30.6119100590531,
              -0.196497789266311
            ],
            [
              30.590527793802835,
              -0.241859619821941
            ],
            [
              30.573830812990614,
              -0.234671824648939
            ],
            [
              30.506317065117198,
              -0.261152040886179
            ],
            [
              30.47858492930426,
              -0.255565256845273
            ],
            [
              30.46355084509765,
              -0.265880599758529
            ],
            [
              30.44924351657109,
              -0.263282899932715
            ],
            [
              30.443930821905678,
              -0.266900857457783
            ],
            [
              30.45354512364319,
              -0.285038921757982
            ],
            [
              30.432675882552115,
              -0.289024003381961
            ],
            [
              30.40912960307449,
              -0.282304739749328
            ],
            [
              30.409187199562602,
              -0.26873176087264
            ],
            [
              30.383013102110525,
              -0.24763985890777
            ],
            [
              30.3555615210539,
              -0.193180834210806
            ],
            [
              30.32144537762746,
              -0.196606204341033
            ],
            [
              30.31529927618864,
              -0.188303693388398
            ],
            [
              30.284059009523272,
              -0.211270579445503
            ],
            [
              30.281822519065084,
              -0.168258288294483
            ],
            [
              30.24621066546099,
              -0.125055024350388
            ],
            [
              30.263549159530267,
              -0.114624688333384
            ],
            [
              30.27566867582662,
              -0.112987729184219
            ],
            [
              30.33714351331146,
              -0.142513976283851
            ],
            [
              30.348048082309614,
              -0.140566240871902
            ],
            [
              30.35654190291352,
              -0.15228359262401
            ],
            [
              30.37807320593923,
              -0.144175820206114
            ],
            [
              30.39255873507819,
              -0.173680198302135
            ],
            [
              30.41570502264474,
              -0.18260322361949
            ],
            [
              30.43193706633788,
              -0.180372910476028
            ],
            [
              30.46570197469134,
              -0.152648990548361
            ],
            [
              30.421599596710266,
              -0.129171666944137
            ],
            [
              30.41005315146549,
              -0.049243559456556
            ],
            [
              30.384764692922285,
              -0.002593813003839
            ],
            [
              30.406412220971436,
              0.024368997406347
            ],
            [
              30.428117262601976,
              0.037373496401861
            ],
            [
              30.427721447061476,
              0.046316950891177
            ],
            [
              30.451974862137636,
              0.061506756686299
            ],
            [
              30.4535778236501,
              0.096063677259149
            ],
            [
              30.470118764934305,
              0.104565993237357
            ],
            [
              30.481455098739882,
              0.095111384370371
            ],
            [
              30.494084665413492,
              0.097378284664642
            ],
            [
              30.50717504365496,
              0.118771812859185
            ],
            [
              30.529052051292513,
              0.122980780998587
            ],
            [
              30.549944970083626,
              0.146697903699045
            ],
            [
              30.604619415633028,
              0.161417295920337
            ]
          ],
          [
            [
              30.564121879852646,
              0.101803016356319
            ],
            [
              30.56412756179607,
              0.101799102865598
            ],
            [
              30.564121327584676,
              0.101804147103612
            ],
            [
              30.564121879852646,
              0.101803016356319
            ]
          ]
        ]
      }
    },
    {
      "type": "Feature",
      "properties": {
        "Objectid": 32,
        "Dist": "Iganga",
        "Shape Length": 171803.68,
        "Shape Area": 1018326250.93,
        "Count": "Ug"
      },
      "geometry": {
        "type": "Polygon",
        "coordinates": [
          [
            [
              33.39679256083861,
              0.908008709841924
            ],
            [
              33.420712416147374,
              0.902978853855046
            ],
            [
              33.4352966086746,
              0.879154485221128
            ],
            [
              33.46133194139473,
              0.884402750540287
            ],
            [
              33.48108698213074,
              0.870040260557435
            ],
            [
              33.50233977765483,
              0.868363585541627
            ],
            [
              33.54156574488849,
              0.887517672796193
            ],
            [
              33.546934307429595,
              0.824891026641291
            ],
            [
              33.56413294646652,
              0.801181608328074
            ],
            [
              33.59174231975722,
              0.801103561378141
            ],
            [
              33.60626016984832,
              0.790164387708661
            ],
            [
              33.62982652889556,
              0.786670220382287
            ],
            [
              33.64231525838025,
              0.769994391497673
            ],
            [
              33.64014034365222,
              0.73167276151683
            ],
            [
              33.62739614863552,
              0.722061451241195
            ],
            [
              33.646884715635885,
              0.718049159821242
            ],
            [
              33.66946563837104,
              0.69963814338571
            ],
            [
              33.68488434612034,
              0.666155483719683
            ],
            [
              33.677007799257524,
              0.658737823931265
            ],
            [
              33.68019504275475,
              0.636768175614761
            ],
            [
              33.66811030558893,
              0.581369850138965
            ],
            [
              33.618205209378374,
              0.528393623645827
            ],
            [
              33.62304856153583,
              0.494304088681954
            ],
            [
              33.61249975120105,
              0.468792219198179
            ],
            [
              33.61789329540677,
              0.44237577445883
            ],
            [
              33.571667572456626,
              0.447541672396703
            ],
            [
              33.577234721128455,
              0.461792067430984
            ],
            [
              33.54329212010119,
              0.488970927488307
            ],
            [
              33.54630879184721,
              0.512005669590953
            ],
            [
              33.55785909385622,
              0.526888420851019
            ],
            [
              33.54590078281778,
              0.527242759299368
            ],
            [
              33.528437332722156,
              0.552913682684151
            ],
            [
              33.50768049415586,
              0.544892560416785
            ],
            [
              33.5088366723592,
              0.531521462417509
            ],
            [
              33.50077765911005,
              0.530694333390558
            ],
            [
              33.478585695468155,
              0.552127061005335
            ],
            [
              33.44843338978922,
              0.547887825797638
            ],
            [
              33.42551062527903,
              0.553853334979445
            ],
            [
              33.41269721474297,
              0.616766596983653
            ],
            [
              33.43217573890632,
              0.721628074227699
            ],
            [
              33.3915535155904,
              0.76300140303194
            ],
            [
              33.3620404541464,
              0.862592475762558
            ],
            [
              33.39679256083861,
              0.908008709841924
            ]
          ]
        ]
      }
    },
    {
      "type": "Feature",
      "properties": {
        "Objectid": 33,
        "Dist": "Jinja",
        "Shape Length": 134563.41,
        "Shape Area": 726871322.44,
        "Count": "Ug"
      },
      "geometry": {
        "type": "Polygon",
        "coordinates": [
          [
            [
              33.18926442817663,
              0.698420666158056
            ],
            [
              33.21001513906818,
              0.68186458851121
            ],
            [
              33.22830231776322,
              0.682243885214024
            ],
            [
              33.252610238969865,
              0.664124264703068
            ],
            [
              33.27568500333618,
              0.662028166877588
            ],
            [
              33.29810146579413,
              0.643362909905965
            ],
            [
              33.31356156859113,
              0.658138131874149
            ],
            [
              33.338620898092934,
              0.632339236192354
            ],
            [
              33.37973950927835,
              0.613816712904526
            ],
            [
              33.371436484095376,
              0.595859096978375
            ],
            [
              33.35258942283111,
              0.587439654474743
            ],
            [
              33.354253466558006,
              0.578027989031428
            ],
            [
              33.37033040889672,
              0.575279571464236
            ],
            [
              33.365102525676484,
              0.565374587333672
            ],
            [
              33.37167938054549,
              0.548547988219249
            ],
            [
              33.34018952565464,
              0.53373400649394
            ],
            [
              33.339345003850596,
              0.519196688945189
            ],
            [
              33.324957913825756,
              0.516672793702748
            ],
            [
              33.33266181832478,
              0.498624334359047
            ],
            [
              33.32732306030885,
              0.492126835137359
            ],
            [
              33.30495481616744,
              0.484288119899844
            ],
            [
              33.28153968358463,
              0.462623893484401
            ],
            [
              33.282177423593126,
              0.388868325179262
            ],
            [
              33.19703146840345,
              0.412629387259075
            ],
            [
              33.1824521101229,
              0.45121385853046
            ],
            [
              33.15975137918991,
              0.480489804827353
            ],
            [
              33.15471249530366,
              0.478223440066108
            ],
            [
              33.13474535512997,
              0.505664520208509
            ],
            [
              33.08267397517699,
              0.546611335147476
            ],
            [
              33.07216737035525,
              0.58078624608662
            ],
            [
              33.05067235548528,
              0.59531686119283
            ],
            [
              33.05448927769777,
              0.623916326486405
            ],
            [
              33.043858430608566,
              0.639365221400834
            ],
            [
              33.04755943202122,
              0.65989703602829
            ],
            [
              33.07310026685707,
              0.656146001904544
            ],
            [
              33.08681269773861,
              0.667648885412408
            ],
            [
              33.0864947099618,
              0.679813600456081
            ],
            [
              33.1341766914498,
              0.668092801541312
            ],
            [
              33.134421276122836,
              0.690436013337993
            ],
            [
              33.18926442817663,
              0.698420666158056
            ]
          ]
        ]
      }
    },
    {
      "type": "Feature",
      "properties": {
        "Objectid": 34,
        "Dist": "Kaabong",
        "Shape Length": 460040.58,
        "Shape Area": 7310433557.71,
        "Count": "Ug"
      },
      "geometry": {
        "type": "MultiPolygon",
        "coordinates": [
          [
            [
              [
                33.90217460071674,
                3.249661114924933
              ],
              [
                33.90223244855433,
                3.304318518049875
              ],
              [
                33.90771755374029,
                3.308182720348789
              ],
              [
                33.88899955202462,
                3.320714061215503
              ],
              [
                33.861231650606044,
                3.300775200280027
              ],
              [
                33.85163966002586,
                3.301823556915049
              ],
              [
                33.740451393454805,
                3.361463138849698
              ],
              [
                33.742422207171664,
                3.376527873765955
              ],
              [
                33.72103669572983,
                3.41811272245828
              ],
              [
                33.69927102419206,
                3.444557854037874
              ],
              [
                33.6415084653253,
                3.481837085934775
              ],
              [
                33.63163147844995,
                3.520637907220637
              ],
              [
                33.639113478994645,
                3.562320078759533
              ],
              [
                33.60260248004931,
                3.594488032276966
              ],
              [
                33.515257006049296,
                3.752194498911934
              ],
              [
                33.98850526267254,
                4.231367000179307
              ],
              [
                34.04811910778759,
                4.176446240943321
              ],
              [
                34.06642966101773,
                4.141301479790993
              ],
              [
                34.050275121443974,
                4.118407818155922
              ],
              [
                34.06388280700033,
                4.091489195000691
              ],
              [
                34.08049053329278,
                4.082749207522157
              ],
              [
                34.0920997657561,
                4.04636827030096
              ],
              [
                34.088362623340366,
                4.033919455469809
              ],
              [
                34.059579172178225,
                4.024990743648965
              ],
              [
                34.06079582191039,
                4.006806359723263
              ],
              [
                34.0828605697386,
                3.999554104138895
              ],
              [
                34.10643885186572,
                3.973933010083753
              ],
              [
                34.13538476966461,
                3.958634794033524
              ],
              [
                34.12067160246412,
                3.898129682622723
              ],
              [
                34.09218347080955,
                3.882538091097137
              ],
              [
                34.08917836116972,
                3.858556594875891
              ],
              [
                34.12855269129082,
                3.869433056691281
              ],
              [
                34.167658906351974,
                3.867170309675245
              ],
              [
                34.175738651319264,
                3.876979482560656
              ],
              [
                34.21631589064153,
                3.87814943809711
              ],
              [
                34.22675486940854,
                3.828296753038442
              ],
              [
                34.180805318001845,
                3.828852582526292
              ],
              [
                34.15391671154693,
                3.804254292573097
              ],
              [
                34.15450920256009,
                3.797229649967036
              ],
              [
                34.18939077461843,
                3.792424090529242
              ],
              [
                34.19088929925135,
                3.780117726962288
              ],
              [
                34.166816015266775,
                3.770804939949717
              ],
              [
                34.17162037266841,
                3.764997746338369
              ],
              [
                34.221083719955516,
                3.781477042455167
              ],
              [
                34.22971966185428,
                3.771408873221149
              ],
              [
                34.246328617157324,
                3.781179096442069
              ],
              [
                34.267190922470064,
                3.745528392056213
              ],
              [
                34.30867188318204,
                3.708674179468314
              ],
              [
                34.331767439128974,
                3.730328469962525
              ],
              [
                34.365817252922135,
                3.732447587977988
              ],
              [
                34.3949722320529,
                3.715029290535233
              ],
              [
                34.405651634761874,
                3.690034167672223
              ],
              [
                34.46396907878144,
                3.666788262039224
              ],
              [
                34.45386114035147,
                3.608435529774363
              ],
              [
                34.4522419122995,
                3.514416418149164
              ],
              [
                34.425519217658064,
                3.489002388206495
              ],
              [
                34.38971560798265,
                3.489056236457828
              ],
              [
                34.41735155246637,
                3.447946541284745
              ],
              [
                34.42002794333177,
                3.430632780811471
              ],
              [
                34.40243833741477,
                3.412330766698911
              ],
              [
                34.401361047024025,
                3.3678696542745
              ],
              [
                34.43070270749272,
                3.339995529005487
              ],
              [
                34.4481769416486,
                3.280234803760041
              ],
              [
                34.46119161194,
                3.17160714971367
              ],
              [
                34.48278827847499,
                3.162412495265257
              ],
              [
                34.49558489280465,
                3.13863622911561
              ],
              [
                34.51281511297498,
                3.146077976031485
              ],
              [
                34.546560589480414,
                3.133810203772874
              ],
              [
                34.55968947207353,
                3.107657864029748
              ],
              [
                34.54548876802207,
                3.093424499862013
              ],
              [
                34.52049492576026,
                3.086333554783791
              ],
              [
                34.48790741530955,
                3.096779933556515
              ],
              [
                34.44227455188727,
                3.079757957099197
              ],
              [
                34.39818886874058,
                3.093093620962478
              ],
              [
                34.32279925938467,
                3.087419790269227
              ],
              [
                34.19468584600217,
                3.156534556613957
              ],
              [
                34.185639458534254,
                3.172269110771266
              ],
              [
                34.16788294103229,
                3.181014105687041
              ],
              [
                34.160318880587674,
                3.208423787179366
              ],
              [
                34.085857481863854,
                3.249509555715405
              ],
              [
                33.91986257367,
                3.259342667231226
              ],
              [
                33.90217460071674,
                3.249661114924933
              ]
            ]
          ],
          [
            [
              [
                33.90261529964621,
                3.262974387519002
              ],
              [
                33.90261142456303,
                3.2629284007691
              ],
              [
                33.902611531085796,
                3.263047792033827
              ],
              [
                33.90261529964621,
                3.262974387519002
              ]
            ]
          ]
        ]
      }
    },
    {
      "type": "Feature",
      "properties": {
        "Objectid": 35,
        "Dist": "Kabale",
        "Shape Length": 254274.89,
        "Shape Area": 1740413460.31,
        "Count": "Ug"
      },
      "geometry": {
        "type": "Polygon",
        "coordinates": [
          [
            [
              29.81919708143647,
              -1.310482447534345
            ],
            [
              29.78218312979935,
              -1.225052012770725
            ],
            [
              29.751787877132013,
              -1.194833229016167
            ],
            [
              29.7699015456099,
              -1.188245301472562
            ],
            [
              29.79287875288833,
              -1.191336851920682
            ],
            [
              29.7512421188763,
              -1.152689422908082
            ],
            [
              29.74089305356853,
              -1.126947749880403
            ],
            [
              29.727757159604128,
              -1.124572464487535
            ],
            [
              29.734840625844086,
              -1.101036972379301
            ],
            [
              29.74726729458431,
              -1.09431281457117
            ],
            [
              29.754668198293086,
              -1.070280792107324
            ],
            [
              29.765728801821954,
              -1.063021056654817
            ],
            [
              29.75328297007549,
              -1.031404240515638
            ],
            [
              29.76445717780487,
              -1.028914239020892
            ],
            [
              29.73778028081558,
              -1.010435006050616
            ],
            [
              29.767127980365665,
              -0.987918449317878
            ],
            [
              29.80553492912644,
              -1.029972113887578
            ],
            [
              29.823844242593513,
              -1.028520705123091
            ],
            [
              29.869457134614752,
              -1.070309630558907
            ],
            [
              29.901178692853087,
              -1.04230242104406
            ],
            [
              29.918113108353218,
              -1.057741210553323
            ],
            [
              29.938371045059245,
              -1.013081550738074
            ],
            [
              29.993185089801585,
              -1.033833117493756
            ],
            [
              30.00807888303112,
              -1.025824957950308
            ],
            [
              30.024432343909822,
              -1.030485863171918
            ],
            [
              30.020177963025716,
              -1.052317956867812
            ],
            [
              30.069848986873094,
              -1.072288749554803
            ],
            [
              30.083754591201576,
              -1.100370046255879
            ],
            [
              30.08455756355897,
              -1.121734799925812
            ],
            [
              30.10498198211458,
              -1.136162260818585
            ],
            [
              30.112386937751623,
              -1.155642833714847
            ],
            [
              30.154538211176522,
              -1.161480179136289
            ],
            [
              30.193054765922167,
              -1.152207519641841
            ],
            [
              30.18705530679048,
              -1.173048423799608
            ],
            [
              30.19040787031518,
              -1.188915452366053
            ],
            [
              30.200071825258203,
              -1.194700828171223
            ],
            [
              30.21459222358671,
              -1.193941111955051
            ],
            [
              30.25720236345576,
              -1.156686016166912
            ],
            [
              30.298942332267988,
              -1.155821049652604
            ],
            [
              30.292242411926985,
              -1.189675604592444
            ],
            [
              30.27812621168583,
              -1.198511165512358
            ],
            [
              30.275587321400444,
              -1.210281145891594
            ],
            [
              30.254070891741797,
              -1.220462212238502
            ],
            [
              30.21076121538458,
              -1.276220269090797
            ],
            [
              30.197529367705954,
              -1.273573011548773
            ],
            [
              30.190736477112925,
              -1.28148611326752
            ],
            [
              30.187460293937995,
              -1.270660341719599
            ],
            [
              30.169386528710508,
              -1.274517412043255
            ],
            [
              30.174394322271556,
              -1.301530269183713
            ],
            [
              30.16189695004988,
              -1.317725105250911
            ],
            [
              30.16982243186709,
              -1.345231258195696
            ],
            [
              30.144997391538094,
              -1.3507462809316
            ],
            [
              30.128010124721587,
              -1.364504515670694
            ],
            [
              30.119258883523518,
              -1.385381880391574
            ],
            [
              30.103323715517995,
              -1.372481116773576
            ],
            [
              30.07313074120661,
              -1.378911325811927
            ],
            [
              30.069927003867125,
              -1.391998442100902
            ],
            [
              30.052142589520866,
              -1.401376406701212
            ],
            [
              30.052797539498624,
              -1.432034694622648
            ],
            [
              30.01964448181305,
              -1.414127297040394
            ],
            [
              29.976265974162114,
              -1.459037915834202
            ],
            [
              29.922825913708714,
              -1.479807439115886
            ],
            [
              29.912611047706886,
              -1.481357188468359
            ],
            [
              29.89106879775129,
              -1.450831542800247
            ],
            [
              29.87887360518017,
              -1.355572230995929
            ],
            [
              29.85945553665478,
              -1.3604896528335
            ],
            [
              29.838465701542898,
              -1.331957189355206
            ],
            [
              29.840677878037607,
              -1.319900167118075
            ],
            [
              29.81919708143647,
              -1.310482447534345
            ]
          ]
        ]
      }
    },
    {
      "type": "Feature",
      "properties": {
        "Objectid": 36,
        "Dist": "Kaberamaido",
        "Shape Length": 202444.91,
        "Shape Area": 1623412241.82,
        "Count": "Ug"
      },
      "geometry": {
        "type": "Polygon",
        "coordinates": [
          [
            [
              32.999938686782066,
              1.712277686379741
            ],
            [
              33.046798328993184,
              1.708053901056656
            ],
            [
              33.08381928477991,
              1.731875284855418
            ],
            [
              33.08394708162713,
              1.748073847393166
            ],
            [
              33.10397810525221,
              1.777256716431055
            ],
            [
              33.10163061746045,
              1.791601755994935
            ],
            [
              33.11519930985497,
              1.822695219200716
            ],
            [
              33.11390376778704,
              1.853816730590325
            ],
            [
              33.141773504625775,
              1.857018659600941
            ],
            [
              33.146111259936944,
              1.87058673677732
            ],
            [
              33.165159180883705,
              1.874036656482025
            ],
            [
              33.20038001884489,
              1.907788365590966
            ],
            [
              33.22095205466879,
              1.90961844429111
            ],
            [
              33.24213309563948,
              1.923859191784878
            ],
            [
              33.24875037502644,
              1.951305598692481
            ],
            [
              33.27145096476104,
              1.95712711254923
            ],
            [
              33.28253222316757,
              2.024001896121066
            ],
            [
              33.29209381599807,
              2.041266752480519
            ],
            [
              33.314515199868026,
              2.05344746506821
            ],
            [
              33.32662603567283,
              2.051926147536336
            ],
            [
              33.34867420661876,
              2.030747121634418
            ],
            [
              33.36400504839766,
              2.027514698267129
            ],
            [
              33.38454164405171,
              1.989985002392635
            ],
            [
              33.407137586095494,
              1.980109703529861
            ],
            [
              33.414990996435336,
              1.930369115438987
            ],
            [
              33.453625404278064,
              1.87892626041463
            ],
            [
              33.44988358158126,
              1.850960537802808
            ],
            [
              33.429498047424275,
              1.821576850353303
            ],
            [
              33.43518157071368,
              1.801481631521398
            ],
            [
              33.41682247257754,
              1.758279904476914
            ],
            [
              33.41216282228887,
              1.711672297133585
            ],
            [
              33.40073325205661,
              1.684734879869956
            ],
            [
              33.38967917821744,
              1.672373927580233
            ],
            [
              33.24887313573545,
              1.62499487605101
            ],
            [
              33.10445304984123,
              1.561102049200965
            ],
            [
              33.03732852476017,
              1.514019562848643
            ],
            [
              33.01545448991699,
              1.460870147585901
            ],
            [
              32.97373013357747,
              1.476921071296545
            ],
            [
              32.96684840406436,
              1.611593436534304
            ],
            [
              32.945224597638365,
              1.6419862671106
            ],
            [
              32.996466581946024,
              1.671406850173291
            ],
            [
              32.999938686782066,
              1.712277686379741
            ]
          ]
        ]
      }
    },
    {
      "type": "Feature",
      "properties": {
        "Objectid": 37,
        "Dist": "Kabarole",
        "Shape Length": 309601.7,
        "Shape Area": 1816025704.17,
        "Count": "Ug"
      },
      "geometry": {
        "type": "Polygon",
        "coordinates": [
          [
            [
              30.543512543119935,
              0.975887033536868
            ],
            [
              30.562203780256464,
              0.944335806346708
            ],
            [
              30.560987552963837,
              0.935921034997724
            ],
            [
              30.53051548490978,
              0.926964120511422
            ],
            [
              30.505346451915987,
              0.900439402546808
            ],
            [
              30.483301788365953,
              0.861210733525744
            ],
            [
              30.479453756403434,
              0.843887964425457
            ],
            [
              30.493085138273592,
              0.839081149633224
            ],
            [
              30.477226226916073,
              0.806332487244969
            ],
            [
              30.44877127049158,
              0.768712833099649
            ],
            [
              30.424603666583995,
              0.765808118394486
            ],
            [
              30.435178534012127,
              0.715095349294588
            ],
            [
              30.42286723671248,
              0.677847309686495
            ],
            [
              30.39649360849422,
              0.650451984057983
            ],
            [
              30.397311215919476,
              0.63931608472296
            ],
            [
              30.412592141832018,
              0.626297292284805
            ],
            [
              30.413370969194567,
              0.610890519293564
            ],
            [
              30.431685815311077,
              0.601108481020981
            ],
            [
              30.444702331553152,
              0.6046024495743
            ],
            [
              30.445569389558006,
              0.584639307912428
            ],
            [
              30.464904280945216,
              0.575399940089355
            ],
            [
              30.428896553787546,
              0.550632522005459
            ],
            [
              30.42566574571637,
              0.536032236349187
            ],
            [
              30.369851699899456,
              0.489539667990038
            ],
            [
              30.378667989196718,
              0.446312691212126
            ],
            [
              30.358404719698648,
              0.419369294999395
            ],
            [
              30.368788210316943,
              0.401071693233762
            ],
            [
              30.379315105956675,
              0.401942092008334
            ],
            [
              30.39281051456046,
              0.370836113426546
            ],
            [
              30.37793390428446,
              0.356243102720222
            ],
            [
              30.38361564437132,
              0.335204365525514
            ],
            [
              30.36897970478244,
              0.308562388677322
            ],
            [
              30.374644978848494,
              0.300195437148874
            ],
            [
              30.385819992361927,
              0.300571246669638
            ],
            [
              30.385760693886255,
              0.276502949307446
            ],
            [
              30.34138553006004,
              0.280695514951833
            ],
            [
              30.294288766288698,
              0.266634777264312
            ],
            [
              30.297616765701687,
              0.2852136444204
            ],
            [
              30.282962304226626,
              0.339403040867314
            ],
            [
              30.238984531909043,
              0.342303954491454
            ],
            [
              30.218802712984886,
              0.356545096528813
            ],
            [
              30.214688688942637,
              0.37106943533573
            ],
            [
              30.180550375276805,
              0.387146544221858
            ],
            [
              30.176313384630046,
              0.424599502206395
            ],
            [
              30.139667773398816,
              0.457404467558606
            ],
            [
              30.128110311126225,
              0.481847984483355
            ],
            [
              30.097214048087366,
              0.471845976594705
            ],
            [
              30.06822803146684,
              0.473218485020553
            ],
            [
              30.037752049227276,
              0.454370607320776
            ],
            [
              30.019660238638895,
              0.432279942897994
            ],
            [
              29.981713223512212,
              0.425583971449461
            ],
            [
              29.99859662359586,
              0.472063421221069
            ],
            [
              30.037796749094298,
              0.49327996575811
            ],
            [
              30.051374879389808,
              0.520209615290703
            ],
            [
              30.071489403352878,
              0.531136976318762
            ],
            [
              30.073527127959505,
              0.564451568927626
            ],
            [
              30.09445944990682,
              0.579974176007256
            ],
            [
              30.095724664681786,
              0.608885323609052
            ],
            [
              30.12025017730788,
              0.624379771701561
            ],
            [
              30.12582905674266,
              0.659345520412578
            ],
            [
              30.164615041671535,
              0.732951349763737
            ],
            [
              30.187752763490902,
              0.716617104736947
            ],
            [
              30.20815122307945,
              0.752694367479399
            ],
            [
              30.258944384457884,
              0.747588279926309
            ],
            [
              30.29917036708565,
              0.77642605896413
            ],
            [
              30.29543384860458,
              0.808302472466296
            ],
            [
              30.341809318282138,
              0.838284197329632
            ],
            [
              30.346482190151367,
              0.899503717005476
            ],
            [
              30.36176181775481,
              0.876161158336428
            ],
            [
              30.37493228393774,
              0.890683353153855
            ],
            [
              30.480862924298407,
              0.919936966880177
            ],
            [
              30.543512543119935,
              0.975887033536868
            ]
          ]
        ]
      }
    },
    {
      "type": "Feature",
      "properties": {
        "Objectid": 38,
        "Dist": "Kalangala",
        "Shape Length": 387404.09,
        "Shape Area": 9037632340.19,
        "Count": "Ug"
      },
      "geometry": {
        "type": "Polygon",
        "coordinates": [
          [
            [
              32.000423465798086,
              -0.153737931901055
            ],
            [
              32.87624275580415,
              -0.152336583139819
            ],
            [
              32.875133634120964,
              -0.999422004670164
            ],
            [
              32.00066510463677,
              -0.999475350720114
            ],
            [
              32.00066309439339,
              -0.385368814902459
            ],
            [
              32.05200541374686,
              -0.338486256185018
            ],
            [
              32.06137780775502,
              -0.306442684721158
            ],
            [
              32.053238712855965,
              -0.27515828151225
            ],
            [
              32.00027405774405,
              -0.219116204576564
            ],
            [
              32.000423465798086,
              -0.153737931901055
            ]
          ]
        ]
      }
    },
    {
      "type": "Feature",
      "properties": {
        "Objectid": 39,
        "Dist": "Kaliro",
        "Shape Length": 134128.41,
        "Shape Area": 868006589.6,
        "Count": "Ug"
      },
      "geometry": {
        "type": "Polygon",
        "coordinates": [
          [
            [
              33.49283354317013,
              1.247107436219291
            ],
            [
              33.52332468368557,
              1.201413293921082
            ],
            [
              33.537112935103586,
              1.199548185361518
            ],
            [
              33.56393557535735,
              1.174115313476661
            ],
            [
              33.591478223833015,
              1.162909627680618
            ],
            [
              33.605336755241225,
              1.125342996418484
            ],
            [
              33.63655672818708,
              1.088899190449836
            ],
            [
              33.57047048283896,
              0.979066489876028
            ],
            [
              33.560772147943936,
              0.919586720961364
            ],
            [
              33.54156574488849,
              0.887517672796193
            ],
            [
              33.49859307188087,
              0.868137967207244
            ],
            [
              33.47785656821023,
              0.871161914372518
            ],
            [
              33.46133194139473,
              0.884402750540287
            ],
            [
              33.4352966086746,
              0.879154485221128
            ],
            [
              33.42040360765284,
              0.903217730924834
            ],
            [
              33.39679256083861,
              0.908008709841924
            ],
            [
              33.41732616428243,
              0.999057747770685
            ],
            [
              33.383476570198575,
              0.999565432968702
            ],
            [
              33.38612027204283,
              1.026366023096537
            ],
            [
              33.37100905085947,
              1.031545535586101
            ],
            [
              33.356208555181,
              1.064887091366135
            ],
            [
              33.33503201659792,
              1.077299787917127
            ],
            [
              33.35872649962731,
              1.10213127254147
            ],
            [
              33.35867778244683,
              1.127930010531122
            ],
            [
              33.39261861784886,
              1.177137884618091
            ],
            [
              33.40407743900527,
              1.2135293732329
            ],
            [
              33.43235310664672,
              1.24715446604173
            ],
            [
              33.44032776398363,
              1.291812199161068
            ],
            [
              33.49283354317013,
              1.247107436219291
            ]
          ]
        ]
      }
    },
    {
      "type": "Feature",
      "properties": {
        "Objectid": 40,
        "Dist": "Kalungu",
        "Shape Length": 140057.78,
        "Shape Area": 835978435.27,
        "Count": "Ug"
      },
      "geometry": {
        "type": "Polygon",
        "coordinates": [
          [
            [
              31.694988137964916,
              0.076443137765608
            ],
            [
              31.784152992253784,
              0.061564388838213
            ],
            [
              31.838844229053834,
              0.020302891010134
            ],
            [
              31.871065004168685,
              0.006166833332688
            ],
            [
              31.88822741886088,
              -0.016402143195453
            ],
            [
              31.915370312798206,
              -0.017442566450728
            ],
            [
              31.902076496488878,
              -0.039495487723338
            ],
            [
              31.91786484089844,
              -0.089254736643205
            ],
            [
              31.947592548636667,
              -0.130391140965427
            ],
            [
              32.00042346849332,
              -0.153737940042519
            ],
            [
              31.962908187260794,
              -0.168596407119248
            ],
            [
              31.920211394242397,
              -0.214541593526042
            ],
            [
              31.88750388826585,
              -0.222028769528966
            ],
            [
              31.870962472507557,
              -0.256883086457278
            ],
            [
              31.847582067138642,
              -0.262680132468182
            ],
            [
              31.83662533023577,
              -0.247693171860666
            ],
            [
              31.820059288887986,
              -0.243421142411358
            ],
            [
              31.812791662103216,
              -0.232919475764643
            ],
            [
              31.797875145458,
              -0.238329764174804
            ],
            [
              31.793348749684714,
              -0.228617106826205
            ],
            [
              31.785761932209656,
              -0.235928319330331
            ],
            [
              31.79310542413427,
              -0.244353174602045
            ],
            [
              31.78131668025124,
              -0.274345337087187
            ],
            [
              31.741274621592222,
              -0.27646163301777
            ],
            [
              31.720961299878855,
              -0.254782933553357
            ],
            [
              31.72092128177262,
              -0.234417879604992
            ],
            [
              31.706195429805966,
              -0.21070479145737
            ],
            [
              31.69249887265607,
              -0.14656315183658
            ],
            [
              31.70518391126254,
              -0.071284801624467
            ],
            [
              31.70016431237025,
              -0.03196877855438
            ],
            [
              31.662994798265764,
              0.031740481277769
            ],
            [
              31.646436889917698,
              0.039542791346406
            ],
            [
              31.673986714155216,
              0.071153223805664
            ],
            [
              31.694988137964916,
              0.076443137765608
            ]
          ]
        ]
      }
    },
    {
      "type": "Feature",
      "properties": {
        "Objectid": 41,
        "Dist": "Kampala",
        "Shape Length": 68831.06,
        "Shape Area": 194308576.5,
        "Count": "Ug"
      },
      "geometry": {
        "type": "Polygon",
        "coordinates": [
          [
            [
              32.60424819030312,
              0.403826032311527
            ],
            [
              32.605072946653664,
              0.390713795138236
            ],
            [
              32.61761637760805,
              0.387718938332532
            ],
            [
              32.61928473204317,
              0.377338823932724
            ],
            [
              32.63471109435514,
              0.377911306052185
            ],
            [
              32.643066816436594,
              0.327403125103005
            ],
            [
              32.661395643952375,
              0.326287428907346
            ],
            [
              32.66687643320626,
              0.318195603470966
            ],
            [
              32.66150294228244,
              0.308673267305354
            ],
            [
              32.66875866962761,
              0.274597073863551
            ],
            [
              32.64363785938457,
              0.242774608374683
            ],
            [
              32.63425044536549,
              0.214320310297262
            ],
            [
              32.6159227421645,
              0.226318909168245
            ],
            [
              32.60362722962557,
              0.25685286626005
            ],
            [
              32.57780765866429,
              0.277937364738323
            ],
            [
              32.54087254671566,
              0.271800610220703
            ],
            [
              32.526679166352686,
              0.298190707846242
            ],
            [
              32.51036504371933,
              0.307327199985028
            ],
            [
              32.53163477789097,
              0.341282182598141
            ],
            [
              32.553648105920956,
              0.348464048182148
            ],
            [
              32.5498961272088,
              0.37556407205961
            ],
            [
              32.56451824381102,
              0.386997284671428
            ],
            [
              32.56245220230312,
              0.401848719742752
            ],
            [
              32.60424819030312,
              0.403826032311527
            ]
          ]
        ]
      }
    },
    {
      "type": "Feature",
      "properties": {
        "Objectid": 42,
        "Dist": "Kamuli",
        "Shape Length": 203088.41,
        "Shape Area": 1535194426.96,
        "Count": "Ug"
      },
      "geometry": {
        "type": "Polygon",
        "coordinates": [
          [
            [
              32.933197053195016,
              1.222301917441247
            ],
            [
              33.030304194453564,
              1.223591456652597
            ],
            [
              33.05512290476405,
              1.198606539181514
            ],
            [
              33.07844392445485,
              1.19559483514723
            ],
            [
              33.0920691646189,
              1.169491199280486
            ],
            [
              33.12464338436383,
              1.163007596683052
            ],
            [
              33.15179778584098,
              1.044085273119967
            ],
            [
              33.17811014055787,
              1.040319386082479
            ],
            [
              33.22541327562978,
              0.986885733993191
            ],
            [
              33.250302811070696,
              0.995920726203922
            ],
            [
              33.26815497762111,
              0.985315716950589
            ],
            [
              33.3068922674707,
              0.984241950464874
            ],
            [
              33.30459134645557,
              0.934869644335803
            ],
            [
              33.28324962126698,
              0.863412279801251
            ],
            [
              33.30494222588679,
              0.849337802490785
            ],
            [
              33.28329747423648,
              0.836009090754098
            ],
            [
              33.2741709746733,
              0.796143915342213
            ],
            [
              33.25440831048948,
              0.790226688849509
            ],
            [
              33.25047538774035,
              0.764886566471369
            ],
            [
              33.23598859154911,
              0.747283320030299
            ],
            [
              33.24349393381058,
              0.744500510603398
            ],
            [
              33.22029440595233,
              0.730345023815103
            ],
            [
              33.223217335244065,
              0.683915626763762
            ],
            [
              33.21001513906818,
              0.68186458851121
            ],
            [
              33.18926442817663,
              0.698420666158056
            ],
            [
              33.1585249453449,
              0.694901272091848
            ],
            [
              33.134421276122836,
              0.690436013337993
            ],
            [
              33.13474719550812,
              0.668260091675479
            ],
            [
              33.0864947099618,
              0.679813600456081
            ],
            [
              33.08681269773861,
              0.667648885412408
            ],
            [
              33.07310026685707,
              0.656146001904544
            ],
            [
              33.04772062789802,
              0.659415623197734
            ],
            [
              33.05720881152394,
              0.697578022160882
            ],
            [
              33.04572208377475,
              0.732173900908714
            ],
            [
              33.0515347741346,
              0.737415083858513
            ],
            [
              33.04845942433759,
              0.764821678997921
            ],
            [
              33.027999022890576,
              0.829935916798003
            ],
            [
              33.00918235123114,
              0.84585825465491
            ],
            [
              33.0015314751236,
              0.877187521523568
            ],
            [
              32.964071060890944,
              0.916215246873585
            ],
            [
              32.96198875683198,
              0.935064951197578
            ],
            [
              32.94701727349836,
              0.94295808719893
            ],
            [
              32.94198754522595,
              0.993924457061403
            ],
            [
              32.929308021650094,
              1.028514681744479
            ],
            [
              32.935489935949875,
              1.08871825573029
            ],
            [
              32.96002333931391,
              1.116693041229444
            ],
            [
              32.96812511044452,
              1.159766103026091
            ],
            [
              32.961599379113984,
              1.199752350474458
            ],
            [
              32.933197053195016,
              1.222301917441247
            ]
          ]
        ]
      }
    },
    {
      "type": "Feature",
      "properties": {
        "Objectid": 43,
        "Dist": "Kamwenge",
        "Shape Length": 353130.89,
        "Shape Area": 2411083438.28,
        "Count": "Ug"
      },
      "geometry": {
        "type": "Polygon",
        "coordinates": [
          [
            [
              30.469514416084635,
              0.571125432269396
            ],
            [
              30.50804900528531,
              0.540162253345512
            ],
            [
              30.505353995462453,
              0.512456917743743
            ],
            [
              30.496756201797005,
              0.500836763289395
            ],
            [
              30.5096261171979,
              0.486394658357859
            ],
            [
              30.53256078284463,
              0.479600087318564
            ],
            [
              30.547686569098378,
              0.454784555472252
            ],
            [
              30.537956539544144,
              0.434256322737761
            ],
            [
              30.52500585944767,
              0.426112239332921
            ],
            [
              30.529926089713882,
              0.406240710125535
            ],
            [
              30.536097879251766,
              0.399361851143311
            ],
            [
              30.546238643672858,
              0.404317303367004
            ],
            [
              30.56530602534537,
              0.368871748303777
            ],
            [
              30.55861545130272,
              0.344634494735343
            ],
            [
              30.594184266303344,
              0.372695295894655
            ],
            [
              30.607971862947092,
              0.364098330039484
            ],
            [
              30.635798816600357,
              0.377412241268142
            ],
            [
              30.66326275214215,
              0.408820456347275
            ],
            [
              30.66740809995828,
              0.425206212014387
            ],
            [
              30.68963425308367,
              0.442343811248523
            ],
            [
              30.690575230461416,
              0.460318527466399
            ],
            [
              30.737256894989677,
              0.473026577433461
            ],
            [
              30.755979865160164,
              0.47139457772765
            ],
            [
              30.781284232660724,
              0.44410846586768
            ],
            [
              30.79113090626137,
              0.449042433856537
            ],
            [
              30.80745565134812,
              0.441876916696331
            ],
            [
              30.811294748156858,
              0.424566062333483
            ],
            [
              30.855553331994585,
              0.384483403090788
            ],
            [
              30.859813443647305,
              0.371400203622585
            ],
            [
              30.850449135472186,
              0.337560424556332
            ],
            [
              30.82210416236911,
              0.318205418628882
            ],
            [
              30.82051432682171,
              0.299880144481778
            ],
            [
              30.79484142615809,
              0.262135887716015
            ],
            [
              30.78698051756993,
              0.23649850839449
            ],
            [
              30.772835315163174,
              0.225546796452196
            ],
            [
              30.763444421768234,
              0.194223415754288
            ],
            [
              30.667540810099663,
              0.209633258838972
            ],
            [
              30.653748194807186,
              0.195130429569367
            ],
            [
              30.64581896883164,
              0.196477615495074
            ],
            [
              30.62522660694387,
              0.165467121602935
            ],
            [
              30.60961724863407,
              0.168412789539512
            ],
            [
              30.549944970083626,
              0.146697903699045
            ],
            [
              30.529052051292513,
              0.122980780998587
            ],
            [
              30.50717504365496,
              0.118771812859185
            ],
            [
              30.494084665413492,
              0.097378284664642
            ],
            [
              30.481455098739882,
              0.095111384370371
            ],
            [
              30.47011876493474,
              0.104565987814288
            ],
            [
              30.4535778236505,
              0.09606367183615
            ],
            [
              30.451974862137895,
              0.061506751263306
            ],
            [
              30.42772144436799,
              0.046316956313968
            ],
            [
              30.42811726260221,
              0.037373488267533
            ],
            [
              30.406412220971387,
              0.024369000117738
            ],
            [
              30.384665225393473,
              -0.00285916338002
            ],
            [
              30.41005315146549,
              -0.049243559456556
            ],
            [
              30.421599596710266,
              -0.129171666944137
            ],
            [
              30.46570197469134,
              -0.152648990548361
            ],
            [
              30.43193706633788,
              -0.180372910476028
            ],
            [
              30.41570502264474,
              -0.18260322361949
            ],
            [
              30.39255873507819,
              -0.173680198302135
            ],
            [
              30.37807320593923,
              -0.144175820206114
            ],
            [
              30.35654190291352,
              -0.15228359262401
            ],
            [
              30.348048082309614,
              -0.140566240871902
            ],
            [
              30.33714351331146,
              -0.142513976283851
            ],
            [
              30.27566867582662,
              -0.112987729184219
            ],
            [
              30.238524758426195,
              -0.125664562895523
            ],
            [
              30.211919124278918,
              -0.101852554706922
            ],
            [
              30.25668676097679,
              0.043537554434818
            ],
            [
              30.254420537216223,
              0.064270892002627
            ],
            [
              30.270070739094578,
              0.111549795460835
            ],
            [
              30.265792987894827,
              0.181246607803107
            ],
            [
              30.28828754712793,
              0.214600507542219
            ],
            [
              30.2878888287941,
              0.261028465294889
            ],
            [
              30.312954341738717,
              0.275939147868768
            ],
            [
              30.38882666090166,
              0.280688173005038
            ],
            [
              30.38531049795143,
              0.301425090198842
            ],
            [
              30.374644978848494,
              0.300195437148874
            ],
            [
              30.36897970478244,
              0.308562388677322
            ],
            [
              30.38361564437132,
              0.335204365525514
            ],
            [
              30.37793390428446,
              0.356243102720222
            ],
            [
              30.39281051456046,
              0.370836113426546
            ],
            [
              30.379315105956675,
              0.401942092008334
            ],
            [
              30.368788210316943,
              0.401071693233762
            ],
            [
              30.358404719698648,
              0.419369294999395
            ],
            [
              30.378667986503448,
              0.446312691211159
            ],
            [
              30.370041790879682,
              0.490185163364885
            ],
            [
              30.42566574571637,
              0.536032236349187
            ],
            [
              30.428896553787546,
              0.550632522005459
            ],
            [
              30.469514416084635,
              0.571125432269396
            ]
          ],
          [
            [
              30.524637299945994,
              0.427867710137886
            ],
            [
              30.52347499527163,
              0.427270655641338
            ],
            [
              30.524400101966304,
              0.427724416734712
            ],
            [
              30.524637299945994,
              0.427867710137886
            ]
          ]
        ]
      }
    },
    {
      "type": "Feature",
      "properties": {
        "Objectid": 44,
        "Dist": "Kanungu",
        "Shape Length": 312160.81,
        "Shape Area": 1352375252.99,
        "Count": "Ug"
      },
      "geometry": {
        "type": "Polygon",
        "coordinates": [
          [
            [
              29.724901884956413,
              -0.442000202900654
            ],
            [
              29.748060758390004,
              -0.468481080859822
            ],
            [
              29.751508654339016,
              -0.484131690698671
            ],
            [
              29.721333374689905,
              -0.513110865369148
            ],
            [
              29.72409704158606,
              -0.583429383718859
            ],
            [
              29.74073314585387,
              -0.602898722810807
            ],
            [
              29.737160381871504,
              -0.609681475747878
            ],
            [
              29.745339712322565,
              -0.622309767571293
            ],
            [
              29.768367005028722,
              -0.630063087418366
            ],
            [
              29.774685440367236,
              -0.620091330234506
            ],
            [
              29.793849262102707,
              -0.620585777205874
            ],
            [
              29.798773885133915,
              -0.635765888917922
            ],
            [
              29.777563253195776,
              -0.654520258231696
            ],
            [
              29.805187435059118,
              -0.687080220609587
            ],
            [
              29.802502125977075,
              -0.722970412882269
            ],
            [
              29.823949220299504,
              -0.756141884436731
            ],
            [
              29.826345996965166,
              -0.809915246778375
            ],
            [
              29.837835168852443,
              -0.815074387020015
            ],
            [
              29.843837722995595,
              -0.844297928780883
            ],
            [
              29.885715780396655,
              -0.896217905149501
            ],
            [
              29.85444875084523,
              -0.913775640497213
            ],
            [
              29.850883522340318,
              -0.937056950342356
            ],
            [
              29.859872387089194,
              -0.963337333926442
            ],
            [
              29.85363156384362,
              -0.966802254194063
            ],
            [
              29.891030263307023,
              -1.006772845922661
            ],
            [
              29.885117621809563,
              -1.018996856541624
            ],
            [
              29.90117869554558,
              -1.042302421046729
            ],
            [
              29.869457130127365,
              -1.070309630554293
            ],
            [
              29.823844245288473,
              -1.02852070241579
            ],
            [
              29.80553493182138,
              -1.029972111180362
            ],
            [
              29.76712798305777,
              -0.987918449320517
            ],
            [
              29.737780272742164,
              -1.010435003332692
            ],
            [
              29.764457180499726,
              -1.028914236313818
            ],
            [
              29.753282972767586,
              -1.031404240518405
            ],
            [
              29.76572880182477,
              -1.06302105394499
            ],
            [
              29.75208319158421,
              -1.078687395248794
            ],
            [
              29.721482506369295,
              -1.071045901358346
            ],
            [
              29.705701215196925,
              -1.057181615631454
            ],
            [
              29.66321919681441,
              -1.057312544410939
            ],
            [
              29.65854956032129,
              -1.047533047556175
            ],
            [
              29.648442693683318,
              -1.048633556135978
            ],
            [
              29.614753488084645,
              -1.027537068259927
            ],
            [
              29.598342235512302,
              -1.029847672797855
            ],
            [
              29.58377490617275,
              -1.00760884682294
            ],
            [
              29.58538408185724,
              -0.981782525036732
            ],
            [
              29.59703181896455,
              -0.987069036967598
            ],
            [
              29.600969189991503,
              -0.980138061056011
            ],
            [
              29.5928032788347,
              -0.972844189240798
            ],
            [
              29.586386164169753,
              -0.94158517509361
            ],
            [
              29.59270186760915,
              -0.932181227176463
            ],
            [
              29.582093142433425,
              -0.918964789658112
            ],
            [
              29.5816408347215,
              -0.904026808931101
            ],
            [
              29.637324626557483,
              -0.899879759626519
            ],
            [
              29.626068152249292,
              -0.861951093694926
            ],
            [
              29.640038578645648,
              -0.829800570626385
            ],
            [
              29.625572661128505,
              -0.792598402039891
            ],
            [
              29.63128497728445,
              -0.741662053781507
            ],
            [
              29.624620090447586,
              -0.718673476266684
            ],
            [
              29.635561963293572,
              -0.675504849588641
            ],
            [
              29.663206161632576,
              -0.624385516352557
            ],
            [
              29.64926972158219,
              -0.595460729080324
            ],
            [
              29.668850322783484,
              -0.591345876690554
            ],
            [
              29.68304417911643,
              -0.565480885898152
            ],
            [
              29.669801480728406,
              -0.556960736067294
            ],
            [
              29.666974256295426,
              -0.543855226030965
            ],
            [
              29.673851594283295,
              -0.522450612578641
            ],
            [
              29.66810731942816,
              -0.50132115904259
            ],
            [
              29.676372194573414,
              -0.494212876082184
            ],
            [
              29.670958167186793,
              -0.474515915369106
            ],
            [
              29.651388817436608,
              -0.46321776741527
            ],
            [
              29.67619903314213,
              -0.336717144035199
            ],
            [
              29.75025909778879,
              -0.419123292577563
            ],
            [
              29.724901884956413,
              -0.442000202900654
            ]
          ]
        ]
      }
    },
    {
      "type": "Feature",
      "properties": {
        "Objectid": 45,
        "Dist": "Kapchorwa",
        "Shape Length": 111544.81,
        "Shape Area": 354562860.15,
        "Count": "Ug"
      },
      "geometry": {
        "type": "Polygon",
        "coordinates": [
          [
            [
              34.44747040431979,
              1.47661913565109
            ],
            [
              34.46347713856768,
              1.472916400275665
            ],
            [
              34.480222442688046,
              1.454845055380784
            ],
            [
              34.48675245652766,
              1.419144728996282
            ],
            [
              34.47675387206644,
              1.390250211429378
            ],
            [
              34.4838068388502,
              1.382683291967359
            ],
            [
              34.48534472464015,
              1.344590277793531
            ],
            [
              34.47001162464777,
              1.345456429821251
            ],
            [
              34.49862010983359,
              1.309206795883945
            ],
            [
              34.52645787770125,
              1.247213702219763
            ],
            [
              34.53645938570573,
              1.217222752612249
            ],
            [
              34.5365462392621,
              1.180015821795483
            ],
            [
              34.499007642987486,
              1.235505668280093
            ],
            [
              34.45408106817326,
              1.253025210780546
            ],
            [
              34.39889181224665,
              1.294863628118327
            ],
            [
              34.32997329470386,
              1.306087789984074
            ],
            [
              34.30635397216278,
              1.337211604722834
            ],
            [
              34.32325956676679,
              1.387920981649734
            ],
            [
              34.350306094510096,
              1.392892501385615
            ],
            [
              34.35094927545321,
              1.407221111226721
            ],
            [
              34.362977066130966,
              1.412963274316092
            ],
            [
              34.36021662145758,
              1.424090957803603
            ],
            [
              34.374829975135505,
              1.432593492055289
            ],
            [
              34.37517231827936,
              1.440767146757156
            ],
            [
              34.38751505490997,
              1.447027683557617
            ],
            [
              34.39806410033928,
              1.434496460894978
            ],
            [
              34.409042968712214,
              1.449736588905059
            ],
            [
              34.43053752788885,
              1.442852030151732
            ],
            [
              34.426761668945325,
              1.462820795677876
            ],
            [
              34.446033746178095,
              1.461064002980001
            ],
            [
              34.44747040431979,
              1.47661913565109
            ]
          ]
        ]
      }
    },
    {
      "type": "Feature",
      "properties": {
        "Objectid": 46,
        "Dist": "Kasese",
        "Shape Length": 286154.55,
        "Shape Area": 3393843316.3,
        "Count": "Ug"
      },
      "geometry": {
        "type": "Polygon",
        "coordinates": [
          [
            [
              30.132414346588963,
              0.478401949729331
            ],
            [
              30.139667773398816,
              0.457404467558606
            ],
            [
              30.176313384630046,
              0.424599502206395
            ],
            [
              30.180550375276805,
              0.387146544221858
            ],
            [
              30.214688688942637,
              0.37106943533573
            ],
            [
              30.218802712984886,
              0.356545096528813
            ],
            [
              30.238984531909043,
              0.342303954491454
            ],
            [
              30.282795993289817,
              0.339617973055725
            ],
            [
              30.297616765701687,
              0.2852136444204
            ],
            [
              30.28788882879526,
              0.261028459872616
            ],
            [
              30.288287547127446,
              0.214600510253366
            ],
            [
              30.26579298520107,
              0.181246613224855
            ],
            [
              30.270070739094578,
              0.111549795460835
            ],
            [
              30.254420537216223,
              0.064270892002627
            ],
            [
              30.256338296005946,
              0.04336599561025
            ],
            [
              30.217576122691682,
              -0.077151831086045
            ],
            [
              30.18445202538656,
              -0.088495047909394
            ],
            [
              30.184860764424773,
              -0.072221811599579
            ],
            [
              30.156141535996706,
              -0.072514435267858
            ],
            [
              30.106579510594003,
              -0.101504457369429
            ],
            [
              30.093679647469248,
              -0.096713866525144
            ],
            [
              30.08190844708516,
              -0.114604723340596
            ],
            [
              30.063168713095493,
              -0.112944674760866
            ],
            [
              30.045951923316796,
              -0.131014268529671
            ],
            [
              30.00879725077229,
              -0.145210222833068
            ],
            [
              29.988774789988064,
              -0.171992710739939
            ],
            [
              29.9674275816531,
              -0.170753785862846
            ],
            [
              29.95452286788003,
              -0.188432830319821
            ],
            [
              29.927144171712836,
              -0.176789725395059
            ],
            [
              29.908189382993832,
              -0.182130083474291
            ],
            [
              29.907359756950296,
              -0.198169531262778
            ],
            [
              29.888466292375256,
              -0.208885568516799
            ],
            [
              29.69926894465702,
              -0.210558144826231
            ],
            [
              29.72863262089372,
              -0.079371190810066
            ],
            [
              29.72803525601228,
              -0.040523631450546
            ],
            [
              29.74428701336375,
              -0.029658592746681
            ],
            [
              29.725411118438373,
              -0.003805303702114
            ],
            [
              29.728017683474324,
              0.017232125417973
            ],
            [
              29.715830007087316,
              0.034821430758378
            ],
            [
              29.717140262957997,
              0.073524153193776
            ],
            [
              29.735055094815035,
              0.088820615885214
            ],
            [
              29.73549220541419,
              0.124351138616636
            ],
            [
              29.767241164461993,
              0.148178729255013
            ],
            [
              29.769321236568402,
              0.163418545012248
            ],
            [
              29.78933463365697,
              0.169481044838803
            ],
            [
              29.815241330806593,
              0.163046103250291
            ],
            [
              29.82402209916134,
              0.172822418847918
            ],
            [
              29.87254725322141,
              0.385153124858068
            ],
            [
              29.913170249087983,
              0.436080363911894
            ],
            [
              29.91786909911291,
              0.420235724226172
            ],
            [
              29.95303754062234,
              0.400258438378863
            ],
            [
              29.981686742044328,
              0.4255785311687
            ],
            [
              30.029383392095045,
              0.438252238943464
            ],
            [
              30.037752049227276,
              0.454370607320776
            ],
            [
              30.06822803146684,
              0.473218485020553
            ],
            [
              30.132414346588963,
              0.478401949729331
            ]
          ]
        ]
      }
    },
    {
      "type": "Feature",
      "properties": {
        "Objectid": 47,
        "Dist": "Katakwi",
        "Shape Length": 281618.58,
        "Shape Area": 2427830093.48,
        "Count": "Ug"
      },
      "geometry": {
        "type": "Polygon",
        "coordinates": [
          [
            [
              33.90898506186912,
              2.306170257165867
            ],
            [
              34.21197247467218,
              2.118646706502678
            ],
            [
              34.223194420543194,
              1.980863591475059
            ],
            [
              34.22221310250914,
              1.6401860004615
            ],
            [
              34.011465233245914,
              1.648825317497933
            ],
            [
              33.948106685660846,
              1.635530496983741
            ],
            [
              33.91219952680963,
              1.64264701925846
            ],
            [
              33.85868165295886,
              1.676026490944843
            ],
            [
              33.811751240846505,
              1.678857900239285
            ],
            [
              33.81513508273634,
              1.697353930367967
            ],
            [
              33.79872183722004,
              1.697928760649323
            ],
            [
              33.81327040184604,
              1.702790447262069
            ],
            [
              33.81540705367735,
              1.727146415654798
            ],
            [
              33.87166648993382,
              1.7710672871527
            ],
            [
              33.87184692714319,
              1.806858965923633
            ],
            [
              33.86621488939737,
              1.806130636096758
            ],
            [
              33.871293164213775,
              1.831348311286274
            ],
            [
              33.847055128949506,
              1.860496696456836
            ],
            [
              33.84547979231257,
              1.885155502430703
            ],
            [
              33.8574353559296,
              1.888162724168077
            ],
            [
              33.858483853341184,
              1.880554939570494
            ],
            [
              33.89929172267905,
              1.908620856920277
            ],
            [
              33.88432757017273,
              1.92332689496527
            ],
            [
              33.894161494327555,
              1.930338013094876
            ],
            [
              33.89031500171375,
              1.952553901194603
            ],
            [
              33.90166443744742,
              1.945222260024404
            ],
            [
              33.8867995384942,
              1.963533969670058
            ],
            [
              33.89792363019885,
              1.976058237608746
            ],
            [
              33.889120446475744,
              1.991029711643431
            ],
            [
              33.89398347615409,
              1.993944293533626
            ],
            [
              33.876608684524015,
              2.006521854187165
            ],
            [
              33.8854819185681,
              2.004590314670238
            ],
            [
              33.88299399059483,
              2.015135359370721
            ],
            [
              33.89784360529136,
              2.018931413473688
            ],
            [
              33.88897754791661,
              2.034030330818125
            ],
            [
              33.90003688854717,
              2.035819685528615
            ],
            [
              33.90816937810919,
              2.054396241085504
            ],
            [
              33.897999314018925,
              2.054647979582964
            ],
            [
              33.89456693831885,
              2.066439781970321
            ],
            [
              33.8814896894062,
              2.070702335433762
            ],
            [
              33.89270160983787,
              2.08247768886385
            ],
            [
              33.88844385835645,
              2.090260768707527
            ],
            [
              33.911285370574774,
              2.102234167325322
            ],
            [
              33.90240831651165,
              2.11234023077902
            ],
            [
              33.91744828456853,
              2.11942327139207
            ],
            [
              33.90717304507934,
              2.121651232122281
            ],
            [
              33.910837676722764,
              2.131003831634021
            ],
            [
              33.89894396593704,
              2.139062076491657
            ],
            [
              33.90367631139205,
              2.148520643161162
            ],
            [
              33.89475876077481,
              2.159422109281834
            ],
            [
              33.8998723931321,
              2.165740320901217
            ],
            [
              33.8939597742635,
              2.18656054275127
            ],
            [
              33.88235626588176,
              2.189945371934188
            ],
            [
              33.883327568715195,
              2.233693607506718
            ],
            [
              33.876367965590404,
              2.247460694166692
            ],
            [
              33.887410786854716,
              2.25758594122573
            ],
            [
              33.890019264370025,
              2.275617340558742
            ],
            [
              33.904044634604865,
              2.279093233178351
            ],
            [
              33.90898506186912,
              2.306170257165867
            ]
          ]
        ]
      }
    },
    {
      "type": "Feature",
      "properties": {
        "Objectid": 48,
        "Dist": "Kayunga",
        "Shape Length": 271076.6,
        "Shape Area": 1724188119.56,
        "Count": "Ug"
      },
      "geometry": {
        "type": "Polygon",
        "coordinates": [
          [
            [
              32.82077701182371,
              1.472063291801504
            ],
            [
              32.833079244933465,
              1.37255559513417
            ],
            [
              32.84206905977037,
              1.362107876911014
            ],
            [
              32.836352894254944,
              1.351324037923755
            ],
            [
              32.84870297978389,
              1.336748051044101
            ],
            [
              32.84278677631217,
              1.319901603364884
            ],
            [
              32.858939406038374,
              1.294987987850289
            ],
            [
              32.881280125901014,
              1.293533480226525
            ],
            [
              32.88825896291118,
              1.275835018992779
            ],
            [
              32.898201460054935,
              1.280971861634457
            ],
            [
              32.92742873593748,
              1.226777726508327
            ],
            [
              32.96467021208029,
              1.191252894041894
            ],
            [
              32.9660107081742,
              1.140234817204953
            ],
            [
              32.96002333931391,
              1.116693041229444
            ],
            [
              32.935489935949875,
              1.08871825573029
            ],
            [
              32.93074016376398,
              1.016529516230714
            ],
            [
              32.94198754522595,
              0.993924457061403
            ],
            [
              32.94701727349836,
              0.94295808719893
            ],
            [
              32.96198875683198,
              0.935064951197578
            ],
            [
              32.96689382613569,
              0.912029022127339
            ],
            [
              33.0015314751236,
              0.877187521523568
            ],
            [
              33.00918235123114,
              0.84585825465491
            ],
            [
              33.027999022890576,
              0.829935916798003
            ],
            [
              33.04845942433759,
              0.764821678997921
            ],
            [
              33.0515347741346,
              0.737415083858513
            ],
            [
              33.04572208377475,
              0.732173900908714
            ],
            [
              33.05743153304454,
              0.691858624845626
            ],
            [
              33.04328650546996,
              0.64775468229021
            ],
            [
              33.05448927769777,
              0.623916326486405
            ],
            [
              33.05020943634351,
              0.597331981521117
            ],
            [
              33.07216737035525,
              0.58078624608662
            ],
            [
              33.075262294910516,
              0.55644523666672
            ],
            [
              33.08472933065297,
              0.546169917715828
            ],
            [
              33.075085585888885,
              0.513881216066663
            ],
            [
              33.0532913254834,
              0.504601829062532
            ],
            [
              33.03901438053766,
              0.505738496844216
            ],
            [
              33.02197929893513,
              0.530254038778181
            ],
            [
              32.98078915412841,
              0.558018745110887
            ],
            [
              32.97664233227276,
              0.586120974054204
            ],
            [
              32.91957044924727,
              0.650329486320456
            ],
            [
              32.87146827474758,
              0.677588992989821
            ],
            [
              32.87101365549973,
              0.7039744796811
            ],
            [
              32.856340215245176,
              0.746080385072471
            ],
            [
              32.82650767154802,
              0.788511966844794
            ],
            [
              32.82326409215058,
              0.813318619965777
            ],
            [
              32.79459212920992,
              0.855433076932812
            ],
            [
              32.77693098403999,
              0.999210255091997
            ],
            [
              32.80046528341473,
              1.15008622634063
            ],
            [
              32.79188358100752,
              1.255559049022849
            ],
            [
              32.75045062883852,
              1.362283989966535
            ],
            [
              32.696967255653384,
              1.383891709471415
            ],
            [
              32.696372215525145,
              1.4506733424
            ],
            [
              32.82077701182371,
              1.472063291801504
            ]
          ],
          [
            [
              32.93184052583675,
              1.046442046872682
            ],
            [
              32.932065565881835,
              1.046320028446731
            ],
            [
              32.93208477241832,
              1.046380979465711
            ],
            [
              32.93184052583675,
              1.046442046872682
            ]
          ],
          [
            [
              32.92879231887709,
              1.031619625208937
            ],
            [
              32.92887562732106,
              1.031514902135978
            ],
            [
              32.92887087645872,
              1.031582644422153
            ],
            [
              32.92879231887709,
              1.031619625208937
            ]
          ]
        ]
      }
    },
    {
      "type": "Feature",
      "properties": {
        "Objectid": 49,
        "Dist": "Kibaale",
        "Shape Length": 368422.3,
        "Shape Area": 4383337086.97,
        "Count": "Ug"
      },
      "geometry": {
        "type": "Polygon",
        "coordinates": [
          [
            [
              31.21676318677181,
              1.216826960583588
            ],
            [
              31.268035370599026,
              1.198458592083652
            ],
            [
              31.29639130577561,
              1.207654584430897
            ],
            [
              31.302727051286045,
              1.197670453106685
            ],
            [
              31.33313895310045,
              1.192662784201486
            ],
            [
              31.351513773101427,
              1.172098485036828
            ],
            [
              31.378073043751357,
              1.15791962027938
            ],
            [
              31.414728805993633,
              1.159517506719203
            ],
            [
              31.42615280967624,
              1.122717480821394
            ],
            [
              31.486109624784284,
              1.057552032089959
            ],
            [
              31.513166472531033,
              1.04720711866125
            ],
            [
              31.52862752527457,
              1.019087371530795
            ],
            [
              31.50922204536733,
              0.987797841085898
            ],
            [
              31.43249732096769,
              0.949151753920428
            ],
            [
              31.435584638350598,
              0.916380757589708
            ],
            [
              31.454178940259055,
              0.893991344813356
            ],
            [
              31.450281849155658,
              0.867087250286605
            ],
            [
              31.43740126625158,
              0.85061908482634
            ],
            [
              31.443997465779404,
              0.826768223100668
            ],
            [
              31.403286850606655,
              0.803123761233019
            ],
            [
              31.407028851362618,
              0.74317832836345
            ],
            [
              31.392569848708398,
              0.733051934707121
            ],
            [
              31.382785856144054,
              0.707422741242381
            ],
            [
              31.36954555881489,
              0.704716043404712
            ],
            [
              31.288592911772778,
              0.739808158580804
            ],
            [
              31.289523093519634,
              0.714008817980911
            ],
            [
              31.274198812972006,
              0.696416773384169
            ],
            [
              31.273262716710143,
              0.682232602545752
            ],
            [
              31.26395074564574,
              0.68092279512372
            ],
            [
              31.23612754166726,
              0.641462747042112
            ],
            [
              31.218276349584823,
              0.632670808388713
            ],
            [
              31.152108176773783,
              0.660855269894272
            ],
            [
              31.118955505073185,
              0.656694127636169
            ],
            [
              31.105455816381674,
              0.648235304991922
            ],
            [
              31.104676978167877,
              0.63602753786205
            ],
            [
              31.095724051700508,
              0.636294984788569
            ],
            [
              31.05120039155609,
              0.661625860145707
            ],
            [
              31.046212079046356,
              0.657327536517627
            ],
            [
              30.998744733592883,
              0.678168407213225
            ],
            [
              30.935027712956224,
              0.714481699736999
            ],
            [
              30.91610382413879,
              0.762018555714016
            ],
            [
              30.85185956158742,
              0.807019084579853
            ],
            [
              30.844357353640262,
              0.830718567549952
            ],
            [
              30.83140548540479,
              0.828235641288155
            ],
            [
              30.82952413729544,
              0.841616867538627
            ],
            [
              30.78785899954611,
              0.835441738144675
            ],
            [
              30.78084166048472,
              0.846277684301319
            ],
            [
              30.762313636366596,
              0.851090739101878
            ],
            [
              30.760515245968726,
              0.860402245988938
            ],
            [
              30.73874369778165,
              0.861774519716995
            ],
            [
              30.72696578930807,
              0.878420672165044
            ],
            [
              30.63077965977468,
              0.892167219275786
            ],
            [
              30.61646105537275,
              0.906321831797073
            ],
            [
              30.573053284878533,
              0.919454376823612
            ],
            [
              30.544175641762294,
              0.964836195503178
            ],
            [
              30.54354035241603,
              0.976239591849545
            ],
            [
              30.553081324340393,
              0.984521462442098
            ],
            [
              30.53912142400446,
              0.996348602422128
            ],
            [
              30.538295992824345,
              1.009212018339569
            ],
            [
              30.5510079476621,
              1.036975658696557
            ],
            [
              30.550470382404082,
              1.206360110843357
            ],
            [
              30.672843976564153,
              1.110592896854233
            ],
            [
              30.704518086643418,
              1.106903222832181
            ],
            [
              30.7519419533385,
              1.070995360934818
            ],
            [
              30.759952159815533,
              1.072288460754089
            ],
            [
              30.787097552096103,
              1.117513914803694
            ],
            [
              30.802697883661402,
              1.120503391664921
            ],
            [
              30.818595401275193,
              1.107512992515025
            ],
            [
              30.867133250921064,
              1.14903944315155
            ],
            [
              30.890757424519286,
              1.145911869290114
            ],
            [
              30.901514640073508,
              1.12800112952717
            ],
            [
              30.920861145667082,
              1.118488377781812
            ],
            [
              30.969553109688658,
              1.134316166686505
            ],
            [
              30.99829511126217,
              1.128610448041709
            ],
            [
              31.005346664045746,
              1.138189801859071
            ],
            [
              31.039375070608646,
              1.136777865520663
            ],
            [
              31.059972302005484,
              1.161011649565143
            ],
            [
              31.084345568492157,
              1.141592008940431
            ],
            [
              31.10492345659431,
              1.154704182544373
            ],
            [
              31.10638800650667,
              1.167869748796369
            ],
            [
              31.11842609418891,
              1.169366786227606
            ],
            [
              31.11595660696643,
              1.180878311782916
            ],
            [
              31.13027797980007,
              1.192044289003585
            ],
            [
              31.18267935622192,
              1.180560650352377
            ],
            [
              31.205624998599273,
              1.195792122261848
            ],
            [
              31.21676318677181,
              1.216826960583588
            ]
          ]
        ]
      }
    },
    {
      "type": "Feature",
      "properties": {
        "Objectid": 50,
        "Dist": "Sheema",
        "Shape Length": 150450.62,
        "Shape Area": 700104315.11,
        "Count": "Ug"
      },
      "geometry": {
        "type": "Polygon",
        "coordinates": [
          [
            [
              30.113701813170067,
              -0.649702572702916
            ],
            [
              30.151050179693108,
              -0.655722375881979
            ],
            [
              30.15956593141353,
              -0.666742960017194
            ],
            [
              30.183126568287154,
              -0.632286996206086
            ],
            [
              30.207930202278316,
              -0.622102887249307
            ],
            [
              30.218143279983206,
              -0.625960901233496
            ],
            [
              30.230546292621995,
              -0.619270087162782
            ],
            [
              30.24780819366527,
              -0.628080331795469
            ],
            [
              30.28868677284126,
              -0.62053366872462
            ],
            [
              30.297475416712803,
              -0.583593872683219
            ],
            [
              30.309723394916787,
              -0.573970874039952
            ],
            [
              30.30569353065318,
              -0.433457916617168
            ],
            [
              30.321195463064107,
              -0.456673290485652
            ],
            [
              30.360549376130034,
              -0.446337813548669
            ],
            [
              30.368670271248348,
              -0.456656101066232
            ],
            [
              30.385539346290408,
              -0.433799978558383
            ],
            [
              30.396857379352358,
              -0.437462632519375
            ],
            [
              30.401731762968765,
              -0.428989446339208
            ],
            [
              30.41494231302594,
              -0.433272403820825
            ],
            [
              30.43684727648588,
              -0.425670614672295
            ],
            [
              30.457159833958393,
              -0.429272692403565
            ],
            [
              30.476597444504474,
              -0.452496217290377
            ],
            [
              30.457404709103265,
              -0.539350680320389
            ],
            [
              30.457611513056506,
              -0.574600412263449
            ],
            [
              30.439215450590545,
              -0.631313710980646
            ],
            [
              30.377031333490933,
              -0.704980228036152
            ],
            [
              30.33499884503088,
              -0.719666099094077
            ],
            [
              30.329995171334804,
              -0.713761646553781
            ],
            [
              30.313882064159426,
              -0.717047011182542
            ],
            [
              30.31062007993019,
              -0.736055169936771
            ],
            [
              30.30276028302654,
              -0.729472279127966
            ],
            [
              30.286502909169414,
              -0.736151998172856
            ],
            [
              30.275692952861018,
              -0.732103831525942
            ],
            [
              30.19991500924895,
              -0.763576484133139
            ],
            [
              30.18921338406819,
              -0.743192389810113
            ],
            [
              30.117836427037616,
              -0.691003578361211
            ],
            [
              30.125784633624473,
              -0.682029989548352
            ],
            [
              30.113701813170067,
              -0.649702572702916
            ]
          ]
        ]
      }
    },
    {
      "type": "Feature",
      "properties": {
        "Objectid": 51,
        "Dist": "Kiboga",
        "Shape Length": 217684.77,
        "Shape Area": 1586380315.8,
        "Count": "Ug"
      },
      "geometry": {
        "type": "Polygon",
        "coordinates": [
          [
            [
              31.654691277822238,
              0.81582767381459
            ],
            [
              31.677848310865752,
              0.848411779995254
            ],
            [
              31.67867703318889,
              0.888222174664079
            ],
            [
              31.746067295546688,
              0.879043909872689
            ],
            [
              31.75307682937502,
              0.937887960721647
            ],
            [
              31.779959878870535,
              0.952171304872282
            ],
            [
              31.813555548876607,
              0.985705214443609
            ],
            [
              31.844246865307763,
              1.030188497368985
            ],
            [
              31.841843282062246,
              1.058329737641179
            ],
            [
              31.880047666398916,
              1.056465701301418
            ],
            [
              31.89494163500123,
              1.081340306620601
            ],
            [
              31.906546710202537,
              1.083481011578864
            ],
            [
              31.911530963601074,
              1.106255404044559
            ],
            [
              32.001631230197525,
              1.020656966292673
            ],
            [
              32.00546517264267,
              0.954995651425462
            ],
            [
              32.02088180479309,
              0.9219097899707
            ],
            [
              32.06423003300743,
              0.903997040940515
            ],
            [
              32.128100373567676,
              0.897433648465881
            ],
            [
              32.15541254320903,
              0.882496939589035
            ],
            [
              32.17589590649324,
              0.862815459142349
            ],
            [
              32.194841259810616,
              0.818084411684833
            ],
            [
              32.209204463920045,
              0.807821591097247
            ],
            [
              32.212096281150274,
              0.785317088928291
            ],
            [
              32.18927571014307,
              0.694428857320662
            ],
            [
              32.17933184250917,
              0.684379342491408
            ],
            [
              32.13763540387563,
              0.694298705609114
            ],
            [
              32.12149143899223,
              0.681633917734869
            ],
            [
              32.09355704405105,
              0.679185311038165
            ],
            [
              32.05244490938967,
              0.650866783069995
            ],
            [
              32.039880966730834,
              0.655207390508472
            ],
            [
              32.01509999570496,
              0.629001543403103
            ],
            [
              32.01364417109645,
              0.604162437857574
            ],
            [
              31.989788470029033,
              0.650260105738403
            ],
            [
              31.966607109691875,
              0.646582404317322
            ],
            [
              31.959911367507434,
              0.637722571640706
            ],
            [
              31.93780186179401,
              0.638525034651325
            ],
            [
              31.909553178231054,
              0.622618592871659
            ],
            [
              31.90869968057989,
              0.637673493683963
            ],
            [
              31.922837910548846,
              0.655074130682155
            ],
            [
              31.904321942197836,
              0.685752863400912
            ],
            [
              31.905562212174594,
              0.696522304698989
            ],
            [
              31.889284458352357,
              0.708621290150923
            ],
            [
              31.91361175051831,
              0.73610812640936
            ],
            [
              31.904414881499616,
              0.747194882290309
            ],
            [
              31.883306232388993,
              0.745874457300387
            ],
            [
              31.838075229382554,
              0.773553082764536
            ],
            [
              31.78732035531735,
              0.7771904299339
            ],
            [
              31.765081845378642,
              0.802694617260125
            ],
            [
              31.700906351687774,
              0.794077332634859
            ],
            [
              31.697464248513693,
              0.803576459236096
            ],
            [
              31.664960455828602,
              0.821137716203915
            ],
            [
              31.654691277822238,
              0.81582767381459
            ]
          ]
        ]
      }
    },
    {
      "type": "Feature",
      "properties": {
        "Objectid": 52,
        "Dist": "Kibuku",
        "Shape Length": 113668.35,
        "Shape Area": 489915598.24,
        "Count": "Ug"
      },
      "geometry": {
        "type": "Polygon",
        "coordinates": [
          [
            [
              33.88003202529457,
              1.140620108586525
            ],
            [
              33.93223028627132,
              1.165354377049939
            ],
            [
              33.927857270969184,
              1.104620186143192
            ],
            [
              33.89755405637533,
              1.063356485738891
            ],
            [
              33.92763602456097,
              1.063837204117865
            ],
            [
              33.93723484293664,
              1.050541581351465
            ],
            [
              33.8863860805597,
              0.990297597458251
            ],
            [
              33.871753661352486,
              0.983205112536964
            ],
            [
              33.86373014383753,
              0.942733057637274
            ],
            [
              33.77212967094297,
              0.956715202130769
            ],
            [
              33.75978376607213,
              0.945711412505601
            ],
            [
              33.716131525633145,
              0.980926140626421
            ],
            [
              33.69802496876091,
              1.012450234901676
            ],
            [
              33.69155055388901,
              1.045055097595582
            ],
            [
              33.652321760074074,
              1.071916304762841
            ],
            [
              33.62628243288128,
              1.104140179050108
            ],
            [
              33.682695335226285,
              1.125275056163503
            ],
            [
              33.76244428728146,
              1.113127776043538
            ],
            [
              33.78291608901951,
              1.089790684306588
            ],
            [
              33.81242075286772,
              1.113780260524677
            ],
            [
              33.837803577020715,
              1.168407690198849
            ],
            [
              33.88003202529457,
              1.140620108586525
            ]
          ]
        ]
      }
    },
    {
      "type": "Feature",
      "properties": {
        "Objectid": 53,
        "Dist": "Kiruhura",
        "Shape Length": 361999.04,
        "Shape Area": 4608009980.17,
        "Count": "Ug"
      },
      "geometry": {
        "type": "Polygon",
        "coordinates": [
          [
            [
              30.79270760512894,
              0.210231888260316
            ],
            [
              30.83311044362744,
              0.197734777896642
            ],
            [
              30.894557358655874,
              0.200048133229695
            ],
            [
              30.912123151204597,
              0.207561817754022
            ],
            [
              30.979571226957223,
              0.193328784801297
            ],
            [
              31.013429484541177,
              0.198373833986368
            ],
            [
              31.016371117450678,
              0.168911374244099
            ],
            [
              31.047256395182647,
              0.146656837202682
            ],
            [
              31.047628159148676,
              0.121931945775409
            ],
            [
              31.056787302820084,
              0.116768165761178
            ],
            [
              31.04277527767186,
              0.085446164672076
            ],
            [
              31.057130454736075,
              0.058993623615255
            ],
            [
              31.059333097051894,
              0.018195978020426
            ],
            [
              31.02992400259241,
              -0.009790951658562
            ],
            [
              31.026449158832495,
              -0.036094151030022
            ],
            [
              31.075609215365017,
              -0.023891177814707
            ],
            [
              31.098553878877798,
              -0.05438660305043
            ],
            [
              31.098458964941457,
              -0.125985346567394
            ],
            [
              31.07065376979843,
              -0.209455265684114
            ],
            [
              31.07515147623987,
              -0.221013702854607
            ],
            [
              31.06843314584253,
              -0.242111289492591
            ],
            [
              31.08217972884676,
              -0.304760722061179
            ],
            [
              31.103237153026917,
              -0.339106614779874
            ],
            [
              31.124179952512765,
              -0.403632117066801
            ],
            [
              31.152944951749788,
              -0.440848042935773
            ],
            [
              31.15279270767603,
              -0.519528355758257
            ],
            [
              31.124399492771516,
              -0.575074618035646
            ],
            [
              31.124869707299066,
              -0.588541089175822
            ],
            [
              31.098631286216246,
              -0.621554452222147
            ],
            [
              31.092801408440497,
              -0.671399102680193
            ],
            [
              31.05290172070112,
              -0.694432289217056
            ],
            [
              31.006327389983277,
              -0.693963077576412
            ],
            [
              30.96669421645353,
              -0.715127054529208
            ],
            [
              30.88413561770606,
              -0.695595162515495
            ],
            [
              30.864049097680024,
              -0.668929668844917
            ],
            [
              30.867423512016515,
              -0.653277668674372
            ],
            [
              30.856695723972113,
              -0.635993292841352
            ],
            [
              30.84603623856532,
              -0.636416632489964
            ],
            [
              30.835971236816366,
              -0.620636713232528
            ],
            [
              30.78551096604304,
              -0.606155590274172
            ],
            [
              30.777799678949528,
              -0.568417874471274
            ],
            [
              30.820905280318247,
              -0.511296604128401
            ],
            [
              30.781753309898544,
              -0.511009852030482
            ],
            [
              30.790531869167765,
              -0.493444125654433
            ],
            [
              30.75008559447272,
              -0.455058501619827
            ],
            [
              30.73834321986802,
              -0.460279158184484
            ],
            [
              30.74223838909094,
              -0.447436719674373
            ],
            [
              30.71048010688931,
              -0.441669445347459
            ],
            [
              30.683698982364877,
              -0.423273512904882
            ],
            [
              30.679306983860112,
              -0.412460759523875
            ],
            [
              30.693850336451874,
              -0.410326678335604
            ],
            [
              30.695899932644302,
              -0.403434174231978
            ],
            [
              30.680031544720073,
              -0.388522169066473
            ],
            [
              30.67578243311204,
              -0.347717025513845
            ],
            [
              30.611010969686667,
              -0.29064980565573
            ],
            [
              30.62488115353634,
              -0.234559696930205
            ],
            [
              30.61484672536515,
              -0.229431367707911
            ],
            [
              30.608704642997047,
              -0.20438153253464
            ],
            [
              30.624646986435643,
              -0.185038299697567
            ],
            [
              30.6265346831444,
              -0.161576417579536
            ],
            [
              30.61187503702153,
              -0.155075567445752
            ],
            [
              30.611081234339334,
              -0.146824037919873
            ],
            [
              30.588283864348014,
              -0.147147789009523
            ],
            [
              30.59087038312289,
              -0.131477702114361
            ],
            [
              30.56945109036437,
              -0.11205799126872
            ],
            [
              30.578922166637746,
              -0.070112411742665
            ],
            [
              30.56861728959033,
              -0.043862703158854
            ],
            [
              30.57889259547628,
              -0.03077007953477
            ],
            [
              30.58195414737853,
              0.016145863384045
            ],
            [
              30.59229554481634,
              0.01814263762516
            ],
            [
              30.60437811722341,
              0.047614398263242
            ],
            [
              30.612814052790892,
              0.047392169878186
            ],
            [
              30.6262486016572,
              0.065191988390371
            ],
            [
              30.624731165695255,
              0.090627054439225
            ],
            [
              30.63953288914145,
              0.105572637024062
            ],
            [
              30.635285825812502,
              0.128747882140171
            ],
            [
              30.61811787613149,
              0.135933475585584
            ],
            [
              30.603382381571304,
              0.164126279994762
            ],
            [
              30.626222427791387,
              0.1661138459185
            ],
            [
              30.64581896883164,
              0.196477615495074
            ],
            [
              30.653748194807562,
              0.195130426857452
            ],
            [
              30.669273917488976,
              0.210091519100246
            ],
            [
              30.761590740338562,
              0.193649023283174
            ],
            [
              30.770461817130276,
              0.204483088342071
            ],
            [
              30.79270760512894,
              0.210231888260316
            ]
          ]
        ]
      }
    },
    {
      "type": "Feature",
      "properties": {
        "Objectid": 54,
        "Dist": "Kiryandongo",
        "Shape Length": 288483.69,
        "Shape Area": 3629060068.18,
        "Count": "Ug"
      },
      "geometry": {
        "type": "Polygon",
        "coordinates": [
          [
            [
              32.14854630141753,
              2.2215494255569
            ],
            [
              32.19046101636669,
              2.217679868872115
            ],
            [
              32.22292743644708,
              2.246375888373936
            ],
            [
              32.24336401114104,
              2.241136028838978
            ],
            [
              32.260974710662886,
              2.253689616380075
            ],
            [
              32.2842405447029,
              2.237714574397867
            ],
            [
              32.31693447282387,
              2.194828820264793
            ],
            [
              32.3188425445891,
              2.140587743816927
            ],
            [
              32.332830980039134,
              2.124838734730866
            ],
            [
              32.3302371998151,
              2.103196756120723
            ],
            [
              32.352974657823424,
              2.073386839065532
            ],
            [
              32.33462703832218,
              1.958605312333338
            ],
            [
              32.35858983035027,
              1.957143839444617
            ],
            [
              32.36370215826391,
              1.949698347208018
            ],
            [
              32.34240842426871,
              1.923347503943092
            ],
            [
              32.3436573156439,
              1.860292900051995
            ],
            [
              32.30169884534996,
              1.83716461939027
            ],
            [
              32.27994714090645,
              1.83745599564491
            ],
            [
              32.27285890311057,
              1.807422726212697
            ],
            [
              32.23343976031937,
              1.789693305378376
            ],
            [
              32.21781897014867,
              1.793545657916387
            ],
            [
              32.207285726769214,
              1.782010324635902
            ],
            [
              32.165519879132106,
              1.776426416495791
            ],
            [
              32.13144187353345,
              1.748696764711807
            ],
            [
              32.104588524400114,
              1.73962570265353
            ],
            [
              32.09563640356767,
              1.648212691683242
            ],
            [
              32.07823739435035,
              1.627985099757884
            ],
            [
              32.013007547493046,
              1.627267671029514
            ],
            [
              31.983077126777744,
              1.612982270295836
            ],
            [
              31.966520750579253,
              1.64011873730571
            ],
            [
              31.903908514207167,
              1.664777402177924
            ],
            [
              31.919678740273508,
              1.728389355386422
            ],
            [
              31.91028208811201,
              1.738832243785945
            ],
            [
              31.913084808374204,
              1.756717417425832
            ],
            [
              31.90588486162863,
              1.760433121773503
            ],
            [
              31.909638199378502,
              1.784502615523674
            ],
            [
              31.888191277427964,
              1.80465093767712
            ],
            [
              31.8992183535006,
              1.835301738916968
            ],
            [
              31.89145126166358,
              1.864016638931277
            ],
            [
              31.902742517845507,
              1.905437766863
            ],
            [
              31.882098894140682,
              1.964910307045768
            ],
            [
              31.767239718253368,
              1.984543018643966
            ],
            [
              31.743466678898557,
              2.032837154077046
            ],
            [
              31.75119158055373,
              2.306036408180058
            ],
            [
              31.807069687503212,
              2.356823545229114
            ],
            [
              31.83328083425574,
              2.369187286101379
            ],
            [
              31.84985791227269,
              2.358863829258557
            ],
            [
              31.857002081520903,
              2.366498730848484
            ],
            [
              31.868771522314063,
              2.359199739436385
            ],
            [
              31.909001406442822,
              2.359270739349113
            ],
            [
              31.918009150705426,
              2.365667495426688
            ],
            [
              31.936211098803597,
              2.343502772078396
            ],
            [
              31.944170447593194,
              2.344866300978451
            ],
            [
              31.94214220018618,
              2.338825659909759
            ],
            [
              31.95575233621406,
              2.340671718188283
            ],
            [
              31.966847549362278,
              2.325848222969668
            ],
            [
              31.97961220504057,
              2.326799339507688
            ],
            [
              31.979211171634013,
              2.318547122448394
            ],
            [
              32.01315975118136,
              2.306473572393199
            ],
            [
              32.02568933555361,
              2.276522857348575
            ],
            [
              32.05330901259967,
              2.282501004881322
            ],
            [
              32.09538836678492,
              2.252245144605161
            ],
            [
              32.13297493105406,
              2.240644581913531
            ],
            [
              32.14854630141753,
              2.2215494255569
            ]
          ]
        ]
      }
    },
    {
      "type": "Feature",
      "properties": {
        "Objectid": 55,
        "Dist": "Kitgum",
        "Shape Length": 419458.2,
        "Shape Area": 4021301817.24,
        "Count": "Ug"
      },
      "geometry": {
        "type": "Polygon",
        "coordinates": [
          [
            [
              33.32823090176275,
              3.764106418504094
            ],
            [
              33.515257006047705,
              3.752194496197972
            ],
            [
              33.60260248545162,
              3.594488032273387
            ],
            [
              33.639113484400475,
              3.562320084183617
            ],
            [
              33.63163147574536,
              3.520637901794633
            ],
            [
              33.641508462624486,
              3.48183708593662
            ],
            [
              33.69927102418809,
              3.444557848610099
            ],
            [
              33.74037870172663,
              3.381329898396363
            ],
            [
              33.726544272971985,
              3.292907780381034
            ],
            [
              33.70121696635966,
              3.269396290301625
            ],
            [
              33.69364518847152,
              3.246293968723184
            ],
            [
              33.647200084068594,
              3.244190839633255
            ],
            [
              33.59565425733786,
              3.278244900346364
            ],
            [
              33.58272860594171,
              3.272127923195727
            ],
            [
              33.55136728176145,
              3.281817646473626
            ],
            [
              33.499338587025264,
              3.276855968133582
            ],
            [
              33.48629231312687,
              3.286457434109828
            ],
            [
              33.4846403990045,
              3.297634118466402
            ],
            [
              33.40285341375291,
              3.30316235073383
            ],
            [
              33.37352184825854,
              3.274507372942862
            ],
            [
              33.32827836515234,
              3.255241926236697
            ],
            [
              33.30282139856461,
              3.233880767342042
            ],
            [
              33.31148036441061,
              3.20484215619819
            ],
            [
              33.33649299406382,
              3.181783580516552
            ],
            [
              33.282786200472565,
              3.185426512404133
            ],
            [
              33.246292543381976,
              3.172184867603683
            ],
            [
              33.21133323144529,
              3.170740030327965
            ],
            [
              33.179987631441676,
              3.181945962769563
            ],
            [
              33.14075686869799,
              3.181397239179221
            ],
            [
              33.14241906365643,
              3.165143546568242
            ],
            [
              33.13264376099054,
              3.147745387270202
            ],
            [
              33.13894573724062,
              3.118813010162311
            ],
            [
              33.1313200251727,
              3.067278273100436
            ],
            [
              33.10340753744917,
              3.080367472532092
            ],
            [
              33.06737353716472,
              3.07778299459211
            ],
            [
              33.04273881601174,
              3.09293905834491
            ],
            [
              32.984305597245196,
              3.200327855118229
            ],
            [
              32.91355306375294,
              3.245784250020752
            ],
            [
              32.92624145820149,
              3.209648071733947
            ],
            [
              32.87174260534894,
              3.18183500445544
            ],
            [
              32.87066167086396,
              3.160082082391292
            ],
            [
              32.86409651752017,
              3.157806657685193
            ],
            [
              32.79553682067505,
              3.16941731592939
            ],
            [
              32.78225849925426,
              3.179910961837309
            ],
            [
              32.779715882108924,
              3.210059035880402
            ],
            [
              32.750740773698396,
              3.200568847263127
            ],
            [
              32.75092801246124,
              3.266464338633369
            ],
            [
              32.76393080388769,
              3.278216394236734
            ],
            [
              32.76420791219487,
              3.292828372212208
            ],
            [
              32.73090747653623,
              3.351590370530445
            ],
            [
              32.7297217445855,
              3.379009730007328
            ],
            [
              32.826243002377915,
              3.371673327267057
            ],
            [
              32.864183027220335,
              3.37977987427868
            ],
            [
              32.90422589019796,
              3.418213383890798
            ],
            [
              32.91597999897819,
              3.414347084397089
            ],
            [
              32.91682265512356,
              3.427068257814688
            ],
            [
              32.950547407067205,
              3.435999836440938
            ],
            [
              32.960663822384255,
              3.454400314147007
            ],
            [
              33.0007707478769,
              3.461679311771276
            ],
            [
              33.01465044723794,
              3.497731618533483
            ],
            [
              33.19574375850353,
              3.544953584496526
            ],
            [
              33.23688555041393,
              3.545180197496258
            ],
            [
              33.196420996539715,
              3.474757283938412
            ],
            [
              33.194487880587886,
              3.429979016407725
            ],
            [
              33.22426504742144,
              3.41648752526566
            ],
            [
              33.251383426708,
              3.428269967954583
            ],
            [
              33.27226476992461,
              3.444133282898906
            ],
            [
              33.2761039656677,
              3.462422178668965
            ],
            [
              33.26849358182359,
              3.48944562253054
            ],
            [
              33.26993497528681,
              3.545414099863676
            ],
            [
              33.27933776965922,
              3.56394717316516
            ],
            [
              33.30740755814769,
              3.575186421129465
            ],
            [
              33.293742969983334,
              3.642711997053331
            ],
            [
              33.3182327065234,
              3.689565842489229
            ],
            [
              33.31256131099401,
              3.70575893400205
            ],
            [
              33.329662410134,
              3.723401223771701
            ],
            [
              33.32823090176275,
              3.764106418504094
            ]
          ]
        ]
      }
    },
    {
      "type": "Feature",
      "properties": {
        "Objectid": 56,
        "Dist": "Koboko",
        "Shape Length": 155883.25,
        "Shape Area": 760017691.75,
        "Count": "Ug"
      },
      "geometry": {
        "type": "Polygon",
        "coordinates": [
          [
            [
              31.077588680281558,
              3.742630243252875
            ],
            [
              31.100712540448917,
              3.734600907397075
            ],
            [
              31.09957412325568,
              3.591076503861129
            ],
            [
              31.091041217145005,
              3.57898417863171
            ],
            [
              31.085820815151674,
              3.539776235671802
            ],
            [
              31.09429230014124,
              3.525432790048491
            ],
            [
              31.08815650043351,
              3.450645029486157
            ],
            [
              31.102238442646783,
              3.439957686783526
            ],
            [
              31.098284413618554,
              3.425076475716925
            ],
            [
              31.07866376885477,
              3.398216746213222
            ],
            [
              31.080608516010813,
              3.38014805316201
            ],
            [
              31.067651898870558,
              3.378946415435066
            ],
            [
              31.053176490559075,
              3.327775864341116
            ],
            [
              31.017503258498472,
              3.339188788525961
            ],
            [
              31.01004781828788,
              3.330489793269388
            ],
            [
              30.987952512680632,
              3.342463935377419
            ],
            [
              30.98329100638986,
              3.32381668690474
            ],
            [
              30.972927579511385,
              3.333295977490216
            ],
            [
              30.9626406743452,
              3.3255185715671
            ],
            [
              30.943875669349936,
              3.333546677828009
            ],
            [
              30.91799182805983,
              3.369306296853078
            ],
            [
              30.918733736331742,
              3.384672398117349
            ],
            [
              30.938727406496188,
              3.402557694808577
            ],
            [
              30.935671015924182,
              3.441327230039025
            ],
            [
              30.94368107140266,
              3.465717106218672
            ],
            [
              30.938123122503768,
              3.505203763853602
            ],
            [
              30.893394495897937,
              3.499231723478198
            ],
            [
              30.873128980340955,
              3.47954042236492
            ],
            [
              30.86303070310475,
              3.487104817136979
            ],
            [
              30.90892580854914,
              3.593705233033538
            ],
            [
              30.949112302308208,
              3.633102748957343
            ],
            [
              30.947904288088438,
              3.653376936813187
            ],
            [
              30.955776431342983,
              3.668568551789913
            ],
            [
              30.96737925701049,
              3.673047435323658
            ],
            [
              30.97501490301551,
              3.695218278584259
            ],
            [
              31.000715931283914,
              3.708701371238743
            ],
            [
              31.020099651445886,
              3.693043864004007
            ],
            [
              31.030058750475597,
              3.696403407981269
            ],
            [
              31.060708300897282,
              3.719160068351142
            ],
            [
              31.06105321959852,
              3.735885151345121
            ],
            [
              31.077588680281558,
              3.742630243252875
            ]
          ]
        ]
      }
    },
    {
      "type": "Feature",
      "properties": {
        "Objectid": 57,
        "Dist": "Kole",
        "Shape Length": 202422.87,
        "Shape Area": 1070874409.07,
        "Count": "Ug"
      },
      "geometry": {
        "type": "Polygon",
        "coordinates": [
          [
            [
              32.91648439831842,
              2.108681729008319
            ],
            [
              32.86004038923296,
              2.07826871376277
            ],
            [
              32.8486585538174,
              2.104670015230341
            ],
            [
              32.82835259225794,
              2.091815324931537
            ],
            [
              32.813297533525706,
              2.097560629674809
            ],
            [
              32.79916952892961,
              2.08567135314904
            ],
            [
              32.778726982729665,
              2.135030629654733
            ],
            [
              32.74761734653607,
              2.135977567756226
            ],
            [
              32.75696783382363,
              2.144550964284433
            ],
            [
              32.744172269754436,
              2.150227561772904
            ],
            [
              32.708787604110825,
              2.149903867942645
            ],
            [
              32.69638628779869,
              2.131599560277379
            ],
            [
              32.675704648683805,
              2.136381138968562
            ],
            [
              32.64884924269023,
              2.130357356266417
            ],
            [
              32.64240810013026,
              2.136096865213533
            ],
            [
              32.636279096097574,
              2.126294130292113
            ],
            [
              32.62850705510761,
              2.140781921974444
            ],
            [
              32.64162787351834,
              2.15700607254297
            ],
            [
              32.63674283513011,
              2.171775266850597
            ],
            [
              32.61821062470031,
              2.173820817868816
            ],
            [
              32.594044138139544,
              2.209111199566923
            ],
            [
              32.57677239552127,
              2.218590297339904
            ],
            [
              32.60888553896861,
              2.25152547985359
            ],
            [
              32.639694311854335,
              2.2562888968427
            ],
            [
              32.6542717721952,
              2.274281125334817
            ],
            [
              32.655287872158105,
              2.302799561725611
            ],
            [
              32.641714094351755,
              2.319125005938507
            ],
            [
              32.63202063500174,
              2.311988033804884
            ],
            [
              32.62092980948721,
              2.326713295666449
            ],
            [
              32.62377263893454,
              2.336568662143311
            ],
            [
              32.614501206210704,
              2.341064927611916
            ],
            [
              32.649296891719416,
              2.395605543717001
            ],
            [
              32.66115430403779,
              2.394857360655291
            ],
            [
              32.707340204427,
              2.436877525284718
            ],
            [
              32.7119945120051,
              2.455564732967293
            ],
            [
              32.693362050161944,
              2.469934896878529
            ],
            [
              32.70638406333956,
              2.473313242693817
            ],
            [
              32.73942720098849,
              2.46338744379652
            ],
            [
              32.74794227180305,
              2.4650500878711
            ],
            [
              32.74393951244018,
              2.47064860007775
            ],
            [
              32.77801984093022,
              2.474761767035049
            ],
            [
              32.82539735811517,
              2.519454690820672
            ],
            [
              32.838205834604146,
              2.512719558661506
            ],
            [
              32.863456897437594,
              2.515903246867848
            ],
            [
              32.88279635984387,
              2.447420248952507
            ],
            [
              32.901798944161435,
              2.434838693198171
            ],
            [
              32.921074684268135,
              2.386727355905125
            ],
            [
              32.91455362366879,
              2.358054179223566
            ],
            [
              32.89740393453884,
              2.346491624906334
            ],
            [
              32.902768168404734,
              2.335583466284604
            ],
            [
              32.8762820387832,
              2.326027456693158
            ],
            [
              32.85579671621266,
              2.299836811842144
            ],
            [
              32.84066205553421,
              2.30338269254362
            ],
            [
              32.83010302943055,
              2.320280997933315
            ],
            [
              32.80964254847348,
              2.322835369773952
            ],
            [
              32.818927221218765,
              2.301939175183549
            ],
            [
              32.81048864425173,
              2.248166153279226
            ],
            [
              32.82240969626371,
              2.23074311059029
            ],
            [
              32.82107856982167,
              2.218941819938786
            ],
            [
              32.86520810062122,
              2.205266279004179
            ],
            [
              32.868370545304806,
              2.195174026129422
            ],
            [
              32.914853763507985,
              2.172520448382241
            ],
            [
              32.925634300537766,
              2.141885410926541
            ],
            [
              32.91648439831842,
              2.108681729008319
            ]
          ]
        ]
      }
    },
    {
      "type": "Feature",
      "properties": {
        "Objectid": 58,
        "Dist": "Kotodo",
        "Shape Length": 333328.35,
        "Shape Area": 3610556975.31,
        "Count": "Ug"
      },
      "geometry": {
        "type": "Polygon",
        "coordinates": [
          [
            [
              33.90223244855433,
              3.304318518049875
            ],
            [
              33.90217460071674,
              3.249661114924933
            ],
            [
              33.91986257367,
              3.259342667231226
            ],
            [
              34.084799342145594,
              3.249896282409977
            ],
            [
              34.160318877888,
              3.208423787182442
            ],
            [
              34.16788294103432,
              3.181014107496067
            ],
            [
              34.185639458534254,
              3.172269110771266
            ],
            [
              34.19468584600528,
              3.156534559327487
            ],
            [
              34.32279925937459,
              3.087419782129063
            ],
            [
              34.397554017133594,
              3.091922812925445
            ],
            [
              34.348496694702334,
              2.991037401045575
            ],
            [
              34.281547784117784,
              2.910574201357159
            ],
            [
              34.26094113825625,
              2.727068696405411
            ],
            [
              34.14860444249167,
              2.759623576402778
            ],
            [
              34.103075463004934,
              2.755364401679278
            ],
            [
              34.047652609024624,
              2.72568666647439
            ],
            [
              33.986507138946926,
              2.66896335415548
            ],
            [
              33.98672400149517,
              2.644158172481223
            ],
            [
              33.965783159710625,
              2.616690355463827
            ],
            [
              33.88090784118791,
              2.670454806322223
            ],
            [
              33.88591349194414,
              2.732758735982912
            ],
            [
              33.90429797930126,
              2.790706365292374
            ],
            [
              33.89208974547077,
              2.810890159362434
            ],
            [
              33.895385785589355,
              2.861028599292898
            ],
            [
              33.8747818806056,
              2.894977594599024
            ],
            [
              33.86584461686675,
              2.943802087401309
            ],
            [
              33.80406880073811,
              2.98343691901604
            ],
            [
              33.75213339811616,
              2.965576526230111
            ],
            [
              33.724416646804606,
              2.984490780450293
            ],
            [
              33.7213108172697,
              3.021687155060749
            ],
            [
              33.68696722451964,
              3.05365576209392
            ],
            [
              33.66069509249186,
              3.061276467581527
            ],
            [
              33.70434030693103,
              3.134641684381079
            ],
            [
              33.64180172308262,
              3.139413629847827
            ],
            [
              33.613522613208694,
              3.130622354183257
            ],
            [
              33.58099460925539,
              3.149123821834153
            ],
            [
              33.559479767578964,
              3.148922081364665
            ],
            [
              33.55052019611638,
              3.281461972287627
            ],
            [
              33.58272861404248,
              3.272127923191
            ],
            [
              33.59565424924189,
              3.27824490849308
            ],
            [
              33.64720007867348,
              3.244190847778527
            ],
            [
              33.68728406498256,
              3.241590141552573
            ],
            [
              33.715243173283035,
              3.287897653463795
            ],
            [
              33.72654427567812,
              3.292907788520714
            ],
            [
              33.72930168917544,
              3.334709099776301
            ],
            [
              33.74045139345617,
              3.361463140658942
            ],
            [
              33.851639660018925,
              3.301823548773641
            ],
            [
              33.861231650599024,
              3.300775192138639
            ],
            [
              33.88899955202462,
              3.320714061215503
            ],
            [
              33.907717553742756,
              3.308182723062546
            ],
            [
              33.90223244855433,
              3.304318518049875
            ]
          ]
        ]
      }
    },
    {
      "type": "Feature",
      "properties": {
        "Objectid": 59,
        "Dist": "Kisoro",
        "Shape Length": 153996.99,
        "Shape Area": 727631615.74,
        "Count": "Ug"
      },
      "geometry": {
        "type": "Polygon",
        "coordinates": [
          [
            [
              29.75208318889208,
              -1.078687395245899
            ],
            [
              29.727757159604128,
              -1.124572464487535
            ],
            [
              29.74089305356853,
              -1.126947749880403
            ],
            [
              29.7512421188763,
              -1.152689422908082
            ],
            [
              29.79287875288833,
              -1.191336851920682
            ],
            [
              29.7699015456099,
              -1.188245301472562
            ],
            [
              29.751787877132013,
              -1.194833229016167
            ],
            [
              29.78218312979935,
              -1.225052012770725
            ],
            [
              29.818843213815562,
              -1.30076361250197
            ],
            [
              29.81770839827545,
              -1.327465449436813
            ],
            [
              29.807840001077665,
              -1.329144998386379
            ],
            [
              29.794594810159833,
              -1.349241367810471
            ],
            [
              29.794889045264572,
              -1.372266446251731
            ],
            [
              29.774239172827656,
              -1.365621146680729
            ],
            [
              29.755664338056913,
              -1.344727196801516
            ],
            [
              29.72775074991325,
              -1.340205746247312
            ],
            [
              29.689224211333205,
              -1.361419291392343
            ],
            [
              29.6751730577393,
              -1.382166166182618
            ],
            [
              29.589582981715317,
              -1.388350263634139
            ],
            [
              29.60627851891649,
              -1.317540805561225
            ],
            [
              29.592159600219546,
              -1.270462839130606
            ],
            [
              29.607375417825267,
              -1.221760156802324
            ],
            [
              29.57216169269534,
              -1.186205706832276
            ],
            [
              29.585259357940785,
              -1.155533350914675
            ],
            [
              29.575640433539142,
              -1.128660959738668
            ],
            [
              29.58971321275324,
              -1.052901910704036
            ],
            [
              29.583684438240894,
              -1.007490104124948
            ],
            [
              29.598342232829253,
              -1.029847664666844
            ],
            [
              29.614753488084645,
              -1.027537068259927
            ],
            [
              29.64844269099148,
              -1.048633556133075
            ],
            [
              29.658549557638047,
              -1.047533039424678
            ],
            [
              29.663219194122526,
              -1.057312544408024
            ],
            [
              29.705701212504927,
              -1.057181615628576
            ],
            [
              29.721482503677244,
              -1.071045901355445
            ],
            [
              29.75208318889208,
              -1.078687395245899
            ]
          ]
        ]
      }
    },
    {
      "type": "Feature",
      "properties": {
        "Objectid": 60,
        "Dist": "Kumi",
        "Shape Length": 178953.09,
        "Shape Area": 1074061224.77,
        "Count": "Ug"
      },
      "geometry": {
        "type": "Polygon",
        "coordinates": [
          [
            [
              33.95015067296208,
              1.63545652053221
            ],
            [
              34.011465233245914,
              1.648825317497933
            ],
            [
              34.229001916380604,
              1.640082109608835
            ],
            [
              34.22950715506924,
              1.579334965913504
            ],
            [
              34.11332161953196,
              1.570405225855383
            ],
            [
              34.1054917077134,
              1.537295209157052
            ],
            [
              34.08625951544415,
              1.516512519271394
            ],
            [
              34.0478418013552,
              1.494161740615821
            ],
            [
              34.028244404744036,
              1.45862841037973
            ],
            [
              34.008818058951434,
              1.452142000466249
            ],
            [
              34.0251162576212,
              1.416073996198563
            ],
            [
              34.01471034181698,
              1.391052003563034
            ],
            [
              34.02386577432187,
              1.365418000557424
            ],
            [
              34.01033456507143,
              1.342994085712546
            ],
            [
              34.00816694854076,
              1.31955993024707
            ],
            [
              33.97650608428258,
              1.291596704425466
            ],
            [
              33.93579926243634,
              1.276285897571958
            ],
            [
              33.91798997778858,
              1.256511515631206
            ],
            [
              33.89482367709968,
              1.269096092114485
            ],
            [
              33.85939306563224,
              1.270376121081839
            ],
            [
              33.80631427484424,
              1.319995252134317
            ],
            [
              33.750960382280205,
              1.316572955159886
            ],
            [
              33.728344241732465,
              1.344254044491799
            ],
            [
              33.76558909972816,
              1.365763261344648
            ],
            [
              33.8041782649734,
              1.358447522356804
            ],
            [
              33.80388541347242,
              1.377069218427541
            ],
            [
              33.78961290888294,
              1.398186918192721
            ],
            [
              33.81049106495485,
              1.442027513537602
            ],
            [
              33.852732447337324,
              1.495742314338502
            ],
            [
              33.899109438176815,
              1.597749433951026
            ],
            [
              33.898374401723615,
              1.65104636999176
            ],
            [
              33.95015067296208,
              1.63545652053221
            ]
          ]
        ]
      }
    },
    {
      "type": "Feature",
      "properties": {
        "Objectid": 61,
        "Dist": "Kween",
        "Shape Length": 221191.7,
        "Shape Area": 851482991.06,
        "Count": "Ug"
      },
      "geometry": {
        "type": "Polygon",
        "coordinates": [
          [
            [
              34.4954096988396,
              1.601878589069954
            ],
            [
              34.49937395469036,
              1.594915672802286
            ],
            [
              34.545281169890934,
              1.598189842991334
            ],
            [
              34.568662802144324,
              1.580438604736562
            ],
            [
              34.58565665254826,
              1.585774795021258
            ],
            [
              34.60736270682569,
              1.574298611596848
            ],
            [
              34.61781722480942,
              1.576633411184033
            ],
            [
              34.63071343226727,
              1.546071858351471
            ],
            [
              34.65551406282644,
              1.533891123692952
            ],
            [
              34.65923845352157,
              1.523666455329225
            ],
            [
              34.699940583127045,
              1.524201257424353
            ],
            [
              34.70199258829059,
              1.501230730329834
            ],
            [
              34.71161660109606,
              1.498875655704441
            ],
            [
              34.71149974696371,
              1.478460352496924
            ],
            [
              34.726086971093665,
              1.46961462070844
            ],
            [
              34.720098053822916,
              1.466943144487102
            ],
            [
              34.71881088912698,
              1.442396007440207
            ],
            [
              34.754990833305094,
              1.409238257542151
            ],
            [
              34.74909956434717,
              1.377318352691079
            ],
            [
              34.732658136117195,
              1.35016303886289
            ],
            [
              34.71514148398932,
              1.373520069300205
            ],
            [
              34.68186499936891,
              1.376135058120003
            ],
            [
              34.66246140342717,
              1.352168193211761
            ],
            [
              34.64954970681211,
              1.354492545675045
            ],
            [
              34.60063203853956,
              1.338601911330175
            ],
            [
              34.56794057201466,
              1.29335484301756
            ],
            [
              34.56738261609036,
              1.253056246842687
            ],
            [
              34.552408826524825,
              1.229159962231788
            ],
            [
              34.558949660179394,
              1.202925055978865
            ],
            [
              34.555341227,
              1.153512862259031
            ],
            [
              34.575191207337056,
              1.099428022585528
            ],
            [
              34.534215745930354,
              1.103499229935788
            ],
            [
              34.537800349077564,
              1.113370095562929
            ],
            [
              34.52586150400954,
              1.120898386314609
            ],
            [
              34.52495613007363,
              1.157929601733616
            ],
            [
              34.53906687808936,
              1.183673683403294
            ],
            [
              34.536459385710344,
              1.21722276075185
            ],
            [
              34.49862010983359,
              1.309206795883945
            ],
            [
              34.47001162464615,
              1.345456427107975
            ],
            [
              34.485344727336,
              1.34459027779188
            ],
            [
              34.483806841544414,
              1.382683289252406
            ],
            [
              34.476753872064755,
              1.390250208716096
            ],
            [
              34.486752459221854,
              1.419144726281286
            ],
            [
              34.48022244538402,
              1.454845055379003
            ],
            [
              34.461542171977186,
              1.474077253570398
            ],
            [
              34.44892395599314,
              1.472828907723271
            ],
            [
              34.44381572552758,
              1.50904225946077
            ],
            [
              34.3929737009726,
              1.561182449656872
            ],
            [
              34.42374958210741,
              1.553986100771247
            ],
            [
              34.43661971014719,
              1.570552540674192
            ],
            [
              34.45388775889334,
              1.570743753435456
            ],
            [
              34.47180938061798,
              1.587868114679929
            ],
            [
              34.486271322905594,
              1.586219293660601
            ],
            [
              34.4954096988396,
              1.601878589069954
            ]
          ]
        ]
      }
    },
    {
      "type": "Feature",
      "properties": {
        "Objectid": 62,
        "Dist": "Kyankwanzi",
        "Shape Length": 253853.41,
        "Shape Area": 2455278677.54,
        "Count": "Ug"
      },
      "geometry": {
        "type": "Polygon",
        "coordinates": [
          [
            [
              31.29233891589291,
              1.20888083249221
            ],
            [
              31.321438227020415,
              1.238162984271265
            ],
            [
              31.36896106482399,
              1.238891378853346
            ],
            [
              31.393147996228464,
              1.267725416110667
            ],
            [
              31.449327206918696,
              1.27419948719858
            ],
            [
              31.459230760301423,
              1.302630237224747
            ],
            [
              31.500811647964838,
              1.326166567149447
            ],
            [
              31.530872315589104,
              1.36155605265271
            ],
            [
              31.56468402797126,
              1.365375707028109
            ],
            [
              31.610401368066906,
              1.341650675026322
            ],
            [
              31.654740542366635,
              1.346724522857048
            ],
            [
              31.738765972687684,
              1.323134581637585
            ],
            [
              31.77292544504879,
              1.334502098355482
            ],
            [
              31.793467778212353,
              1.354659258396871
            ],
            [
              31.821479401766098,
              1.359092612571851
            ],
            [
              31.841081169945323,
              1.329923279248754
            ],
            [
              31.860495319388757,
              1.27716160004769
            ],
            [
              31.876012937529474,
              1.265173165751374
            ],
            [
              31.91022551300452,
              1.205333765851707
            ],
            [
              31.899263110348905,
              1.175147417598044
            ],
            [
              31.913438545212305,
              1.157240022138366
            ],
            [
              31.911232782155924,
              1.103466382121973
            ],
            [
              31.90654670750652,
              1.083481011577884
            ],
            [
              31.894941632305226,
              1.081340306619613
            ],
            [
              31.88004766370295,
              1.056465701300439
            ],
            [
              31.84184328206325,
              1.05832973492754
            ],
            [
              31.844246865307763,
              1.030188497368985
            ],
            [
              31.813555546181735,
              0.98570521172903
            ],
            [
              31.77995987617476,
              0.952171304871321
            ],
            [
              31.753076826680235,
              0.937887958007145
            ],
            [
              31.746067292851002,
              0.879043909871778
            ],
            [
              31.678677030493276,
              0.888222174663108
            ],
            [
              31.677848308170162,
              0.848411779994327
            ],
            [
              31.65462050223651,
              0.815815306572276
            ],
            [
              31.574426673697136,
              0.854609116873054
            ],
            [
              31.44944756358326,
              0.86529337888526
            ],
            [
              31.45385005032346,
              0.896001247371889
            ],
            [
              31.435584635655236,
              0.916380757588524
            ],
            [
              31.432497319172,
              0.949151751206432
            ],
            [
              31.509222042671837,
              0.98779784108468
            ],
            [
              31.526619922110797,
              1.011060381105946
            ],
            [
              31.52695262176485,
              1.02834259043981
            ],
            [
              31.51328978231631,
              1.047062894203899
            ],
            [
              31.486109622088744,
              1.057552032088636
            ],
            [
              31.462870441042725,
              1.078809858756114
            ],
            [
              31.45079453809586,
              1.101283997458345
            ],
            [
              31.426152806980728,
              1.122717480819934
            ],
            [
              31.417487998111874,
              1.157549159819061
            ],
            [
              31.39767958809844,
              1.162997454317408
            ],
            [
              31.37807303296942,
              1.157919620273171
            ],
            [
              31.35151377040756,
              1.172098482322184
            ],
            [
              31.33313894232025,
              1.192662781481892
            ],
            [
              31.302727059372305,
              1.197670453111726
            ],
            [
              31.29233891589291,
              1.20888083249221
            ]
          ]
        ]
      }
    },
    {
      "type": "Feature",
      "properties": {
        "Objectid": 63,
        "Dist": "Kyegegwa",
        "Shape Length": 229977.46,
        "Shape Area": 1748183439.47,
        "Count": "Ug"
      },
      "geometry": {
        "type": "Polygon",
        "coordinates": [
          [
            [
              30.915862853429687,
              0.7621644431514
            ],
            [
              30.927878222491007,
              0.7228691685146
            ],
            [
              30.938573775527868,
              0.711392970350877
            ],
            [
              31.095724051700508,
              0.636294984788569
            ],
            [
              31.104676978167877,
              0.63602753786205
            ],
            [
              31.105455816381674,
              0.648235304991922
            ],
            [
              31.118955505073185,
              0.656694127636169
            ],
            [
              31.12980854293627,
              0.653066433478654
            ],
            [
              31.14725980433002,
              0.660767312056642
            ],
            [
              31.20881966139287,
              0.638481543614617
            ],
            [
              31.255431828699155,
              0.603746036848324
            ],
            [
              31.25637989163291,
              0.563249975823211
            ],
            [
              31.24128009881608,
              0.537873427794254
            ],
            [
              31.24835658765459,
              0.527472597878715
            ],
            [
              31.20170303620191,
              0.507155311418092
            ],
            [
              31.14231331364869,
              0.508146772269096
            ],
            [
              31.141719220638247,
              0.453704813986346
            ],
            [
              31.117715219549506,
              0.427519040196202
            ],
            [
              31.113762752000778,
              0.412309811229541
            ],
            [
              31.123301056371144,
              0.381127550331952
            ],
            [
              31.143281048063443,
              0.353425087195291
            ],
            [
              31.139580598553138,
              0.33798125429912
            ],
            [
              31.11584809260278,
              0.317862340141613
            ],
            [
              31.108827585435577,
              0.296677249250482
            ],
            [
              31.0230036764728,
              0.227786898272491
            ],
            [
              31.02767437546501,
              0.210060272422186
            ],
            [
              31.01918556257015,
              0.197389049145448
            ],
            [
              30.981976354331916,
              0.1929596729664
            ],
            [
              30.912034570613187,
              0.207296729637432
            ],
            [
              30.894946884868066,
              0.199764383166678
            ],
            [
              30.834307894395643,
              0.197593600337655
            ],
            [
              30.79080013031034,
              0.211281227194693
            ],
            [
              30.76964564704187,
              0.204509894693752
            ],
            [
              30.772835315163174,
              0.225546796452196
            ],
            [
              30.786980520263963,
              0.236498508394922
            ],
            [
              30.79484142615809,
              0.262135887716015
            ],
            [
              30.82051432682171,
              0.299880144481778
            ],
            [
              30.82210416236911,
              0.318205418628882
            ],
            [
              30.850449135472186,
              0.337560424556332
            ],
            [
              30.85974189252779,
              0.370850318817415
            ],
            [
              30.851275292619707,
              0.417727473521037
            ],
            [
              30.867438868973274,
              0.443807069607897
            ],
            [
              30.858685871296263,
              0.467073417240359
            ],
            [
              30.87932534608832,
              0.528842716090023
            ],
            [
              30.873091401691465,
              0.560821276432825
            ],
            [
              30.853263695537468,
              0.572465090695885
            ],
            [
              30.839109564779406,
              0.595438274415309
            ],
            [
              30.873439093475103,
              0.625723815422338
            ],
            [
              30.901035781479088,
              0.629415684997747
            ],
            [
              30.9227468908239,
              0.645922268570912
            ],
            [
              30.921138848615506,
              0.703677318796734
            ],
            [
              30.90251182477979,
              0.755665631551976
            ],
            [
              30.90675630916806,
              0.768607971944437
            ],
            [
              30.915862853429687,
              0.7621644431514
            ]
          ]
        ]
      }
    },
    {
      "type": "Feature",
      "properties": {
        "Objectid": 64,
        "Dist": "Kyenjojo",
        "Shape Length": 269871.85,
        "Shape Area": 2352239490.02,
        "Count": "Ug"
      },
      "geometry": {
        "type": "Polygon",
        "coordinates": [
          [
            [
              30.565662617393446,
              0.92855924302033
            ],
            [
              30.595602241990544,
              0.909091077605428
            ],
            [
              30.61646105537275,
              0.906321831797073
            ],
            [
              30.63077965977468,
              0.892167219275786
            ],
            [
              30.72696578930807,
              0.878420672165044
            ],
            [
              30.73874369778165,
              0.861774519716995
            ],
            [
              30.760515245968726,
              0.860402245988938
            ],
            [
              30.762313636366596,
              0.851090739101878
            ],
            [
              30.78084166048472,
              0.846277684301319
            ],
            [
              30.78785899954611,
              0.835441738144675
            ],
            [
              30.82952413729544,
              0.841616867538627
            ],
            [
              30.831405480016066,
              0.828235641285186
            ],
            [
              30.84435735633465,
              0.830718567551432
            ],
            [
              30.851859553504273,
              0.807019084575554
            ],
            [
              30.90675630916806,
              0.768607971944437
            ],
            [
              30.903735322306893,
              0.747262464474079
            ],
            [
              30.925799384291782,
              0.675678324670552
            ],
            [
              30.9227468908239,
              0.645922268570912
            ],
            [
              30.901035781479088,
              0.629415684997747
            ],
            [
              30.87343909347401,
              0.625723818134643
            ],
            [
              30.839109564779406,
              0.595438274415309
            ],
            [
              30.853263695537468,
              0.572465090695885
            ],
            [
              30.873091401691465,
              0.560821276432825
            ],
            [
              30.87932534608832,
              0.528842716090023
            ],
            [
              30.858900357425625,
              0.468603549844946
            ],
            [
              30.867534092774033,
              0.444261323487629
            ],
            [
              30.85139450891037,
              0.418683793709639
            ],
            [
              30.856140428162753,
              0.383520597094983
            ],
            [
              30.811350797090977,
              0.424468483430925
            ],
            [
              30.807519044668727,
              0.441889683747976
            ],
            [
              30.791000794936096,
              0.449064223548551
            ],
            [
              30.781457470600735,
              0.444949848983658
            ],
            [
              30.755849556031368,
              0.471959464299831
            ],
            [
              30.73660036281574,
              0.472935676814461
            ],
            [
              30.690575230461416,
              0.460318527466399
            ],
            [
              30.68963425308367,
              0.442343811248523
            ],
            [
              30.66740809995828,
              0.425206212014387
            ],
            [
              30.66326275214215,
              0.408820456347275
            ],
            [
              30.635798816600357,
              0.377412241268142
            ],
            [
              30.607971862947092,
              0.364098330039484
            ],
            [
              30.594184268997033,
              0.372695295895396
            ],
            [
              30.558615451304103,
              0.344634489311909
            ],
            [
              30.56530602534537,
              0.368871748303777
            ],
            [
              30.546238643672858,
              0.404317303367004
            ],
            [
              30.536097881946148,
              0.399361848432463
            ],
            [
              30.529926089713882,
              0.406240710125535
            ],
            [
              30.52500585944767,
              0.426112239332921
            ],
            [
              30.53795653685055,
              0.434256322736877
            ],
            [
              30.547656928417563,
              0.454665041142607
            ],
            [
              30.533462879754552,
              0.478321415639128
            ],
            [
              30.5096261171979,
              0.486394658357859
            ],
            [
              30.496447469855678,
              0.501625191301889
            ],
            [
              30.505353995462453,
              0.512456917743743
            ],
            [
              30.507220617443547,
              0.541769901870787
            ],
            [
              30.49291125416237,
              0.558016144482919
            ],
            [
              30.488136706448714,
              0.556007190178144
            ],
            [
              30.445949427476297,
              0.58416158144445
            ],
            [
              30.44394354716727,
              0.6045706647336
            ],
            [
              30.431725545679004,
              0.600764061112252
            ],
            [
              30.413370969194567,
              0.610890519293564
            ],
            [
              30.412592139138606,
              0.626297292283466
            ],
            [
              30.397311215919476,
              0.63931608472296
            ],
            [
              30.39679745596028,
              0.651678171705234
            ],
            [
              30.42286723671248,
              0.677847309686495
            ],
            [
              30.435178534012127,
              0.715095349294588
            ],
            [
              30.424603666583995,
              0.765808118394486
            ],
            [
              30.44877127049158,
              0.768712833099649
            ],
            [
              30.477226226916073,
              0.806332487244969
            ],
            [
              30.493085138273592,
              0.839081149633224
            ],
            [
              30.479453756403434,
              0.843887964425457
            ],
            [
              30.483301788365953,
              0.861210733525744
            ],
            [
              30.505346451915987,
              0.900439402546808
            ],
            [
              30.53051548490978,
              0.926964120511422
            ],
            [
              30.54614508909579,
              0.926519816552981
            ],
            [
              30.560809903090558,
              0.940694629818504
            ],
            [
              30.565662617393446,
              0.92855924302033
            ]
          ],
          [
            [
              30.47787969079311,
              0.566998298665033
            ],
            [
              30.47944258500729,
              0.565376393766847
            ],
            [
              30.47909879225555,
              0.566147102955616
            ],
            [
              30.47787969079311,
              0.566998298665033
            ]
          ],
          [
            [
              30.480296388511764,
              0.564490364947441
            ],
            [
              30.48101678354001,
              0.563742755653816
            ],
            [
              30.481070295617908,
              0.564284065253576
            ],
            [
              30.480296388511764,
              0.564490364947441
            ]
          ]
        ]
      }
    },
    {
      "type": "Feature",
      "properties": {
        "Objectid": 65,
        "Dist": "Lamwo",
        "Shape Length": 401511.69,
        "Shape Area": 5591761137.7,
        "Count": "Ug"
      },
      "geometry": {
        "type": "Polygon",
        "coordinates": [
          [
            [
              33.328230907164254,
              3.764106413073981
            ],
            [
              33.329662407435386,
              3.723401231914818
            ],
            [
              33.31256131909595,
              3.705758925857073
            ],
            [
              33.318232695718194,
              3.689565845207141
            ],
            [
              33.29374297538616,
              3.642711997051562
            ],
            [
              33.30740755544557,
              3.575186418416328
            ],
            [
              33.279337769660856,
              3.56394717859328
            ],
            [
              33.2699349752876,
              3.545414102577731
            ],
            [
              33.27226476992461,
              3.444133282898906
            ],
            [
              33.22426504742144,
              3.41648752526566
            ],
            [
              33.194487880587886,
              3.429979016407725
            ],
            [
              33.196420996539715,
              3.474757283938412
            ],
            [
              33.23688555041393,
              3.545180197496258
            ],
            [
              33.19574375850353,
              3.544953584496526
            ],
            [
              33.01465044723798,
              3.497731621247572
            ],
            [
              33.0007707478769,
              3.461679311771276
            ],
            [
              32.960663822384255,
              3.454400314147007
            ],
            [
              32.950547404366354,
              3.435999836440798
            ],
            [
              32.91682265512356,
              3.427068257814688
            ],
            [
              32.91597999897819,
              3.414347084397089
            ],
            [
              32.90422589019796,
              3.418213383890798
            ],
            [
              32.864183024519654,
              3.379779874278301
            ],
            [
              32.826243002377915,
              3.371673327267057
            ],
            [
              32.7297217445855,
              3.379009730007328
            ],
            [
              32.73090747653623,
              3.351590370530445
            ],
            [
              32.753811537244346,
              3.318081443304413
            ],
            [
              32.7651519240905,
              3.283350224994479
            ],
            [
              32.75092801246191,
              3.266464335919293
            ],
            [
              32.75076861480116,
              3.192914003637906
            ],
            [
              32.73771477162858,
              3.178823575572208
            ],
            [
              32.69443468035183,
              3.186028920661054
            ],
            [
              32.68460325277635,
              3.171195865149308
            ],
            [
              32.618120207764356,
              3.152784160057194
            ],
            [
              32.50279271401835,
              3.164635405708956
            ],
            [
              32.4912010670904,
              3.199878629443656
            ],
            [
              32.467583012080524,
              3.222704486526768
            ],
            [
              32.396375671585616,
              3.259644855557269
            ],
            [
              32.38288714211696,
              3.290676483671827
            ],
            [
              32.36079950153651,
              3.300332489752643
            ],
            [
              32.34581003542678,
              3.322190191846471
            ],
            [
              32.33515605045593,
              3.327487145486301
            ],
            [
              32.3149451221846,
              3.321709610347571
            ],
            [
              32.29504152209264,
              3.339656558993238
            ],
            [
              32.278538084721866,
              3.370683671473919
            ],
            [
              32.269890186871926,
              3.418317634254941
            ],
            [
              32.23143704261465,
              3.434676172215862
            ],
            [
              32.21805765666165,
              3.4799888014825
            ],
            [
              32.200738713973045,
              3.488736321340193
            ],
            [
              32.20219245253106,
              3.520605183700407
            ],
            [
              32.218671850380034,
              3.561523531551532
            ],
            [
              32.209814729824195,
              3.589299926918427
            ],
            [
              32.19790120214933,
              3.597779026231211
            ],
            [
              32.416016284762726,
              3.742908538611975
            ],
            [
              32.72097231845553,
              3.765098195656202
            ],
            [
              32.90190393408698,
              3.812892278556264
            ],
            [
              33.028499887388996,
              3.890907274785353
            ],
            [
              33.179561468021745,
              3.77603288125405
            ],
            [
              33.328230907164254,
              3.764106413073981
            ]
          ]
        ]
      }
    },
    {
      "type": "Feature",
      "properties": {
        "Objectid": 66,
        "Dist": "Lira",
        "Shape Length": 285372.73,
        "Shape Area": 1328097395.73,
        "Count": "Ug"
      },
      "geometry": {
        "type": "Polygon",
        "coordinates": [
          [
            [
              32.8203738388173,
              2.649056805661225
            ],
            [
              32.86040845411915,
              2.644558509198563
            ],
            [
              32.85086549798716,
              2.624519773267969
            ],
            [
              32.87563631177686,
              2.625225789451728
            ],
            [
              32.872986801324714,
              2.619475797576718
            ],
            [
              32.88524324567753,
              2.620920595666846
            ],
            [
              32.88683882053116,
              2.614109899774606
            ],
            [
              32.89151281489454,
              2.618860630653367
            ],
            [
              32.88531861930366,
              2.601524539849013
            ],
            [
              32.91471485591192,
              2.594469289742878
            ],
            [
              32.919707431802806,
              2.606277531786036
            ],
            [
              32.93804892441909,
              2.611473062955961
            ],
            [
              32.931903330997194,
              2.591644827034234
            ],
            [
              32.953679606380575,
              2.605057743801328
            ],
            [
              32.9515328815026,
              2.596926596703458
            ],
            [
              32.95950764798771,
              2.592386329301744
            ],
            [
              32.94688418436205,
              2.570016199991608
            ],
            [
              32.93819821611749,
              2.569102750425151
            ],
            [
              32.945736148575726,
              2.560403599163665
            ],
            [
              32.95576541652865,
              2.562330473199271
            ],
            [
              32.95391724714856,
              2.550325617963666
            ],
            [
              32.97758927024438,
              2.551621795188172
            ],
            [
              32.98479117555238,
              2.559773725010161
            ],
            [
              32.99829188366196,
              2.553598959947969
            ],
            [
              32.98774421910167,
              2.530220270997793
            ],
            [
              33.00612766239363,
              2.532123881917266
            ],
            [
              33.01287984152934,
              2.507580158557329
            ],
            [
              33.001443811688496,
              2.499190159513505
            ],
            [
              33.01226909860634,
              2.495619083060708
            ],
            [
              33.025979719824115,
              2.444383594196394
            ],
            [
              32.98191992903474,
              2.394459644394759
            ],
            [
              32.98017782299577,
              2.359000953339093
            ],
            [
              32.989303798781236,
              2.351431497754996
            ],
            [
              32.99983861843457,
              2.304607014523941
            ],
            [
              33.03850265353887,
              2.327621564454262
            ],
            [
              33.07136878688321,
              2.33000994056323
            ],
            [
              33.08336160140891,
              2.343397240052718
            ],
            [
              33.096706693612525,
              2.288618921395368
            ],
            [
              33.11628416857663,
              2.266028916187596
            ],
            [
              33.107271060810554,
              2.249812669388178
            ],
            [
              33.12636023589547,
              2.245039246558486
            ],
            [
              33.1340952081779,
              2.252708375597125
            ],
            [
              33.14061517396333,
              2.246256474505066
            ],
            [
              33.14279551802152,
              2.207548665669427
            ],
            [
              33.162197941393096,
              2.188394180787657
            ],
            [
              33.156153750269766,
              2.16984190420353
            ],
            [
              33.11738797353466,
              2.173512439072595
            ],
            [
              33.10366913018752,
              2.166922770172016
            ],
            [
              33.135264947488956,
              2.131092733649179
            ],
            [
              33.135251655445686,
              2.085139598537328
            ],
            [
              33.11594960916751,
              2.068073442165799
            ],
            [
              33.085223412495516,
              2.064945751127301
            ],
            [
              33.04609355194963,
              2.011425100699589
            ],
            [
              33.03415516568313,
              2.012691317265831
            ],
            [
              32.99751651204207,
              2.04091862168568
            ],
            [
              32.977054491556025,
              2.067225841066031
            ],
            [
              32.93793910889958,
              2.059780208635067
            ],
            [
              32.92911151286848,
              2.069450605507385
            ],
            [
              32.89542052347546,
              2.070932852381536
            ],
            [
              32.873006427649756,
              2.084575572242211
            ],
            [
              32.91648439831842,
              2.108681729008319
            ],
            [
              32.925634300537894,
              2.141885408212392
            ],
            [
              32.91485376620594,
              2.172520448382394
            ],
            [
              32.868370545304806,
              2.195174026129422
            ],
            [
              32.86520810062138,
              2.205266277194752
            ],
            [
              32.82107856982199,
              2.218941817224651
            ],
            [
              32.82240969626371,
              2.23074311059029
            ],
            [
              32.810488644252075,
              2.248166150565094
            ],
            [
              32.818927221219106,
              2.301939172469417
            ],
            [
              32.809766711318005,
              2.323143552111316
            ],
            [
              32.83010302943055,
              2.320280997933315
            ],
            [
              32.84066205553421,
              2.30338269254362
            ],
            [
              32.85579671891084,
              2.299836811842418
            ],
            [
              32.8762820387832,
              2.326027456693158
            ],
            [
              32.902768168404734,
              2.335583466284604
            ],
            [
              32.897403937237314,
              2.346491622192393
            ],
            [
              32.91455362366895,
              2.358054176509426
            ],
            [
              32.921074684268284,
              2.386727353190968
            ],
            [
              32.901798944161435,
              2.434838693198171
            ],
            [
              32.882796359844114,
              2.447420246238356
            ],
            [
              32.863456897437594,
              2.515903246867848
            ],
            [
              32.82604785300646,
              2.517221517911802
            ],
            [
              32.77718577652366,
              2.584705079030175
            ],
            [
              32.797538191040424,
              2.590643266252043
            ],
            [
              32.796837262717865,
              2.600822340710635
            ],
            [
              32.81662307483647,
              2.624724907078179
            ],
            [
              32.81064584206936,
              2.639863230904443
            ],
            [
              32.8203738388173,
              2.649056805661225
            ]
          ]
        ]
      }
    },
    {
      "type": "Feature",
      "properties": {
        "Objectid": 67,
        "Dist": "Luuka",
        "Shape Length": 165000.55,
        "Shape Area": 648738019.9,
        "Count": "Ug"
      },
      "geometry": {
        "type": "Polygon",
        "coordinates": [
          [
            [
              33.35176099164509,
              1.064287011134381
            ],
            [
              33.37100905085947,
              1.031545535586101
            ],
            [
              33.38612027204283,
              1.026366023096537
            ],
            [
              33.383476570198575,
              0.999565432968702
            ],
            [
              33.39598320340364,
              1.004018813380017
            ],
            [
              33.417732700064505,
              0.997264986874865
            ],
            [
              33.40355079715447,
              0.923172920840973
            ],
            [
              33.3620404541464,
              0.862592475762558
            ],
            [
              33.3915535155904,
              0.76300140303194
            ],
            [
              33.43217573890632,
              0.721628074227699
            ],
            [
              33.41269721654039,
              0.616766596983513
            ],
            [
              33.425001688627844,
              0.561603044294435
            ],
            [
              33.40782103341587,
              0.558837099331901
            ],
            [
              33.396381995792645,
              0.570736978212443
            ],
            [
              33.40188927460831,
              0.596147202901753
            ],
            [
              33.37561768585811,
              0.603340318521996
            ],
            [
              33.37973950927816,
              0.613816710190383
            ],
            [
              33.37349859062115,
              0.620823047063107
            ],
            [
              33.338620898092934,
              0.632339236192354
            ],
            [
              33.313561576679625,
              0.658138131873638
            ],
            [
              33.29833904647958,
              0.643314460951616
            ],
            [
              33.27445037262446,
              0.662604831785508
            ],
            [
              33.252610238969865,
              0.664124264703068
            ],
            [
              33.223217335244065,
              0.683915626763762
            ],
            [
              33.22194858952733,
              0.693183247302226
            ],
            [
              33.22029440595233,
              0.730345023815103
            ],
            [
              33.24349393381058,
              0.744500510603398
            ],
            [
              33.23598859154911,
              0.747283320030299
            ],
            [
              33.25047538774035,
              0.764886566471369
            ],
            [
              33.25440831048948,
              0.790226688849509
            ],
            [
              33.2741709746733,
              0.796143915342213
            ],
            [
              33.28329747423648,
              0.836009090754098
            ],
            [
              33.30494222588679,
              0.849337802490785
            ],
            [
              33.28324962126698,
              0.863412279801251
            ],
            [
              33.30459134375921,
              0.934869644336039
            ],
            [
              33.30693089233438,
              0.984115350029594
            ],
            [
              33.298794654109734,
              0.999063995837988
            ],
            [
              33.31695102352069,
              1.022694083369809
            ],
            [
              33.30693302277995,
              1.054466669654419
            ],
            [
              33.32126168859418,
              1.05736114251565
            ],
            [
              33.33503201659792,
              1.077299787917127
            ],
            [
              33.35176099164509,
              1.064287011134381
            ]
          ]
        ]
      }
    },
    {
      "type": "Feature",
      "properties": {
        "Objectid": 68,
        "Dist": "Luwero",
        "Shape Length": 283811.97,
        "Shape Area": 2215991899.58,
        "Count": "Ug"
      },
      "geometry": {
        "type": "Polygon",
        "coordinates": [
          [
            [
              32.672909360944864,
              1.083026586842388
            ],
            [
              32.71414946842024,
              1.068980709388887
            ],
            [
              32.78801120366958,
              1.075138330741556
            ],
            [
              32.776950328463265,
              0.997617614165145
            ],
            [
              32.79481884155202,
              0.856400876397434
            ],
            [
              32.77842109771445,
              0.845820284909766
            ],
            [
              32.7610633853015,
              0.818386778603185
            ],
            [
              32.76183352084914,
              0.723452709163433
            ],
            [
              32.751016381153946,
              0.644862474094632
            ],
            [
              32.73176554189572,
              0.602967014130596
            ],
            [
              32.68166574049685,
              0.557275676679348
            ],
            [
              32.6472992537359,
              0.557249127868545
            ],
            [
              32.61828742871509,
              0.568235820795504
            ],
            [
              32.609534414792094,
              0.563771474763839
            ],
            [
              32.58029846750734,
              0.584247414731037
            ],
            [
              32.53695626782244,
              0.547659121447872
            ],
            [
              32.52467536602988,
              0.570075775864667
            ],
            [
              32.48476509588937,
              0.559541641677797
            ],
            [
              32.47060283251833,
              0.568177706643744
            ],
            [
              32.42195285084764,
              0.563404693362649
            ],
            [
              32.393949804654696,
              0.573299718692082
            ],
            [
              32.33296745635668,
              0.551987366296408
            ],
            [
              32.319729192520306,
              0.571914058780906
            ],
            [
              32.344275603220446,
              0.629748413855901
            ],
            [
              32.41251043678569,
              0.666703513274469
            ],
            [
              32.42737582144463,
              0.655950504075474
            ],
            [
              32.45103115878071,
              0.668072950440238
            ],
            [
              32.46129365327497,
              0.662973405146754
            ],
            [
              32.46670203367545,
              0.669758208516753
            ],
            [
              32.459779670701195,
              0.678818681996764
            ],
            [
              32.47052576510484,
              0.689661502259937
            ],
            [
              32.4989161107023,
              0.692856305623792
            ],
            [
              32.50048454916433,
              0.69895203780377
            ],
            [
              32.49164914385207,
              0.729464308207131
            ],
            [
              32.469788710213834,
              0.742567593378872
            ],
            [
              32.46154759685078,
              0.79555510300091
            ],
            [
              32.44163214750887,
              0.817740777491481
            ],
            [
              32.3989884530821,
              0.89586370389988
            ],
            [
              32.392721806922985,
              0.927104262603522
            ],
            [
              32.36039864009367,
              0.960667640208816
            ],
            [
              32.3454746326247,
              1.033755001545114
            ],
            [
              32.364107770243955,
              1.130752439491413
            ],
            [
              32.37380837171257,
              1.136399858044407
            ],
            [
              32.405268233043365,
              1.084449621097794
            ],
            [
              32.46550636683786,
              1.025325581251881
            ],
            [
              32.50028948764117,
              0.976422135941521
            ],
            [
              32.54049771614858,
              0.959063820028456
            ],
            [
              32.56620019853687,
              0.961235391112906
            ],
            [
              32.58259497293438,
              0.975180845720413
            ],
            [
              32.58152305441105,
              0.989638734280965
            ],
            [
              32.5639981680168,
              0.979606815600533
            ],
            [
              32.55586353371742,
              1.028290292963194
            ],
            [
              32.57665903378777,
              1.045043668713356
            ],
            [
              32.56906456487517,
              1.068867033262195
            ],
            [
              32.57459479962277,
              1.084894488498605
            ],
            [
              32.61191297812425,
              1.119778782011592
            ],
            [
              32.6182316050047,
              1.140339040995386
            ],
            [
              32.63047445938042,
              1.142619502794307
            ],
            [
              32.65025723336239,
              1.125155592181671
            ],
            [
              32.657236072352454,
              1.099448616940615
            ],
            [
              32.672909360944864,
              1.083026586842388
            ]
          ]
        ]
      }
    },
    {
      "type": "Feature",
      "properties": {
        "Objectid": 69,
        "Dist": "Lwengo",
        "Shape Length": 184699.1,
        "Shape Area": 1023873563.74,
        "Count": "Ug"
      },
      "geometry": {
        "type": "Polygon",
        "coordinates": [
          [
            [
              31.167588606083516,
              -0.412082833316522
            ],
            [
              31.179217078171224,
              -0.379813787312246
            ],
            [
              31.217515452794466,
              -0.344329032728696
            ],
            [
              31.231802690027145,
              -0.318798447278203
            ],
            [
              31.262063891650577,
              -0.323617165811693
            ],
            [
              31.288057127019236,
              -0.301692148284163
            ],
            [
              31.298084013414517,
              -0.310686735844718
            ],
            [
              31.35400903017703,
              -0.322838559413923
            ],
            [
              31.361910157428046,
              -0.335516540917963
            ],
            [
              31.384039805708575,
              -0.345970050315562
            ],
            [
              31.422795737624376,
              -0.316886282043323
            ],
            [
              31.462381448417215,
              -0.313540959130766
            ],
            [
              31.503937997190963,
              -0.31812026514563
            ],
            [
              31.525537969783745,
              -0.312665878817458
            ],
            [
              31.525164070207758,
              -0.340049527596835
            ],
            [
              31.545439010747245,
              -0.335731216009422
            ],
            [
              31.54722440455125,
              -0.319494785049879
            ],
            [
              31.571102447306483,
              -0.331495856530901
            ],
            [
              31.589590360464285,
              -0.325587328447492
            ],
            [
              31.59724858081935,
              -0.295702064101346
            ],
            [
              31.63024082982361,
              -0.303768178087376
            ],
            [
              31.660337828619834,
              -0.293565163401646
            ],
            [
              31.67666027980166,
              -0.307552130572796
            ],
            [
              31.68199606394289,
              -0.301800245204271
            ],
            [
              31.712281510883642,
              -0.304366703914596
            ],
            [
              31.71483366559473,
              -0.317602551036736
            ],
            [
              31.695560631035033,
              -0.321716137018024
            ],
            [
              31.69675855021879,
              -0.335193368719163
            ],
            [
              31.70866207421836,
              -0.344565977061349
            ],
            [
              31.693577316108247,
              -0.379613012077444
            ],
            [
              31.680477544263837,
              -0.381292932037166
            ],
            [
              31.668390110577427,
              -0.372130890683541
            ],
            [
              31.6388139848494,
              -0.388048113713039
            ],
            [
              31.58509177958648,
              -0.367871237068961
            ],
            [
              31.5968908708368,
              -0.431459009863682
            ],
            [
              31.57182319680509,
              -0.462347251303477
            ],
            [
              31.569550112085224,
              -0.476897969043499
            ],
            [
              31.522804671888697,
              -0.499549913032058
            ],
            [
              31.46101001212628,
              -0.554567042918331
            ],
            [
              31.442627218285054,
              -0.556559578931705
            ],
            [
              31.439716390904362,
              -0.59821014838212
            ],
            [
              31.389000995730736,
              -0.575055355324115
            ],
            [
              31.36079256304084,
              -0.527111694093766
            ],
            [
              31.314090988058197,
              -0.493457580610496
            ],
            [
              31.26803787965829,
              -0.48456595264679
            ],
            [
              31.244062900624595,
              -0.457956848646639
            ],
            [
              31.21923720196846,
              -0.456599982769647
            ],
            [
              31.1939292290874,
              -0.416233587189309
            ],
            [
              31.18618430936559,
              -0.420285724415822
            ],
            [
              31.167588606083516,
              -0.412082833316522
            ]
          ]
        ]
      }
    },
    {
      "type": "Feature",
      "properties": {
        "Objectid": 70,
        "Dist": "Lyantonde",
        "Shape Length": 155207.35,
        "Shape Area": 888223775.31,
        "Count": "Ug"
      },
      "geometry": {
        "type": "Polygon",
        "coordinates": [
          [
            [
              31.163549931741628,
              -0.030566304241222
            ],
            [
              31.16128776843225,
              -0.036306743545597
            ],
            [
              31.206506820762446,
              -0.04976097093019
            ],
            [
              31.20663767508784,
              -0.0698279354782
            ],
            [
              31.26587003451662,
              -0.094037621916915
            ],
            [
              31.263843411124167,
              -0.079796598373932
            ],
            [
              31.275874493328885,
              -0.051555297655033
            ],
            [
              31.30451392192764,
              -0.074519938842891
            ],
            [
              31.325554936781696,
              -0.098918289900138
            ],
            [
              31.332836408988896,
              -0.16772593517887
            ],
            [
              31.32698480755817,
              -0.198221319521978
            ],
            [
              31.3144801889282,
              -0.212229313373737
            ],
            [
              31.293485223210165,
              -0.267869488716567
            ],
            [
              31.286456108702765,
              -0.305171736233486
            ],
            [
              31.261208488890855,
              -0.323855535832633
            ],
            [
              31.231802690027145,
              -0.318798447278203
            ],
            [
              31.217515452794466,
              -0.344329032728696
            ],
            [
              31.178955142533223,
              -0.380283981596506
            ],
            [
              31.17016527594783,
              -0.417337273178612
            ],
            [
              31.19392923625054,
              -0.416202105640588
            ],
            [
              31.219237201967793,
              -0.456599985482515
            ],
            [
              31.203369015420467,
              -0.463038889467982
            ],
            [
              31.175686509315298,
              -0.493676247204597
            ],
            [
              31.15466520792041,
              -0.490043928388262
            ],
            [
              31.15294495174912,
              -0.440848045648541
            ],
            [
              31.12417995251215,
              -0.403632119779525
            ],
            [
              31.103237153028502,
              -0.339106606641783
            ],
            [
              31.08217973154178,
              -0.304760719349004
            ],
            [
              31.068433148537032,
              -0.242111289492977
            ],
            [
              31.075151470851196,
              -0.221013700141256
            ],
            [
              31.070653772492935,
              -0.209455265684448
            ],
            [
              31.091352794338807,
              -0.157391282998533
            ],
            [
              31.102597250017265,
              -0.090676782601822
            ],
            [
              31.09144766514752,
              -0.043893810019368
            ],
            [
              31.116174911203792,
              -0.040852091902792
            ],
            [
              31.127054097173275,
              -0.030633071022735
            ],
            [
              31.163549931741628,
              -0.030566304241222
            ]
          ]
        ]
      }
    },
    {
      "type": "Feature",
      "properties": {
        "Objectid": 71,
        "Dist": "Manafwa",
        "Shape Length": 129803.27,
        "Shape Area": 601988886.67,
        "Count": "Ug"
      },
      "geometry": {
        "type": "MultiPolygon",
        "coordinates": [
          [
            [
              [
                34.183112652364414,
                0.829318979705999
              ],
              [
                34.18304773987078,
                0.829302836094663
              ],
              [
                34.18329478474852,
                0.82953118496331
              ],
              [
                34.183112652364414,
                0.829318979705999
              ]
            ]
          ],
          [
            [
              [
                34.491880866760816,
                1.02578379165581
              ],
              [
                34.48064169228773,
                0.9372659645592
              ],
              [
                34.45121997317346,
                0.897572825365274
              ],
              [
                34.44716762276266,
                0.861220282835286
              ],
              [
                34.421301454600176,
                0.847307440217617
              ],
              [
                34.40629373220398,
                0.825895911323709
              ],
              [
                34.41405037107502,
                0.807598394148796
              ],
              [
                34.385759574994765,
                0.800865916307015
              ],
              [
                34.38402971806303,
                0.790286849168319
              ],
              [
                34.377070331926625,
                0.79363972852491
              ],
              [
                34.361672427983294,
                0.774056751978599
              ],
              [
                34.319266050865416,
                0.764751590550459
              ],
              [
                34.31320155866704,
                0.756241729235339
              ],
              [
                34.30506204560044,
                0.762639540127904
              ],
              [
                34.297796378720776,
                0.755076165539059
              ],
              [
                34.27193834370361,
                0.759667102360523
              ],
              [
                34.23576516096297,
                0.783067151411019
              ],
              [
                34.21846649918536,
                0.807205622923401
              ],
              [
                34.20294340043627,
                0.811606217066559
              ],
              [
                34.17976768688086,
                0.824488439369225
              ],
              [
                34.213022882339004,
                0.856542528981962
              ],
              [
                34.23372446810069,
                0.93810403875818
              ],
              [
                34.24351273396793,
                0.93835126064462
              ],
              [
                34.2573211059578,
                0.957660736494623
              ],
              [
                34.26893436796624,
                0.963542826865994
              ],
              [
                34.28526731101459,
                0.958735219488052
              ],
              [
                34.3336925480755,
                1.004702280029322
              ],
              [
                34.355612679204675,
                0.998779596832835
              ],
              [
                34.359278658140695,
                0.97414382639919
              ],
              [
                34.38231491976235,
                0.979642098974647
              ],
              [
                34.382491423990814,
                0.992960130666904
              ],
              [
                34.403491197602456,
                0.986366639897337
              ],
              [
                34.423494792088746,
                0.995175884358163
              ],
              [
                34.43366597880455,
                1.002687004865489
              ],
              [
                34.42695499163794,
                1.00931694742782
              ],
              [
                34.434593365347105,
                1.017025447154564
              ],
              [
                34.491880866760816,
                1.02578379165581
              ]
            ],
            [
              [
                34.30653362576476,
                0.925194099935974
              ],
              [
                34.30653195582527,
                0.925188033220509
              ],
              [
                34.30653601271448,
                0.925200064177985
              ],
              [
                34.30653362576476,
                0.925194099935974
              ]
            ],
            [
              [
                34.20162671898487,
                0.814218894470731
              ],
              [
                34.20157739004819,
                0.814096283134501
              ],
              [
                34.20179161132156,
                0.814298084468674
              ],
              [
                34.20162671898487,
                0.814218894470731
              ]
            ]
          ]
        ]
      }
    },
    {
      "type": "Feature",
      "properties": {
        "Objectid": 72,
        "Dist": "Masaka",
        "Shape Length": 245802.5,
        "Shape Area": 2197649400.01,
        "Count": "Ug"
      },
      "geometry": {
        "type": "Polygon",
        "coordinates": [
          [
            [
              32.00410800976069,
              -0.222959738155919
            ],
            [
              32.053238715551444,
              -0.275158284226281
            ],
            [
              32.06137781045048,
              -0.306442687435218
            ],
            [
              32.052005413746166,
              -0.338486263421874
            ],
            [
              32.000663094392124,
              -0.385368825757567
            ],
            [
              32.00050690458597,
              -0.818684766898725
            ],
            [
              31.89217596799409,
              -0.796376381308002
            ],
            [
              31.744029727181495,
              -0.727893863558299
            ],
            [
              31.72053388235946,
              -0.699071600292821
            ],
            [
              31.710427042674656,
              -0.665170941483476
            ],
            [
              31.675978028640184,
              -0.610865834483943
            ],
            [
              31.691312989257494,
              -0.557017564077431
            ],
            [
              31.68347009526701,
              -0.548262276481281
            ],
            [
              31.708161018278336,
              -0.533166538946818
            ],
            [
              31.66254433205675,
              -0.507454840458985
            ],
            [
              31.658900016841073,
              -0.492052562835463
            ],
            [
              31.67134657257737,
              -0.458785364870219
            ],
            [
              31.662469514840726,
              -0.457710412500938
            ],
            [
              31.65725686726143,
              -0.443900977758957
            ],
            [
              31.62037700781755,
              -0.443999424699207
            ],
            [
              31.59689087353209,
              -0.431459009864183
            ],
            [
              31.584021770900385,
              -0.376513119741781
            ],
            [
              31.585091782282014,
              -0.367871235260487
            ],
            [
              31.603625852256574,
              -0.369614946651393
            ],
            [
              31.638813987544722,
              -0.388048113713475
            ],
            [
              31.668390113273187,
              -0.372130887970501
            ],
            [
              31.680477546959203,
              -0.381292932037582
            ],
            [
              31.69357731880362,
              -0.379613012077855
            ],
            [
              31.708662076913747,
              -0.344565977061717
            ],
            [
              31.69509730359118,
              -0.323739023597246
            ],
            [
              31.714607604425936,
              -0.319360234949283
            ],
            [
              31.708219219278856,
              -0.281392892149098
            ],
            [
              31.720354557021786,
              -0.255026190812698
            ],
            [
              31.741274621592222,
              -0.27646163301777
            ],
            [
              31.78131668025124,
              -0.274345337087187
            ],
            [
              31.79310542413411,
              -0.2443531764111
            ],
            [
              31.785761932209656,
              -0.235928319330331
            ],
            [
              31.793348749684945,
              -0.228617104112622
            ],
            [
              31.797875145458235,
              -0.238329761461216
            ],
            [
              31.812791662102764,
              -0.232919481191865
            ],
            [
              31.82005928888822,
              -0.243421139697749
            ],
            [
              31.8366253302353,
              -0.247693177287935
            ],
            [
              31.84758206713889,
              -0.262680129754546
            ],
            [
              31.87096246981131,
              -0.25688309459803
            ],
            [
              31.887503888265446,
              -0.222028774956331
            ],
            [
              31.920211394242216,
              -0.214541596239763
            ],
            [
              31.962908187261228,
              -0.168596398978006
            ],
            [
              32.000423465798086,
              -0.153737931901055
            ],
            [
              32.00410800976069,
              -0.222959738155919
            ]
          ]
        ]
      }
    },
    {
      "type": "Feature",
      "properties": {
        "Objectid": 73,
        "Dist": "Masindi",
        "Shape Length": 414252.34,
        "Shape Area": 3924432498.25,
        "Count": "Ug"
      },
      "geometry": {
        "type": "Polygon",
        "coordinates": [
          [
            [
              31.750877409158836,
              2.302442025912183
            ],
            [
              31.74340545209548,
              2.032837106147482
            ],
            [
              31.767178490896537,
              1.984542970022821
            ],
            [
              31.882037664066143,
              1.964910265825873
            ],
            [
              31.895098100690753,
              1.935215256022828
            ],
            [
              31.90268128947464,
              1.905437727628269
            ],
            [
              31.89142026326865,
              1.861316992136104
            ],
            [
              31.899157131229465,
              1.835301701006737
            ],
            [
              31.88813005552067,
              1.804650900025869
            ],
            [
              31.909576975000967,
              1.784502579009118
            ],
            [
              31.905823640815452,
              1.760433085628905
            ],
            [
              31.91302358753469,
              1.756717381594815
            ],
            [
              31.91022086522623,
              1.738832183803533
            ],
            [
              31.919617520214512,
              1.728389320346852
            ],
            [
              31.903847293773467,
              1.664777367933451
            ],
            [
              31.966459532345407,
              1.640118705496641
            ],
            [
              31.98301590904301,
              1.612982239514
            ],
            [
              32.01294632606972,
              1.627267640887694
            ],
            [
              32.049486813282186,
              1.623110022977001
            ],
            [
              32.08436033391372,
              1.633708684278007
            ],
            [
              32.0913270535453,
              1.616969016413228
            ],
            [
              32.08416562360663,
              1.611083458078794
            ],
            [
              32.089775244621414,
              1.591147818247269
            ],
            [
              32.05695476972514,
              1.571816654759326
            ],
            [
              32.04666874647843,
              1.543064325840355
            ],
            [
              32.00879277529799,
              1.534706551362754
            ],
            [
              32.001311206748774,
              1.54311146722369
            ],
            [
              31.999485109374294,
              1.526911760121472
            ],
            [
              31.989458721796314,
              1.52981483171788
            ],
            [
              31.98751857836944,
              1.506846001235314
            ],
            [
              31.971806778028302,
              1.503960804514077
            ],
            [
              31.975152573655816,
              1.466104924464458
            ],
            [
              31.932225426358524,
              1.45368909814925
            ],
            [
              31.93036625967775,
              1.445978969487077
            ],
            [
              31.91219328643321,
              1.448053923366042
            ],
            [
              31.91297502791134,
              1.439841247834341
            ],
            [
              31.877663120380845,
              1.418317915112138
            ],
            [
              31.863783731189297,
              1.388049415768762
            ],
            [
              31.836936213003714,
              1.362560579668409
            ],
            [
              31.79346777819132,
              1.354659300909527
            ],
            [
              31.772925445026377,
              1.334502143581367
            ],
            [
              31.73876597536092,
              1.323134626864249
            ],
            [
              31.654740545039346,
              1.34672456536888
            ],
            [
              31.61040137073887,
              1.341650717537409
            ],
            [
              31.583002535900114,
              1.35709672241681
            ],
            [
              31.573785855618297,
              1.405997645082331
            ],
            [
              31.587917186142093,
              1.43929600890461
            ],
            [
              31.55342156845134,
              1.449296108089182
            ],
            [
              31.52609661025912,
              1.493923521180545
            ],
            [
              31.503377270724897,
              1.515832476813596
            ],
            [
              31.482709920826395,
              1.519957675181177
            ],
            [
              31.477483369661282,
              1.573247048866726
            ],
            [
              31.487719268904335,
              1.57388551597782
            ],
            [
              31.486633815944526,
              1.593739415701095
            ],
            [
              31.46247352943415,
              1.601615889112872
            ],
            [
              31.457785946633646,
              1.613468262485455
            ],
            [
              31.445078985331744,
              1.607681857656648
            ],
            [
              31.436513950171843,
              1.615947855197756
            ],
            [
              31.4216150701271,
              1.614196642193871
            ],
            [
              31.387206662743257,
              1.600743821676136
            ],
            [
              31.367689711556473,
              1.614521205443275
            ],
            [
              31.38968133607961,
              1.69625176377681
            ],
            [
              31.407568105566117,
              1.692865071633066
            ],
            [
              31.405350136010178,
              1.674558205098075
            ],
            [
              31.443362623842336,
              1.682168811287617
            ],
            [
              31.47161911945976,
              1.697890406375459
            ],
            [
              31.497971278580444,
              1.693866563468106
            ],
            [
              31.515206025221637,
              1.718357852939376
            ],
            [
              31.51169593253013,
              1.733365347253043
            ],
            [
              31.526899119631285,
              1.728733428188777
            ],
            [
              31.5562139401154,
              1.745504446807848
            ],
            [
              31.55613244724437,
              1.756618066273838
            ],
            [
              31.588559819746955,
              1.759557767372374
            ],
            [
              31.586446927101253,
              1.814057062531246
            ],
            [
              31.576450348258376,
              1.835452525817276
            ],
            [
              31.583693746314687,
              1.860596671598059
            ],
            [
              31.566142294218594,
              1.861484952150219
            ],
            [
              31.55131835076961,
              1.879964747091831
            ],
            [
              31.552882049191094,
              1.893636704408249
            ],
            [
              31.538751771060262,
              1.901981288466477
            ],
            [
              31.559867129513094,
              1.90950669758933
            ],
            [
              31.586466836262794,
              1.939858122045975
            ],
            [
              31.623046507909667,
              1.962973592780914
            ],
            [
              31.61072761463444,
              1.960394553539413
            ],
            [
              31.565292625516527,
              1.978927505360131
            ],
            [
              31.539133765566653,
              2.010561839674992
            ],
            [
              31.53762451408155,
              2.273409312919336
            ],
            [
              31.573842781864286,
              2.285665568402659
            ],
            [
              31.603025615162316,
              2.271930992634662
            ],
            [
              31.624203793627178,
              2.27405728624534
            ],
            [
              31.64451494342152,
              2.258266051466555
            ],
            [
              31.666379927053942,
              2.273591344884541
            ],
            [
              31.69610194825661,
              2.276247417631204
            ],
            [
              31.69915656110171,
              2.288870528931283
            ],
            [
              31.750877409158836,
              2.302442025912183
            ]
          ]
        ]
      }
    },
    {
      "type": "Feature",
      "properties": {
        "Objectid": 74,
        "Dist": "Mayuge",
        "Shape Length": 451929.36,
        "Shape Area": 3435784293.71,
        "Count": "Ug"
      },
      "geometry": {
        "type": "Polygon",
        "coordinates": [
          [
            [
              33.2815145713301,
              0.460793890632759
            ],
            [
              33.30495481616731,
              0.484288117185696
            ],
            [
              33.33239951346691,
              0.498290872330031
            ],
            [
              33.32495791382562,
              0.516672790988604
            ],
            [
              33.339345001154214,
              0.519196683517056
            ],
            [
              33.34018952835087,
              0.533734009207928
            ],
            [
              33.37167937784956,
              0.548547990933547
            ],
            [
              33.3651025229802,
              0.565374584619711
            ],
            [
              33.370330406200274,
              0.575279566036136
            ],
            [
              33.354253466557836,
              0.578027986317294
            ],
            [
              33.35258942283094,
              0.587439651760609
            ],
            [
              33.37561768046551,
              0.603340313094098
            ],
            [
              33.401889269216696,
              0.596147211044524
            ],
            [
              33.39638199579277,
              0.570736980021858
            ],
            [
              33.40782103341625,
              0.558837104760153
            ],
            [
              33.42495085871898,
              0.561605166834781
            ],
            [
              33.427477901990855,
              0.551627102959811
            ],
            [
              33.478585695468155,
              0.552127061005335
            ],
            [
              33.50077766090718,
              0.530694330676311
            ],
            [
              33.508836669663616,
              0.531521467845909
            ],
            [
              33.507680494155636,
              0.544892557702705
            ],
            [
              33.528437332722156,
              0.552913682684151
            ],
            [
              33.54590078551356,
              0.527242756585066
            ],
            [
              33.557859093856464,
              0.526888423565076
            ],
            [
              33.5463087918476,
              0.512005674114408
            ],
            [
              33.54329212818898,
              0.488970924773584
            ],
            [
              33.57723471843306,
              0.461792074668685
            ],
            [
              33.571667572457045,
              0.447541677824823
            ],
            [
              33.61789329810227,
              0.442375769030529
            ],
            [
              33.613629804360784,
              0.463464661283009
            ],
            [
              33.62501108645945,
              0.461138342971999
            ],
            [
              33.666955664725215,
              0.406049791301584
            ],
            [
              33.695364538444515,
              0.411953427000702
            ],
            [
              33.70902192971274,
              0.402343681485403
            ],
            [
              33.705033901848886,
              0.374754361460321
            ],
            [
              33.711185344847465,
              0.363334772236958
            ],
            [
              33.689435166426655,
              0.339268723136038
            ],
            [
              33.69408861898417,
              0.304107680131059
            ],
            [
              33.65895410682442,
              0.258693065750088
            ],
            [
              33.65781429852955,
              0.247331981628629
            ],
            [
              33.65905337750772,
              0.007624135714873
            ],
            [
              33.6935132092304,
              0.005320773367027
            ],
            [
              33.70446722893414,
              -0.021323476468508
            ],
            [
              33.6897621671693,
              -0.059014582155715
            ],
            [
              33.6591509406898,
              -0.067927914674376
            ],
            [
              33.65965842535291,
              -0.999175283618184
            ],
            [
              33.520127952376285,
              -0.999232921741075
            ],
            [
              33.52117490189119,
              0.115016163301862
            ],
            [
              33.42622443548464,
              0.210010308127472
            ],
            [
              33.41762580973983,
              0.228592786543179
            ],
            [
              33.42204949684107,
              0.250459527367766
            ],
            [
              33.39619293224783,
              0.278940803524939
            ],
            [
              33.387044583518765,
              0.309426859603166
            ],
            [
              33.34434161501259,
              0.331794823367223
            ],
            [
              33.29561281513257,
              0.339730442098649
            ],
            [
              33.290368671576985,
              0.379015900627543
            ],
            [
              33.282175038772706,
              0.388768713788362
            ],
            [
              33.2815145713301,
              0.460793890632759
            ]
          ]
        ]
      }
    },
    {
      "type": "Feature",
      "properties": {
        "Objectid": 75,
        "Dist": "Mbale",
        "Shape Length": 134340.99,
        "Shape Area": 518607012.82,
        "Count": "Ug"
      },
      "geometry": {
        "type": "Polygon",
        "coordinates": [
          [
            [
              34.1203122240418,
              1.174632823748518
            ],
            [
              34.14645606486713,
              1.159350633418226
            ],
            [
              34.16234967031305,
              1.16529175520559
            ],
            [
              34.193081327049,
              1.150374319104145
            ],
            [
              34.195618732527564,
              1.160188854557569
            ],
            [
              34.22511166939716,
              1.16015950670354
            ],
            [
              34.22525401555673,
              1.121223659716279
            ],
            [
              34.24545051836625,
              1.123642540998681
            ],
            [
              34.281012434253434,
              1.101599694734738
            ],
            [
              34.32096780468742,
              1.103018632972981
            ],
            [
              34.33743107487459,
              1.087259694068021
            ],
            [
              34.336020574697834,
              1.079832416142676
            ],
            [
              34.31545290021736,
              1.070948877293879
            ],
            [
              34.31019875963437,
              1.047319100389689
            ],
            [
              34.27374003521082,
              1.005498116143277
            ],
            [
              34.271420054309104,
              0.992991550033668
            ],
            [
              34.28562395695077,
              0.959045771291368
            ],
            [
              34.26798377546883,
              0.963400130121784
            ],
            [
              34.24351274385233,
              0.938351260641083
            ],
            [
              34.2348486602055,
              0.939650517390425
            ],
            [
              34.213022882339004,
              0.856542528981962
            ],
            [
              34.183686206157795,
              0.829226320168835
            ],
            [
              34.17840049651842,
              0.858407652255736
            ],
            [
              34.10840681327597,
              0.901553561954691
            ],
            [
              34.128981381101724,
              0.954106165368776
            ],
            [
              34.12266158968409,
              1.005777367702731
            ],
            [
              34.128441042490195,
              1.016944646535653
            ],
            [
              34.07939889563976,
              1.040870176371393
            ],
            [
              34.10461149084801,
              1.050559324443869
            ],
            [
              34.13904967564902,
              1.092882651715932
            ],
            [
              34.13086658082578,
              1.121687176805749
            ],
            [
              34.1370988469588,
              1.142881310072056
            ],
            [
              34.1203122240418,
              1.174632823748518
            ]
          ]
        ]
      }
    },
    {
      "type": "Feature",
      "properties": {
        "Objectid": 76,
        "Dist": "Mbarara",
        "Shape Length": 259253.76,
        "Shape Area": 1790172872.14,
        "Count": "Ug"
      },
      "geometry": {
        "type": "Polygon",
        "coordinates": [
          [
            [
              30.608252966204073,
              -0.208425144678374
            ],
            [
              30.616397556165175,
              -0.232153529285025
            ],
            [
              30.62488115353634,
              -0.234559696930205
            ],
            [
              30.618418016757484,
              -0.270849679121374
            ],
            [
              30.61045263168717,
              -0.276861785837357
            ],
            [
              30.61255436035684,
              -0.296055509076669
            ],
            [
              30.638054265450837,
              -0.310223834870707
            ],
            [
              30.644417505597573,
              -0.325820168392018
            ],
            [
              30.662498015874764,
              -0.33024002363115
            ],
            [
              30.67578243311204,
              -0.347717025513845
            ],
            [
              30.680031544720073,
              -0.388522169066473
            ],
            [
              30.695899932644302,
              -0.403434174231978
            ],
            [
              30.693850339145758,
              -0.410326678336387
            ],
            [
              30.679306983859323,
              -0.412460762235839
            ],
            [
              30.683698982364877,
              -0.423273512904882
            ],
            [
              30.710480106888483,
              -0.441669448059482
            ],
            [
              30.74223838909094,
              -0.447436719674373
            ],
            [
              30.73834321986717,
              -0.46027916089656
            ],
            [
              30.75008559447272,
              -0.455058501619827
            ],
            [
              30.790531869167765,
              -0.493444125654433
            ],
            [
              30.781753309898544,
              -0.511009852030482
            ],
            [
              30.820905280318247,
              -0.511296604128401
            ],
            [
              30.777799678949528,
              -0.568417874471274
            ],
            [
              30.786103883251172,
              -0.588076508065501
            ],
            [
              30.786105416410088,
              -0.604149379629815
            ],
            [
              30.740577353705675,
              -0.606931630059272
            ],
            [
              30.71873530483502,
              -0.627092612789399
            ],
            [
              30.700297459870335,
              -0.60919107833748
            ],
            [
              30.67363239739532,
              -0.639493311828749
            ],
            [
              30.659207125339684,
              -0.644454198796031
            ],
            [
              30.639889319973992,
              -0.631799407756453
            ],
            [
              30.638007293162847,
              -0.660940871013509
            ],
            [
              30.64697161766552,
              -0.672573323472928
            ],
            [
              30.64080904330198,
              -0.703309203854647
            ],
            [
              30.646584714745945,
              -0.746967248491634
            ],
            [
              30.63975579623623,
              -0.766300596131174
            ],
            [
              30.65659164603241,
              -0.786189044143168
            ],
            [
              30.65037699135011,
              -0.811888803032165
            ],
            [
              30.655787092253963,
              -0.839900630191286
            ],
            [
              30.640002011033843,
              -0.838861301107212
            ],
            [
              30.635026690144137,
              -0.854041640178808
            ],
            [
              30.633382113235125,
              -0.85652703331377
            ],
            [
              30.627818771378905,
              -0.828880029890226
            ],
            [
              30.577741181045496,
              -0.81952061482024
            ],
            [
              30.53938749058312,
              -0.844537498013647
            ],
            [
              30.548607974644586,
              -0.825235371578122
            ],
            [
              30.518190242751132,
              -0.828244303311131
            ],
            [
              30.50883252546209,
              -0.844503563775228
            ],
            [
              30.493861378141805,
              -0.84574177160168
            ],
            [
              30.463359757031338,
              -0.832059557493787
            ],
            [
              30.44360758333492,
              -0.833073091536565
            ],
            [
              30.43026184993409,
              -0.816351525156168
            ],
            [
              30.400305612177295,
              -0.814977107706721
            ],
            [
              30.37543431432708,
              -0.799489243173988
            ],
            [
              30.36002015425956,
              -0.786256590483836
            ],
            [
              30.32330081269979,
              -0.720580839677898
            ],
            [
              30.313882064159426,
              -0.717047011182542
            ],
            [
              30.329995171338975,
              -0.713761639323847
            ],
            [
              30.33499884503088,
              -0.719666099094077
            ],
            [
              30.37703133618432,
              -0.70498022803768
            ],
            [
              30.439215450590545,
              -0.631313710980646
            ],
            [
              30.45761151305531,
              -0.574600414974947
            ],
            [
              30.457404709103265,
              -0.539350680320389
            ],
            [
              30.47825028872853,
              -0.46409948576819
            ],
            [
              30.456451952764926,
              -0.425479307886355
            ],
            [
              30.482754682160458,
              -0.411136759379241
            ],
            [
              30.48821483397823,
              -0.394319298599478
            ],
            [
              30.501822803122703,
              -0.388017007171364
            ],
            [
              30.507855377956204,
              -0.323656928690143
            ],
            [
              30.498812932661927,
              -0.296476363055132
            ],
            [
              30.51323151671268,
              -0.263838905615634
            ],
            [
              30.506317065118264,
              -0.26115203546296
            ],
            [
              30.57383081568376,
              -0.23467182736115
            ],
            [
              30.59052779380235,
              -0.241859622533715
            ],
            [
              30.608252966204073,
              -0.208425144678374
            ]
          ]
        ]
      }
    },
    {
      "type": "Feature",
      "properties": {
        "Objectid": 77,
        "Dist": "Mitooma",
        "Shape Length": 145280.12,
        "Shape Area": 545262016.43,
        "Count": "Ug"
      },
      "geometry": {
        "type": "Polygon",
        "coordinates": [
          [
            [
              29.985289482443363,
              -0.43943556841665
            ],
            [
              30.04064095014785,
              -0.471870992803651
            ],
            [
              30.02982769672749,
              -0.502688470888309
            ],
            [
              30.041739996148195,
              -0.533187932038771
            ],
            [
              30.028121854481903,
              -0.545576002433911
            ],
            [
              30.0429329141297,
              -0.547955725626873
            ],
            [
              30.05275398838499,
              -0.566967819461245
            ],
            [
              30.069769659823734,
              -0.570761301273025
            ],
            [
              30.098638743488703,
              -0.600836095083311
            ],
            [
              30.120260172315042,
              -0.589039185612094
            ],
            [
              30.130159232662017,
              -0.61064245999188
            ],
            [
              30.126799393973368,
              -0.629641665969375
            ],
            [
              30.1363983367932,
              -0.653224245894581
            ],
            [
              30.113701810472698,
              -0.649702580833525
            ],
            [
              30.125784629136476,
              -0.682029989545652
            ],
            [
              30.117836429730392,
              -0.691003578362856
            ],
            [
              30.134819416021177,
              -0.709056023151012
            ],
            [
              30.16646479824059,
              -0.724737754631901
            ],
            [
              30.168492165936545,
              -0.733270774874666
            ],
            [
              30.13938705649513,
              -0.732861028383824
            ],
            [
              30.13756039904544,
              -0.747094504702368
            ],
            [
              30.12204218569201,
              -0.761889628325192
            ],
            [
              30.107651854574932,
              -0.764362606973905
            ],
            [
              30.07800878004069,
              -0.753660669756547
            ],
            [
              30.064259088303867,
              -0.780459067076634
            ],
            [
              30.05303172989703,
              -0.778908510828251
            ],
            [
              30.02220808030768,
              -0.741531725409873
            ],
            [
              30.003865275227202,
              -0.744504378356693
            ],
            [
              30.003554783008447,
              -0.730290024328225
            ],
            [
              29.97274826288041,
              -0.694832867912529
            ],
            [
              29.95799055229812,
              -0.657933394964422
            ],
            [
              29.92055421010801,
              -0.646645874013946
            ],
            [
              29.884193618445998,
              -0.611240697592647
            ],
            [
              29.925409885981384,
              -0.56410810620982
            ],
            [
              29.918373264418555,
              -0.545870708108856
            ],
            [
              29.93782282788054,
              -0.538922809220296
            ],
            [
              29.92424088393769,
              -0.51762493184945
            ],
            [
              29.933647941706216,
              -0.493737633655696
            ],
            [
              29.957220499702213,
              -0.502604032973687
            ],
            [
              29.975817087273892,
              -0.485899757255476
            ],
            [
              29.985289482443363,
              -0.43943556841665
            ]
          ]
        ]
      }
    },
    {
      "type": "Feature",
      "properties": {
        "Objectid": 78,
        "Dist": "Mityana",
        "Shape Length": 230300.76,
        "Shape Area": 1575855133.07,
        "Count": "Ug"
      },
      "geometry": {
        "type": "Polygon",
        "coordinates": [
          [
            [
              32.13763540387563,
              0.694298705609114
            ],
            [
              32.17169182094922,
              0.682179121647173
            ],
            [
              32.166978417502236,
              0.672683038499243
            ],
            [
              32.18802977853089,
              0.639224362474709
            ],
            [
              32.218346611925,
              0.618824217133183
            ],
            [
              32.23444986629056,
              0.590242569883549
            ],
            [
              32.1984799530017,
              0.531803577903369
            ],
            [
              32.202246012101554,
              0.500292626415405
            ],
            [
              32.192230044630435,
              0.480029158443074
            ],
            [
              32.21516696505222,
              0.435523688621737
            ],
            [
              32.25442496997048,
              0.405816035893011
            ],
            [
              32.26199532803639,
              0.377575726454904
            ],
            [
              32.256748453833254,
              0.335608154956111
            ],
            [
              32.26814866717282,
              0.317156599479619
            ],
            [
              32.221329562838015,
              0.281811706960244
            ],
            [
              32.2112366929571,
              0.283570276203918
            ],
            [
              32.19832491691347,
              0.30362371462788
            ],
            [
              32.187722307364076,
              0.283955283043544
            ],
            [
              32.18508528077438,
              0.253317799533372
            ],
            [
              32.17591951669193,
              0.258930040665396
            ],
            [
              32.15350000694418,
              0.250240062770575
            ],
            [
              32.12878348665065,
              0.282443012828884
            ],
            [
              32.08950421872541,
              0.297451005558456
            ],
            [
              32.07629782348464,
              0.291071295087618
            ],
            [
              32.076643981307285,
              0.273275878546607
            ],
            [
              32.05714943192206,
              0.264394612016271
            ],
            [
              32.04819787834141,
              0.269910818449878
            ],
            [
              32.03176558913007,
              0.265621109811903
            ],
            [
              32.02816438315465,
              0.244102563532179
            ],
            [
              31.99958730829413,
              0.246535347782317
            ],
            [
              31.983085266967482,
              0.226608054308442
            ],
            [
              31.967984110383327,
              0.22893726393571
            ],
            [
              31.956318588943113,
              0.220839705273134
            ],
            [
              31.93134911589598,
              0.231599019316735
            ],
            [
              31.91266438686562,
              0.212138627971232
            ],
            [
              31.901020713757152,
              0.226049776014189
            ],
            [
              31.867304416226574,
              0.230399855290097
            ],
            [
              31.858081099798643,
              0.244719490790175
            ],
            [
              31.84382108093348,
              0.24822896137353
            ],
            [
              31.85071349223476,
              0.267615280940253
            ],
            [
              31.844590973688685,
              0.277558816339074
            ],
            [
              31.82138906530612,
              0.273152867993007
            ],
            [
              31.80472534414816,
              0.287778734737787
            ],
            [
              31.84821834613224,
              0.340405353785527
            ],
            [
              31.883124645746854,
              0.330003094862903
            ],
            [
              31.924700553646762,
              0.335199116119092
            ],
            [
              31.940799371175153,
              0.40201184605439
            ],
            [
              31.958305596660047,
              0.428090045724287
            ],
            [
              31.914372686375973,
              0.533504809577345
            ],
            [
              31.9332464126516,
              0.555244906815649
            ],
            [
              31.91592987638334,
              0.554896579845909
            ],
            [
              31.91998104666103,
              0.566427387490762
            ],
            [
              31.880345208826064,
              0.591996679991337
            ],
            [
              31.90379986791922,
              0.621228054383139
            ],
            [
              31.937801864489728,
              0.638525034651886
            ],
            [
              31.959911367507434,
              0.637722571640706
            ],
            [
              31.966607109691875,
              0.646582404317322
            ],
            [
              31.98855227514989,
              0.650282113943129
            ],
            [
              32.01364417109547,
              0.604162443285137
            ],
            [
              32.01509999570496,
              0.629001543403103
            ],
            [
              32.03318185582182,
              0.651945474485585
            ],
            [
              32.05244490938967,
              0.650866783069995
            ],
            [
              32.09355704405105,
              0.679185311038165
            ],
            [
              32.12149143899223,
              0.681633917734869
            ],
            [
              32.13763540387563,
              0.694298705609114
            ]
          ]
        ]
      }
    },
    {
      "type": "Feature",
      "properties": {
        "Objectid": 79,
        "Dist": "Moroto",
        "Shape Length": 332833.19,
        "Shape Area": 3537744075.52,
        "Count": "Ug"
      },
      "geometry": {
        "type": "Polygon",
        "coordinates": [
          [
            [
              34.57304547212397,
              3.088679918850321
            ],
            [
              34.57731854393178,
              3.017774396627844
            ],
            [
              34.58812758639166,
              3.001097719593965
            ],
            [
              34.59978449437573,
              2.92196274988802
            ],
            [
              34.640036437203456,
              2.904015688251729
            ],
            [
              34.653640471680184,
              2.864846403891002
            ],
            [
              34.69312926166407,
              2.860157099152005
            ],
            [
              34.702491367703146,
              2.874965764494573
            ],
            [
              34.73709315587938,
              2.85226710659644
            ],
            [
              34.7498638188295,
              2.823428635389261
            ],
            [
              34.76289540538557,
              2.818221636146056
            ],
            [
              34.77612466129507,
              2.78507732265408
            ],
            [
              34.78487905519047,
              2.745808106144489
            ],
            [
              34.77615599645866,
              2.69515826040591
            ],
            [
              34.791164988182906,
              2.680662567186988
            ],
            [
              34.799935357072826,
              2.65311583146715
            ],
            [
              34.868992724227866,
              2.567865040879073
            ],
            [
              34.87909362960105,
              2.569680366884313
            ],
            [
              34.88127153322114,
              2.586699381449777
            ],
            [
              34.89461024855881,
              2.590136470706746
            ],
            [
              34.91374225424794,
              2.513861693198422
            ],
            [
              34.93380558531946,
              2.513221870442347
            ],
            [
              34.94928872295969,
              2.469483224126182
            ],
            [
              34.95515768199924,
              2.469689885636301
            ],
            [
              34.954644539541015,
              2.45513116913888
            ],
            [
              34.94286722433622,
              2.450165693726837
            ],
            [
              34.93310345194633,
              2.428199054380073
            ],
            [
              34.9173895117254,
              2.421966527055716
            ],
            [
              34.915735007222196,
              2.394580875190822
            ],
            [
              34.934834706301466,
              2.282670528082838
            ],
            [
              34.918113675283934,
              2.283611916182121
            ],
            [
              34.90558759349503,
              2.268892070306832
            ],
            [
              34.890364372931764,
              2.273594724565287
            ],
            [
              34.88245027373264,
              2.25263078941697
            ],
            [
              34.86856892361576,
              2.249079401519555
            ],
            [
              34.86925640399226,
              2.235135337434821
            ],
            [
              34.84673421008903,
              2.218494979939293
            ],
            [
              34.85191879541831,
              2.19934968776049
            ],
            [
              34.83039823260942,
              2.176490115647392
            ],
            [
              34.824980306334666,
              2.144085425610474
            ],
            [
              34.80482958485402,
              2.122566222642704
            ],
            [
              34.797841747186204,
              2.123053452049735
            ],
            [
              34.7982399407115,
              2.141641418579105
            ],
            [
              34.7743759572382,
              2.180459642278655
            ],
            [
              34.73815829181702,
              2.21175859388444
            ],
            [
              34.71166264897377,
              2.221504606429779
            ],
            [
              34.70201468419393,
              2.250565536282305
            ],
            [
              34.676767454409394,
              2.282442114314573
            ],
            [
              34.67670148311009,
              2.297289026916526
            ],
            [
              34.653197531885496,
              2.325610859473619
            ],
            [
              34.642685505044284,
              2.347708387359054
            ],
            [
              34.63525419325036,
              2.433304488470667
            ],
            [
              34.59092869876678,
              2.438182842790213
            ],
            [
              34.504624655177636,
              2.561072786096118
            ],
            [
              34.47441453847595,
              2.573592232439729
            ],
            [
              34.363918580885056,
              2.731733874586627
            ],
            [
              34.36168032650157,
              2.783635410311518
            ],
            [
              34.334011598599076,
              2.854526346786131
            ],
            [
              34.31568662008088,
              2.866261795271155
            ],
            [
              34.28179387110088,
              2.908682767619942
            ],
            [
              34.34849669471117,
              2.991037408281199
            ],
            [
              34.39818886874058,
              3.093093620962478
            ],
            [
              34.44227455188727,
              3.079757957099197
            ],
            [
              34.48790741530955,
              3.096779933556515
            ],
            [
              34.52049492576026,
              3.086333554783791
            ],
            [
              34.54548877070529,
              3.093424489005582
            ],
            [
              34.55968947207353,
              3.107657864029748
            ],
            [
              34.57304547212397,
              3.088679918850321
            ]
          ]
        ]
      }
    },
    {
      "type": "Feature",
      "properties": {
        "Objectid": 80,
        "Dist": "Moyo",
        "Shape Length": 234287.51,
        "Shape Area": 1856391974.49,
        "Count": "Ug"
      },
      "geometry": {
        "type": "Polygon",
        "coordinates": [
          [
            [
              31.959704345033185,
              3.568969050977903
            ],
            [
              31.98122664802428,
              3.577240086550212
            ],
            [
              32.000660357986646,
              3.577760548306411
            ],
            [
              31.965760042616367,
              3.565413686368072
            ],
            [
              31.948317566893458,
              3.53946094869246
            ],
            [
              31.949382634642642,
              3.524290681854002
            ],
            [
              31.920690611590196,
              3.509661574386118
            ],
            [
              31.87074297265367,
              3.518499194602411
            ],
            [
              31.844295647549536,
              3.545164170417845
            ],
            [
              31.817737720117726,
              3.548862615328014
            ],
            [
              31.751477111861448,
              3.496965290391188
            ],
            [
              31.707173782366286,
              3.496838230186793
            ],
            [
              31.681010974564288,
              3.457622860699998
            ],
            [
              31.652581473168084,
              3.433338422437702
            ],
            [
              31.657555002726205,
              3.396696406530662
            ],
            [
              31.651016647922123,
              3.385490509102599
            ],
            [
              31.625714544257175,
              3.357572947692089
            ],
            [
              31.605165134100904,
              3.347110921947546
            ],
            [
              31.60595421700143,
              3.323092056584332
            ],
            [
              31.58699966780605,
              3.300079505270262
            ],
            [
              31.580421753974466,
              3.263781109560846
            ],
            [
              31.563192912681274,
              3.250097525251696
            ],
            [
              31.571332417928513,
              3.218770085801817
            ],
            [
              31.538987041771637,
              3.150654337167112
            ],
            [
              31.490462652067528,
              3.172840915284884
            ],
            [
              31.439659398988834,
              3.241310726090627
            ],
            [
              31.427191910736063,
              3.266054603458052
            ],
            [
              31.452129638521075,
              3.443282215101412
            ],
            [
              31.535672011602603,
              3.581699653609706
            ],
            [
              31.534401382352076,
              3.611159714100318
            ],
            [
              31.518470893098403,
              3.635401871888121
            ],
            [
              31.522272316341944,
              3.643071763664573
            ],
            [
              31.576564384574088,
              3.679562678084432
            ],
            [
              31.70809805789539,
              3.72127836870773
            ],
            [
              31.726496168378436,
              3.748449529248775
            ],
            [
              31.743338278942637,
              3.752944823261044
            ],
            [
              31.80114551396009,
              3.797963417473095
            ],
            [
              31.797040199029986,
              3.819764301025879
            ],
            [
              31.8251895047916,
              3.817617824189283
            ],
            [
              31.87054019547374,
              3.782034146949334
            ],
            [
              31.958185712748598,
              3.657190299391849
            ],
            [
              31.961087242908746,
              3.645513176590808
            ],
            [
              31.95240276861437,
              3.626548024596898
            ],
            [
              31.959704345033185,
              3.568969050977903
            ]
          ]
        ]
      }
    },
    {
      "type": "Feature",
      "properties": {
        "Objectid": 81,
        "Dist": "Mpigi",
        "Shape Length": 245130.24,
        "Shape Area": 1524268830.9,
        "Count": "Ug"
      },
      "geometry": {
        "type": "Polygon",
        "coordinates": [
          [
            [
              32.41672728814142,
              0.316844741463863
            ],
            [
              32.42657517868401,
              0.280348705464157
            ],
            [
              32.40822602098165,
              0.236231801282191
            ],
            [
              32.41066765807293,
              0.221248340694904
            ],
            [
              32.40064737590524,
              0.226179943856919
            ],
            [
              32.373911019144266,
              0.191317826128559
            ],
            [
              32.36130920262378,
              0.192986449854186
            ],
            [
              32.340862539212374,
              0.151415836833036
            ],
            [
              32.30562987609935,
              0.118807391976501
            ],
            [
              32.27875676450489,
              0.108468740626019
            ],
            [
              32.261222862449515,
              0.069641373496083
            ],
            [
              32.22154019378074,
              0.046379119453914
            ],
            [
              32.21382877010868,
              0.030620019116181
            ],
            [
              32.21317207934541,
              0.007179215005294
            ],
            [
              32.24894189949089,
              -0.052693897137898
            ],
            [
              32.250147830965304,
              -0.152869676712892
            ],
            [
              32.00042346849332,
              -0.153737940042519
            ],
            [
              31.947592548636667,
              -0.130391140965427
            ],
            [
              31.91786484089844,
              -0.089254736643205
            ],
            [
              31.902076496488878,
              -0.039495487723338
            ],
            [
              31.915370312798206,
              -0.017442566450728
            ],
            [
              31.885125256865376,
              -0.014440608746639
            ],
            [
              31.873335586460463,
              0.009680065749997
            ],
            [
              31.887786264029447,
              0.032786349436461
            ],
            [
              31.908137948413138,
              0.033391082853582
            ],
            [
              31.960924185616744,
              0.068915776285466
            ],
            [
              32.03851012607658,
              0.09423214480372
            ],
            [
              32.05350094079676,
              0.109642169474398
            ],
            [
              32.05422231389852,
              0.127971757798435
            ],
            [
              32.078560023166325,
              0.129176043427845
            ],
            [
              32.09130151404087,
              0.144369747534457
            ],
            [
              32.09968805194859,
              0.146133271521713
            ],
            [
              32.11733392679704,
              0.131254483878488
            ],
            [
              32.13248562048264,
              0.143499839508395
            ],
            [
              32.14844559916734,
              0.142741415559432
            ],
            [
              32.157831406726956,
              0.134282001859875
            ],
            [
              32.165861544413275,
              0.090706618111693
            ],
            [
              32.18654298670466,
              0.095311080468526
            ],
            [
              32.20818853513676,
              0.168440923042486
            ],
            [
              32.2078739994711,
              0.183821294313806
            ],
            [
              32.19686693190525,
              0.190026171652611
            ],
            [
              32.2083293743306,
              0.19156851860507
            ],
            [
              32.20796892303461,
              0.201496110251843
            ],
            [
              32.216911563725226,
              0.206212771817477
            ],
            [
              32.21327422981464,
              0.217773652612455
            ],
            [
              32.222089426983416,
              0.247836922592145
            ],
            [
              32.23120707890004,
              0.252851989701734
            ],
            [
              32.281758796222796,
              0.24673048798939
            ],
            [
              32.298175958339016,
              0.278639229554909
            ],
            [
              32.30615929862746,
              0.279973326554612
            ],
            [
              32.28564316414214,
              0.294615034499328
            ],
            [
              32.25789277118033,
              0.331653672104802
            ],
            [
              32.26205039477884,
              0.377572609194644
            ],
            [
              32.25434796008147,
              0.40592294344581
            ],
            [
              32.35557543243259,
              0.377556470755835
            ],
            [
              32.40400316808083,
              0.353303507116224
            ],
            [
              32.4221987861492,
              0.333496447212045
            ],
            [
              32.41672728814142,
              0.316844741463863
            ]
          ]
        ]
      }
    },
    {
      "type": "Feature",
      "properties": {
        "Objectid": 82,
        "Dist": "Mubende",
        "Shape Length": 380208.75,
        "Shape Area": 4624401178.07,
        "Count": "Ug"
      },
      "geometry": {
        "type": "Polygon",
        "coordinates": [
          [
            [
              31.45689480435715,
              0.86458779769419
            ],
            [
              31.574426676392626,
              0.854609116874061
            ],
            [
              31.62043267674035,
              0.827531941827616
            ],
            [
              31.62897152142231,
              0.831817794654021
            ],
            [
              31.65462050493116,
              0.815815309286614
            ],
            [
              31.664960455828602,
              0.821137716203915
            ],
            [
              31.67863912995543,
              0.814654549791166
            ],
            [
              31.697464248513693,
              0.803576459236096
            ],
            [
              31.699811668558258,
              0.794305746569883
            ],
            [
              31.765081845378642,
              0.802694617260125
            ],
            [
              31.78732035531657,
              0.777190432647473
            ],
            [
              31.838075229382554,
              0.773553082764536
            ],
            [
              31.856682672104224,
              0.766408216260754
            ],
            [
              31.86527819689369,
              0.753370377711345
            ],
            [
              31.91183881004209,
              0.742172275673134
            ],
            [
              31.889284458352357,
              0.708621290150923
            ],
            [
              31.905562212174594,
              0.696522304698989
            ],
            [
              31.90432194219825,
              0.685752861591788
            ],
            [
              31.922837910548846,
              0.655074130682155
            ],
            [
              31.90869968057989,
              0.637673493683963
            ],
            [
              31.909553178231054,
              0.622618592871659
            ],
            [
              31.88034520882661,
              0.591996677277672
            ],
            [
              31.91998104666103,
              0.566427387490762
            ],
            [
              31.91592987638383,
              0.554896577132211
            ],
            [
              31.9332464126516,
              0.555244906815649
            ],
            [
              31.914372683680792,
              0.53350480686317
            ],
            [
              31.958305596660416,
              0.42809004301055
            ],
            [
              31.940799368478476,
              0.402011854195218
            ],
            [
              31.926102986560497,
              0.337209696570453
            ],
            [
              31.884838208298238,
              0.329891256127309
            ],
            [
              31.84592633142395,
              0.339441746035102
            ],
            [
              31.799270405434246,
              0.279222261055939
            ],
            [
              31.753582005226708,
              0.258109303327051
            ],
            [
              31.733525375881054,
              0.239543044181395
            ],
            [
              31.723593524584235,
              0.254859228182059
            ],
            [
              31.726940959180496,
              0.295974530877715
            ],
            [
              31.699281009550226,
              0.307614003840391
            ],
            [
              31.675500446983573,
              0.282662564062329
            ],
            [
              31.645320172841355,
              0.30387393313619
            ],
            [
              31.62823681656526,
              0.332433301116381
            ],
            [
              31.605986968748496,
              0.333650602509935
            ],
            [
              31.570250801740897,
              0.367702333817785
            ],
            [
              31.49698955700008,
              0.316622576356021
            ],
            [
              31.340542213611585,
              0.282780844675268
            ],
            [
              31.31789678409797,
              0.253741218782017
            ],
            [
              31.310767650711174,
              0.209961714921418
            ],
            [
              31.26374033654014,
              0.162304122403094
            ],
            [
              31.191722360014715,
              0.198651233366083
            ],
            [
              31.170830080370447,
              0.230424012981274
            ],
            [
              31.15815407761554,
              0.235293010982748
            ],
            [
              31.12651307042063,
              0.23174295849401
            ],
            [
              31.080058010035938,
              0.203619933175868
            ],
            [
              31.019254493507308,
              0.197468035440241
            ],
            [
              31.02767437546501,
              0.210060272422186
            ],
            [
              31.0230036764728,
              0.227786898272491
            ],
            [
              31.108827585435577,
              0.296677249250482
            ],
            [
              31.11584809260278,
              0.317862340141613
            ],
            [
              31.139580598553138,
              0.33798125429912
            ],
            [
              31.143281048063443,
              0.353425087195291
            ],
            [
              31.123301059065774,
              0.381127550332544
            ],
            [
              31.113762752000778,
              0.412309811229541
            ],
            [
              31.117715219549506,
              0.427519040196202
            ],
            [
              31.141719220638247,
              0.453704813986346
            ],
            [
              31.14231331364869,
              0.508146772269096
            ],
            [
              31.20170303620116,
              0.507155314130934
            ],
            [
              31.24835658765459,
              0.527472597878715
            ],
            [
              31.24128009881608,
              0.537873427794254
            ],
            [
              31.25637989163291,
              0.563249975823211
            ],
            [
              31.255431828699155,
              0.603746036848324
            ],
            [
              31.235204215984727,
              0.614490833873295
            ],
            [
              31.222024358571254,
              0.624734998500691
            ],
            [
              31.21518913802332,
              0.632149593238873
            ],
            [
              31.23612754166726,
              0.641462747042112
            ],
            [
              31.26395074564574,
              0.68092279512372
            ],
            [
              31.273262716710143,
              0.682232602545752
            ],
            [
              31.274198812972006,
              0.696416773384169
            ],
            [
              31.289523093519634,
              0.714008817980911
            ],
            [
              31.288592911772778,
              0.739808158580804
            ],
            [
              31.36954555881489,
              0.704716043404712
            ],
            [
              31.382785856144054,
              0.707422741242381
            ],
            [
              31.392569848708398,
              0.733051934707121
            ],
            [
              31.407028851362618,
              0.74317832836345
            ],
            [
              31.403286850605607,
              0.803123763946159
            ],
            [
              31.443997465779404,
              0.826768223100668
            ],
            [
              31.43740126625158,
              0.85061908482634
            ],
            [
              31.45689480435715,
              0.86458779769419
            ]
          ]
        ]
      }
    },
    {
      "type": "Feature",
      "properties": {
        "Objectid": 83,
        "Dist": "Mukono",
        "Shape Length": 310552.23,
        "Shape Area": 2826296922.91,
        "Count": "Ug"
      },
      "geometry": {
        "type": "Polygon",
        "coordinates": [
          [
            [
              32.792319966344266,
              0.855934713413027
            ],
            [
              32.82115576549058,
              0.817398319158821
            ],
            [
              32.82650767154802,
              0.788511966844794
            ],
            [
              32.856340215245176,
              0.746080385072471
            ],
            [
              32.87101365549973,
              0.7039744796811
            ],
            [
              32.87146827474765,
              0.677588990275625
            ],
            [
              32.91957044924727,
              0.650329486320456
            ],
            [
              32.97664233227276,
              0.586120974054204
            ],
            [
              32.983664083717045,
              0.554984745633093
            ],
            [
              32.94956543701321,
              0.46420742251413
            ],
            [
              32.94985008049589,
              0.450779608046948
            ],
            [
              32.97380841507249,
              0.409242173593501
            ],
            [
              32.96493045288132,
              0.410536553107536
            ],
            [
              32.95815468719213,
              0.398291034055581
            ],
            [
              32.945501016441256,
              0.405687562178694
            ],
            [
              32.908928014832945,
              0.39989322756243
            ],
            [
              32.90890777277673,
              0.383394712331149
            ],
            [
              32.88925398397293,
              0.377908679457867
            ],
            [
              32.891805189992084,
              0.370245012704085
            ],
            [
              32.86421225795822,
              0.371395208947677
            ],
            [
              32.86576374775347,
              0.343123845466673
            ],
            [
              32.87837657363936,
              0.333919372063941
            ],
            [
              32.87556045865254,
              0.307990197923352
            ],
            [
              32.90824723837999,
              0.265458461741873
            ],
            [
              32.869074075932815,
              0.125328083679068
            ],
            [
              32.88453201559991,
              0.069344406905724
            ],
            [
              32.87809958271196,
              0.069545132006692
            ],
            [
              32.87212905115045,
              -0.016598084994807
            ],
            [
              32.87624275310809,
              -0.152336588568186
            ],
            [
              32.5009868526251,
              -0.152488917924283
            ],
            [
              32.620100322198695,
              -0.002105123076626
            ],
            [
              32.61961039200868,
              0.164693055413134
            ],
            [
              32.64147891176198,
              0.238811744380137
            ],
            [
              32.68705481832291,
              0.28978573878197
            ],
            [
              32.68336539681866,
              0.369859991808048
            ],
            [
              32.66162099533349,
              0.429463388092303
            ],
            [
              32.66204425124532,
              0.458405640890505
            ],
            [
              32.67740773189924,
              0.472452721263328
            ],
            [
              32.6632403926309,
              0.513370643264391
            ],
            [
              32.68166574049685,
              0.557275676679348
            ],
            [
              32.71769618509941,
              0.584365307298424
            ],
            [
              32.750606051039455,
              0.643685070905324
            ],
            [
              32.76183352084914,
              0.723452709163433
            ],
            [
              32.760730552953916,
              0.816759003468153
            ],
            [
              32.792319966344266,
              0.855934713413027
            ]
          ]
        ]
      }
    },
    {
      "type": "Feature",
      "properties": {
        "Objectid": 84,
        "Dist": "Nakapiripirit",
        "Shape Length": 348295.95,
        "Shape Area": 4201787482.51,
        "Count": "Ug"
      },
      "geometry": {
        "type": "Polygon",
        "coordinates": [
          [
            [
              34.59092869876678,
              2.438182842790213
            ],
            [
              34.6352541959477,
              2.433304488467379
            ],
            [
              34.642685505047446,
              2.347708390072074
            ],
            [
              34.67670148311009,
              2.297289026916526
            ],
            [
              34.67676745710637,
              2.28244211431141
            ],
            [
              34.70201468419393,
              2.250565536282305
            ],
            [
              34.71082556016199,
              2.222702654109809
            ],
            [
              34.74271457492189,
              2.208542933563995
            ],
            [
              34.78303180750205,
              2.169365826767191
            ],
            [
              34.798457057636135,
              2.140831774393966
            ],
            [
              34.797179267224,
              2.114005550741705
            ],
            [
              34.840422105124425,
              2.075487782729156
            ],
            [
              34.85587127840102,
              2.048416476453649
            ],
            [
              34.855323494292634,
              2.028958094454067
            ],
            [
              34.873971916795384,
              2.004039418111694
            ],
            [
              34.82841582258643,
              1.934794881579276
            ],
            [
              34.83212818871009,
              1.883410046518249
            ],
            [
              34.85210491189556,
              1.861201038700123
            ],
            [
              34.86308024068164,
              1.826543770964328
            ],
            [
              34.862865399695536,
              1.789148015566642
            ],
            [
              34.83618977942978,
              1.749074047207615
            ],
            [
              34.846835921396504,
              1.727045768892846
            ],
            [
              34.81887948508651,
              1.712821822657631
            ],
            [
              34.82003133593214,
              1.687330355068648
            ],
            [
              34.808096773860086,
              1.643875666779408
            ],
            [
              34.7405253380084,
              1.613149257304995
            ],
            [
              34.72453072013876,
              1.583424263660225
            ],
            [
              34.71343601202987,
              1.584162684124821
            ],
            [
              34.691239665692045,
              1.568752753725934
            ],
            [
              34.63087022807373,
              1.576943683946964
            ],
            [
              34.62451253186542,
              1.568699526934087
            ],
            [
              34.593284030807624,
              1.584667956176142
            ],
            [
              34.56866280484034,
              1.580438604734513
            ],
            [
              34.545281172587025,
              1.598189842989292
            ],
            [
              34.499373946601956,
              1.594915672808216
            ],
            [
              34.49529093106029,
              1.601974345265599
            ],
            [
              34.486271322905594,
              1.586219293660601
            ],
            [
              34.47180938061798,
              1.587868114679929
            ],
            [
              34.45388775080487,
              1.570743753441119
            ],
            [
              34.43661971014719,
              1.570552540674192
            ],
            [
              34.419149566496124,
              1.55282920011281
            ],
            [
              34.39390317084169,
              1.56466211386939
            ],
            [
              34.362440466630964,
              1.558356480153248
            ],
            [
              34.34755497045589,
              1.56780223806039
            ],
            [
              34.328065114968915,
              1.550963753554456
            ],
            [
              34.29929419550485,
              1.554797003098477
            ],
            [
              34.27730191748568,
              1.546486513015474
            ],
            [
              34.260374746326455,
              1.561650006952349
            ],
            [
              34.2295683416947,
              1.561541312226588
            ],
            [
              34.22907000137487,
              1.639799615631251
            ],
            [
              34.22221310250914,
              1.6401860004615
            ],
            [
              34.222778803220216,
              1.879926155967208
            ],
            [
              34.308958980156575,
              1.92439502089784
            ],
            [
              34.42743642401822,
              2.015268821262745
            ],
            [
              34.46181190700387,
              2.066771088497898
            ],
            [
              34.505223493463404,
              2.156733222021429
            ],
            [
              34.59092869876678,
              2.438182842790213
            ]
          ]
        ]
      }
    },
    {
      "type": "Feature",
      "properties": {
        "Objectid": 85,
        "Dist": "Nakaseke",
        "Shape Length": 316652.7,
        "Shape Area": 3475141773.16,
        "Count": "Ug"
      },
      "geometry": {
        "type": "Polygon",
        "coordinates": [
          [
            [
              31.977017194633973,
              1.4662778410191
            ],
            [
              32.11767943925424,
              1.406485046450552
            ],
            [
              32.15154064853153,
              1.380651634896228
            ],
            [
              32.17335583186969,
              1.351101702522278
            ],
            [
              32.2086281685878,
              1.331390341761265
            ],
            [
              32.225984913784536,
              1.297738006918766
            ],
            [
              32.28565469011323,
              1.260494968282873
            ],
            [
              32.308768489948285,
              1.25889584932962
            ],
            [
              32.35017143365873,
              1.221723020806701
            ],
            [
              32.348465547191985,
              1.200066010544249
            ],
            [
              32.37380836631862,
              1.136399863471262
            ],
            [
              32.358749406926925,
              1.117547655110077
            ],
            [
              32.34560256130473,
              1.035991916364309
            ],
            [
              32.36039862930824,
              0.960667642920795
            ],
            [
              32.39272181231635,
              0.927104257176379
            ],
            [
              32.39898844229639,
              0.895863709326182
            ],
            [
              32.441632150205415,
              0.817740774777804
            ],
            [
              32.46154759954694,
              0.795555103001264
            ],
            [
              32.469788710213834,
              0.742567593378872
            ],
            [
              32.49164914385238,
              0.729464305493054
            ],
            [
              32.50048454916462,
              0.698952035089689
            ],
            [
              32.49891611070258,
              0.692856302909694
            ],
            [
              32.47052576510484,
              0.689661502259937
            ],
            [
              32.459779670701195,
              0.678818681996764
            ],
            [
              32.46670203367545,
              0.669758208516753
            ],
            [
              32.46129365327497,
              0.662973405146754
            ],
            [
              32.45103115878071,
              0.668072950440238
            ],
            [
              32.42737582144463,
              0.655950504075474
            ],
            [
              32.41251043678569,
              0.666703513274469
            ],
            [
              32.344275603220446,
              0.629748413855901
            ],
            [
              32.319729192520306,
              0.571914058780906
            ],
            [
              32.33296745635668,
              0.551987366296408
            ],
            [
              32.313208413361274,
              0.54580259188185
            ],
            [
              32.30607763083465,
              0.533981934023005
            ],
            [
              32.2850801557868,
              0.536095919824783
            ],
            [
              32.259532866195215,
              0.569132646115636
            ],
            [
              32.23187797893113,
              0.579359959788259
            ],
            [
              32.23444986629056,
              0.590242569883549
            ],
            [
              32.218890278335905,
              0.618048564975623
            ],
            [
              32.189525017910654,
              0.637536536378276
            ],
            [
              32.166978417502236,
              0.672683038499243
            ],
            [
              32.18927571014307,
              0.694428857320662
            ],
            [
              32.21200151353102,
              0.784216561202156
            ],
            [
              32.209204463920045,
              0.807821591097247
            ],
            [
              32.19370050297261,
              0.819903613502695
            ],
            [
              32.17468388653427,
              0.864467199955469
            ],
            [
              32.145231118914644,
              0.88897598508543
            ],
            [
              32.10749052605651,
              0.901814282391253
            ],
            [
              32.062329371494954,
              0.904572524375092
            ],
            [
              32.015344553379954,
              0.928492715415128
            ],
            [
              31.999507318415404,
              0.991574498119689
            ],
            [
              32.00163122750484,
              1.020656955436749
            ],
            [
              31.9584792284265,
              1.066202238717072
            ],
            [
              31.928612351118,
              1.083214713977721
            ],
            [
              31.908903292651118,
              1.109214743380005
            ],
            [
              31.91374755862968,
              1.155171112757
            ],
            [
              31.899263110349967,
              1.17514741488437
            ],
            [
              31.91022551570064,
              1.205333765852793
            ],
            [
              31.876012937525974,
              1.265173173892342
            ],
            [
              31.860495319389955,
              1.277161597334055
            ],
            [
              31.84108116186139,
              1.32992326929499
            ],
            [
              31.82277044159301,
              1.352930483450724
            ],
            [
              31.821479393675293,
              1.359092617090556
            ],
            [
              31.836936210307492,
              1.362560579667098
            ],
            [
              31.863783729391784,
              1.388049415767893
            ],
            [
              31.878156036911335,
              1.418802082490997
            ],
            [
              31.91297502791134,
              1.439841247834341
            ],
            [
              31.912193291827286,
              1.448053920654966
            ],
            [
              31.930366254283676,
              1.445978972198216
            ],
            [
              31.932225426359803,
              1.453689095435553
            ],
            [
              31.977017194633973,
              1.4662778410191
            ]
          ]
        ]
      }
    },
    {
      "type": "Feature",
      "properties": {
        "Objectid": 86,
        "Dist": "Nakasongola",
        "Shape Length": 313708.03,
        "Shape Area": 3509442806.81,
        "Count": "Ug"
      },
      "geometry": {
        "type": "Polygon",
        "coordinates": [
          [
            [
              32.22708879712994,
              1.671758299041542
            ],
            [
              32.30320757536733,
              1.652006997656131
            ],
            [
              32.32506575711738,
              1.619870944096688
            ],
            [
              32.37728509793026,
              1.595526258436194
            ],
            [
              32.410662523420946,
              1.590379928908528
            ],
            [
              32.497821729007185,
              1.537859059279368
            ],
            [
              32.51047956830232,
              1.521633500839867
            ],
            [
              32.56035832662942,
              1.516579512895743
            ],
            [
              32.58062467662017,
              1.484260649913241
            ],
            [
              32.6255939710455,
              1.43808589100666
            ],
            [
              32.65621048233239,
              1.437306007370689
            ],
            [
              32.69637221822162,
              1.450673345114497
            ],
            [
              32.696967252956625,
              1.383891709471068
            ],
            [
              32.75045062883852,
              1.362283989966535
            ],
            [
              32.79145860482961,
              1.257661011082759
            ],
            [
              32.8006782595979,
              1.154700136292958
            ],
            [
              32.78801120366958,
              1.075138330741556
            ],
            [
              32.69809061187824,
              1.070589688407985
            ],
            [
              32.66734254127007,
              1.08690751513071
            ],
            [
              32.65025723336239,
              1.125155592181671
            ],
            [
              32.622563431067114,
              1.143220040660228
            ],
            [
              32.61191297812425,
              1.119778782011592
            ],
            [
              32.57459479962277,
              1.084894488498605
            ],
            [
              32.56906456487517,
              1.068867033262195
            ],
            [
              32.57665903378777,
              1.045043668713356
            ],
            [
              32.55586353371742,
              1.028290292963194
            ],
            [
              32.56354621658024,
              0.980540318687077
            ],
            [
              32.58152305441072,
              0.989638736995074
            ],
            [
              32.58039577180688,
              0.971266854841654
            ],
            [
              32.54336326843237,
              0.958764993720423
            ],
            [
              32.50540817397307,
              0.973073920225188
            ],
            [
              32.378629410174184,
              1.121345997887821
            ],
            [
              32.34846554449425,
              1.200066015971621
            ],
            [
              32.34490016305275,
              1.232328458612926
            ],
            [
              32.308768489948285,
              1.25889584932962
            ],
            [
              32.2856546901125,
              1.260494970996854
            ],
            [
              32.22625045670232,
              1.29753213115258
            ],
            [
              32.2086281685878,
              1.331390341761265
            ],
            [
              32.17335583186969,
              1.351101702522278
            ],
            [
              32.15154064853153,
              1.380651634896228
            ],
            [
              32.11767943925424,
              1.406485046450552
            ],
            [
              32.044751285184795,
              1.442657615491912
            ],
            [
              31.97515258174275,
              1.46610492989567
            ],
            [
              31.96837115445246,
              1.486231638308555
            ],
            [
              31.975889349768792,
              1.495924495648503
            ],
            [
              31.971878148299925,
              1.504176036709292
            ],
            [
              31.98751858646152,
              1.506845995811593
            ],
            [
              31.987995637772205,
              1.527506880309001
            ],
            [
              31.999485106675223,
              1.526911765547732
            ],
            [
              32.000842224682536,
              1.542871354702501
            ],
            [
              32.008792775299234,
              1.534706548648993
            ],
            [
              32.02310244935231,
              1.542860907147344
            ],
            [
              32.04602435842613,
              1.542568182081063
            ],
            [
              32.05695476522948,
              1.5718166574711
            ],
            [
              32.08977524192271,
              1.591147822769129
            ],
            [
              32.0841656182071,
              1.611083471645483
            ],
            [
              32.09123563478,
              1.618087914173587
            ],
            [
              32.083366766925984,
              1.638749837249915
            ],
            [
              32.1399523136643,
              1.670133809629258
            ],
            [
              32.22708879712994,
              1.671758299041542
            ]
          ]
        ]
      }
    },
    {
      "type": "Feature",
      "properties": {
        "Objectid": 87,
        "Dist": "Namayingo",
        "Shape Length": 395446.7,
        "Shape Area": 4677616648.39,
        "Count": "Ug"
      },
      "geometry": {
        "type": "Polygon",
        "coordinates": [
          [
            [
              33.65905338020355,
              0.007624130286834
            ],
            [
              33.65895411491204,
              0.258693065749666
            ],
            [
              33.694079965190255,
              0.304991607357946
            ],
            [
              33.75177948922182,
              0.307935512111783
            ],
            [
              33.784851349014964,
              0.331593121319244
            ],
            [
              33.799400724126556,
              0.332880677563213
            ],
            [
              33.80622099750486,
              0.346015353188924
            ],
            [
              33.80174669692359,
              0.361852974251158
            ],
            [
              33.891340348355406,
              0.489423765768692
            ],
            [
              33.90158878725497,
              0.483734601308913
            ],
            [
              33.91202771368182,
              0.447308422093979
            ],
            [
              33.93198286382175,
              0.422797821403902
            ],
            [
              33.9263193384521,
              0.392804684545978
            ],
            [
              33.87948285259494,
              0.339267754273779
            ],
            [
              33.88406481885295,
              0.313116211675141
            ],
            [
              33.89452463684073,
              0.303921176666883
            ],
            [
              33.924380478438216,
              0.2312611266118
            ],
            [
              33.97307522406628,
              0.189410459012357
            ],
            [
              33.91034294791397,
              0.099240734626044
            ],
            [
              33.9877755736726,
              -0.131183403980122
            ],
            [
              33.94307328251834,
              -0.41258183955606
            ],
            [
              33.93105147572053,
              -0.541956230375451
            ],
            [
              33.93156826962057,
              -0.999045849023644
            ],
            [
              33.65965842535237,
              -0.999175280904184
            ],
            [
              33.65915093799385,
              -0.06792790653237
            ],
            [
              33.689762164473535,
              -0.059014587583732
            ],
            [
              33.7044672370216,
              -0.02132347646847
            ],
            [
              33.69351321102763,
              0.005320778795004
            ],
            [
              33.65905338020355,
              0.007624130286834
            ]
          ]
        ]
      }
    },
    {
      "type": "Feature",
      "properties": {
        "Objectid": 88,
        "Dist": "Namtumba",
        "Shape Length": 135592.45,
        "Shape Area": 813772385.48,
        "Count": "Ug"
      },
      "geometry": {
        "type": "Polygon",
        "coordinates": [
          [
            [
              33.63655672818708,
              1.088899190449836
            ],
            [
              33.69283458598138,
              1.043524250770083
            ],
            [
              33.69802496606351,
              1.012450229474287
            ],
            [
              33.71854083884446,
              0.977729275355656
            ],
            [
              33.790538035248034,
              0.920443449356566
            ],
            [
              33.78694039416858,
              0.824836200153453
            ],
            [
              33.79890097309894,
              0.773049790208398
            ],
            [
              33.815287481951835,
              0.752220056903177
            ],
            [
              33.81602380672548,
              0.736568959722002
            ],
            [
              33.8377722346099,
              0.730375181948049
            ],
            [
              33.84239867869092,
              0.705272622867352
            ],
            [
              33.85299337533246,
              0.695821910842745
            ],
            [
              33.79205397086539,
              0.684207349877755
            ],
            [
              33.75749340150757,
              0.719828569758845
            ],
            [
              33.722352191562365,
              0.700708384688139
            ],
            [
              33.67508019739051,
              0.727090365519803
            ],
            [
              33.641175767770655,
              0.730893546396453
            ],
            [
              33.642938689222284,
              0.767988886956216
            ],
            [
              33.631124724784044,
              0.785669196102452
            ],
            [
              33.59174231975722,
              0.801103561378141
            ],
            [
              33.56413294916268,
              0.8011816083277
            ],
            [
              33.54778399314347,
              0.822742575639526
            ],
            [
              33.54167467481037,
              0.893807449188178
            ],
            [
              33.560772147943936,
              0.919586720961364
            ],
            [
              33.57047048283896,
              0.979066489876028
            ],
            [
              33.62990293660971,
              1.082847088358171
            ],
            [
              33.63655672818708,
              1.088899190449836
            ]
          ]
        ]
      }
    },
    {
      "type": "Feature",
      "properties": {
        "Objectid": 89,
        "Dist": "Napak",
        "Shape Length": 399625.54,
        "Shape Area": 4980388131.88,
        "Count": "Ug"
      },
      "geometry": {
        "type": "Polygon",
        "coordinates": [
          [
            [
              33.650234827185336,
              2.453888580783669
            ],
            [
              33.70237236606849,
              2.457260401952809
            ],
            [
              33.77413376977878,
              2.50201445399891
            ],
            [
              33.81032676712187,
              2.508664546258859
            ],
            [
              33.888365664997295,
              2.495227242102585
            ],
            [
              33.89399492034584,
              2.501420149175225
            ],
            [
              33.911082356254674,
              2.492777541797571
            ],
            [
              33.97795050607121,
              2.504729880402178
            ],
            [
              34.036832491360066,
              2.498348706079436
            ],
            [
              34.03297242395139,
              2.522171104715007
            ],
            [
              34.01444392667218,
              2.533937197639015
            ],
            [
              33.98641845370974,
              2.570761581706371
            ],
            [
              33.965783159710625,
              2.616690355463827
            ],
            [
              33.98672400149517,
              2.644158172481223
            ],
            [
              33.986507138946926,
              2.66896335415548
            ],
            [
              34.047652609024624,
              2.72568666647439
            ],
            [
              34.1085678496467,
              2.756638161737868
            ],
            [
              34.14860444249167,
              2.759623576402778
            ],
            [
              34.26094113825625,
              2.727068696405411
            ],
            [
              34.28149206768898,
              2.910392240838043
            ],
            [
              34.31568662008295,
              2.866261797080089
            ],
            [
              34.333298934851,
              2.855699783690075
            ],
            [
              34.34893770189062,
              2.826569790713009
            ],
            [
              34.36253199588762,
              2.779207269956643
            ],
            [
              34.36432745212299,
              2.73104683444011
            ],
            [
              34.47441453847906,
              2.573592235152976
            ],
            [
              34.504624655180805,
              2.561072788809311
            ],
            [
              34.59092869876678,
              2.438182842790213
            ],
            [
              34.50522349077709,
              2.156733232876961
            ],
            [
              34.46181190700635,
              2.066771091211162
            ],
            [
              34.427436421321374,
              2.015268821265122
            ],
            [
              34.40250832422829,
              1.995178118041825
            ],
            [
              34.30895898015864,
              1.924395023611303
            ],
            [
              34.222778803220216,
              1.879926155967208
            ],
            [
              34.21197247197493,
              2.1186467065048
            ],
            [
              33.73400457571327,
              2.416378856906399
            ],
            [
              33.67781632052467,
              2.370788528031967
            ],
            [
              33.672776792613085,
              2.354859335768261
            ],
            [
              33.63166459492278,
              2.357666770456952
            ],
            [
              33.62369350406031,
              2.350966762475483
            ],
            [
              33.62408038161533,
              2.34422620241287
            ],
            [
              33.61950907931726,
              2.338908652459477
            ],
            [
              33.62151197071935,
              2.355434051098664
            ],
            [
              33.657819122915996,
              2.39364287942159
            ],
            [
              33.650234827185336,
              2.453888580783669
            ]
          ]
        ]
      }
    },
    {
      "type": "Feature",
      "properties": {
        "Objectid": 90,
        "Dist": "Nebbi",
        "Shape Length": 259624.63,
        "Shape Area": 1999849729.67,
        "Count": "Ug"
      },
      "geometry": {
        "type": "Polygon",
        "coordinates": [
          [
            [
              31.386232226025335,
              2.77597046457021
            ],
            [
              31.437513200876083,
              2.756555768288581
            ],
            [
              31.448967211877246,
              2.73885847433708
            ],
            [
              31.45422219536298,
              2.70593829282002
            ],
            [
              31.452400446433643,
              2.689523031744326
            ],
            [
              31.415123809276416,
              2.635704276253326
            ],
            [
              31.416553679789832,
              2.607324222600924
            ],
            [
              31.461294311317005,
              2.563423160668206
            ],
            [
              31.477978385480583,
              2.505427211933287
            ],
            [
              31.495260284259853,
              2.495610364990021
            ],
            [
              31.518814972434694,
              2.495312252491101
            ],
            [
              31.52937845790485,
              2.478911258912121
            ],
            [
              31.483106838707744,
              2.440344689350304
            ],
            [
              31.473606416923207,
              2.372617340721633
            ],
            [
              31.462452130065053,
              2.350114443203312
            ],
            [
              31.389106865055787,
              2.308676277815801
            ],
            [
              31.343890033838683,
              2.262052449545764
            ],
            [
              31.306406785233335,
              2.154186951598157
            ],
            [
              31.249093232961506,
              2.196944654984566
            ],
            [
              31.203805910378456,
              2.218139034960225
            ],
            [
              31.20369456455758,
              2.291547676754458
            ],
            [
              31.164674058042447,
              2.275304330560039
            ],
            [
              31.141809991510645,
              2.28064740648774
            ],
            [
              31.131335425966686,
              2.261784804661124
            ],
            [
              31.07000744703498,
              2.302544893829006
            ],
            [
              31.085686357771657,
              2.308227147919496
            ],
            [
              31.070079630472755,
              2.330583492517675
            ],
            [
              31.073818218950137,
              2.343225872257185
            ],
            [
              31.026975213955996,
              2.384335644003712
            ],
            [
              31.015736785398012,
              2.385910524968929
            ],
            [
              31.029090963857655,
              2.406429139958498
            ],
            [
              31.051282424660258,
              2.477987427585288
            ],
            [
              31.07541095993752,
              2.495962239476071
            ],
            [
              31.039476559391815,
              2.500297173720057
            ],
            [
              31.009626714185654,
              2.538793780939606
            ],
            [
              31.0024858654593,
              2.55984873798268
            ],
            [
              31.015602482543006,
              2.576773051628331
            ],
            [
              31.066806593200795,
              2.550012451164028
            ],
            [
              31.125074880641648,
              2.541354359790318
            ],
            [
              31.151956112920818,
              2.552178868134624
            ],
            [
              31.16515221309532,
              2.56665636633842
            ],
            [
              31.18613360962529,
              2.56913515307326
            ],
            [
              31.220695899872762,
              2.599895938647552
            ],
            [
              31.221902571308096,
              2.615736230769815
            ],
            [
              31.233174367765365,
              2.616828490134633
            ],
            [
              31.237296620756013,
              2.637641646161716
            ],
            [
              31.26722499932622,
              2.655302663166444
            ],
            [
              31.274380604303943,
              2.669740281148012
            ],
            [
              31.295075984160686,
              2.676772660623902
            ],
            [
              31.30036993697347,
              2.694986814965232
            ],
            [
              31.319153793963572,
              2.695765885408647
            ],
            [
              31.324265407088276,
              2.689175677609778
            ],
            [
              31.34186494855047,
              2.698996850646961
            ],
            [
              31.34279001638692,
              2.707782339003996
            ],
            [
              31.35658924629033,
              2.711057573577193
            ],
            [
              31.3565649022463,
              2.719039035955219
            ],
            [
              31.326673433397996,
              2.743490448874045
            ],
            [
              31.331125146230658,
              2.759051028284025
            ],
            [
              31.386232226025335,
              2.77597046457021
            ]
          ]
        ]
      }
    },
    {
      "type": "Feature",
      "properties": {
        "Objectid": 91,
        "Dist": "Ngora",
        "Shape Length": 138983.42,
        "Shape Area": 720967548.63,
        "Count": "Ug"
      },
      "geometry": {
        "type": "Polygon",
        "coordinates": [
          [
            [
              33.8806680254925,
              1.665304029613411
            ],
            [
              33.898374401723615,
              1.65104636999176
            ],
            [
              33.899562667242726,
              1.59954224267463
            ],
            [
              33.852732447337324,
              1.495742314338502
            ],
            [
              33.81049106495485,
              1.442027513537602
            ],
            [
              33.7900436918184,
              1.39940315963096
            ],
            [
              33.807965920564754,
              1.365456600966552
            ],
            [
              33.8041782649734,
              1.358447522356804
            ],
            [
              33.75375068829117,
              1.36319390906165
            ],
            [
              33.72815825691451,
              1.34412426814464
            ],
            [
              33.69797327710488,
              1.340296183441619
            ],
            [
              33.67197467372236,
              1.31464254143477
            ],
            [
              33.57056885254729,
              1.311015718592689
            ],
            [
              33.557604381570044,
              1.34992065771663
            ],
            [
              33.5874466118893,
              1.385381510943762
            ],
            [
              33.62579517021081,
              1.389569190512815
            ],
            [
              33.63952657748705,
              1.405154616341291
            ],
            [
              33.66300442829334,
              1.406072682508496
            ],
            [
              33.67061364827678,
              1.413341529756879
            ],
            [
              33.6759855203015,
              1.459148655308239
            ],
            [
              33.69812530176692,
              1.506010407883635
            ],
            [
              33.706866271686415,
              1.568220191596425
            ],
            [
              33.72425885998789,
              1.592450031563942
            ],
            [
              33.712176853354904,
              1.613202061075198
            ],
            [
              33.74338806176103,
              1.670180910495948
            ],
            [
              33.78285267422351,
              1.670893035232866
            ],
            [
              33.79802311744698,
              1.663668297128397
            ],
            [
              33.80962332663868,
              1.67782351984144
            ],
            [
              33.828879990120775,
              1.68158133579977
            ],
            [
              33.8806680254925,
              1.665304029613411
            ]
          ]
        ]
      }
    },
    {
      "type": "Feature",
      "properties": {
        "Objectid": 92,
        "Dist": "Buhweju",
        "Shape Length": 141516.73,
        "Shape Area": 688495532.18,
        "Count": "Ug"
      },
      "geometry": {
        "type": "Polygon",
        "coordinates": [
          [
            [
              30.316797722946678,
              -0.190023604408466
            ],
            [
              30.321445380321826,
              -0.196606196207841
            ],
            [
              30.35898987289778,
              -0.195872336321673
            ],
            [
              30.383013103906,
              -0.247639858908127
            ],
            [
              30.4091872022576,
              -0.268731752739027
            ],
            [
              30.409596319277185,
              -0.282783178181068
            ],
            [
              30.43267588524545,
              -0.289024003382574
            ],
            [
              30.453545118256436,
              -0.285038921756782
            ],
            [
              30.44409306962125,
              -0.266138523084665
            ],
            [
              30.4635508477905,
              -0.265880602470598
            ],
            [
              30.475225401130164,
              -0.256119286633768
            ],
            [
              30.513231508632728,
              -0.263838902902392
            ],
            [
              30.498812932662535,
              -0.296476360343547
            ],
            [
              30.50785538064771,
              -0.323656936825622
            ],
            [
              30.501822797733304,
              -0.388017015304552
            ],
            [
              30.45715982587542,
              -0.429272700535367
            ],
            [
              30.401731757583068,
              -0.428989443625987
            ],
            [
              30.396857382046587,
              -0.437462629808948
            ],
            [
              30.384570005664226,
              -0.43473316856009
            ],
            [
              30.374214450478977,
              -0.455853000360064
            ],
            [
              30.360549378824217,
              -0.446337810838354
            ],
            [
              30.327830252900046,
              -0.457732108137353
            ],
            [
              30.302406919356418,
              -0.428235537724594
            ],
            [
              30.28001124622505,
              -0.432436516891295
            ],
            [
              30.250753939410018,
              -0.423660457609854
            ],
            [
              30.212171266896775,
              -0.398927667182913
            ],
            [
              30.223695640011677,
              -0.402238824540199
            ],
            [
              30.247379897326297,
              -0.391079781573107
            ],
            [
              30.246794047020135,
              -0.353052350333032
            ],
            [
              30.213702494789356,
              -0.330247538166121
            ],
            [
              30.191953878871683,
              -0.332436448596105
            ],
            [
              30.18491162601042,
              -0.32523030195329
            ],
            [
              30.19117951670937,
              -0.301255569855583
            ],
            [
              30.183885245245158,
              -0.277642678052016
            ],
            [
              30.227810277236657,
              -0.252730257279577
            ],
            [
              30.233284180190907,
              -0.227762016502483
            ],
            [
              30.24908291403681,
              -0.230838781808667
            ],
            [
              30.25064567289467,
              -0.222980162509878
            ],
            [
              30.316797722946678,
              -0.190023604408466
            ]
          ]
        ]
      }
    },
    {
      "type": "Feature",
      "properties": {
        "Objectid": 93,
        "Dist": "Ntoroko",
        "Shape Length": 245834.35,
        "Shape Area": 1413122269.07,
        "Count": "Ug"
      },
      "geometry": {
        "type": "Polygon",
        "coordinates": [
          [
            [
              30.55010414449924,
              1.306668153009905
            ],
            [
              30.5510079476621,
              1.036975658696557
            ],
            [
              30.538295992824345,
              1.009212018339569
            ],
            [
              30.53912142400446,
              0.996348602422128
            ],
            [
              30.552932899400336,
              0.983859254253937
            ],
            [
              30.480862924298407,
              0.919936966880177
            ],
            [
              30.374932283935824,
              0.890683355865171
            ],
            [
              30.36176181775481,
              0.876161158336428
            ],
            [
              30.346482190151367,
              0.899503717005476
            ],
            [
              30.341809318280305,
              0.838284200040892
            ],
            [
              30.29543384860458,
              0.808302472466296
            ],
            [
              30.293432634686,
              0.792302479280795
            ],
            [
              30.301800783387534,
              0.779026866588165
            ],
            [
              30.258944384457884,
              0.747588279926309
            ],
            [
              30.20815122307945,
              0.752694367479399
            ],
            [
              30.186555713014556,
              0.716645048236476
            ],
            [
              30.166518656140173,
              0.733707054464875
            ],
            [
              30.16672164788626,
              0.743864492219798
            ],
            [
              30.174483670276807,
              0.762045551823496
            ],
            [
              30.19443034229056,
              0.772659450293562
            ],
            [
              30.196648090157055,
              0.79437699260494
            ],
            [
              30.18773157570545,
              0.801060603455318
            ],
            [
              30.20611044036824,
              0.836306459630657
            ],
            [
              30.194530459010245,
              0.849643346797295
            ],
            [
              30.199689703535753,
              0.873702053447245
            ],
            [
              30.183205129003362,
              0.886857217470592
            ],
            [
              30.156282552553503,
              0.885772949630607
            ],
            [
              30.148963637817086,
              0.89719087928893
            ],
            [
              30.17313271889735,
              0.911035100791518
            ],
            [
              30.174417459553247,
              0.945376333157082
            ],
            [
              30.183347330037414,
              0.944594616119107
            ],
            [
              30.18195979997862,
              0.95351307681963
            ],
            [
              30.189018150345852,
              0.949196307124122
            ],
            [
              30.191148121058504,
              0.970159270037463
            ],
            [
              30.200184472080096,
              0.964471932200141
            ],
            [
              30.201145818964875,
              0.976582994383782
            ],
            [
              30.214575835703027,
              0.974638757721297
            ],
            [
              30.214752713704286,
              0.987366837314804
            ],
            [
              30.22788919936334,
              0.990259754429609
            ],
            [
              30.22476440815223,
              0.999155458172834
            ],
            [
              30.23162899229189,
              1.001849800166719
            ],
            [
              30.2231697919398,
              1.003377312399596
            ],
            [
              30.22753617509356,
              1.011318705282088
            ],
            [
              30.22019813472587,
              1.015681754260019
            ],
            [
              30.227405952327963,
              1.036033859153161
            ],
            [
              30.221121555194063,
              1.035920567833261
            ],
            [
              30.229231306094697,
              1.042938003033758
            ],
            [
              30.22177580546887,
              1.045211078768422
            ],
            [
              30.228716044754947,
              1.085271003846401
            ],
            [
              30.240543747925962,
              1.097590901956087
            ],
            [
              30.23754193364399,
              1.134182689710509
            ],
            [
              30.261700086581236,
              1.145799883105292
            ],
            [
              30.26911544063724,
              1.161886458008902
            ],
            [
              30.29017442746847,
              1.173039294055186
            ],
            [
              30.300170756375415,
              1.164337810268908
            ],
            [
              30.309221155684668,
              1.167530873639286
            ],
            [
              30.314115270459883,
              1.152477298676741
            ],
            [
              30.337357794778487,
              1.151628039820461
            ],
            [
              30.3419953156186,
              1.176911653460737
            ],
            [
              30.360696386887593,
              1.20237273488112
            ],
            [
              30.390705293868038,
              1.187703014313476
            ],
            [
              30.41271167130212,
              1.197889882198965
            ],
            [
              30.421996543513554,
              1.190494190471932
            ],
            [
              30.476213221106118,
              1.209826134313395
            ],
            [
              30.55010414449924,
              1.306668153009905
            ]
          ]
        ]
      }
    },
    {
      "type": "Feature",
      "properties": {
        "Objectid": 94,
        "Dist": "Nwoya",
        "Shape Length": 443398.12,
        "Shape Area": 4771357096.37,
        "Count": "Ug"
      },
      "geometry": {
        "type": "Polygon",
        "coordinates": [
          [
            [
              31.753205226852252,
              2.834989578738783
            ],
            [
              31.797295704223767,
              2.818756741380529
            ],
            [
              31.815118966833825,
              2.792946330476263
            ],
            [
              31.811434848629986,
              2.782291702824812
            ],
            [
              31.83418230287492,
              2.792923082478001
            ],
            [
              31.903981974900876,
              2.776811997309209
            ],
            [
              31.930393095901536,
              2.78583521209694
            ],
            [
              31.954310843607395,
              2.761923465736018
            ],
            [
              31.9780857379443,
              2.792531301264118
            ],
            [
              32.00087333909785,
              2.78962433178171
            ],
            [
              32.02851277071316,
              2.767786917471853
            ],
            [
              32.04633686333734,
              2.778659408632516
            ],
            [
              32.05066886281294,
              2.799596213102662
            ],
            [
              32.07157657920453,
              2.792945704086253
            ],
            [
              32.09576182537012,
              2.806199033442654
            ],
            [
              32.11394545826756,
              2.802515775108366
            ],
            [
              32.13643863180978,
              2.767054769958231
            ],
            [
              32.155248278590086,
              2.777653558111051
            ],
            [
              32.19433843721767,
              2.778042676113829
            ],
            [
              32.19861736915759,
              2.757966275358891
            ],
            [
              32.18827734015129,
              2.762594118066975
            ],
            [
              32.18271723153391,
              2.756286260535227
            ],
            [
              32.172289177265014,
              2.722359610801939
            ],
            [
              32.13982928626252,
              2.710098519226164
            ],
            [
              32.125406027951236,
              2.692106324004089
            ],
            [
              32.1332592712812,
              2.693319366129991
            ],
            [
              32.16909207699371,
              2.664627366666188
            ],
            [
              32.19203732984731,
              2.617744322273575
            ],
            [
              32.25066503423515,
              2.618762542759594
            ],
            [
              32.264998262018175,
              2.586665127844952
            ],
            [
              32.26193712955413,
              2.556019547888142
            ],
            [
              32.27386669974652,
              2.52626606497296
            ],
            [
              32.2978900835606,
              2.503846225190804
            ],
            [
              32.33029388029653,
              2.487193020742956
            ],
            [
              32.35527520759789,
              2.487951794218416
            ],
            [
              32.36331774056913,
              2.476171465411055
            ],
            [
              32.23778439430669,
              2.476829050521942
            ],
            [
              32.23365046784165,
              2.469788555030533
            ],
            [
              32.23110376478067,
              2.336688082258188
            ],
            [
              32.2426566600664,
              2.286392593529352
            ],
            [
              32.25881808346637,
              2.255147480068172
            ],
            [
              32.247321073037696,
              2.243449103800174
            ],
            [
              32.22286619471598,
              2.246375855620417
            ],
            [
              32.189222816135846,
              2.217002411509884
            ],
            [
              32.14848505105974,
              2.221549392772575
            ],
            [
              32.13291368015758,
              2.240644548169558
            ],
            [
              32.095327118746766,
              2.252245079233764
            ],
            [
              32.05324776492086,
              2.282500938100001
            ],
            [
              32.02562809042537,
              2.276522788590481
            ],
            [
              32.01309850232838,
              2.306473481738495
            ],
            [
              31.97914992019339,
              2.318547049087987
            ],
            [
              31.979550958632498,
              2.326799266010708
            ],
            [
              31.966786300543898,
              2.325848148932011
            ],
            [
              31.955691086977204,
              2.340671635235185
            ],
            [
              31.942080964782033,
              2.338825583642439
            ],
            [
              31.944109201094633,
              2.344866225576888
            ],
            [
              31.936149863322296,
              2.343502685507489
            ],
            [
              31.918447390492986,
              2.36554737500374
            ],
            [
              31.908940159997137,
              2.359270699192595
            ],
            [
              31.868710271324165,
              2.359199686641724
            ],
            [
              31.856940835852253,
              2.366498684617159
            ],
            [
              31.84979666260208,
              2.358863775634707
            ],
            [
              31.83321958898963,
              2.369187231521818
            ],
            [
              31.7700020453555,
              2.327833616830583
            ],
            [
              31.7423387883712,
              2.29609742088851
            ],
            [
              31.69915655840669,
              2.28887052621538
            ],
            [
              31.6961019428593,
              2.276247420339736
            ],
            [
              31.66637993514116,
              2.273591350318888
            ],
            [
              31.64773257906782,
              2.258879115267487
            ],
            [
              31.63575561527152,
              2.259665710540234
            ],
            [
              31.624203796324537,
              2.274057286247925
            ],
            [
              31.603025612464997,
              2.271930992632039
            ],
            [
              31.571617651508003,
              2.285908186468763
            ],
            [
              31.551199337310894,
              2.282635867738413
            ],
            [
              31.52559357398515,
              2.256665877189503
            ],
            [
              31.490618120256634,
              2.247013644379341
            ],
            [
              31.46686646797169,
              2.227199469327047
            ],
            [
              31.336488412627833,
              2.247445861114557
            ],
            [
              31.377467539656607,
              2.299489861729727
            ],
            [
              31.462452130065053,
              2.350114443203312
            ],
            [
              31.473606416923207,
              2.372617340721633
            ],
            [
              31.483106836010247,
              2.440344689347244
            ],
            [
              31.52937845790485,
              2.478911258912121
            ],
            [
              31.518814972434694,
              2.495312252491101
            ],
            [
              31.495260284259853,
              2.495610364990021
            ],
            [
              31.477978385480583,
              2.505427211933287
            ],
            [
              31.461294311317005,
              2.563423160668206
            ],
            [
              31.416553682487585,
              2.607324222604336
            ],
            [
              31.415123809276416,
              2.635704276253326
            ],
            [
              31.442284580959498,
              2.67685837448471
            ],
            [
              31.46149227612909,
              2.67517100463462
            ],
            [
              31.48033169062301,
              2.684484661444984
            ],
            [
              31.4817195147205,
              2.702131415183888
            ],
            [
              31.492921039858576,
              2.715356652829451
            ],
            [
              31.514362127008997,
              2.722580087531496
            ],
            [
              31.527804069296497,
              2.743069710110896
            ],
            [
              31.536890921494496,
              2.739155461773274
            ],
            [
              31.53811556431258,
              2.75923723142461
            ],
            [
              31.56623830528675,
              2.781049515732725
            ],
            [
              31.57534510345009,
              2.771910486214005
            ],
            [
              31.57970125314318,
              2.790409036627582
            ],
            [
              31.59566725382342,
              2.793276812034948
            ],
            [
              31.602097998347723,
              2.805142482181961
            ],
            [
              31.619331091605694,
              2.80176147382951
            ],
            [
              31.641639517722748,
              2.81854428465572
            ],
            [
              31.655806638570677,
              2.81577081393951
            ],
            [
              31.65997481846867,
              2.801193501468256
            ],
            [
              31.671859818125352,
              2.798857845011866
            ],
            [
              31.68683676526186,
              2.804826563914769
            ],
            [
              31.69975664172538,
              2.823195654773759
            ],
            [
              31.708189543596852,
              2.819562954662683
            ],
            [
              31.71155284079878,
              2.831178929849337
            ],
            [
              31.725883614545914,
              2.827283862276981
            ],
            [
              31.742266882153476,
              2.833985199784038
            ],
            [
              31.747882477435002,
              2.826645976409184
            ],
            [
              31.753205226852252,
              2.834989578738783
            ]
          ]
        ]
      }
    },
    {
      "type": "Feature",
      "properties": {
        "Objectid": 95,
        "Dist": "Maracha",
        "Shape Length": 118160.98,
        "Shape Area": 445245570.27,
        "Count": "Ug"
      },
      "geometry": {
        "type": "Polygon",
        "coordinates": [
          [
            [
              30.91792351949366,
              3.369329119813431
            ],
            [
              30.943875669349936,
              3.333546677828009
            ],
            [
              30.9626406743452,
              3.3255185715671
            ],
            [
              30.972927579511385,
              3.333295977490216
            ],
            [
              30.98329100638986,
              3.32381668690474
            ],
            [
              30.987952512680632,
              3.342463935377419
            ],
            [
              31.01004781828788,
              3.330489793269388
            ],
            [
              31.017503258498472,
              3.339188788525961
            ],
            [
              31.04251825607379,
              3.333387266557634
            ],
            [
              31.053176490559075,
              3.327775864341116
            ],
            [
              31.054780788879768,
              3.306370029750447
            ],
            [
              31.08172439352585,
              3.282720653129503
            ],
            [
              31.052209224204077,
              3.270199240886256
            ],
            [
              31.030364439516518,
              3.279462393957346
            ],
            [
              31.017985206419947,
              3.246818858266772
            ],
            [
              31.010209031860143,
              3.243156929607782
            ],
            [
              31.01387759368582,
              3.225298382688675
            ],
            [
              30.994825487491035,
              3.215963765408835
            ],
            [
              31.003295650904416,
              3.194987086605993
            ],
            [
              30.998712108235093,
              3.187880378002707
            ],
            [
              30.9788456722632,
              3.186138408039514
            ],
            [
              30.96931689402996,
              3.16868525961172
            ],
            [
              30.96084163230763,
              3.169360324990118
            ],
            [
              30.938322305257383,
              3.123650035106506
            ],
            [
              30.88391108914103,
              3.12394501864259
            ],
            [
              30.872416760365976,
              3.135345640814041
            ],
            [
              30.843603308088298,
              3.123793530390575
            ],
            [
              30.802918091645537,
              3.124042866283452
            ],
            [
              30.830398861314983,
              3.20147986352801
            ],
            [
              30.830402679389625,
              3.224354015084837
            ],
            [
              30.84178933625124,
              3.236399125892687
            ],
            [
              30.84050459621611,
              3.263508294376267
            ],
            [
              30.871399367031493,
              3.277768044955283
            ],
            [
              30.867153049035092,
              3.283320435290399
            ],
            [
              30.87531733557154,
              3.30278779157509
            ],
            [
              30.89329157501641,
              3.311864768302464
            ],
            [
              30.888206136291593,
              3.338438667402241
            ],
            [
              30.90358663080888,
              3.357430951936982
            ],
            [
              30.91792351949366,
              3.369329119813431
            ]
          ]
        ]
      }
    },
    {
      "type": "Feature",
      "properties": {
        "Objectid": 96,
        "Dist": "Otuke",
        "Shape Length": 289266.64,
        "Shape Area": 1546075834.98,
        "Count": "Ug"
      },
      "geometry": {
        "type": "Polygon",
        "coordinates": [
          [
            [
              33.43251663966872,
              2.633125599753252
            ],
            [
              33.44121888819286,
              2.627283835156822
            ],
            [
              33.435242024884204,
              2.618114662009047
            ],
            [
              33.4439440807961,
              2.612024073818255
            ],
            [
              33.44381297939139,
              2.590891062889785
            ],
            [
              33.475008139119296,
              2.596691698808235
            ],
            [
              33.503122440014764,
              2.587651727879916
            ],
            [
              33.52332946718122,
              2.604421780760742
            ],
            [
              33.54161526802152,
              2.600027195354927
            ],
            [
              33.55204283401734,
              2.560877742695522
            ],
            [
              33.575289941497516,
              2.541364493796371
            ],
            [
              33.588141112833455,
              2.516002419109793
            ],
            [
              33.647154011233056,
              2.476277830771132
            ],
            [
              33.657819122915996,
              2.39364287942159
            ],
            [
              33.621511970722956,
              2.355434059240612
            ],
            [
              33.61462798729113,
              2.334947029589589
            ],
            [
              33.58269164729562,
              2.326896699286444
            ],
            [
              33.56660027136849,
              2.334477135522451
            ],
            [
              33.56273231199946,
              2.350570032330554
            ],
            [
              33.55162253600781,
              2.355145766522265
            ],
            [
              33.514477569272564,
              2.349903838394755
            ],
            [
              33.431299515587355,
              2.363802095483408
            ],
            [
              33.39874717401885,
              2.329354742777257
            ],
            [
              33.37564005067561,
              2.327015312219201
            ],
            [
              33.35389307590016,
              2.339563978856146
            ],
            [
              33.331116636119376,
              2.32762496147607
            ],
            [
              33.32457341357665,
              2.331456425757417
            ],
            [
              33.32060937553871,
              2.32318707196324
            ],
            [
              33.313066624855765,
              2.326851170072822
            ],
            [
              33.30911463406187,
              2.318904895257279
            ],
            [
              33.30325035377369,
              2.326386550711883
            ],
            [
              33.29565805466267,
              2.320954417116383
            ],
            [
              33.296826394247056,
              2.331965285351159
            ],
            [
              33.287569121598985,
              2.330554918104298
            ],
            [
              33.289807291381386,
              2.341897470151567
            ],
            [
              33.27721820784587,
              2.350114792053137
            ],
            [
              33.24979708528323,
              2.346061067984423
            ],
            [
              33.254397777878694,
              2.356318905860015
            ],
            [
              33.245878644040275,
              2.357263215391167
            ],
            [
              33.24742777084454,
              2.381356460449616
            ],
            [
              33.23542385489486,
              2.383265080997535
            ],
            [
              33.23262397754821,
              2.371917294367811
            ],
            [
              33.21917564688074,
              2.371556363145206
            ],
            [
              33.22648831541503,
              2.382994238628386
            ],
            [
              33.21389820293545,
              2.388307242392054
            ],
            [
              33.22098563799586,
              2.40187866604805
            ],
            [
              33.216473372782744,
              2.406146351315162
            ],
            [
              33.19937103597594,
              2.418450526335505
            ],
            [
              33.18781597141992,
              2.405469727584672
            ],
            [
              33.18023440711671,
              2.407104914917501
            ],
            [
              33.185019735891046,
              2.418815714042053
            ],
            [
              33.17265904904643,
              2.424613246433446
            ],
            [
              33.18512200869466,
              2.435160846628051
            ],
            [
              33.18252883638734,
              2.446004506044325
            ],
            [
              33.19064314774974,
              2.456001273747958
            ],
            [
              33.173064642919826,
              2.452805806188701
            ],
            [
              33.15387561861927,
              2.426820949935895
            ],
            [
              33.14495924553066,
              2.430571161499361
            ],
            [
              33.15983493588814,
              2.448911223056629
            ],
            [
              33.155039543143715,
              2.458532941783051
            ],
            [
              33.13539552830014,
              2.448151229521012
            ],
            [
              33.15033290142329,
              2.470769552343977
            ],
            [
              33.1357716961918,
              2.469335301980884
            ],
            [
              33.14747979947287,
              2.48900479623296
            ],
            [
              33.126493596484494,
              2.479961309970391
            ],
            [
              33.12827909586658,
              2.490801600992642
            ],
            [
              33.116144681716726,
              2.490659157192151
            ],
            [
              33.10343803517731,
              2.475153320282896
            ],
            [
              33.10286786229079,
              2.486065629040275
            ],
            [
              33.08787761059092,
              2.475154450511655
            ],
            [
              33.09030542982961,
              2.48922537239573
            ],
            [
              33.083310680406804,
              2.495256288227806
            ],
            [
              33.07117589487389,
              2.489513717786306
            ],
            [
              33.072189701761836,
              2.5005406317692
            ],
            [
              33.05744565391572,
              2.503377943899985
            ],
            [
              33.04547941312119,
              2.487073950497791
            ],
            [
              33.03338372163671,
              2.505581015440768
            ],
            [
              33.001443811688496,
              2.499190159513505
            ],
            [
              33.012879852323714,
              2.507580158557222
            ],
            [
              33.00341929242627,
              2.529111921950901
            ],
            [
              33.072991981595976,
              2.588785788530704
            ],
            [
              33.15701576233638,
              2.619058761145495
            ],
            [
              33.183288554795666,
              2.5853994218863
            ],
            [
              33.20686711229777,
              2.598528036364606
            ],
            [
              33.29132904707366,
              2.595894563472489
            ],
            [
              33.31492714171196,
              2.61202771201003
            ],
            [
              33.41077444407813,
              2.595301316074169
            ],
            [
              33.43251663966872,
              2.633125599753252
            ]
          ]
        ]
      }
    },
    {
      "type": "Feature",
      "properties": {
        "Objectid": 97,
        "Dist": "Oyam",
        "Shape Length": 240102.05,
        "Shape Area": 2191268839.56,
        "Count": "Ug"
      },
      "geometry": {
        "type": "Polygon",
        "coordinates": [
          [
            [
              32.77718577652366,
              2.584705079030175
            ],
            [
              32.82539735811553,
              2.519454688106547
            ],
            [
              32.77801984093067,
              2.474761764320931
            ],
            [
              32.7439395124407,
              2.470648597363638
            ],
            [
              32.74794227180305,
              2.4650500878711
            ],
            [
              32.73942720368696,
              2.46338744379705
            ],
            [
              32.70638406333956,
              2.473313242693817
            ],
            [
              32.69336205016257,
              2.469934894164429
            ],
            [
              32.7119945120051,
              2.455564732967293
            ],
            [
              32.70734020442738,
              2.436877523475315
            ],
            [
              32.661154304038455,
              2.394857357941198
            ],
            [
              32.6492968917201,
              2.39560554100291
            ],
            [
              32.61450120621144,
              2.341064924897834
            ],
            [
              32.62377263893454,
              2.336568662143311
            ],
            [
              32.62092980948794,
              2.326713292952364
            ],
            [
              32.63202063500243,
              2.311988031090795
            ],
            [
              32.641714094351755,
              2.319125005938507
            ],
            [
              32.65528787215876,
              2.302799559011515
            ],
            [
              32.647705636959586,
              2.26435513927959
            ],
            [
              32.639694311854335,
              2.2562888968427
            ],
            [
              32.61085891582293,
              2.252842271768096
            ],
            [
              32.57879328573469,
              2.219786160680991
            ],
            [
              32.567143489930736,
              2.217418250440577
            ],
            [
              32.552451581725734,
              2.158294855455539
            ],
            [
              32.50813874524363,
              2.108307061420493
            ],
            [
              32.48664112150166,
              2.108564066213722
            ],
            [
              32.45997213234487,
              2.084283938415555
            ],
            [
              32.43393007185735,
              2.075742881039763
            ],
            [
              32.352759408599255,
              2.074427019030456
            ],
            [
              32.33017595430345,
              2.103196735112825
            ],
            [
              32.33276973364665,
              2.124838713554514
            ],
            [
              32.31878130854655,
              2.140587711030532
            ],
            [
              32.316873234636,
              2.194828764995266
            ],
            [
              32.28417929707917,
              2.237714538914193
            ],
            [
              32.258891260705525,
              2.253831681408871
            ],
            [
              32.24265666006497,
              2.286392596243259
            ],
            [
              32.23110376478067,
              2.336688082258188
            ],
            [
              32.2355824651037,
              2.356458231099459
            ],
            [
              32.227955366553225,
              2.40681875090452
            ],
            [
              32.23374158822779,
              2.420711364220888
            ],
            [
              32.22888583303547,
              2.457443409358315
            ],
            [
              32.23778439430669,
              2.476829050521942
            ],
            [
              32.338967052559774,
              2.471545108432326
            ],
            [
              32.39362705974345,
              2.483041657130781
            ],
            [
              32.42508493969263,
              2.445838454750931
            ],
            [
              32.4275229654826,
              2.465120796552293
            ],
            [
              32.43763573454207,
              2.473632570187593
            ],
            [
              32.45036769781681,
              2.554636079184406
            ],
            [
              32.4802487943341,
              2.61379361750306
            ],
            [
              32.54214541127948,
              2.620223771222239
            ],
            [
              32.75948561490817,
              2.57990657586744
            ],
            [
              32.77718577652366,
              2.584705079030175
            ]
          ]
        ]
      }
    },
    {
      "type": "Feature",
      "properties": {
        "Objectid": 98,
        "Dist": "Pader",
        "Shape Length": 371298.79,
        "Shape Area": 3295703490.8,
        "Count": "Ug"
      },
      "geometry": {
        "type": "Polygon",
        "coordinates": [
          [
            [
              32.825452921144176,
              2.651377179706945
            ],
            [
              32.82635183632809,
              2.674484818893129
            ],
            [
              32.79791897123653,
              2.664134182734619
            ],
            [
              32.762264993367225,
              2.720213315776998
            ],
            [
              32.72367296178844,
              2.754229991252352
            ],
            [
              32.72171580264715,
              2.766636357756571
            ],
            [
              32.69431359288585,
              2.771799390988648
            ],
            [
              32.70604416098682,
              2.783556818925042
            ],
            [
              32.688464600774296,
              2.784400393427872
            ],
            [
              32.69239620487074,
              2.800786349410158
            ],
            [
              32.660891339548265,
              2.835462168383318
            ],
            [
              32.55249056038197,
              3.01171751556706
            ],
            [
              32.470297141396614,
              3.126306843735714
            ],
            [
              32.49199519734423,
              3.132697164315998
            ],
            [
              32.521438612889646,
              3.128370099352296
            ],
            [
              32.5135610185075,
              3.145014147020854
            ],
            [
              32.51731765520699,
              3.157438856737492
            ],
            [
              32.51231702942615,
              3.157340768145722
            ],
            [
              32.51041781013615,
              3.161339880246467
            ],
            [
              32.55025362636723,
              3.156316078666531
            ],
            [
              32.5583158089104,
              3.163240162392191
            ],
            [
              32.61812020776337,
              3.152784162771241
            ],
            [
              32.68460325997906,
              3.1711958570093
            ],
            [
              32.69443468035103,
              3.186028923375121
            ],
            [
              32.73771477162858,
              3.178823575572208
            ],
            [
              32.75227235381211,
              3.203956228197127
            ],
            [
              32.76505770696004,
              3.209869501501422
            ],
            [
              32.77971588210834,
              3.210059038594485
            ],
            [
              32.78225850735411,
              3.179910964553111
            ],
            [
              32.79553682067452,
              3.169417318643479
            ],
            [
              32.86409651481972,
              3.157806660398955
            ],
            [
              32.870661670863626,
              3.160082085105392
            ],
            [
              32.87174260534861,
              3.181835007169554
            ],
            [
              32.92624145820207,
              3.209648063591625
            ],
            [
              32.91164057387194,
              3.246424808737735
            ],
            [
              32.984305597245196,
              3.200327855118229
            ],
            [
              33.042738824111524,
              3.092939058344582
            ],
            [
              33.06737353716472,
              3.07778299459211
            ],
            [
              33.10340753744917,
              3.080367472532092
            ],
            [
              33.1335330374474,
              3.066631762347853
            ],
            [
              33.14293968813217,
              3.025511701024695
            ],
            [
              33.21664167619762,
              3.025793991444699
            ],
            [
              33.226144003839615,
              2.991125443583866
            ],
            [
              33.20571828203866,
              2.99199052729169
            ],
            [
              33.19646033950745,
              2.947457250070329
            ],
            [
              33.1544389924784,
              2.866889119752847
            ],
            [
              33.15072345839866,
              2.854514077900572
            ],
            [
              33.1595067686425,
              2.844100209280319
            ],
            [
              33.15881616159436,
              2.842544385178764
            ],
            [
              33.15127005344074,
              2.847141350629085
            ],
            [
              33.1273063682022,
              2.827192561366254
            ],
            [
              33.1002884923081,
              2.854435839330517
            ],
            [
              33.08382365570473,
              2.82220562609548
            ],
            [
              33.06320794391621,
              2.832045162567069
            ],
            [
              33.05925686544149,
              2.847867922076423
            ],
            [
              33.052090784497686,
              2.842889316484933
            ],
            [
              33.046103655706894,
              2.849220982414607
            ],
            [
              33.03630814314895,
              2.83807370232429
            ],
            [
              33.0332254542448,
              2.847971872281278
            ],
            [
              33.023238487049625,
              2.847912270728991
            ],
            [
              33.020012523104725,
              2.839737744257936
            ],
            [
              33.052872758651105,
              2.821680947753644
            ],
            [
              33.03624355087583,
              2.804937454291838
            ],
            [
              33.01291250570709,
              2.732189127007527
            ],
            [
              33.03579523223524,
              2.715999812352368
            ],
            [
              33.06602130402528,
              2.669803691484657
            ],
            [
              33.078091706270165,
              2.667534849551035
            ],
            [
              33.090319433783286,
              2.647143540678231
            ],
            [
              33.086091270387364,
              2.636669366331242
            ],
            [
              33.10056163733902,
              2.59920537870544
            ],
            [
              33.072991981595976,
              2.588785788530704
            ],
            [
              33.011820961004226,
              2.531697154922992
            ],
            [
              32.993105910431154,
              2.526914150438353
            ],
            [
              32.9876772674707,
              2.532340234236617
            ],
            [
              32.996234220438396,
              2.537951504984182
            ],
            [
              32.99803258809795,
              2.553859750431298
            ],
            [
              32.98479117555238,
              2.559773725010161
            ],
            [
              32.97758927024438,
              2.551621795188172
            ],
            [
              32.95440239602078,
              2.550191044785701
            ],
            [
              32.955765416529026,
              2.562330462342717
            ],
            [
              32.9392535246738,
              2.564044031805612
            ],
            [
              32.95992474618259,
              2.59349680944804
            ],
            [
              32.95170464741391,
              2.596605789581817
            ],
            [
              32.953679606380675,
              2.605057741087178
            ],
            [
              32.931903330997194,
              2.591644827034234
            ],
            [
              32.93804892441909,
              2.611473062955961
            ],
            [
              32.919707431802635,
              2.606277534500166
            ],
            [
              32.91471485591192,
              2.594469289742878
            ],
            [
              32.88531861930366,
              2.601524539849013
            ],
            [
              32.89151281489454,
              2.618860630653367
            ],
            [
              32.88683882053116,
              2.614109899774606
            ],
            [
              32.88524325377401,
              2.620920595667592
            ],
            [
              32.872986801324714,
              2.619475797576718
            ],
            [
              32.87563631177686,
              2.625225789451728
            ],
            [
              32.85086549798716,
              2.624519773267969
            ],
            [
              32.858297673181646,
              2.649074132095946
            ],
            [
              32.825452921144176,
              2.651377179706945
            ]
          ]
        ]
      }
    },
    {
      "type": "Feature",
      "properties": {
        "Objectid": 99,
        "Dist": "Pallisa",
        "Shape Length": 227629.41,
        "Shape Area": 1095047256.72,
        "Count": "Ug"
      },
      "geometry": {
        "type": "Polygon",
        "coordinates": [
          [
            [
              33.724640716980645,
              1.344405588163411
            ],
            [
              33.750960382280205,
              1.316572955159886
            ],
            [
              33.80728712818879,
              1.319515149812328
            ],
            [
              33.85815970145709,
              1.271167276144618
            ],
            [
              33.90047370536717,
              1.267481043526358
            ],
            [
              33.936901697156955,
              1.230803610144687
            ],
            [
              33.97993466412565,
              1.225084838127048
            ],
            [
              34.00497418964905,
              1.207243133786548
            ],
            [
              34.03309846243283,
              1.213091934712141
            ],
            [
              34.047725343595175,
              1.200773006007425
            ],
            [
              34.10442141243885,
              1.185426199082635
            ],
            [
              34.124765290288856,
              1.169847419258041
            ],
            [
              34.13685727848377,
              1.1438536233044
            ],
            [
              34.13086658082405,
              1.121687172282988
            ],
            [
              34.13868749076548,
              1.092244537931102
            ],
            [
              34.124769785363114,
              1.074459210961217
            ],
            [
              34.11183363495608,
              1.119572104922043
            ],
            [
              34.072981892085714,
              1.126423290967247
            ],
            [
              34.04600375393603,
              1.15200778715239
            ],
            [
              34.006662358696055,
              1.152071332520294
            ],
            [
              33.99672385947821,
              1.16126989402872
            ],
            [
              33.993337617360964,
              1.18245979724593
            ],
            [
              33.97173258360044,
              1.193235371669402
            ],
            [
              33.9629924468698,
              1.160125547071124
            ],
            [
              33.92952014248931,
              1.165279712967167
            ],
            [
              33.88945085472215,
              1.141603069642198
            ],
            [
              33.880032025293744,
              1.140620105872652
            ],
            [
              33.837803577020715,
              1.168407690198849
            ],
            [
              33.81242075286772,
              1.113780260524677
            ],
            [
              33.78348556124021,
              1.089914848599155
            ],
            [
              33.76244488799118,
              1.113139581535243
            ],
            [
              33.682695335226285,
              1.125275056163503
            ],
            [
              33.62628243288128,
              1.104140179050108
            ],
            [
              33.60533675524179,
              1.125342999132528
            ],
            [
              33.591478223833015,
              1.162909627680618
            ],
            [
              33.52004321991565,
              1.204283608018196
            ],
            [
              33.49251135776702,
              1.247906685004028
            ],
            [
              33.45568155622861,
              1.28501607602885
            ],
            [
              33.40460504045252,
              1.296099952949865
            ],
            [
              33.39539565790391,
              1.333878080777941
            ],
            [
              33.428190577896274,
              1.339941421343155
            ],
            [
              33.43736078050234,
              1.321202891246983
            ],
            [
              33.47881494013808,
              1.330708092924525
            ],
            [
              33.52377163958566,
              1.309339538586417
            ],
            [
              33.545951011208885,
              1.318135254889536
            ],
            [
              33.55942955260526,
              1.33965810268348
            ],
            [
              33.57135391366148,
              1.310563343400914
            ],
            [
              33.629279427645095,
              1.316595740873947
            ],
            [
              33.65112739357146,
              1.311686980965906
            ],
            [
              33.67534663778204,
              1.316008304493833
            ],
            [
              33.69797327710488,
              1.340296183441619
            ],
            [
              33.724640716980645,
              1.344405588163411
            ]
          ]
        ]
      }
    },
    {
      "type": "Feature",
      "properties": {
        "Objectid": 100,
        "Dist": "Rakai",
        "Shape Length": 324281.66,
        "Shape Area": 4040512177.09,
        "Count": "Ug"
      },
      "geometry": {
        "type": "Polygon",
        "coordinates": [
          [
            [
              31.620377010515387,
              -0.443999411132701
            ],
            [
              31.65725686726388,
              -0.443900964191736
            ],
            [
              31.662469517538604,
              -0.457710398934194
            ],
            [
              31.671346572579203,
              -0.458785354920874
            ],
            [
              31.658900019539704,
              -0.49205254655534
            ],
            [
              31.66254433206065,
              -0.50745482146485
            ],
            [
              31.708161015586658,
              -0.533166520856264
            ],
            [
              31.683470097966588,
              -0.548262257487584
            ],
            [
              31.69131299195693,
              -0.557017545988172
            ],
            [
              31.675978028640184,
              -0.610865834483943
            ],
            [
              31.710427042674656,
              -0.665170941483476
            ],
            [
              31.72053388235946,
              -0.699071600292821
            ],
            [
              31.744029727181495,
              -0.727893863558299
            ],
            [
              31.897934344069515,
              -0.797562250063155
            ],
            [
              32.000506901890084,
              -0.818684766898049
            ],
            [
              32.000665104637584,
              -0.999475348006349
            ],
            [
              31.270800545021228,
              -0.999308237719809
            ],
            [
              31.264322804655613,
              -0.984394443300755
            ],
            [
              31.2708415613682,
              -0.949710478646022
            ],
            [
              31.20963825443226,
              -0.900998305550101
            ],
            [
              31.20349025743233,
              -0.888301164793737
            ],
            [
              31.20468697808701,
              -0.87253545946392
            ],
            [
              31.22765010089989,
              -0.847646956068705
            ],
            [
              31.19344154890681,
              -0.820703629128812
            ],
            [
              31.19975810130793,
              -0.75761438216444
            ],
            [
              31.15313909361958,
              -0.704161807549894
            ],
            [
              31.091021592525408,
              -0.664880798126661
            ],
            [
              31.100989167367317,
              -0.615826561563047
            ],
            [
              31.12486970999016,
              -0.588541100027645
            ],
            [
              31.124399495467106,
              -0.575074615323814
            ],
            [
              31.15217725962347,
              -0.52144178775436
            ],
            [
              31.15466521061513,
              -0.490043928389009
            ],
            [
              31.17858838015213,
              -0.493219732430781
            ],
            [
              31.206390957594678,
              -0.461030199500608
            ],
            [
              31.240752828137733,
              -0.456522241401553
            ],
            [
              31.268037871570897,
              -0.484565963496482
            ],
            [
              31.31409098805638,
              -0.493457587845192
            ],
            [
              31.360792554958593,
              -0.527111683239314
            ],
            [
              31.389000987645474,
              -0.575055355321817
            ],
            [
              31.439716390905897,
              -0.598210142955756
            ],
            [
              31.44419242175367,
              -0.55522075979123
            ],
            [
              31.46101001212698,
              -0.55456704020513
            ],
            [
              31.5228046718891,
              -0.499549911223205
            ],
            [
              31.563917025001913,
              -0.482326298850944
            ],
            [
              31.594511931176193,
              -0.431582488296441
            ],
            [
              31.620377010515387,
              -0.443999411132701
            ]
          ]
        ]
      }
    },
    {
      "type": "Feature",
      "properties": {
        "Objectid": 101,
        "Dist": "Rubirizi",
        "Shape Length": 211244.82,
        "Shape Area": 1472585666.35,
        "Count": "Ug"
      },
      "geometry": {
        "type": "Polygon",
        "coordinates": [
          [
            [
              30.185720040400167,
              -0.073922554611964
            ],
            [
              30.18445202538656,
              -0.088495047909394
            ],
            [
              30.21599267336449,
              -0.078383826896091
            ],
            [
              30.2122486471298,
              -0.103393318848268
            ],
            [
              30.238524758426195,
              -0.125664562895523
            ],
            [
              30.25159401275345,
              -0.127741852893178
            ],
            [
              30.281012479938823,
              -0.166527772973114
            ],
            [
              30.286320595336832,
              -0.20699569515123
            ],
            [
              30.250645670201745,
              -0.222980162509371
            ],
            [
              30.24908291942108,
              -0.230838789942854
            ],
            [
              30.232248910844646,
              -0.228449691606867
            ],
            [
              30.227810274544353,
              -0.252730254568007
            ],
            [
              30.17830951531357,
              -0.284489390131315
            ],
            [
              30.164139648709355,
              -0.336123364650745
            ],
            [
              30.178929431325166,
              -0.381676602058239
            ],
            [
              30.12375606413175,
              -0.372342051967123
            ],
            [
              30.08363871358054,
              -0.351820574311882
            ],
            [
              30.010023842381827,
              -0.383515174218392
            ],
            [
              29.976940791917567,
              -0.389054013026195
            ],
            [
              29.95339132136864,
              -0.41151119969538
            ],
            [
              29.936990271230187,
              -0.450202061789811
            ],
            [
              29.91710893422084,
              -0.444180246003853
            ],
            [
              29.88840613335093,
              -0.451774561919438
            ],
            [
              29.87171035413996,
              -0.444330693587948
            ],
            [
              29.87493018256772,
              -0.431410345308351
            ],
            [
              29.86011680019165,
              -0.413289198564162
            ],
            [
              29.86086745501114,
              -0.390194338317563
            ],
            [
              29.67619903314213,
              -0.336717144035199
            ],
            [
              29.69926894465702,
              -0.210558144826231
            ],
            [
              29.888466292375256,
              -0.208885568516799
            ],
            [
              29.907359756950296,
              -0.198169531262778
            ],
            [
              29.908189382993832,
              -0.182130083474291
            ],
            [
              29.927144171712836,
              -0.176789725395059
            ],
            [
              29.95452286788003,
              -0.188432830319821
            ],
            [
              29.9674275816531,
              -0.170753785862846
            ],
            [
              29.988774789988064,
              -0.171992710739939
            ],
            [
              30.008797250772645,
              -0.145210220122584
            ],
            [
              30.045951923316796,
              -0.131014268529671
            ],
            [
              30.063168713095493,
              -0.112944674760866
            ],
            [
              30.08190844708516,
              -0.114604723340596
            ],
            [
              30.093679647469248,
              -0.096713866525144
            ],
            [
              30.106579510594003,
              -0.101504457369429
            ],
            [
              30.156141535996706,
              -0.072514435267858
            ],
            [
              30.185720040400167,
              -0.073922554611964
            ]
          ],
          [
            [
              30.208960242424315,
              -0.252644783062432
            ],
            [
              30.208967649491694,
              -0.252644840691806
            ],
            [
              30.20894721975491,
              -0.252628624775748
            ],
            [
              30.208960242424315,
              -0.252644783062432
            ]
          ]
        ]
      }
    },
    {
      "type": "Feature",
      "properties": {
        "Objectid": 102,
        "Dist": "Rukungiri",
        "Shape Length": 298940.76,
        "Shape Area": 1507752948.31,
        "Count": "Ug"
      },
      "geometry": {
        "type": "Polygon",
        "coordinates": [
          [
            [
              29.819145901340896,
              -0.374289660636872
            ],
            [
              29.863620196107608,
              -0.39513140232586
            ],
            [
              29.86011680019165,
              -0.413289198564162
            ],
            [
              29.874808016689308,
              -0.431045444502729
            ],
            [
              29.87274287284672,
              -0.445727396183068
            ],
            [
              29.889433942669527,
              -0.451801265071895
            ],
            [
              29.921553028908296,
              -0.444346685376059
            ],
            [
              29.943699448809678,
              -0.459491322049419
            ],
            [
              29.92424088393769,
              -0.51762493184945
            ],
            [
              29.93782282788054,
              -0.538922809220296
            ],
            [
              29.918373264418555,
              -0.545870708108856
            ],
            [
              29.925409888672217,
              -0.564108108921507
            ],
            [
              29.884193618449125,
              -0.611240692172353
            ],
            [
              29.92055421010801,
              -0.646645874013946
            ],
            [
              29.957990557682876,
              -0.65793339496773
            ],
            [
              29.97274826288214,
              -0.694832865202156
            ],
            [
              30.003620732079707,
              -0.730279205116948
            ],
            [
              30.003354538217664,
              -0.743886154391021
            ],
            [
              30.022181088558785,
              -0.741624892339658
            ],
            [
              30.05303172989703,
              -0.778908510828251
            ],
            [
              30.0579355681422,
              -0.812129675579947
            ],
            [
              30.046529077329293,
              -0.824344376866419
            ],
            [
              30.052899745012926,
              -0.883130644235149
            ],
            [
              30.038228135722353,
              -0.896561870948598
            ],
            [
              30.02486776409072,
              -0.894718302060306
            ],
            [
              30.019956996288787,
              -0.904431689180211
            ],
            [
              30.036831972724194,
              -0.907145263859059
            ],
            [
              30.075872968102978,
              -0.949442584050897
            ],
            [
              30.069989604468844,
              -1.00046115681536
            ],
            [
              30.044402571731734,
              -1.019400530052615
            ],
            [
              30.050480776768737,
              -1.031598831469065
            ],
            [
              30.046639327121582,
              -1.060830958450708
            ],
            [
              30.02017796572109,
              -1.052317954159917
            ],
            [
              30.024432339424344,
              -1.030485860457198
            ],
            [
              30.008078885723876,
              -1.025824957952844
            ],
            [
              29.993185092496855,
              -1.033833114785889
            ],
            [
              29.94484340743577,
              -1.012092479839363
            ],
            [
              29.92448924326522,
              -1.032897832246688
            ],
            [
              29.918113111048445,
              -1.057741207845771
            ],
            [
              29.90951442442337,
              -1.054362120263271
            ],
            [
              29.88511761911712,
              -1.018996856539001
            ],
            [
              29.891030263307023,
              -1.006772845922661
            ],
            [
              29.853631563846122,
              -0.966802251483983
            ],
            [
              29.859872387089194,
              -0.963337333926442
            ],
            [
              29.851064696153337,
              -0.940015134940604
            ],
            [
              29.85444875084523,
              -0.913775640497213
            ],
            [
              29.885715780396655,
              -0.896217905149501
            ],
            [
              29.843837722995595,
              -0.844297928780883
            ],
            [
              29.837835168852443,
              -0.815074387020015
            ],
            [
              29.826345996965166,
              -0.809915246778375
            ],
            [
              29.823949217607424,
              -0.756141884434747
            ],
            [
              29.802502125977075,
              -0.722970412882269
            ],
            [
              29.805187435057316,
              -0.687080223319543
            ],
            [
              29.777563253199236,
              -0.654520252811948
            ],
            [
              29.798773887824193,
              -0.635765891629542
            ],
            [
              29.793849263894057,
              -0.620585782626805
            ],
            [
              29.774685432296515,
              -0.620091322099957
            ],
            [
              29.768367007717252,
              -0.63006309283973
            ],
            [
              29.745339712322565,
              -0.622309767571293
            ],
            [
              29.737160381871504,
              -0.609681475747878
            ],
            [
              29.74073314585387,
              -0.602898722810807
            ],
            [
              29.72409704158606,
              -0.583429383718859
            ],
            [
              29.72133337738159,
              -0.513110865370538
            ],
            [
              29.7515079027466,
              -0.483912523347866
            ],
            [
              29.748060758390004,
              -0.468481080859822
            ],
            [
              29.723443812159317,
              -0.43876720281111
            ],
            [
              29.75025909778879,
              -0.419123292577563
            ],
            [
              29.67619903314213,
              -0.336717144035199
            ],
            [
              29.819145901340896,
              -0.374289660636872
            ]
          ]
        ]
      }
    },
    {
      "type": "Feature",
      "properties": {
        "Objectid": 103,
        "Dist": "Serere",
        "Shape Length": 200507.33,
        "Shape Area": 1963995193.54,
        "Count": "Ug"
      },
      "geometry": {
        "type": "Polygon",
        "coordinates": [
          [
            [
              33.39685079900949,
              1.672690704454806
            ],
            [
              33.44877400006153,
              1.654881311389502
            ],
            [
              33.49010146220358,
              1.629849807609544
            ],
            [
              33.555971660453814,
              1.614645632096954
            ],
            [
              33.57330617924359,
              1.590327396685289
            ],
            [
              33.5739146838749,
              1.577307127154666
            ],
            [
              33.60086215497086,
              1.555588527605869
            ],
            [
              33.63507951064303,
              1.572535080592936
            ],
            [
              33.70902230571593,
              1.570463721271865
            ],
            [
              33.69714433637964,
              1.502615766624015
            ],
            [
              33.67567863231604,
              1.458002335675061
            ],
            [
              33.6694825236407,
              1.411429661326137
            ],
            [
              33.63952657748705,
              1.405154616341291
            ],
            [
              33.62579517021081,
              1.389569190512815
            ],
            [
              33.5874466118893,
              1.385381510943762
            ],
            [
              33.55925963532421,
              1.354363557741148
            ],
            [
              33.5451205011361,
              1.317465540161838
            ],
            [
              33.512328182843994,
              1.309835013322022
            ],
            [
              33.47134954242213,
              1.331644024386579
            ],
            [
              33.43602916311343,
              1.321462032071749
            ],
            [
              33.428190577896274,
              1.339941421343155
            ],
            [
              33.39539565790391,
              1.333878080777941
            ],
            [
              33.376263993610145,
              1.366804875361112
            ],
            [
              33.33765137825405,
              1.37434319220331
            ],
            [
              33.30797462395774,
              1.374697169571254
            ],
            [
              33.24766024672811,
              1.334324586934214
            ],
            [
              33.152525002019985,
              1.355680161085927
            ],
            [
              33.064391282434734,
              1.436825140406137
            ],
            [
              33.01545448991704,
              1.460870154823692
            ],
            [
              33.03732852476017,
              1.514019562848643
            ],
            [
              33.109721190963654,
              1.564101909301481
            ],
            [
              33.28389303706717,
              1.638628545052701
            ],
            [
              33.39685079900949,
              1.672690704454806
            ]
          ]
        ]
      }
    },
    {
      "type": "Feature",
      "properties": {
        "Objectid": 104,
        "Dist": "Sironko",
        "Shape Length": 132903.86,
        "Shape Area": 407749355.12,
        "Count": "Ug"
      },
      "geometry": {
        "type": "Polygon",
        "coordinates": [
          [
            [
              34.29912529675336,
              1.289361403390196
            ],
            [
              34.34018459475324,
              1.229126217122543
            ],
            [
              34.394222719541816,
              1.201688199279787
            ],
            [
              34.40750676721819,
              1.169198936297545
            ],
            [
              34.42543088261621,
              1.160472512679762
            ],
            [
              34.415994635684584,
              1.154823256884082
            ],
            [
              34.42625396071513,
              1.138998736685872
            ],
            [
              34.524784728242835,
              1.129950206831668
            ],
            [
              34.52539623372842,
              1.116285407704416
            ],
            [
              34.482628204008805,
              1.090452451687151
            ],
            [
              34.471806482059066,
              1.101495152718333
            ],
            [
              34.38557158880369,
              1.106360109012638
            ],
            [
              34.376211511865215,
              1.102810153846772
            ],
            [
              34.372906360029035,
              1.084760982615358
            ],
            [
              34.338800274332705,
              1.086434863475477
            ],
            [
              34.32096780468742,
              1.103018632972981
            ],
            [
              34.281012434253434,
              1.101599694734738
            ],
            [
              34.24545051836625,
              1.123642540998681
            ],
            [
              34.22525401825265,
              1.121223659715143
            ],
            [
              34.22511166939833,
              1.160159509417094
            ],
            [
              34.195618732527564,
              1.160188854557569
            ],
            [
              34.193081327049,
              1.150374319104145
            ],
            [
              34.1732630103141,
              1.155614738380113
            ],
            [
              34.169951036230565,
              1.160284367607944
            ],
            [
              34.18240319127836,
              1.161615943989746
            ],
            [
              34.191054595081226,
              1.173759924505728
            ],
            [
              34.181684275055005,
              1.20417026275264
            ],
            [
              34.22533459019031,
              1.254644499423541
            ],
            [
              34.24445923267481,
              1.29118320439845
            ],
            [
              34.25763888548187,
              1.249360341824334
            ],
            [
              34.29912529675336,
              1.289361403390196
            ]
          ]
        ]
      }
    },
    {
      "type": "Feature",
      "properties": {
        "Objectid": 105,
        "Dist": "Soroti",
        "Shape Length": 177179.98,
        "Shape Area": 1410919805.16,
        "Count": "Ug"
      },
      "geometry": {
        "type": "Polygon",
        "coordinates": [
          [
            [
              33.529668890076614,
              2.019771594031865
            ],
            [
              33.574395304262204,
              1.957657540710813
            ],
            [
              33.60059271681226,
              1.952399091560241
            ],
            [
              33.62127128800705,
              1.938430606012506
            ],
            [
              33.64581848144579,
              1.936599710816797
            ],
            [
              33.663133622707605,
              1.8926295677471
            ],
            [
              33.701511720973485,
              1.869268713067783
            ],
            [
              33.73445159104272,
              1.82695540275076
            ],
            [
              33.77798750109075,
              1.803908950790174
            ],
            [
              33.794782831400795,
              1.742338803679189
            ],
            [
              33.80900304604245,
              1.733908202011479
            ],
            [
              33.80447823614158,
              1.724304613401559
            ],
            [
              33.81416198668042,
              1.704903660610213
            ],
            [
              33.798516296422065,
              1.698785006296873
            ],
            [
              33.81513508273634,
              1.697353930367967
            ],
            [
              33.811751240846505,
              1.678857900239285
            ],
            [
              33.79802311744698,
              1.663668297128397
            ],
            [
              33.78285267422351,
              1.670893035232866
            ],
            [
              33.74338806176103,
              1.670180910495948
            ],
            [
              33.712176853354904,
              1.613202061075198
            ],
            [
              33.72433125598322,
              1.593047754566467
            ],
            [
              33.709617291866934,
              1.570678454133531
            ],
            [
              33.63507951064303,
              1.572535080592936
            ],
            [
              33.60086215497086,
              1.555588527605869
            ],
            [
              33.5739146838749,
              1.577307127154666
            ],
            [
              33.57330617924359,
              1.590327396685289
            ],
            [
              33.555971660453814,
              1.614645632096954
            ],
            [
              33.49010146220358,
              1.629849807609544
            ],
            [
              33.444997101871664,
              1.656520867550664
            ],
            [
              33.39027889522518,
              1.672656318255449
            ],
            [
              33.41033426964313,
              1.705078680895897
            ],
            [
              33.41714941044292,
              1.758269871183955
            ],
            [
              33.43518157071539,
              1.801481638758971
            ],
            [
              33.43059941174977,
              1.825466617144303
            ],
            [
              33.45241790402152,
              1.858428319688964
            ],
            [
              33.453625404278064,
              1.87892626041463
            ],
            [
              33.43961672762396,
              1.895865643998111
            ],
            [
              33.44082101177224,
              1.928433721270082
            ],
            [
              33.455453694073,
              1.943743231421431
            ],
            [
              33.446755039184836,
              1.959520362222984
            ],
            [
              33.45065519100086,
              1.971352869420048
            ],
            [
              33.46400274820771,
              2.001692743617523
            ],
            [
              33.4765164939963,
              2.011211142167404
            ],
            [
              33.529668890076614,
              2.019771594031865
            ]
          ]
        ]
      }
    },
    {
      "type": "Feature",
      "properties": {
        "Objectid": 106,
        "Dist": "Ssembabule",
        "Shape Length": 279831.81,
        "Shape Area": 2318465252.09,
        "Count": "Ug"
      },
      "geometry": {
        "type": "Polygon",
        "coordinates": [
          [
            [
              31.167457389815937,
              0.233035710769298
            ],
            [
              31.191722360014715,
              0.198651233366083
            ],
            [
              31.260511236071615,
              0.162090177685635
            ],
            [
              31.29386868795887,
              0.187391884710226
            ],
            [
              31.29770345783165,
              0.201296174126981
            ],
            [
              31.371298941270478,
              0.207641751571994
            ],
            [
              31.406488843966393,
              0.198421296322682
            ],
            [
              31.419642858037868,
              0.163404652313125
            ],
            [
              31.487502402626745,
              0.138782729905445
            ],
            [
              31.532217819547657,
              0.108171878445585
            ],
            [
              31.578995585174972,
              0.059285346230484
            ],
            [
              31.600927566197306,
              0.050008409177361
            ],
            [
              31.54252774756092,
              0.000407818646795
            ],
            [
              31.534944763112545,
              -0.02764992686424
            ],
            [
              31.553114752228467,
              -0.126616694187341
            ],
            [
              31.54657085950668,
              -0.172739816736661
            ],
            [
              31.55529665637539,
              -0.210608720806899
            ],
            [
              31.580517148407203,
              -0.242574074112837
            ],
            [
              31.595954983204635,
              -0.284790017239894
            ],
            [
              31.589590360464662,
              -0.325587325734132
            ],
            [
              31.571102450002098,
              -0.331495853817954
            ],
            [
              31.54722440455163,
              -0.319494782336568
            ],
            [
              31.54543901074805,
              -0.335731210582789
            ],
            [
              31.525164072902516,
              -0.340049530310534
            ],
            [
              31.52553796439379,
              -0.312665876103412
            ],
            [
              31.424102825618796,
              -0.316624411908706
            ],
            [
              31.384039800318124,
              -0.34597005302774
            ],
            [
              31.361910157427143,
              -0.335516546344106
            ],
            [
              31.354009030176158,
              -0.322838564840062
            ],
            [
              31.29734688658462,
              -0.310351021579437
            ],
            [
              31.28805713240851,
              -0.301692150997986
            ],
            [
              31.293485215125614,
              -0.267869488715433
            ],
            [
              31.332655770540565,
              -0.175780934571244
            ],
            [
              31.325554939476568,
              -0.098918289900275
            ],
            [
              31.30451392192775,
              -0.074519936129881
            ],
            [
              31.275874485244508,
              -0.051555297654813
            ],
            [
              31.263843413818606,
              -0.079796606512869
            ],
            [
              31.26587002912719,
              -0.094037619203707
            ],
            [
              31.20663767508784,
              -0.0698279354782
            ],
            [
              31.20650682345714,
              -0.049760970930264
            ],
            [
              31.16128776843225,
              -0.036306743545597
            ],
            [
              31.16347969808697,
              -0.03045489053361
            ],
            [
              31.127054097173275,
              -0.030633071022735
            ],
            [
              31.116174911203792,
              -0.040852091902792
            ],
            [
              31.09144766514752,
              -0.043893810019368
            ],
            [
              31.07560921805955,
              -0.023891175102097
            ],
            [
              31.0264491615269,
              -0.03609415103008
            ],
            [
              31.029924005286823,
              -0.009790951658578
            ],
            [
              31.059333099746365,
              0.018195978020455
            ],
            [
              31.057130446652963,
              0.058993615477098
            ],
            [
              31.04277527767172,
              0.085446167384671
            ],
            [
              31.056787302820084,
              0.116768165761178
            ],
            [
              31.047628159148868,
              0.121931943062789
            ],
            [
              31.047256395182647,
              0.146656837202682
            ],
            [
              31.016371117450678,
              0.168911374244099
            ],
            [
              31.013429774774714,
              0.198244663221353
            ],
            [
              31.02671190456942,
              0.193505708744274
            ],
            [
              31.080058010035938,
              0.203619933175868
            ],
            [
              31.128206185606576,
              0.232402415752426
            ],
            [
              31.167457389815937,
              0.233035710769298
            ]
          ]
        ]
      }
    },
    {
      "type": "Feature",
      "properties": {
        "Objectid": 107,
        "Dist": "Tororo",
        "Shape Length": 182573.27,
        "Shape Area": 1200207871.44,
        "Count": "Ug"
      },
      "geometry": {
        "type": "Polygon",
        "coordinates": [
          [
            [
              34.063389153450835,
              0.902664870554281
            ],
            [
              34.108290231144075,
              0.902470755181976
            ],
            [
              34.17569235439345,
              0.860936551130053
            ],
            [
              34.184264043940026,
              0.833797404584955
            ],
            [
              34.179767681488606,
              0.824488436657212
            ],
            [
              34.218466496489675,
              0.807205622924214
            ],
            [
              34.235765155573276,
              0.783067156839734
            ],
            [
              34.27193834370361,
              0.759667102360523
            ],
            [
              34.311701086205254,
              0.746073550250335
            ],
            [
              34.313278952132585,
              0.694790108454443
            ],
            [
              34.278528811120324,
              0.678845686882601
            ],
            [
              34.2775089103417,
              0.639997046666
            ],
            [
              34.25048513007062,
              0.628473323129446
            ],
            [
              34.24125293450913,
              0.632955341287587
            ],
            [
              34.23633388820871,
              0.625528490706095
            ],
            [
              34.200500879654705,
              0.626062977704448
            ],
            [
              34.186433104187465,
              0.603971529587174
            ],
            [
              34.175365952799396,
              0.605425055836617
            ],
            [
              34.14460568094518,
              0.580726878832901
            ],
            [
              34.09268113543445,
              0.583330551707722
            ],
            [
              34.06749368305108,
              0.592951517660571
            ],
            [
              34.05979018876738,
              0.58268820676836
            ],
            [
              34.03355383913629,
              0.590472759409858
            ],
            [
              34.01643652796851,
              0.576645741898733
            ],
            [
              33.98225001852815,
              0.574906625939934
            ],
            [
              33.976349415378955,
              0.582787393686369
            ],
            [
              33.92587433667051,
              0.587262926745333
            ],
            [
              33.882682143955805,
              0.660597458694318
            ],
            [
              33.889896584480525,
              0.678261984827366
            ],
            [
              33.87524515444695,
              0.686320408571517
            ],
            [
              33.8951586638241,
              0.705163290796784
            ],
            [
              33.89058122926753,
              0.717668522148745
            ],
            [
              33.89754534228289,
              0.743908244347994
            ],
            [
              33.91092551621921,
              0.75830080764169
            ],
            [
              33.95089220086896,
              0.845232289198601
            ],
            [
              34.00065750779162,
              0.877098713146423
            ],
            [
              34.01105784411621,
              0.872129183002181
            ],
            [
              34.029755013962664,
              0.885155092810146
            ],
            [
              34.05048664254795,
              0.884921340785403
            ],
            [
              34.063389153450835,
              0.902664870554281
            ]
          ]
        ]
      }
    },
    {
      "type": "Feature",
      "properties": {
        "Objectid": 108,
        "Dist": "Wakiso",
        "Shape Length": 345751.47,
        "Shape Area": 2807729815.83,
        "Count": "Ug"
      },
      "geometry": {
        "type": "Polygon",
        "coordinates": [
          [
            [
              32.580298472899315,
              0.584247417445556
            ],
            [
              32.609534414792094,
              0.563771474763839
            ],
            [
              32.61828742871509,
              0.568235820795504
            ],
            [
              32.6472992537359,
              0.557249127868545
            ],
            [
              32.68166574049685,
              0.557275676679348
            ],
            [
              32.6632403926309,
              0.513370643264391
            ],
            [
              32.67740773189924,
              0.472452721263328
            ],
            [
              32.66204425124532,
              0.458405640890505
            ],
            [
              32.66162099533349,
              0.429463388092303
            ],
            [
              32.68336539681866,
              0.369859991808048
            ],
            [
              32.68705481562674,
              0.289785744210208
            ],
            [
              32.668758666931446,
              0.274597079291779
            ],
            [
              32.66284236211678,
              0.281304309817151
            ],
            [
              32.665414776181336,
              0.323896709587223
            ],
            [
              32.643066816436594,
              0.327403125103005
            ],
            [
              32.63471109435514,
              0.377911306052185
            ],
            [
              32.61928473204317,
              0.377338823932724
            ],
            [
              32.600171618966264,
              0.405631710657924
            ],
            [
              32.56245220230312,
              0.401848719742752
            ],
            [
              32.56451824381102,
              0.386997284671428
            ],
            [
              32.549896124512664,
              0.375564074773574
            ],
            [
              32.553648105921084,
              0.348464045468042
            ],
            [
              32.531634780587076,
              0.341282179884176
            ],
            [
              32.51036504102336,
              0.307327199984903
            ],
            [
              32.526679166352686,
              0.298190707846242
            ],
            [
              32.54087254941164,
              0.271800610220806
            ],
            [
              32.577727696169504,
              0.278105058242554
            ],
            [
              32.60362723232156,
              0.256852866260135
            ],
            [
              32.6159227421645,
              0.226318909168245
            ],
            [
              32.63428705451316,
              0.214268470235485
            ],
            [
              32.61961039200868,
              0.164693055413134
            ],
            [
              32.620100322198695,
              -0.002105123076626
            ],
            [
              32.500874450534525,
              -0.152634063942063
            ],
            [
              32.250147830965304,
              -0.152869676712892
            ],
            [
              32.24894189949089,
              -0.052693897137898
            ],
            [
              32.21317207934541,
              0.007179215005294
            ],
            [
              32.21382877010868,
              0.030620019116181
            ],
            [
              32.22154019647652,
              0.046379119453944
            ],
            [
              32.261222862449515,
              0.069641373496083
            ],
            [
              32.27875676450489,
              0.108468740626019
            ],
            [
              32.30562987609929,
              0.11880739469049
            ],
            [
              32.3408625410097,
              0.151415834119066
            ],
            [
              32.36130920262378,
              0.192986449854186
            ],
            [
              32.37391101914417,
              0.191317828842585
            ],
            [
              32.40064737590524,
              0.226179943856919
            ],
            [
              32.41066765807293,
              0.221248340694904
            ],
            [
              32.40822602098165,
              0.236231801282191
            ],
            [
              32.42693989104318,
              0.285837564015742
            ],
            [
              32.41683077121224,
              0.315782074840414
            ],
            [
              32.421857648964675,
              0.334562654050319
            ],
            [
              32.40400316808083,
              0.353303507116224
            ],
            [
              32.35557543243259,
              0.377556470755835
            ],
            [
              32.24359380646147,
              0.409735907302966
            ],
            [
              32.22149214873941,
              0.428128268983438
            ],
            [
              32.19268213946394,
              0.47706123833153
            ],
            [
              32.20224601479622,
              0.500292636366802
            ],
            [
              32.19847995569617,
              0.531803588759418
            ],
            [
              32.231877981625956,
              0.57935996793045
            ],
            [
              32.25953286889114,
              0.569132646115984
            ],
            [
              32.28508016117834,
              0.536095922539391
            ],
            [
              32.30607763353089,
              0.533981931309307
            ],
            [
              32.31482514588153,
              0.546832207161715
            ],
            [
              32.392606255106266,
              0.573310744550059
            ],
            [
              32.421952853543665,
              0.563404693362919
            ],
            [
              32.47060283251833,
              0.568177706643744
            ],
            [
              32.48476509588937,
              0.559541641677797
            ],
            [
              32.52467536333404,
              0.57007577315035
            ],
            [
              32.536956265126385,
              0.547659121447662
            ],
            [
              32.580298472899315,
              0.584247417445556
            ]
          ]
        ]
      }
    },
    {
      "type": "Feature",
      "properties": {
        "Objectid": 109,
        "Dist": "Yumbe",
        "Shape Length": 244386.61,
        "Shape Area": 2332776837.33,
        "Count": "Ug"
      },
      "geometry": {
        "type": "Polygon",
        "coordinates": [
          [
            [
              31.165833649063483,
              3.794051875856189
            ],
            [
              31.29082073732266,
              3.793486727296104
            ],
            [
              31.353154939421664,
              3.75011948006451
            ],
            [
              31.508632805086616,
              3.673615788553846
            ],
            [
              31.502505551448063,
              3.641276956197754
            ],
            [
              31.518496645966948,
              3.635453840937576
            ],
            [
              31.53121033013859,
              3.619137509006497
            ],
            [
              31.535672011602603,
              3.581699653609706
            ],
            [
              31.452129638538608,
              3.443282204249001
            ],
            [
              31.427191913435422,
              3.266054603462295
            ],
            [
              31.47867658948368,
              3.188809799213339
            ],
            [
              31.41028099583389,
              3.180821931806869
            ],
            [
              31.398620655007168,
              3.218549245701935
            ],
            [
              31.343228899272468,
              3.223798404479254
            ],
            [
              31.330265394786245,
              3.262237308439489
            ],
            [
              31.30812441092411,
              3.270293466159314
            ],
            [
              31.30629394152214,
              3.283955450987605
            ],
            [
              31.294541182756,
              3.274053324616307
            ],
            [
              31.26508755926293,
              3.287287738194882
            ],
            [
              31.251768201751823,
              3.282084337162101
            ],
            [
              31.23434430552761,
              3.314343533943114
            ],
            [
              31.223705462803903,
              3.312281332194092
            ],
            [
              31.203411588358847,
              3.337321924666353
            ],
            [
              31.181803083345525,
              3.339765671776576
            ],
            [
              31.17231198499553,
              3.352947419776107
            ],
            [
              31.14514704744817,
              3.347382799016197
            ],
            [
              31.138498172879633,
              3.307016201801229
            ],
            [
              31.121470662167976,
              3.30555777165973
            ],
            [
              31.12557176149703,
              3.293509488127024
            ],
            [
              31.105526351517007,
              3.284053045743125
            ],
            [
              31.07588986119339,
              3.288684811159387
            ],
            [
              31.05002015978616,
              3.313352448100994
            ],
            [
              31.065941026188955,
              3.374912382259526
            ],
            [
              31.080608516010813,
              3.38014805316201
            ],
            [
              31.07866376885477,
              3.398216746213222
            ],
            [
              31.095976487311948,
              3.418651388670197
            ],
            [
              31.10223844265215,
              3.439957684070933
            ],
            [
              31.08815650043351,
              3.450645029486157
            ],
            [
              31.09429230014124,
              3.525432790048491
            ],
            [
              31.085820815151674,
              3.539776235671802
            ],
            [
              31.091041217139388,
              3.578984181344277
            ],
            [
              31.09957412325568,
              3.591076503861129
            ],
            [
              31.100478500253086,
              3.745058583912866
            ],
            [
              31.152929095383367,
              3.777381211660472
            ],
            [
              31.165833649063483,
              3.794051875856189
            ]
          ]
        ]
      }
    },
    {
      "type": "Feature",
      "properties": {
        "Objectid": 110,
        "Dist": "Zombo",
        "Shape Length": 169290.99,
        "Shape Area": 897999437.84,
        "Count": "Ug"
      },
      "geometry": {
        "type": "Polygon",
        "coordinates": [
          [
            [
              30.958456571882113,
              2.711077708063831
            ],
            [
              30.97666542614387,
              2.687825068442592
            ],
            [
              30.98188082840138,
              2.667419279021042
            ],
            [
              30.98389967792766,
              2.597707530679878
            ],
            [
              31.020408291965456,
              2.57514673864411
            ],
            [
              31.006263722565382,
              2.56843360965342
            ],
            [
              31.004305967272675,
              2.547364455953907
            ],
            [
              31.039476559391815,
              2.500297173720057
            ],
            [
              31.070059639626084,
              2.499313287657595
            ],
            [
              31.075551175714892,
              2.494717885415453
            ],
            [
              31.051282424660258,
              2.477987427585288
            ],
            [
              31.029090966554442,
              2.406429139962417
            ],
            [
              31.015736785398012,
              2.385910524968929
            ],
            [
              31.00879039581212,
              2.397842708299769
            ],
            [
              30.993020094548413,
              2.403045265820571
            ],
            [
              30.955544457439494,
              2.398026966220324
            ],
            [
              30.942521915227015,
              2.37168149611687
            ],
            [
              30.950077784977843,
              2.359345131988936
            ],
            [
              30.942492291931973,
              2.340983859812293
            ],
            [
              30.932571937340306,
              2.33215113261571
            ],
            [
              30.913573803523647,
              2.338674989247655
            ],
            [
              30.91129234970649,
              2.328775407994467
            ],
            [
              30.881935600804496,
              2.338845079937403
            ],
            [
              30.873445182855512,
              2.366257482131384
            ],
            [
              30.848591743239567,
              2.382215822487873
            ],
            [
              30.834554908701147,
              2.42426234085152
            ],
            [
              30.80642092934418,
              2.422156107597025
            ],
            [
              30.77865737973942,
              2.435976976934216
            ],
            [
              30.75237131482923,
              2.416980371866893
            ],
            [
              30.740799350508702,
              2.451477570651806
            ],
            [
              30.747087850882938,
              2.488604313386388
            ],
            [
              30.75926996136929,
              2.49505391192849
            ],
            [
              30.762542753747276,
              2.507354742662259
            ],
            [
              30.750817573497514,
              2.583556046481812
            ],
            [
              30.778691556546278,
              2.600985132733437
            ],
            [
              30.7916003604866,
              2.632196617860625
            ],
            [
              30.787355940217395,
              2.642723289140667
            ],
            [
              30.80016784954624,
              2.651984475732239
            ],
            [
              30.837780533658098,
              2.661155083829178
            ],
            [
              30.857688235546455,
              2.674995801069561
            ],
            [
              30.911852085575152,
              2.670028753543969
            ],
            [
              30.919303504195856,
              2.697814486589636
            ],
            [
              30.930555445327016,
              2.70360113763859
            ],
            [
              30.930629236030892,
              2.696973081032084
            ],
            [
              30.9330914339435,
              2.69704850951046
            ],
            [
              30.938131766845057,
              2.704703526679442
            ],
            [
              30.938317629026457,
              2.693085301454413
            ],
            [
              30.94613963604897,
              2.692530492460584
            ],
            [
              30.95042537018528,
              2.7094422529981
            ],
            [
              30.958456571882113,
              2.711077708063831
            ]
          ],
          [
            [
              30.912784820092135,
              2.666613044674747
            ],
            [
              30.9138995909132,
              2.665591339823208
            ],
            [
              30.91395192325541,
              2.665599945697623
            ],
            [
              30.91363717394225,
              2.666393526822626
            ],
            [
              30.913090781609974,
              2.666667089670312
            ],
            [
              30.912784820092135,
              2.666613044674747
            ]
          ]
        ]
      }
    },
    {
      "type": "Feature",
      "properties": {
        "Objectid": 111,
        "Dist": "Ntungamo",
        "Shape Length": 258396.0,
        "Shape Area": 2048808061.39,
        "Count": "Ug"
      },
      "geometry": {
        "type": "Polygon",
        "coordinates": [
          [
            [
              30.019956996288787,
              -0.904431689180211
            ],
            [
              30.024867761398028,
              -0.894718302058107
            ],
            [
              30.038228135724527,
              -0.896561868238065
            ],
            [
              30.052852408283435,
              -0.883297895001586
            ],
            [
              30.046529077329293,
              -0.824344376866419
            ],
            [
              30.0579355681422,
              -0.812129675579947
            ],
            [
              30.052590962718842,
              -0.779774396390631
            ],
            [
              30.064259088303867,
              -0.780459067076634
            ],
            [
              30.076801826537224,
              -0.754190266403823
            ],
            [
              30.12204218569201,
              -0.761889628325192
            ],
            [
              30.13756039904544,
              -0.747094504702368
            ],
            [
              30.13938705649513,
              -0.732861028383824
            ],
            [
              30.15981468962965,
              -0.732183248408926
            ],
            [
              30.18921338676117,
              -0.74319238981184
            ],
            [
              30.199915006554182,
              -0.763576486842294
            ],
            [
              30.27569295285938,
              -0.732103834237055
            ],
            [
              30.286502909167773,
              -0.736152000883977
            ],
            [
              30.30276028302654,
              -0.729472279127966
            ],
            [
              30.311146293917787,
              -0.735860374810369
            ],
            [
              30.31398158980668,
              -0.717214619660279
            ],
            [
              30.32333875576462,
              -0.720369884846268
            ],
            [
              30.360409262351165,
              -0.786854601115876
            ],
            [
              30.400305612177295,
              -0.814977107706721
            ],
            [
              30.421624398208035,
              -0.8133925778229
            ],
            [
              30.44360758333492,
              -0.833073091536565
            ],
            [
              30.463359757031338,
              -0.832059557493787
            ],
            [
              30.50061661080338,
              -0.84600434736218
            ],
            [
              30.518190242750006,
              -0.828244305118895
            ],
            [
              30.548607974644586,
              -0.825235371578122
            ],
            [
              30.53938749058312,
              -0.844537498013647
            ],
            [
              30.570756979903734,
              -0.820302933124038
            ],
            [
              30.597466907803234,
              -0.81888211343482
            ],
            [
              30.62781877137729,
              -0.828880032602085
            ],
            [
              30.63386579576223,
              -0.855784712194307
            ],
            [
              30.632388015761933,
              -0.864039797523849
            ],
            [
              30.603165905949844,
              -0.863946072415681
            ],
            [
              30.59709562016996,
              -0.895158413987598
            ],
            [
              30.568930024128974,
              -0.909249829562936
            ],
            [
              30.563167207020953,
              -0.930585600362091
            ],
            [
              30.537159160040176,
              -0.932703198152257
            ],
            [
              30.526956392103973,
              -0.958464721001915
            ],
            [
              30.503162640426627,
              -0.984776280056362
            ],
            [
              30.504678073844175,
              -1.015527911144084
            ],
            [
              30.478154045520803,
              -1.057494030873991
            ],
            [
              30.447583195203215,
              -1.047555841939307
            ],
            [
              30.428295660795538,
              -1.064580063333898
            ],
            [
              30.402578980790544,
              -1.061229966807901
            ],
            [
              30.39148086598448,
              -1.068946167368701
            ],
            [
              30.376627619374688,
              -1.06113528684412
            ],
            [
              30.37334419328959,
              -1.069643464590838
            ],
            [
              30.352088860755526,
              -1.063012997999039
            ],
            [
              30.338402644199785,
              -1.105482008939248
            ],
            [
              30.344679138276007,
              -1.131969291958081
            ],
            [
              30.307281885742192,
              -1.144905390573888
            ],
            [
              30.298865237187425,
              -1.155943683336512
            ],
            [
              30.257202355375377,
              -1.156686016159047
            ],
            [
              30.208036241177616,
              -1.195415632242599
            ],
            [
              30.190100833282706,
              -1.18807829189475
            ],
            [
              30.19305476142535,
              -1.152207527770103
            ],
            [
              30.154538213872463,
              -1.161480176428194
            ],
            [
              30.11324076944831,
              -1.15607417268009
            ],
            [
              30.104981982117277,
              -1.136162258107894
            ],
            [
              30.084912309187185,
              -1.122428489714622
            ],
            [
              30.070914454309502,
              -1.073772104782866
            ],
            [
              30.046639327121582,
              -1.060830958450708
            ],
            [
              30.04515978602906,
              -1.052593610916422
            ],
            [
              30.050480776768737,
              -1.031598831469065
            ],
            [
              30.044402571731734,
              -1.019400530052615
            ],
            [
              30.069989604468844,
              -1.00046115681536
            ],
            [
              30.07565996737707,
              -0.948534910659935
            ],
            [
              30.04739989105197,
              -0.925832120912793
            ],
            [
              30.036831972724194,
              -0.907145263859059
            ],
            [
              30.019956996288787,
              -0.904431689180211
            ]
          ]
        ]
      }
    },
    {
      "type": "Feature",
      "properties": {
        "Objectid": 112,
        "Dist": "Isingiro",
        "Shape Length": 284997.36,
        "Shape Area": 2650265763.43,
        "Count": "Ug"
      },
      "geometry": {
        "type": "Polygon",
        "coordinates": [
          [
            [
              30.47773493356219,
              -1.057356855519597
            ],
            [
              30.504678073844175,
              -1.015527911144084
            ],
            [
              30.503162640426627,
              -0.984776280056362
            ],
            [
              30.52695639749366,
              -0.958464718294196
            ],
            [
              30.537159160040176,
              -0.932703198152257
            ],
            [
              30.56316720702282,
              -0.930585597650363
            ],
            [
              30.568930024128974,
              -0.909249829562936
            ],
            [
              30.59709561747776,
              -0.89515841127404
            ],
            [
              30.603165905949844,
              -0.863946072415681
            ],
            [
              30.632388015761933,
              -0.864039797523849
            ],
            [
              30.639597474713053,
              -0.839195694814964
            ],
            [
              30.655787092257196,
              -0.839900624767476
            ],
            [
              30.65037699135011,
              -0.811888803032165
            ],
            [
              30.65659164603241,
              -0.786189044143168
            ],
            [
              30.63975579623623,
              -0.766300596131174
            ],
            [
              30.646584714745945,
              -0.746967248491634
            ],
            [
              30.64080904330198,
              -0.703309203854647
            ],
            [
              30.64697161766552,
              -0.672573323472928
            ],
            [
              30.638007293162847,
              -0.660940871013509
            ],
            [
              30.639756237107584,
              -0.632394821801589
            ],
            [
              30.659207125339684,
              -0.644454198796031
            ],
            [
              30.673632405477186,
              -0.639493311832438
            ],
            [
              30.700297459870335,
              -0.60919107833748
            ],
            [
              30.71873530483502,
              -0.627092612789399
            ],
            [
              30.73870549247893,
              -0.607657861473327
            ],
            [
              30.759151384070258,
              -0.610694275315608
            ],
            [
              30.777843197908293,
              -0.602398503452806
            ],
            [
              30.835971236816366,
              -0.620636713232528
            ],
            [
              30.84603623856532,
              -0.636416632489964
            ],
            [
              30.862772503003498,
              -0.642855967854327
            ],
            [
              30.864049097680024,
              -0.668929668844917
            ],
            [
              30.88413561770606,
              -0.695595162515495
            ],
            [
              30.955216502110176,
              -0.714145903740951
            ],
            [
              30.97637707297401,
              -0.712260619831487
            ],
            [
              31.007587083620248,
              -0.693700390916254
            ],
            [
              31.052901720700007,
              -0.694432291929663
            ],
            [
              31.092801408440497,
              -0.671399102680193
            ],
            [
              31.133837220346415,
              -0.689158785146566
            ],
            [
              31.19975809861301,
              -0.757614382163313
            ],
            [
              31.193441546211858,
              -0.820703629127586
            ],
            [
              31.22765010898371,
              -0.847646958785307
            ],
            [
              31.204686986172018,
              -0.872535459467805
            ],
            [
              31.209638262521327,
              -0.900998297415537
            ],
            [
              31.2708415667621,
              -0.949710471414236
            ],
            [
              31.264322801959043,
              -0.984394446012287
            ],
            [
              31.270800542330292,
              -0.999308229579554
            ],
            [
              30.799123368197606,
              -0.999045693435392
            ],
            [
              30.76714335130291,
              -0.984769260201593
            ],
            [
              30.73698109741298,
              -1.006236183357708
            ],
            [
              30.698538943823877,
              -1.015007715946974
            ],
            [
              30.672333241023296,
              -1.037147843380291
            ],
            [
              30.658993698683044,
              -1.062338481544344
            ],
            [
              30.633140929771393,
              -1.071193175001532
            ],
            [
              30.58670648200434,
              -1.06106662373213
            ],
            [
              30.526970387060434,
              -1.076241154310581
            ],
            [
              30.47773493356219,
              -1.057356855519597
            ]
          ]
        ]
      }
    }
  ]
}