{
"type": "FeatureCollection",
"name": "forest_reserves",
"crs": { "type": "name", "properties": { "name": "urn:ogc:def:crs:OGC:1.3:CRS84" } },
"xy_coordinate_resolution": 1e-06,
"features": [
{ "type": "Feature", "properties": { "AREA": 187127.9, "PERIMETER": 2014.218, "GAZALL_": 39, "GAZALL_ID": 32, "PSUBJ": 4020, "NAME": "Laropi", "FD_CODE": "MY/6", "FD_NAME": "Laropi", "GAZTYPE": "LFR", "COMMENT": null, "ANNONAM": "Laropi LFR", "ANNOTYP": "(MY/6)", "AREA_HA": 19 }, "geometry": { "type": "Polygon", "coordinates": [ [ [ 31.820413, 3.555125 ], [ 31.818971, 3.551406 ], [ 31.818338, 3.55171 ], [ 31.817585, 3.553053 ], [ 31.813592, 3.553991 ], [ 31.813924, 3.555191 ], [ 31.816642, 3.555717 ], [ 31.820413, 3.555125 ] ] ] } },
{ "type": "Feature", "properties": { "AREA": 341066.0, "PERIMETER": 2608.911, "GAZALL_": 41, "GAZALL_ID": 34, "PSUBJ": 4020, "NAME": "Ludara", "FD_CODE": "AR/21", "FD_NAME": "Ludara", "GAZTYPE": "LFR", "COMMENT": null, "ANNONAM": "Ludara LFR", "ANNOTYP": "(AR/21)", "AREA_HA": 34 }, "geometry": { "type": "Polygon", "coordinates": [ [ [ 31.013179, 3.525894 ], [ 31.013412, 3.526009 ], [ 31.013993, 3.526481 ], [ 31.014271, 3.526637 ], [ 31.015006, 3.526807 ], [ 31.015606, 3.527082 ], [ 31.015985, 3.527191 ], [ 31.016362, 3.527172 ], [ 31.016798, 3.527244 ], [ 31.017576, 3.527264 ], [ 31.017955, 3.52736 ], [ 31.018325, 3.527548 ], [ 31.01897, 3.527789 ], [ 31.019372, 3.527885 ], [ 31.019693, 3.527925 ], [ 31.020361, 3.528154 ], [ 31.020681, 3.528125 ], [ 31.020999, 3.52805 ], [ 31.021704, 3.527806 ], [ 31.022077, 3.527616 ], [ 31.022359, 3.527403 ], [ 31.022687, 3.527213 ], [ 31.022841, 3.526877 ], [ 31.022954, 3.526208 ], [ 31.022941, 3.52553 ], [ 31.022641, 3.524777 ], [ 31.022396, 3.524529 ], [ 31.022129, 3.524338 ], [ 31.021884, 3.524101 ], [ 31.021607, 3.523923 ], [ 31.021307, 3.523779 ], [ 31.020806, 3.523852 ], [ 31.020426, 3.524287 ], [ 31.019995, 3.524411 ], [ 31.019546, 3.524332 ], [ 31.019272, 3.524416 ], [ 31.018459, 3.524478 ], [ 31.018096, 3.524506 ], [ 31.017398, 3.524508 ], [ 31.017078, 3.524538 ], [ 31.016759, 3.524613 ], [ 31.015672, 3.524529 ], [ 31.014587, 3.524631 ], [ 31.013949, 3.524769 ], [ 31.013667, 3.524959 ], [ 31.013397, 3.525228 ], [ 31.013231, 3.525507 ], [ 31.01318, 3.525818 ], [ 31.013179, 3.525894 ] ] ] } },
{ "type": "Feature", "properties": { "AREA": 403839.4, "PERIMETER": 2876.473, "GAZALL_": 42, "GAZALL_ID": 35, "PSUBJ": 4020, "NAME": "Kaabong", "FD_CODE": "KT/4", "FD_NAME": "Kaabong", "GAZTYPE": "LFR", "COMMENT": null, "ANNONAM": "Kaabong LFR", "ANNOTYP": "(KT/4)", "AREA_HA": 40 }, "geometry": { "type": "Polygon", "coordinates": [ [ [ 34.130323, 3.506237 ], [ 34.12841, 3.506884 ], [ 34.125291, 3.506252 ], [ 34.125249, 3.506584 ], [ 34.124948, 3.507232 ], [ 34.124817, 3.507482 ], [ 34.12444, 3.507956 ], [ 34.124165, 3.508444 ], [ 34.12409, 3.508707 ], [ 34.123936, 3.508945 ], [ 34.125227, 3.510938 ], [ 34.127754, 3.50996 ], [ 34.129068, 3.510506 ], [ 34.133536, 3.510675 ], [ 34.133582, 3.510676 ], [ 34.134313, 3.509198 ], [ 34.134031, 3.509019 ], [ 34.133161, 3.508563 ], [ 34.132868, 3.508373 ], [ 34.131893, 3.507524 ], [ 34.130892, 3.506847 ], [ 34.130691, 3.506647 ], [ 34.130524, 3.506425 ], [ 34.130323, 3.506237 ] ] ] } },
{ "type": "Feature", "properties": { "AREA": 59019.91, "PERIMETER": 1198.123, "GAZALL_": 45, "GAZALL_ID": 38, "PSUBJ": 4020, "NAME": "Padibe", "FD_CODE": "KG/23", "FD_NAME": "Padibe", "GAZTYPE": "LFR", "COMMENT": null, "ANNONAM": "Padibe LFR", "ANNOTYP": "(KG/23)", "AREA_HA": 6 }, "geometry": { "type": "Polygon", "coordinates": [ [ [ 32.833626, 3.466722 ], [ 32.835064, 3.467821 ], [ 32.835548, 3.467961 ], [ 32.835748, 3.467625 ], [ 32.836186, 3.467835 ], [ 32.836512, 3.467484 ], [ 32.836751, 3.468066 ], [ 32.837454, 3.467708 ], [ 32.837234, 3.46692 ], [ 32.836607, 3.467034 ], [ 32.834643, 3.46537 ], [ 32.833626, 3.466722 ] ] ] } },
{ "type": "Feature", "properties": { "AREA": 15188.57, "PERIMETER": 490.6582, "GAZALL_": 48, "GAZALL_ID": 41, "PSUBJ": 4020, "NAME": "Palabek", "FD_CODE": "KG/25", "FD_NAME": "Palabek", "GAZTYPE": "LFR", "COMMENT": null, "ANNONAM": "Palabek LFR", "ANNOTYP": "(KG/25)", "AREA_HA": 2 }, "geometry": { "type": "Polygon", "coordinates": [ [ [ 32.582091, 3.439925 ], [ 32.582378, 3.43924 ], [ 32.581583, 3.438752 ], [ 32.580906, 3.438825 ], [ 32.58095, 3.439654 ], [ 32.581392, 3.439861 ], [ 32.581689, 3.439755 ], [ 32.582091, 3.439925 ] ] ] } },
{ "type": "Feature", "properties": { "AREA": 31495.36, "PERIMETER": 696.1075, "GAZALL_": 49, "GAZALL_ID": 42, "PSUBJ": 4020, "NAME": "Palabek", "FD_CODE": "KG/25", "FD_NAME": "Palabek", "GAZTYPE": "LFR", "COMMENT": null, "ANNONAM": "Palabek LFR", "ANNOTYP": "(KG/25)", "AREA_HA": 3 }, "geometry": { "type": "Polygon", "coordinates": [ [ [ 32.580954, 3.437118 ], [ 32.581813, 3.437147 ], [ 32.582336, 3.436429 ], [ 32.581172, 3.435026 ], [ 32.580201, 3.43628 ], [ 32.580954, 3.437118 ] ] ] } },
{ "type": "Feature", "properties": { "AREA": 194544.7, "PERIMETER": 2041.974, "GAZALL_": 52, "GAZALL_ID": 45, "PSUBJ": 4020, "NAME": "Koboko", "FD_CODE": "AR/13", "FD_NAME": "Koboko", "GAZTYPE": "LFR", "COMMENT": null, "ANNONAM": "Koboko LFR", "ANNOTYP": "(AR/13)", "AREA_HA": 19 }, "geometry": { "type": "Polygon", "coordinates": [ [ [ 30.965331, 3.413815 ], [ 30.966088, 3.411469 ], [ 30.965528, 3.409472 ], [ 30.964306, 3.407799 ], [ 30.964225, 3.406905 ], [ 30.962958, 3.405878 ], [ 30.96273, 3.409577 ], [ 30.96233, 3.411003 ], [ 30.965331, 3.413815 ] ] ] } },
{ "type": "Feature", "properties": { "AREA": 54672.15, "PERIMETER": 1012.328, "GAZALL_": 53, "GAZALL_ID": 46, "PSUBJ": 4020, "NAME": "Orom", "FD_CODE": "KG/21", "FD_NAME": "Orom", "GAZTYPE": "LFR", "COMMENT": null, "ANNONAM": "Orom LFR", "ANNOTYP": "(KG/21)", "AREA_HA": 5 }, "geometry": { "type": "Polygon", "coordinates": [ [ [ 33.46664, 3.399694 ], [ 33.469115, 3.399289 ], [ 33.469761, 3.397653 ], [ 33.466483, 3.398157 ], [ 33.46664, 3.399694 ] ] ] } },
{ "type": "Feature", "properties": { "AREA": 483455.4, "PERIMETER": 3008.511, "GAZALL_": 55, "GAZALL_ID": 48, "PSUBJ": 4020, "NAME": "Adjumani", "FD_CODE": "MY/1", "FD_NAME": "Adjumani", "GAZTYPE": "LFR", "COMMENT": null, "ANNONAM": "Adjumani LFR", "ANNOTYP": "(MY/1)", "AREA_HA": 48 }, "geometry": { "type": "Polygon", "coordinates": [ [ [ 31.787836, 3.37653 ], [ 31.787362, 3.376329 ], [ 31.785505, 3.376099 ], [ 31.784751, 3.376449 ], [ 31.784453, 3.376531 ], [ 31.784109, 3.376452 ], [ 31.784509, 3.378624 ], [ 31.785374, 3.382217 ], [ 31.786159, 3.383375 ], [ 31.786703, 3.384648 ], [ 31.787095, 3.385232 ], [ 31.787336, 3.385357 ], [ 31.788529, 3.385579 ], [ 31.789411, 3.3857 ], [ 31.790617, 3.38621 ], [ 31.790544, 3.383519 ], [ 31.7897, 3.381363 ], [ 31.788909, 3.378849 ], [ 31.787822, 3.376602 ], [ 31.787836, 3.37653 ] ] ] } },
{ "type": "Feature", "properties": { "AREA": 79249.38, "PERIMETER": 1214.65, "GAZALL_": 58, "GAZALL_ID": 51, "PSUBJ": 4020, "NAME": "Pakelle", "FD_CODE": "MY/10", "FD_NAME": "Pakelle", "GAZTYPE": "LFR", "COMMENT": null, "ANNONAM": "Pakelle LFR", "ANNOTYP": "(MY/10)", "AREA_HA": 8 }, "geometry": { "type": "Polygon", "coordinates": [ [ [ 31.851367, 3.348643 ], [ 31.855048, 3.349413 ], [ 31.855395, 3.347721 ], [ 31.851714, 3.346973 ], [ 31.851367, 3.348643 ] ] ] } },
{ "type": "Feature", "properties": { "AREA": 36523.94, "PERIMETER": 993.1083, "GAZALL_": 59, "GAZALL_ID": 52, "PSUBJ": 4020, "NAME": "Naam-Okora", "FD_CODE": "KG/16", "FD_NAME": "Naam-Okora", "GAZTYPE": "LFR", "COMMENT": null, "ANNONAM": "Naam-Okora LFR", "ANNOTYP": "(KG/16)", "AREA_HA": 4 }, "geometry": { "type": "Polygon", "coordinates": [ [ [ 33.340154, 3.348495 ], [ 33.343745, 3.348899 ], [ 33.343941, 3.348101 ], [ 33.340263, 3.34769 ], [ 33.340154, 3.348495 ] ] ] } },
{ "type": "Feature", "properties": { "AREA": 46869.94, "PERIMETER": 1144.479, "GAZALL_": 62, "GAZALL_ID": 55, "PSUBJ": 4020, "NAME": "Labongo", "FD_CODE": "KG/11", "FD_NAME": "Labongo", "GAZTYPE": "LFR", "COMMENT": null, "ANNONAM": "Labongo LFR", "ANNOTYP": "(KG/11)", "AREA_HA": 5 }, "geometry": { "type": "Polygon", "coordinates": [ [ [ 32.896841, 3.316639 ], [ 32.89526, 3.314554 ], [ 32.894318, 3.313112 ], [ 32.893637, 3.314043 ], [ 32.894305, 3.314939 ], [ 32.894877, 3.316204 ], [ 32.895503, 3.316042 ], [ 32.895736, 3.316268 ], [ 32.896035, 3.316366 ], [ 32.896432, 3.316818 ], [ 32.896841, 3.316639 ] ] ] } },
{ "type": "Feature", "properties": { "AREA": 799213.4, "PERIMETER": 3869.24, "GAZALL_": 63, "GAZALL_ID": 56, "PSUBJ": 4020, "NAME": "Utumbari", "FD_CODE": "AR/37", "FD_NAME": "Utumbari", "GAZTYPE": "LFR", "COMMENT": null, "ANNONAM": "Utumbari LFR", "ANNOTYP": "(AR/37)", "AREA_HA": 80 }, "geometry": { "type": "Polygon", "coordinates": [ [ [ 31.144072, 3.270955 ], [ 31.143838, 3.271197 ], [ 31.143623, 3.271373 ], [ 31.143444, 3.271583 ], [ 31.143131, 3.272036 ], [ 31.142267, 3.273083 ], [ 31.142029, 3.273248 ], [ 31.141877, 3.273755 ], [ 31.141625, 3.275149 ], [ 31.141549, 3.275438 ], [ 31.141375, 3.275981 ], [ 31.141143, 3.276478 ], [ 31.14109, 3.276743 ], [ 31.141076, 3.277295 ], [ 31.141131, 3.277834 ], [ 31.141128, 3.278397 ], [ 31.141064, 3.278662 ], [ 31.140878, 3.279193 ], [ 31.140749, 3.279735 ], [ 31.14062, 3.280943 ], [ 31.140556, 3.281208 ], [ 31.140325, 3.281798 ], [ 31.1432, 3.28413 ], [ 31.143604, 3.283641 ], [ 31.143842, 3.283499 ], [ 31.144455, 3.283214 ], [ 31.144861, 3.282863 ], [ 31.145018, 3.282654 ], [ 31.145117, 3.2824 ], [ 31.145256, 3.281788 ], [ 31.145463, 3.281165 ], [ 31.145809, 3.280597 ], [ 31.145965, 3.280387 ], [ 31.146674, 3.279629 ], [ 31.14699, 3.279395 ], [ 31.147285, 3.279229 ], [ 31.147603, 3.279075 ], [ 31.147944, 3.278955 ], [ 31.148287, 3.278903 ], [ 31.14855, 3.278933 ], [ 31.148859, 3.278929 ], [ 31.14919, 3.2789 ], [ 31.149509, 3.278827 ], [ 31.149805, 3.278695 ], [ 31.15008, 3.278507 ], [ 31.149995, 3.278405 ], [ 31.149349, 3.277393 ], [ 31.148799, 3.276644 ], [ 31.147772, 3.275374 ], [ 31.146898, 3.274354 ], [ 31.146014, 3.273495 ], [ 31.145556, 3.272744 ], [ 31.145277, 3.272495 ], [ 31.145012, 3.27235 ], [ 31.144769, 3.272171 ], [ 31.144617, 3.271954 ], [ 31.144215, 3.271157 ], [ 31.144072, 3.270955 ] ] ] } },
{ "type": "Feature", "properties": { "AREA": 219226.8, "PERIMETER": 1913.962, "GAZALL_": 64, "GAZALL_ID": 57, "PSUBJ": 4020, "NAME": "Maracha", "FD_CODE": "AR/24", "FD_NAME": "Maracha", "GAZTYPE": "LFR", "COMMENT": null, "ANNONAM": "Maracha LFR", "ANNOTYP": "(AR/24)", "AREA_HA": 22 }, "geometry": { "type": "Polygon", "coordinates": [ [ [ 30.95155, 3.276813 ], [ 30.951763, 3.276533 ], [ 30.951978, 3.276346 ], [ 30.95251, 3.275982 ], [ 30.952701, 3.275806 ], [ 30.953094, 3.275318 ], [ 30.953193, 3.275052 ], [ 30.953351, 3.274107 ], [ 30.953513, 3.272644 ], [ 30.953527, 3.272069 ], [ 30.953443, 3.271783 ], [ 30.953302, 3.271486 ], [ 30.952788, 3.270758 ], [ 30.952055, 3.269883 ], [ 30.948939, 3.274967 ], [ 30.95155, 3.276813 ] ] ] } },
{ "type": "Feature", "properties": { "AREA": 35956.3, "PERIMETER": 897.4183, "GAZALL_": 65, "GAZALL_ID": 58, "PSUBJ": 4020, "NAME": "Kitgum", "FD_CODE": "KG/10", "FD_NAME": "Kitgum", "GAZTYPE": "LFR", "COMMENT": null, "ANNONAM": "Kitgum LFR", "ANNOTYP": "(KG/10)", "AREA_HA": 4 }, "geometry": { "type": "Polygon", "coordinates": [ [ [ 33.049001, 3.271144 ], [ 33.049607, 3.271195 ], [ 33.049727, 3.271687 ], [ 33.050185, 3.271682 ], [ 33.050269, 3.270107 ], [ 33.050733, 3.269653 ], [ 33.050746, 3.26878 ], [ 33.050563, 3.268759 ], [ 33.050326, 3.269049 ], [ 33.049504, 3.269208 ], [ 33.049256, 3.269556 ], [ 33.049001, 3.271144 ] ] ] } },
{ "type": "Feature", "properties": { "AREA": 16747.28, "PERIMETER": 527.2836, "GAZALL_": 66, "GAZALL_ID": 59, "PSUBJ": 4020, "NAME": "Kitgum", "FD_CODE": "KG/10", "FD_NAME": "Kitgum", "GAZTYPE": "LFR", "COMMENT": null, "ANNONAM": "Kitgum LFR", "ANNOTYP": "(KG/10)", "AREA_HA": 2 }, "geometry": { "type": "Polygon", "coordinates": [ [ [ 33.052548, 3.269729 ], [ 33.053905, 3.269938 ], [ 33.054191, 3.269015 ], [ 33.052804, 3.268756 ], [ 33.052548, 3.269729 ] ] ] } },
{ "type": "Feature", "properties": { "AREA": 176311.0, "PERIMETER": 1615.022, "GAZALL_": 68, "GAZALL_ID": 61, "PSUBJ": 4020, "NAME": "Odruwa", "FD_CODE": "AR/28", "FD_NAME": "Odruwa", "GAZTYPE": "LFR", "COMMENT": null, "ANNONAM": "Odruwa LFR", "ANNOTYP": "(AR/28)", "AREA_HA": 18 }, "geometry": { "type": "Polygon", "coordinates": [ [ [ 31.047766, 3.237145 ], [ 31.048591, 3.236124 ], [ 31.048332, 3.235255 ], [ 31.04838, 3.234321 ], [ 31.047749, 3.233737 ], [ 31.047273, 3.233437 ], [ 31.046706, 3.233175 ], [ 31.046384, 3.233113 ], [ 31.045847, 3.23316 ], [ 31.045266, 3.233289 ], [ 31.045005, 3.233376 ], [ 31.044767, 3.233496 ], [ 31.044636, 3.233764 ], [ 31.044419, 3.234345 ], [ 31.044271, 3.234878 ], [ 31.044265, 3.235143 ], [ 31.043683, 3.235743 ], [ 31.044168, 3.236492 ], [ 31.044924, 3.236486 ], [ 31.045924, 3.237211 ], [ 31.046754, 3.23695 ], [ 31.047766, 3.237145 ] ] ] } },
{ "type": "Feature", "properties": { "AREA": 498625.1, "PERIMETER": 3102.069, "GAZALL_": 69, "GAZALL_ID": 62, "PSUBJ": 4020, "NAME": "Yivu", "FD_CODE": "AR/39", "FD_NAME": "Yivu", "GAZTYPE": "LFR", "COMMENT": null, "ANNONAM": "Yivu LFR", "ANNOTYP": "(AR/39)", "AREA_HA": 50 }, "geometry": { "type": "Polygon", "coordinates": [ [ [ 30.973031, 3.233858 ], [ 30.9762, 3.23223 ], [ 30.974594, 3.222659 ], [ 30.969839, 3.226283 ], [ 30.971813, 3.230097 ], [ 30.971224, 3.231033 ], [ 30.973031, 3.233858 ] ] ] } },
{ "type": "Feature", "properties": { "AREA": 867420.5, "PERIMETER": 3918.502, "GAZALL_": 71, "GAZALL_ID": 63, "PSUBJ": 4020, "NAME": "Ovuju (East)", "FD_CODE": "AR/32", "FD_NAME": "Ovuju (East)", "GAZTYPE": "LFR", "COMMENT": null, "ANNONAM": "Ovuju (East) LFR", "ANNOTYP": "(AR/32)", "AREA_HA": 87 }, "geometry": { "type": "Polygon", "coordinates": [ [ [ 30.915678, 3.22221 ], [ 30.915495, 3.223086 ], [ 30.91529, 3.224031 ], [ 30.915176, 3.225044 ], [ 30.91467, 3.225705 ], [ 30.91354, 3.226685 ], [ 30.913384, 3.226997 ], [ 30.913838, 3.227715 ], [ 30.912769, 3.22905 ], [ 30.912829, 3.230284 ], [ 30.915944, 3.232477 ], [ 30.916865, 3.231561 ], [ 30.918128, 3.230887 ], [ 30.919679, 3.230475 ], [ 30.921333, 3.226666 ], [ 30.920542, 3.219021 ], [ 30.916371, 3.220972 ], [ 30.915678, 3.22221 ] ] ] } },
{ "type": "Feature", "properties": { "AREA": 475237.0, "PERIMETER": 2819.075, "GAZALL_": 74, "GAZALL_ID": 64, "PSUBJ": 4020, "NAME": "Ovuju (West)", "FD_CODE": "AR/33", "FD_NAME": "Ovuju (West)", "GAZTYPE": "LFR", "COMMENT": null, "ANNONAM": "Ovuju (West) LFR", "ANNOTYP": "(AR/33)", "AREA_HA": 48 }, "geometry": { "type": "Polygon", "coordinates": [ [ [ 30.91354, 3.226685 ], [ 30.91467, 3.225705 ], [ 30.915176, 3.225044 ], [ 30.91529, 3.224031 ], [ 30.915495, 3.223086 ], [ 30.915678, 3.22221 ], [ 30.915075, 3.221483 ], [ 30.913522, 3.217046 ], [ 30.913089, 3.217121 ], [ 30.912375, 3.217647 ], [ 30.911328, 3.21796 ], [ 30.909847, 3.218393 ], [ 30.909601, 3.218798 ], [ 30.909393, 3.219513 ], [ 30.909393, 3.220433 ], [ 30.909548, 3.221901 ], [ 30.909816, 3.222277 ], [ 30.910425, 3.222533 ], [ 30.911154, 3.223258 ], [ 30.911558, 3.224528 ], [ 30.91176, 3.226054 ], [ 30.911959, 3.226373 ], [ 30.91354, 3.226685 ] ] ] } },
{ "type": "Feature", "properties": { "AREA": 789300.1, "PERIMETER": 3575.813, "GAZALL_": 77, "GAZALL_ID": 67, "PSUBJ": 4020, "NAME": "Oluvu", "FD_CODE": "AR/30", "FD_NAME": "Oluvu", "GAZTYPE": "LFR", "COMMENT": null, "ANNONAM": "Oluvu LFR", "ANNOTYP": "(AR/30)", "AREA_HA": 79 }, "geometry": { "type": "Polygon", "coordinates": [ [ [ 30.87655, 3.207565 ], [ 30.876574, 3.207625 ], [ 30.876628, 3.207837 ], [ 30.876882, 3.208341 ], [ 30.877029, 3.208549 ], [ 30.877073, 3.208611 ], [ 30.877273, 3.208799 ], [ 30.878041, 3.209311 ], [ 30.879325, 3.210027 ], [ 30.880334, 3.210677 ], [ 30.880781, 3.210996 ], [ 30.881459, 3.211613 ], [ 30.881838, 3.212047 ], [ 30.882184, 3.212597 ], [ 30.882576, 3.21333 ], [ 30.883105, 3.214062 ], [ 30.883357, 3.214118 ], [ 30.883542, 3.21413 ], [ 30.883689, 3.214139 ], [ 30.884008, 3.213931 ], [ 30.884987, 3.213212 ], [ 30.885396, 3.212819 ], [ 30.88633, 3.212055 ], [ 30.886888, 3.211707 ], [ 30.887104, 3.211534 ], [ 30.88708, 3.211258 ], [ 30.886976, 3.210983 ], [ 30.886457, 3.209974 ], [ 30.886352, 3.209596 ], [ 30.886223, 3.20893 ], [ 30.885944, 3.208012 ], [ 30.88539, 3.207004 ], [ 30.884964, 3.206375 ], [ 30.884745, 3.2061 ], [ 30.883493, 3.20482 ], [ 30.882679, 3.204193 ], [ 30.882116, 3.203713 ], [ 30.881461, 3.203085 ], [ 30.881277, 3.202868 ], [ 30.880958, 3.202915 ], [ 30.88073, 3.203112 ], [ 30.880401, 3.203562 ], [ 30.879332, 3.204615 ], [ 30.879035, 3.204732 ], [ 30.878704, 3.204791 ], [ 30.878385, 3.204896 ], [ 30.8781, 3.205035 ], [ 30.876848, 3.206215 ], [ 30.876666, 3.206457 ], [ 30.876576, 3.206745 ], [ 30.87655, 3.207565 ] ] ] } },
{ "type": "Feature", "properties": { "AREA": 33742.02, "PERIMETER": 801.8163, "GAZALL_": 82, "GAZALL_ID": 72, "PSUBJ": 4020, "NAME": "Acholi-Bur", "FD_CODE": "KG/1", "FD_NAME": "Acholi-Bur", "GAZTYPE": "LFR", "COMMENT": null, "ANNONAM": "Acholi-Bur LFR", "ANNOTYP": "(KG/1)", "AREA_HA": 3 }, "geometry": { "type": "Polygon", "coordinates": [ [ [ 32.912307, 3.142799 ], [ 32.912955, 3.141577 ], [ 32.912369, 3.141082 ], [ 32.91214, 3.141309 ], [ 32.91191, 3.140867 ], [ 32.911127, 3.140328 ], [ 32.910752, 3.141671 ], [ 32.912307, 3.142799 ] ] ] } },
{ "type": "Feature", "properties": { "AREA": 561086.1, "PERIMETER": 3006.511, "GAZALL_": 88, "GAZALL_ID": 78, "PSUBJ": 4020, "NAME": "Manibe", "FD_CODE": "AR/23", "FD_NAME": "Manibe", "GAZTYPE": "LFR", "COMMENT": null, "ANNONAM": "Manibe LFR", "ANNOTYP": "(AR/23)", "AREA_HA": 56 }, "geometry": { "type": "Polygon", "coordinates": [ [ [ 30.915856, 3.089268 ], [ 30.91598, 3.088934 ], [ 30.916159, 3.088037 ], [ 30.916247, 3.087427 ], [ 30.916301, 3.086784 ], [ 30.91629, 3.084726 ], [ 30.91622, 3.084393 ], [ 30.915965, 3.083763 ], [ 30.915781, 3.083454 ], [ 30.915551, 3.083145 ], [ 30.915309, 3.08287 ], [ 30.915103, 3.082688 ], [ 30.914024, 3.081913 ], [ 30.913211, 3.08148 ], [ 30.912993, 3.081321 ], [ 30.912854, 3.081092 ], [ 30.912785, 3.080839 ], [ 30.912669, 3.080565 ], [ 30.912496, 3.080336 ], [ 30.911891, 3.080431 ], [ 30.911593, 3.080306 ], [ 30.91132, 3.080446 ], [ 30.91057, 3.081393 ], [ 30.910024, 3.081902 ], [ 30.909729, 3.082283 ], [ 30.908981, 3.083483 ], [ 30.908538, 3.084071 ], [ 30.908209, 3.084567 ], [ 30.90778, 3.085443 ], [ 30.907918, 3.085696 ], [ 30.908136, 3.085843 ], [ 30.908434, 3.085991 ], [ 30.909751, 3.086604 ], [ 30.91242, 3.087703 ], [ 30.913027, 3.088009 ], [ 30.913818, 3.088476 ], [ 30.91454, 3.088828 ], [ 30.915296, 3.089111 ], [ 30.915777, 3.089349 ], [ 30.915856, 3.089268 ] ] ] } },
{ "type": "Feature", "properties": { "AREA": 86025.93, "PERIMETER": 1355.507, "GAZALL_": 89, "GAZALL_ID": 79, "PSUBJ": 4020, "NAME": "Ozu", "FD_CODE": "AR/34", "FD_NAME": "Ozu", "GAZTYPE": "LFR", "COMMENT": null, "ANNONAM": "Ozu LFR", "ANNOTYP": "(AR/34)", "AREA_HA": 9 }, "geometry": { "type": "Polygon", "coordinates": [ [ [ 30.851209, 3.05622 ], [ 30.851472, 3.056299 ], [ 30.851746, 3.056332 ], [ 30.851998, 3.056399 ], [ 30.852261, 3.056363 ], [ 30.852534, 3.056201 ], [ 30.853433, 3.055345 ], [ 30.854035, 3.054606 ], [ 30.854227, 3.054329 ], [ 30.854363, 3.054099 ], [ 30.854454, 3.053845 ], [ 30.85427, 3.053617 ], [ 30.853698, 3.053528 ], [ 30.853343, 3.053507 ], [ 30.851698, 3.053494 ], [ 30.850533, 3.053638 ], [ 30.850374, 3.053892 ], [ 30.850375, 3.054157 ], [ 30.850627, 3.054224 ], [ 30.850947, 3.054222 ], [ 30.85153, 3.054299 ], [ 30.851555, 3.054598 ], [ 30.851453, 3.054851 ], [ 30.85131, 3.05599 ], [ 30.851209, 3.05622 ] ] ] } },
{ "type": "Feature", "properties": { "AREA": 79524.05, "PERIMETER": 1079.678, "GAZALL_": 90, "GAZALL_ID": 80, "PSUBJ": 4020, "NAME": "Mbaraka", "FD_CODE": "AR/25", "FD_NAME": "Mbaraka", "GAZTYPE": "LFR", "COMMENT": null, "ANNONAM": "Mbaraka LFR", "ANNOTYP": "(AR/25)", "AREA_HA": 8 }, "geometry": { "type": "Polygon", "coordinates": [ [ [ 30.796572, 3.055783 ], [ 30.798181, 3.055636 ], [ 30.798742, 3.05479 ], [ 30.798298, 3.054015 ], [ 30.797167, 3.053122 ], [ 30.79636, 3.053454 ], [ 30.795516, 3.053592 ], [ 30.795037, 3.054529 ], [ 30.796572, 3.055783 ] ] ] } },
{ "type": "Feature", "properties": { "AREA": 571560.5, "PERIMETER": 3109.919, "GAZALL_": 92, "GAZALL_ID": 82, "PSUBJ": 4020, "NAME": "Nyio-Bamboo", "FD_CODE": "AR/27", "FD_NAME": "Nyio-Bamboo", "GAZTYPE": "LFR", "COMMENT": null, "ANNONAM": "Nyio-Bamboo LFR", "ANNOTYP": "(AR/27)", "AREA_HA": 57 }, "geometry": { "type": "Polygon", "coordinates": [ [ [ 30.799593, 3.018555 ], [ 30.799591, 3.018188 ], [ 30.799624, 3.017935 ], [ 30.799587, 3.01613 ], [ 30.799687, 3.014613 ], [ 30.799802, 3.013428 ], [ 30.79982, 3.012808 ], [ 30.799738, 3.011177 ], [ 30.799641, 3.010338 ], [ 30.799477, 3.009834 ], [ 30.79919, 3.009663 ], [ 30.79887, 3.00963 ], [ 30.798608, 3.009701 ], [ 30.798312, 3.009909 ], [ 30.798119, 3.010117 ], [ 30.7977, 3.01066 ], [ 30.797416, 3.010961 ], [ 30.797076, 3.011238 ], [ 30.796768, 3.011458 ], [ 30.795903, 3.011923 ], [ 30.794811, 3.012596 ], [ 30.79463, 3.012781 ], [ 30.794461, 3.013046 ], [ 30.793999, 3.014049 ], [ 30.793581, 3.014523 ], [ 30.79298, 3.015066 ], [ 30.791835, 3.015785 ], [ 30.794012, 3.018415 ], [ 30.794253, 3.018529 ], [ 30.794768, 3.018653 ], [ 30.796007, 3.018783 ], [ 30.797831, 3.018738 ], [ 30.799102, 3.018627 ], [ 30.799593, 3.018555 ] ] ] } },
{ "type": "Feature", "properties": { "AREA": 279763.5, "PERIMETER": 2279.087, "GAZALL_": 94, "GAZALL_ID": 84, "PSUBJ": 4020, "NAME": "Giligili", "FD_CODE": "AR/9", "FD_NAME": "Giligili", "GAZTYPE": "LFR", "COMMENT": null, "ANNONAM": "Giligili LFR", "ANNOTYP": "(AR/9)", "AREA_HA": 28 }, "geometry": { "type": "Polygon", "coordinates": [ [ [ 30.88063, 2.997016 ], [ 30.880584, 2.997125 ], [ 30.880398, 2.997805 ], [ 30.880352, 2.99808 ], [ 30.880365, 2.998379 ], [ 30.88051, 2.998965 ], [ 30.880643, 2.999205 ], [ 30.880871, 2.999445 ], [ 30.881362, 2.999844 ], [ 30.881911, 3.000427 ], [ 30.882498, 3.001366 ], [ 30.882765, 3.001997 ], [ 30.883241, 3.003625 ], [ 30.883486, 3.004176 ], [ 30.883683, 3.004404 ], [ 30.883945, 3.004357 ], [ 30.884161, 3.004183 ], [ 30.884397, 3.003664 ], [ 30.884486, 3.0034 ], [ 30.884743, 3.002881 ], [ 30.885177, 3.001465 ], [ 30.885244, 3.001166 ], [ 30.885299, 3.000625 ], [ 30.885183, 3.000063 ], [ 30.884736, 2.99902 ], [ 30.884243, 2.998046 ], [ 30.883911, 2.997634 ], [ 30.883531, 2.997085 ], [ 30.883495, 2.997016 ], [ 30.883369, 2.996833 ], [ 30.883144, 2.996589 ], [ 30.882862, 2.996366 ], [ 30.882567, 2.996201 ], [ 30.882271, 2.996082 ], [ 30.881963, 2.99602 ], [ 30.881643, 2.996004 ], [ 30.881276, 2.996068 ], [ 30.881022, 2.996226 ], [ 30.88063, 2.997016 ] ] ] } },
{ "type": "Feature", "properties": { "AREA": 441465.8, "PERIMETER": 5094.041, "GAZALL_": 96, "GAZALL_ID": 86, "PSUBJ": 4020, "NAME": "Jaka", "FD_CODE": "KG/9", "FD_NAME": "Jaka", "GAZTYPE": "LFR", "COMMENT": null, "ANNONAM": "Jaka LFR", "ANNOTYP": "(KG/9)", "AREA_HA": 44 }, "geometry": { "type": "Polygon", "coordinates": [ [ [ 32.92978, 2.997014 ], [ 32.926121, 2.993294 ], [ 32.925292, 2.994082 ], [ 32.928027, 2.997014 ], [ 32.930592, 2.999749 ], [ 32.929866, 3.000593 ], [ 32.929518, 3.001539 ], [ 32.929583, 3.00263 ], [ 32.932813, 3.003261 ], [ 32.933281, 3.001476 ], [ 32.934847, 3.001338 ], [ 32.935058, 3.000497 ], [ 32.942167, 3.001317 ], [ 32.942173, 3.000547 ], [ 32.93113, 2.998193 ], [ 32.92978, 2.997014 ] ] ] } },
{ "type": "Feature", "properties": { "AREA": 68490.45, "PERIMETER": 1146.52, "GAZALL_": 98, "GAZALL_ID": 88, "PSUBJ": 4020, "NAME": "Pabbo", "FD_CODE": "GL/20", "FD_NAME": "Pabbo", "GAZTYPE": "LFR", "COMMENT": null, "ANNONAM": "Pabbo LFR", "ANNOTYP": "(GL/20)", "AREA_HA": 7 }, "geometry": { "type": "Polygon", "coordinates": [ [ [ 32.137851, 3.001406 ], [ 32.139831, 3.000887 ], [ 32.139523, 2.998701 ], [ 32.138989, 2.998855 ], [ 32.139038, 2.999363 ], [ 32.136703, 2.999465 ], [ 32.136944, 3.001204 ], [ 32.137851, 3.001406 ] ] ] } },
{ "type": "Feature", "properties": { "AREA": 79309.76, "PERIMETER": 1085.322, "GAZALL_": 105, "GAZALL_ID": 95, "PSUBJ": 4020, "NAME": "Eruba", "FD_CODE": "AR/7", "FD_NAME": "Eruba", "GAZTYPE": "LFR", "COMMENT": null, "ANNONAM": "Eruba LFR", "ANNOTYP": "(AR/7)", "AREA_HA": 8 }, "geometry": { "type": "Polygon", "coordinates": [ [ [ 30.915967, 2.955428 ], [ 30.917783, 2.954034 ], [ 30.917728, 2.953344 ], [ 30.916975, 2.952643 ], [ 30.91621, 2.952274 ], [ 30.915296, 2.952353 ], [ 30.914367, 2.953156 ], [ 30.915967, 2.955428 ] ] ] } },
{ "type": "Feature", "properties": { "AREA": 72881.12, "PERIMETER": 1371.342, "GAZALL_": 106, "GAZALL_ID": 96, "PSUBJ": 4020, "NAME": "Kuluva", "FD_CODE": "AR/15", "FD_NAME": "Kuluva", "GAZTYPE": "LFR", "COMMENT": null, "ANNONAM": "Kuluva LFR", "ANNOTYP": "(AR/15)", "AREA_HA": 7 }, "geometry": { "type": "Polygon", "coordinates": [ [ [ 30.925281, 2.947069 ], [ 30.92502, 2.94608 ], [ 30.92497, 2.943781 ], [ 30.925119, 2.942263 ], [ 30.923524, 2.94203 ], [ 30.923855, 2.945619 ], [ 30.923979, 2.946515 ], [ 30.925281, 2.947069 ] ] ] } },
{ "type": "Feature", "properties": { "AREA": 22575.03, "PERIMETER": 602.7088, "GAZALL_": 107, "GAZALL_ID": 97, "PSUBJ": 4020, "NAME": "Kuluva", "FD_CODE": "AR/15", "FD_NAME": "Kuluva", "GAZTYPE": "LFR", "COMMENT": null, "ANNONAM": "Kuluva LFR", "ANNOTYP": "(AR/15)", "AREA_HA": 2 }, "geometry": { "type": "Polygon", "coordinates": [ [ [ 30.928344, 2.943166 ], [ 30.929565, 2.942729 ], [ 30.929138, 2.941489 ], [ 30.927834, 2.941763 ], [ 30.928344, 2.943166 ] ] ] } },
{ "type": "Feature", "properties": { "AREA": 78027.79, "PERIMETER": 1759.371, "GAZALL_": 112, "GAZALL_ID": 102, "PSUBJ": 4020, "NAME": "Cwero", "FD_CODE": "GL/6", "FD_NAME": "Cwero", "GAZTYPE": "LFR", "COMMENT": null, "ANNONAM": "Cwero LFR", "ANNOTYP": "(GL/6)", "AREA_HA": 8 }, "geometry": { "type": "Polygon", "coordinates": [ [ [ 32.51154, 2.921534 ], [ 32.511854, 2.920882 ], [ 32.509217, 2.919393 ], [ 32.506319, 2.91752 ], [ 32.505619, 2.918569 ], [ 32.507013, 2.919512 ], [ 32.507426, 2.919133 ], [ 32.509228, 2.92081 ], [ 32.509693, 2.920483 ], [ 32.51154, 2.921534 ] ] ] } },
{ "type": "Feature", "properties": { "AREA": 49229.21, "PERIMETER": 1025.028, "GAZALL_": 115, "GAZALL_ID": 105, "PSUBJ": 4020, "NAME": "Ezuku (North & South)", "FD_CODE": "AR/8", "FD_NAME": "Ezuku (North & South)", "GAZTYPE": "LFR", "COMMENT": null, "ANNONAM": "Ezuku (North & South) LFR", "ANNOTYP": "(AR/8)", "AREA_HA": 5 }, "geometry": { "type": "Polygon", "coordinates": [ [ [ 30.882682, 2.906992 ], [ 30.883003, 2.90666 ], [ 30.882742, 2.905855 ], [ 30.884025, 2.905236 ], [ 30.883969, 2.904512 ], [ 30.88284, 2.903603 ], [ 30.882143, 2.903568 ], [ 30.881942, 2.905682 ], [ 30.882398, 2.90628 ], [ 30.882682, 2.906992 ] ] ] } },
{ "type": "Feature", "properties": { "AREA": 131527.7, "PERIMETER": 1586.975, "GAZALL_": 118, "GAZALL_ID": 108, "PSUBJ": 4020, "NAME": "Ezuku (North & South)", "FD_CODE": "AR/8", "FD_NAME": "Ezuku (North & South)", "GAZTYPE": "LFR", "COMMENT": null, "ANNONAM": "Ezuku (North & South) LFR", "ANNOTYP": "(AR/8)", "AREA_HA": 13 }, "geometry": { "type": "Polygon", "coordinates": [ [ [ 30.881843, 2.900534 ], [ 30.881867, 2.896191 ], [ 30.881709, 2.895409 ], [ 30.879604, 2.895785 ], [ 30.879704, 2.89713 ], [ 30.879597, 2.898256 ], [ 30.879275, 2.89891 ], [ 30.879801, 2.899026 ], [ 30.879809, 2.900209 ], [ 30.880848, 2.900613 ], [ 30.881843, 2.900534 ] ] ] } },
{ "type": "Feature", "properties": { "AREA": 22917.46, "PERIMETER": 728.5359, "GAZALL_": 119, "GAZALL_ID": 109, "PSUBJ": 4020, "NAME": "Paicho", "FD_CODE": "GL/21", "FD_NAME": "Paicho", "GAZTYPE": "LFR", "COMMENT": null, "ANNONAM": "Paicho LFR", "ANNOTYP": "(GL/21)", "AREA_HA": 2 }, "geometry": { "type": "Polygon", "coordinates": [ [ [ 32.45293, 2.897709 ], [ 32.453231, 2.897096 ], [ 32.451062, 2.895829 ], [ 32.450756, 2.89604 ], [ 32.450682, 2.896466 ], [ 32.45293, 2.897709 ] ] ] } },
{ "type": "Feature", "properties": { "AREA": 161375.5, "PERIMETER": 2134.845, "GAZALL_": 131, "GAZALL_ID": 121, "PSUBJ": 4020, "NAME": "Logiri", "FD_CODE": "AR/19", "FD_NAME": "Logiri", "GAZTYPE": "LFR", "COMMENT": null, "ANNONAM": "Logiri LFR", "ANNOTYP": "(AR/19)", "AREA_HA": 16 }, "geometry": { "type": "Polygon", "coordinates": [ [ [ 30.861778, 2.775008 ], [ 30.86212, 2.77507 ], [ 30.86252, 2.775099 ], [ 30.863104, 2.775037 ], [ 30.863028, 2.774783 ], [ 30.862278, 2.773646 ], [ 30.862157, 2.77338 ], [ 30.862126, 2.773115 ], [ 30.862346, 2.772957 ], [ 30.862631, 2.772972 ], [ 30.86319, 2.773095 ], [ 30.863453, 2.773098 ], [ 30.863786, 2.773011 ], [ 30.864628, 2.772505 ], [ 30.86487, 2.772404 ], [ 30.865365, 2.772135 ], [ 30.86554, 2.771942 ], [ 30.865705, 2.771576 ], [ 30.865779, 2.771266 ], [ 30.865784, 2.770933 ], [ 30.865731, 2.770633 ], [ 30.865585, 2.770413 ], [ 30.864791, 2.770011 ], [ 30.864599, 2.769836 ], [ 30.86436, 2.76974 ], [ 30.864096, 2.769794 ], [ 30.863832, 2.769917 ], [ 30.863646, 2.770122 ], [ 30.863473, 2.770994 ], [ 30.863276, 2.771187 ], [ 30.862754, 2.770881 ], [ 30.862585, 2.770683 ], [ 30.862429, 2.770439 ], [ 30.862155, 2.770424 ], [ 30.861879, 2.770524 ], [ 30.861394, 2.770851 ], [ 30.860921, 2.771086 ], [ 30.860916, 2.771431 ], [ 30.861085, 2.772376 ], [ 30.86115, 2.77263 ], [ 30.86137, 2.773208 ], [ 30.86154, 2.774062 ], [ 30.861623, 2.774673 ], [ 30.86171, 2.774961 ], [ 30.861778, 2.775008 ] ] ] } },
{ "type": "Feature", "properties": { "AREA": 14788.63, "PERIMETER": 486.9193, "GAZALL_": 136, "GAZALL_ID": 126, "PSUBJ": 4020, "NAME": "Adilang", "FD_CODE": "KG/3", "FD_NAME": "Adilang", "GAZTYPE": "LFR", "COMMENT": null, "ANNONAM": "Adilang LFR", "ANNOTYP": "(KG/3)", "AREA_HA": 1 }, "geometry": { "type": "Polygon", "coordinates": [ [ [ 33.483144, 2.742599 ], [ 33.484256, 2.742789 ], [ 33.484434, 2.741695 ], [ 33.483312, 2.741585 ], [ 33.483144, 2.742599 ] ] ] } },
{ "type": "Feature", "properties": { "AREA": 12164.53, "PERIMETER": 532.9733, "GAZALL_": 138, "GAZALL_ID": 128, "PSUBJ": 4020, "NAME": "Adilang", "FD_CODE": "KG/3", "FD_NAME": "Adilang", "GAZTYPE": "LFR", "COMMENT": null, "ANNONAM": "Adilang LFR", "ANNOTYP": "(KG/3)", "AREA_HA": 1 }, "geometry": { "type": "Polygon", "coordinates": [ [ [ 33.47466, 2.741892 ], [ 33.476495, 2.742208 ], [ 33.476613, 2.741678 ], [ 33.474755, 2.741385 ], [ 33.47466, 2.741892 ] ] ] } },
{ "type": "Feature", "properties": { "AREA": 451216.3, "PERIMETER": 2868.98, "GAZALL_": 139, "GAZALL_ID": 129, "PSUBJ": 4020, "NAME": "Ragem", "FD_CODE": "NB/17", "FD_NAME": "Ragem", "GAZTYPE": "LFR", "COMMENT": null, "ANNONAM": "Ragem LFR", "ANNOTYP": "(NB/17)", "AREA_HA": 45 }, "geometry": { "type": "Polygon", "coordinates": [ [ [ 31.402405, 2.717454 ], [ 31.40241, 2.714111 ], [ 31.393675, 2.713149 ], [ 31.393457, 2.713806 ], [ 31.393431, 2.714902 ], [ 31.393501, 2.716608 ], [ 31.393621, 2.718021 ], [ 31.402405, 2.717454 ] ] ] } },
{ "type": "Feature", "properties": { "AREA": 58551.81, "PERIMETER": 1197.467, "GAZALL_": 142, "GAZALL_ID": 132, "PSUBJ": 4020, "NAME": "Awere", "FD_CODE": "KG/8", "FD_NAME": "Awere", "GAZTYPE": "LFR", "COMMENT": null, "ANNONAM": "Awere LFR", "ANNOTYP": "(KG/8)", "AREA_HA": 6 }, "geometry": { "type": "Polygon", "coordinates": [ [ [ 32.797316, 2.694338 ], [ 32.797409, 2.694085 ], [ 32.797354, 2.693832 ], [ 32.79739, 2.693545 ], [ 32.797506, 2.693305 ], [ 32.797383, 2.693063 ], [ 32.796062, 2.692375 ], [ 32.795595, 2.692061 ], [ 32.795414, 2.691876 ], [ 32.794691, 2.690618 ], [ 32.79453, 2.690823 ], [ 32.794329, 2.691683 ], [ 32.79429, 2.692235 ], [ 32.794368, 2.692499 ], [ 32.79463, 2.692616 ], [ 32.794882, 2.692687 ], [ 32.795098, 2.692827 ], [ 32.795276, 2.693414 ], [ 32.795423, 2.693657 ], [ 32.796335, 2.694008 ], [ 32.797316, 2.694338 ] ] ] } },
{ "type": "Feature", "properties": { "AREA": 183821.8, "PERIMETER": 1974.178, "GAZALL_": 148, "GAZALL_ID": 138, "PSUBJ": 4020, "NAME": "Kango", "FD_CODE": "NB/7", "FD_NAME": "Kango", "GAZTYPE": "LFR", "COMMENT": null, "ANNONAM": "Kango LFR", "ANNOTYP": "(NB/7)", "AREA_HA": 18 }, "geometry": { "type": "Polygon", "coordinates": [ [ [ 30.838432, 2.651063 ], [ 30.839321, 2.649826 ], [ 30.839606, 2.649107 ], [ 30.840486, 2.648191 ], [ 30.839341, 2.6453 ], [ 30.838941, 2.643896 ], [ 30.838375, 2.644093 ], [ 30.837098, 2.644191 ], [ 30.837547, 2.64619 ], [ 30.8369, 2.646354 ], [ 30.837427, 2.648295 ], [ 30.837336, 2.649238 ], [ 30.838432, 2.651063 ] ] ] } },
{ "type": "Feature", "properties": { "AREA": 30642.85, "PERIMETER": 769.655, "GAZALL_": 153, "GAZALL_ID": 143, "PSUBJ": 4020, "NAME": "Anaka", "FD_CODE": "GL/4", "FD_NAME": "Anaka", "GAZTYPE": "LFR", "COMMENT": null, "ANNONAM": "Anaka LFR", "ANNOTYP": "(GL/4)", "AREA_HA": 3 }, "geometry": { "type": "Polygon", "coordinates": [ [ [ 31.946346, 2.605527 ], [ 31.946701, 2.604716 ], [ 31.947524, 2.603749 ], [ 31.946925, 2.602733 ], [ 31.945867, 2.604073 ], [ 31.945594, 2.605055 ], [ 31.946346, 2.605527 ] ] ] } },
{ "type": "Feature", "properties": { "AREA": 53869.37, "PERIMETER": 1028.478, "GAZALL_": 154, "GAZALL_ID": 144, "PSUBJ": 4020, "NAME": "Koich-Goma", "FD_CODE": "GL/12", "FD_NAME": "Koich-Goma", "GAZTYPE": "LFR", "COMMENT": null, "ANNONAM": "Koich-Goma LFR", "ANNOTYP": "(GL/12)", "AREA_HA": 5 }, "geometry": { "type": "Polygon", "coordinates": [ [ [ 32.169684, 2.60521 ], [ 32.170584, 2.605607 ], [ 32.171332, 2.604737 ], [ 32.171899, 2.602647 ], [ 32.170486, 2.602106 ], [ 32.170075, 2.60326 ], [ 32.170376, 2.603444 ], [ 32.169684, 2.60521 ] ] ] } },
{ "type": "Feature", "properties": { "AREA": 59357.06, "PERIMETER": 999.5638, "GAZALL_": 168, "GAZALL_ID": 158, "PSUBJ": 4020, "NAME": "Otwal", "FD_CODE": "AP/39", "FD_NAME": "Otwal", "GAZTYPE": "LFR", "COMMENT": null, "ANNONAM": "Otwal LFR", "ANNOTYP": "(AP/39)", "AREA_HA": 6 }, "geometry": { "type": "Polygon", "coordinates": [ [ [ 32.713647, 2.527766 ], [ 32.714815, 2.526489 ], [ 32.713004, 2.524454 ], [ 32.711755, 2.525753 ], [ 32.713647, 2.527766 ] ] ] } },
{ "type": "Feature", "properties": { "AREA": 12300.18, "PERIMETER": 469.3933, "GAZALL_": 170, "GAZALL_ID": 160, "PSUBJ": 4020, "NAME": "Ngai", "FD_CODE": "AP/35", "FD_NAME": "Ngai", "GAZTYPE": "LFR", "COMMENT": null, "ANNONAM": "Ngai LFR", "ANNOTYP": "(AP/35)", "AREA_HA": 1 }, "geometry": { "type": "Polygon", "coordinates": [ [ [ 32.483307, 2.503024 ], [ 32.484709, 2.503383 ], [ 32.484854, 2.502674 ], [ 32.483548, 2.502352 ], [ 32.483307, 2.503024 ] ] ] } },
{ "type": "Feature", "properties": { "AREA": 214055.3, "PERIMETER": 1877.014, "GAZALL_": 174, "GAZALL_ID": 164, "PSUBJ": 4020, "NAME": "Achwera", "FD_CODE": "NB/2", "FD_NAME": "Achwera", "GAZTYPE": "LFR", "COMMENT": null, "ANNONAM": "Achwera LFR", "ANNOTYP": "(NB/2)", "AREA_HA": 21 }, "geometry": { "type": "Polygon", "coordinates": [ [ [ 31.175253, 2.487108 ], [ 31.177701, 2.485585 ], [ 31.176967, 2.480787 ], [ 31.175991, 2.481249 ], [ 31.174575, 2.481529 ], [ 31.173197, 2.482687 ], [ 31.175253, 2.487108 ] ] ] } },
{ "type": "Feature", "properties": { "AREA": 99609.43, "PERIMETER": 1424.547, "GAZALL_": 176, "GAZALL_ID": 166, "PSUBJ": 4020, "NAME": "Nebbi", "FD_CODE": "NB/12", "FD_NAME": "Nebbi", "GAZTYPE": "LFR", "COMMENT": null, "ANNONAM": "Nebbi LFR", "ANNOTYP": "(NB/12)", "AREA_HA": 10 }, "geometry": { "type": "Polygon", "coordinates": [ [ [ 31.09349, 2.48378 ], [ 31.094293, 2.481484 ], [ 31.092136, 2.480587 ], [ 31.092495, 2.479848 ], [ 31.091488, 2.479663 ], [ 31.090924, 2.480588 ], [ 31.091685, 2.482649 ], [ 31.091476, 2.483548 ], [ 31.09349, 2.48378 ] ] ] } },
{ "type": "Feature", "properties": { "AREA": 84751.7, "PERIMETER": 1308.128, "GAZALL_": 177, "GAZALL_ID": 167, "PSUBJ": 4020, "NAME": "Nyapea", "FD_CODE": "NB/14", "FD_NAME": "Nyapea", "GAZTYPE": "LFR", "COMMENT": null, "ANNONAM": "Nyapea LFR", "ANNOTYP": "(NB/14)", "AREA_HA": 8 }, "geometry": { "type": "Polygon", "coordinates": [ [ [ 30.926734, 2.48033 ], [ 30.926582, 2.479044 ], [ 30.92777, 2.478314 ], [ 30.927287, 2.477202 ], [ 30.926522, 2.477745 ], [ 30.925344, 2.477497 ], [ 30.924012, 2.479962 ], [ 30.924264, 2.480363 ], [ 30.926734, 2.48033 ] ] ] } },
{ "type": "Feature", "properties": { "AREA": 127187.8, "PERIMETER": 1499.421, "GAZALL_": 178, "GAZALL_ID": 168, "PSUBJ": 4020, "NAME": "Adwari", "FD_CODE": "LR/7", "FD_NAME": "Adwari", "GAZTYPE": "LFR", "COMMENT": null, "ANNONAM": "Adwari LFR", "ANNOTYP": "(LR/7)", "AREA_HA": 13 }, "geometry": { "type": "Polygon", "coordinates": [ [ [ 33.189864, 2.472825 ], [ 33.192104, 2.472606 ], [ 33.192186, 2.468597 ], [ 33.189679, 2.468105 ], [ 33.189864, 2.472825 ] ] ] } },
{ "type": "Feature", "properties": { "AREA": 125646.1, "PERIMETER": 1751.412, "GAZALL_": 181, "GAZALL_ID": 171, "PSUBJ": 4020, "NAME": "Pakwach", "FD_CODE": "NB/16", "FD_NAME": "Pakwach", "GAZTYPE": "LFR", "COMMENT": null, "ANNONAM": "Pakwach LFR", "ANNOTYP": "(NB/16)", "AREA_HA": 13 }, "geometry": { "type": "Polygon", "coordinates": [ [ [ 31.476658, 2.449179 ], [ 31.478433, 2.447618 ], [ 31.476311, 2.446273 ], [ 31.47559, 2.446013 ], [ 31.474138, 2.443792 ], [ 31.472851, 2.444608 ], [ 31.474509, 2.446996 ], [ 31.476658, 2.449179 ] ] ] } },
{ "type": "Feature", "properties": { "AREA": 389586.3, "PERIMETER": 2781.876, "GAZALL_": 184, "GAZALL_ID": 174, "PSUBJ": 4020, "NAME": "Nyagak", "FD_CODE": "NB/13", "FD_NAME": "Nyagak", "GAZTYPE": "LFR", "COMMENT": null, "ANNONAM": "Nyagak LFR", "ANNOTYP": "(NB/13)", "AREA_HA": 39 }, "geometry": { "type": "Polygon", "coordinates": [ [ [ 30.956419, 2.433424 ], [ 30.956319, 2.433663 ], [ 30.956074, 2.434007 ], [ 30.955843, 2.434466 ], [ 30.955842, 2.434685 ], [ 30.955987, 2.434863 ], [ 30.956626, 2.435453 ], [ 30.956863, 2.435996 ], [ 30.956948, 2.436097 ], [ 30.957219, 2.436239 ], [ 30.957852, 2.436295 ], [ 30.958004, 2.436347 ], [ 30.958483, 2.436651 ], [ 30.959016, 2.437121 ], [ 30.959797, 2.438087 ], [ 30.959992, 2.438485 ], [ 30.960119, 2.438904 ], [ 30.961989, 2.438769 ], [ 30.962468, 2.437763 ], [ 30.962973, 2.437041 ], [ 30.962975, 2.436772 ], [ 30.962901, 2.436302 ], [ 30.963368, 2.435905 ], [ 30.963695, 2.435797 ], [ 30.963895, 2.435798 ], [ 30.964204, 2.435696 ], [ 30.964626, 2.435383 ], [ 30.964637, 2.435249 ], [ 30.964503, 2.435073 ], [ 30.964005, 2.434804 ], [ 30.963532, 2.434386 ], [ 30.962969, 2.434099 ], [ 30.962274, 2.433946 ], [ 30.961862, 2.433509 ], [ 30.96127, 2.432974 ], [ 30.96076, 2.432377 ], [ 30.960712, 2.43228 ], [ 30.960676, 2.432202 ], [ 30.960367, 2.432181 ], [ 30.959973, 2.432193 ], [ 30.959594, 2.432349 ], [ 30.959374, 2.432448 ], [ 30.959325, 2.432811 ], [ 30.959337, 2.433066 ], [ 30.959196, 2.43318 ], [ 30.959042, 2.433166 ], [ 30.958879, 2.433047 ], [ 30.958686, 2.432952 ], [ 30.958432, 2.43287 ], [ 30.958048, 2.432817 ], [ 30.957861, 2.432816 ], [ 30.957753, 2.43297 ], [ 30.957672, 2.433178 ], [ 30.957617, 2.433393 ], [ 30.957537, 2.43346 ], [ 30.957259, 2.433481 ], [ 30.956825, 2.433479 ], [ 30.956419, 2.433424 ] ] ] } },
{ "type": "Feature", "properties": { "AREA": 110721.5, "PERIMETER": 1356.561, "GAZALL_": 185, "GAZALL_ID": 175, "PSUBJ": 4020, "NAME": "Atan", "FD_CODE": "AP/19", "FD_NAME": "Atan", "GAZTYPE": "LFR", "COMMENT": null, "ANNONAM": "Atan LFR", "ANNOTYP": "(AP/19)", "AREA_HA": 11 }, "geometry": { "type": "Polygon", "coordinates": [ [ [ 32.857188, 2.438765 ], [ 32.860047, 2.438723 ], [ 32.860986, 2.435789 ], [ 32.858184, 2.435439 ], [ 32.857188, 2.438765 ] ] ] } },
{ "type": "Feature", "properties": { "AREA": 45222.88, "PERIMETER": 851.213, "GAZALL_": 186, "GAZALL_ID": 176, "PSUBJ": 4020, "NAME": "Olilim", "FD_CODE": "LR/41", "FD_NAME": "Olilim", "GAZTYPE": "LFR", "COMMENT": null, "ANNONAM": "Olilim LFR", "ANNOTYP": "(LR/41)", "AREA_HA": 5 }, "geometry": { "type": "Polygon", "coordinates": [ [ [ 33.468672, 2.42733 ], [ 33.47036, 2.428268 ], [ 33.471233, 2.426617 ], [ 33.4695, 2.425633 ], [ 33.468672, 2.42733 ] ] ] } },
{ "type": "Feature", "properties": { "AREA": 160126.1, "PERIMETER": 1687.039, "GAZALL_": 187, "GAZALL_ID": 177, "PSUBJ": 4020, "NAME": "Icheme", "FD_CODE": "AP/29", "FD_NAME": "Icheme", "GAZTYPE": "LFR", "COMMENT": null, "ANNONAM": "Icheme LFR", "ANNOTYP": "(AP/29)", "AREA_HA": 16 }, "geometry": { "type": "Polygon", "coordinates": [ [ [ 32.604185, 2.417043 ], [ 32.607264, 2.413331 ], [ 32.605334, 2.411774 ], [ 32.601843, 2.415515 ], [ 32.604185, 2.417043 ] ] ] } },
{ "type": "Feature", "properties": { "AREA": 53476.78, "PERIMETER": 927.3362, "GAZALL_": 192, "GAZALL_ID": 182, "PSUBJ": 4020, "NAME": "Orumo", "FD_CODE": "LR/45", "FD_NAME": "Orumo", "GAZTYPE": "LFR", "COMMENT": null, "ANNONAM": "Orumo LFR", "ANNOTYP": "(LR/45)", "AREA_HA": 5 }, "geometry": { "type": "Polygon", "coordinates": [ [ [ 33.36141, 2.406793 ], [ 33.363386, 2.407021 ], [ 33.363734, 2.404826 ], [ 33.361803, 2.404615 ], [ 33.36141, 2.406793 ] ] ] } },
{ "type": "Feature", "properties": { "AREA": 97115.22, "PERIMETER": 1308.654, "GAZALL_": 193, "GAZALL_ID": 183, "PSUBJ": 4020, "NAME": "Apala", "FD_CODE": "LR/18", "FD_NAME": "Apala", "GAZTYPE": "LFR", "COMMENT": null, "ANNONAM": "Apala LFR", "ANNOTYP": "(LR/18)", "AREA_HA": 10 }, "geometry": { "type": "Polygon", "coordinates": [ [ [ 33.043201, 2.400234 ], [ 33.045078, 2.399664 ], [ 33.045146, 2.39894 ], [ 33.046413, 2.398148 ], [ 33.046056, 2.39737 ], [ 33.045317, 2.397459 ], [ 33.045279, 2.397546 ], [ 33.044941, 2.396874 ], [ 33.043571, 2.397253 ], [ 33.042338, 2.398252 ], [ 33.043201, 2.400234 ] ] ] } },
{ "type": "Feature", "properties": { "AREA": 48095.34, "PERIMETER": 883.6977, "GAZALL_": 194, "GAZALL_ID": 184, "PSUBJ": 4020, "NAME": "Anyeke", "FD_CODE": "AP/15", "FD_NAME": "Anyeke", "GAZTYPE": "LFR", "COMMENT": null, "ANNONAM": "Anyeke LFR", "ANNOTYP": "(AP/15)", "AREA_HA": 5 }, "geometry": { "type": "Polygon", "coordinates": [ [ [ 32.500728, 2.383102 ], [ 32.500218, 2.384655 ], [ 32.500728, 2.384819 ], [ 32.502388, 2.385336 ], [ 32.502799, 2.383675 ], [ 32.500788, 2.382912 ], [ 32.500728, 2.383102 ] ] ] } },
{ "type": "Feature", "properties": { "AREA": 12531.97, "PERIMETER": 561.0583, "GAZALL_": 195, "GAZALL_ID": 185, "PSUBJ": 4020, "NAME": "Achaba", "FD_CODE": "AP/4", "FD_NAME": "Achaba", "GAZTYPE": "LFR", "COMMENT": null, "ANNONAM": "Achaba LFR", "ANNOTYP": "(AP/4)", "AREA_HA": 1 }, "geometry": { "type": "Polygon", "coordinates": [ [ [ 32.463663, 2.378827 ], [ 32.463714, 2.378124 ], [ 32.463063, 2.377726 ], [ 32.462829, 2.377042 ], [ 32.462362, 2.377124 ], [ 32.462676, 2.378277 ], [ 32.463275, 2.378411 ], [ 32.463442, 2.378706 ], [ 32.463663, 2.378827 ] ] ] } },
{ "type": "Feature", "properties": { "AREA": 212358.5, "PERIMETER": 1738.982, "GAZALL_": 201, "GAZALL_ID": 191, "PSUBJ": 4020, "NAME": "Erusi", "FD_CODE": "NB/6", "FD_NAME": "Erusi", "GAZTYPE": "LFR", "COMMENT": null, "ANNONAM": "Erusi LFR", "ANNOTYP": "(NB/6)", "AREA_HA": 21 }, "geometry": { "type": "Polygon", "coordinates": [ [ [ 31.098409, 2.323247 ], [ 31.098194, 2.322249 ], [ 31.098765, 2.319999 ], [ 31.097091, 2.31939 ], [ 31.095215, 2.319691 ], [ 31.094134, 2.320752 ], [ 31.094187, 2.322843 ], [ 31.094974, 2.324007 ], [ 31.096713, 2.324104 ], [ 31.098409, 2.323247 ] ] ] } },
{ "type": "Feature", "properties": { "AREA": 217388.7, "PERIMETER": 2095.565, "GAZALL_": 209, "GAZALL_ID": 199, "PSUBJ": 4020, "NAME": "Aloi", "FD_CODE": "LR/13", "FD_NAME": "Aloi", "GAZTYPE": "LFR", "COMMENT": null, "ANNONAM": "Aloi LFR", "ANNOTYP": "(LR/13)", "AREA_HA": 22 }, "geometry": { "type": "Polygon", "coordinates": [ [ [ 33.169, 2.274874 ], [ 33.169246, 2.273839 ], [ 33.169125, 2.272438 ], [ 33.167192, 2.2723 ], [ 33.166765, 2.271521 ], [ 33.164088, 2.270193 ], [ 33.162111, 2.272725 ], [ 33.165527, 2.274388 ], [ 33.167671, 2.274307 ], [ 33.169, 2.274874 ] ] ] } },
{ "type": "Feature", "properties": { "AREA": 559584.5, "PERIMETER": 3377.248, "GAZALL_": 210, "GAZALL_ID": 200, "PSUBJ": 4020, "NAME": "Teiponga", "FD_CODE": "LR/47", "FD_NAME": "Teiponga", "GAZTYPE": "LFR", "COMMENT": null, "ANNONAM": "Teiponga LFR", "ANNOTYP": "(LR/47)", "AREA_HA": 56 }, "geometry": { "type": "Polygon", "coordinates": [ [ [ 33.045661, 2.274277 ], [ 33.055717, 2.269133 ], [ 33.052377, 2.26659 ], [ 33.047797, 2.267305 ], [ 33.046755, 2.269183 ], [ 33.044993, 2.270996 ], [ 33.043257, 2.271431 ], [ 33.044307, 2.273366 ], [ 33.045661, 2.274277 ] ] ] } },
{ "type": "Feature", "properties": { "AREA": 122829.2, "PERIMETER": 1481.059, "GAZALL_": 213, "GAZALL_ID": 203, "PSUBJ": 4020, "NAME": "Alebtong", "FD_CODE": "LR/10", "FD_NAME": "Alebtong", "GAZTYPE": "LFR", "COMMENT": null, "ANNONAM": "Alebtong LFR", "ANNOTYP": "(LR/10)", "AREA_HA": 12 }, "geometry": { "type": "Polygon", "coordinates": [ [ [ 33.216798, 2.262141 ], [ 33.221236, 2.262794 ], [ 33.221395, 2.260323 ], [ 33.217095, 2.260083 ], [ 33.216798, 2.262141 ] ] ] } },
{ "type": "Feature", "properties": { "AREA": 90683.59, "PERIMETER": 1365.438, "GAZALL_": 220, "GAZALL_ID": 210, "PSUBJ": 4020, "NAME": "Omoro", "FD_CODE": "LR/42", "FD_NAME": "Omoro", "GAZTYPE": "LFR", "COMMENT": null, "ANNONAM": "Omoro LFR", "ANNOTYP": "(LR/42)", "AREA_HA": 9 }, "geometry": { "type": "Polygon", "coordinates": [ [ [ 33.392017, 2.243928 ], [ 33.39338, 2.243328 ], [ 33.393386, 2.242776 ], [ 33.392005, 2.242536 ], [ 33.392013, 2.240863 ], [ 33.389646, 2.240854 ], [ 33.389647, 2.242844 ], [ 33.3903, 2.24286 ], [ 33.390793, 2.243643 ], [ 33.392017, 2.243928 ] ] ] } },
{ "type": "Feature", "properties": { "AREA": 65930.69, "PERIMETER": 1129.444, "GAZALL_": 224, "GAZALL_ID": 214, "PSUBJ": 4020, "NAME": "Aloro (Ngonyeboke)", "FD_CODE": "AP/10", "FD_NAME": "Aloro (Ngonyeboke)", "GAZTYPE": "LFR", "COMMENT": null, "ANNONAM": "Aloro (Ngonyeboke) LFR", "ANNOTYP": "(AP/10)", "AREA_HA": 7 }, "geometry": { "type": "Polygon", "coordinates": [ [ [ 32.541708, 2.226589 ], [ 32.544202, 2.22356 ], [ 32.543187, 2.222728 ], [ 32.542809, 2.222704 ], [ 32.541625, 2.224219 ], [ 32.541206, 2.226196 ], [ 32.541708, 2.226589 ] ] ] } },
{ "type": "Feature", "properties": { "AREA": 83539.24, "PERIMETER": 1161.645, "GAZALL_": 227, "GAZALL_ID": 217, "PSUBJ": 4020, "NAME": "Adekokwok", "FD_CODE": "LR/5", "FD_NAME": "Adekokwok", "GAZTYPE": "LFR", "COMMENT": null, "ANNONAM": "Adekokwok LFR", "ANNOTYP": "(LR/5)", "AREA_HA": 8 }, "geometry": { "type": "Polygon", "coordinates": [ [ [ 32.921411, 2.209148 ], [ 32.922658, 2.206366 ], [ 32.920915, 2.205532 ], [ 32.91945, 2.208351 ], [ 32.920119, 2.209138 ], [ 32.921411, 2.209148 ] ] ] } },
{ "type": "Feature", "properties": { "AREA": 98553.59, "PERIMETER": 1345.918, "GAZALL_": 228, "GAZALL_ID": 218, "PSUBJ": 4020, "NAME": "Aber", "FD_CODE": "AP/1", "FD_NAME": "Aber", "GAZTYPE": "LFR", "COMMENT": null, "ANNONAM": "Aber LFR", "ANNOTYP": "(AP/1)", "AREA_HA": 10 }, "geometry": { "type": "Polygon", "coordinates": [ [ [ 32.346038, 2.206686 ], [ 32.34693, 2.205285 ], [ 32.347756, 2.205125 ], [ 32.348202, 2.204006 ], [ 32.346011, 2.202398 ], [ 32.345341, 2.202437 ], [ 32.34518, 2.206627 ], [ 32.346038, 2.206686 ] ] ] } },
{ "type": "Feature", "properties": { "AREA": 83582.03, "PERIMETER": 1281.535, "GAZALL_": 235, "GAZALL_ID": 225, "PSUBJ": 4020, "NAME": "Amugo", "FD_CODE": "LR/17", "FD_NAME": "Amugo", "GAZTYPE": "LFR", "COMMENT": null, "ANNONAM": "Amugo LFR", "ANNOTYP": "(LR/17)", "AREA_HA": 8 }, "geometry": { "type": "Polygon", "coordinates": [ [ [ 33.345705, 2.142984 ], [ 33.346681, 2.139075 ], [ 33.345138, 2.138159 ], [ 33.344209, 2.142024 ], [ 33.345705, 2.142984 ] ] ] } },
{ "type": "Feature", "properties": { "AREA": 81238.04, "PERIMETER": 1240.081, "GAZALL_": 236, "GAZALL_ID": 226, "PSUBJ": 4020, "NAME": "Alik", "FD_CODE": "LR/11", "FD_NAME": "Alik", "GAZTYPE": "LFR", "COMMENT": null, "ANNONAM": "Alik LFR", "ANNOTYP": "(LR/11)", "AREA_HA": 8 }, "geometry": { "type": "Polygon", "coordinates": [ [ [ 32.851301, 2.140137 ], [ 32.850704, 2.138846 ], [ 32.847454, 2.140991 ], [ 32.847897, 2.141951 ], [ 32.848077, 2.14234 ], [ 32.851522, 2.140613 ], [ 32.851301, 2.140137 ] ] ] } },
{ "type": "Feature", "properties": { "AREA": 131572.0, "PERIMETER": 1703.75, "GAZALL_": 238, "GAZALL_ID": 228, "PSUBJ": 4020, "NAME": "Amaich (Ginnery)", "FD_CODE": "LR/15", "FD_NAME": "Amaich (Ginnery)", "GAZTYPE": "LFR", "COMMENT": null, "ANNONAM": "Amaich (Ginnery) LFR", "ANNOTYP": "(LR/15)", "AREA_HA": 13 }, "geometry": { "type": "Polygon", "coordinates": [ [ [ 32.953764, 2.122492 ], [ 32.956007, 2.127961 ], [ 32.957711, 2.12723 ], [ 32.955448, 2.121865 ], [ 32.953764, 2.122492 ] ] ] } },
{ "type": "Feature", "properties": { "AREA": 97595.24, "PERIMETER": 1276.699, "GAZALL_": 239, "GAZALL_ID": 229, "PSUBJ": 4020, "NAME": "Atura", "FD_CODE": "AP/20", "FD_NAME": "Atura", "GAZTYPE": "LFR", "COMMENT": null, "ANNONAM": "Atura LFR", "ANNOTYP": "(AP/20)", "AREA_HA": 10 }, "geometry": { "type": "Polygon", "coordinates": [ [ [ 32.354103, 2.11883 ], [ 32.352912, 2.120772 ], [ 32.356019, 2.122508 ], [ 32.35705, 2.120428 ], [ 32.354103, 2.11883 ] ] ] } },
{ "type": "Feature", "properties": { "AREA": 35441.91, "PERIMETER": 780.544, "GAZALL_": 240, "GAZALL_ID": 230, "PSUBJ": 4020, "NAME": "Abako", "FD_CODE": "LR/1", "FD_NAME": "Abako", "GAZTYPE": "LFR", "COMMENT": null, "ANNONAM": "Abako LFR", "ANNOTYP": "(LR/1)", "AREA_HA": 4 }, "geometry": { "type": "Polygon", "coordinates": [ [ [ 33.268149, 2.117813 ], [ 33.266197, 2.117839 ], [ 33.265845, 2.117875 ], [ 33.266026, 2.119109 ], [ 33.268185, 2.119134 ], [ 33.268149, 2.117813 ] ] ] } },
{ "type": "Feature", "properties": { "AREA": 149577.5, "PERIMETER": 1720.959, "GAZALL_": 242, "GAZALL_ID": 232, "PSUBJ": 4020, "NAME": "Amaich (H/Q)", "FD_CODE": "LR/16", "FD_NAME": "Amaich (H/Q)", "GAZTYPE": "LFR", "COMMENT": null, "ANNONAM": "Amaich (H/Q) LFR", "ANNOTYP": "(LR/16)", "AREA_HA": 15 }, "geometry": { "type": "Polygon", "coordinates": [ [ [ 33.00413, 2.104801 ], [ 33.008345, 2.103078 ], [ 33.008625, 2.101245 ], [ 33.007801, 2.10043 ], [ 33.00717, 2.100313 ], [ 33.00659, 2.101197 ], [ 33.005833, 2.101025 ], [ 33.005479, 2.101812 ], [ 33.004491, 2.10154 ], [ 33.003846, 2.103402 ], [ 33.004262, 2.103695 ], [ 33.00413, 2.104801 ] ] ] } },
{ "type": "Feature", "properties": { "AREA": 68516.95, "PERIMETER": 1036.081, "GAZALL_": 243, "GAZALL_ID": 233, "PSUBJ": 4020, "NAME": "Chegere", "FD_CODE": "AP/26", "FD_NAME": "Chegere", "GAZTYPE": "LFR", "COMMENT": null, "ANNONAM": "Chegere LFR", "ANNOTYP": "(AP/26)", "AREA_HA": 7 }, "geometry": { "type": "Polygon", "coordinates": [ [ [ 32.50844, 2.091756 ], [ 32.509067, 2.089365 ], [ 32.508497, 2.088961 ], [ 32.505976, 2.090184 ], [ 32.505974, 2.090667 ], [ 32.506224, 2.091174 ], [ 32.507777, 2.091754 ], [ 32.50844, 2.091756 ] ] ] } },
{ "type": "Feature", "properties": { "AREA": 46705.86, "PERIMETER": 1042.264, "GAZALL_": 248, "GAZALL_ID": 238, "PSUBJ": 4020, "NAME": "Bata (North)", "FD_CODE": "LR/25", "FD_NAME": "Bata (North)", "GAZTYPE": "LFR", "COMMENT": null, "ANNONAM": "Bata (North) LFR", "ANNOTYP": "(LR/25)", "AREA_HA": 5 }, "geometry": { "type": "Polygon", "coordinates": [ [ [ 33.215054, 2.048264 ], [ 33.215871, 2.047883 ], [ 33.216285, 2.047313 ], [ 33.216957, 2.046451 ], [ 33.216207, 2.045945 ], [ 33.215212, 2.046697 ], [ 33.214293, 2.04639 ], [ 33.213409, 2.046841 ], [ 33.213772, 2.047399 ], [ 33.21434, 2.047171 ], [ 33.215054, 2.048264 ] ] ] } },
{ "type": "Feature", "properties": { "AREA": 46901.0, "PERIMETER": 976.1907, "GAZALL_": 250, "GAZALL_ID": 240, "PSUBJ": 4020, "NAME": "Bata (South)", "FD_CODE": "LR/26", "FD_NAME": "Bata (South)", "GAZTYPE": "LFR", "COMMENT": null, "ANNONAM": "Bata (South) LFR", "ANNOTYP": "(LR/26)", "AREA_HA": 5 }, "geometry": { "type": "Polygon", "coordinates": [ [ [ 33.218171, 2.04581 ], [ 33.219786, 2.046026 ], [ 33.220772, 2.043273 ], [ 33.219592, 2.043119 ], [ 33.21853, 2.045425 ], [ 33.218171, 2.04581 ] ] ] } },
{ "type": "Feature", "properties": { "AREA": 121169.4, "PERIMETER": 2064.37, "GAZALL_": 261, "GAZALL_ID": 251, "PSUBJ": 4020, "NAME": "Agwata", "FD_CODE": "LR/8", "FD_NAME": "Agwata", "GAZTYPE": "LFR", "COMMENT": null, "ANNONAM": "Agwata LFR", "ANNOTYP": "(LR/8)", "AREA_HA": 12 }, "geometry": { "type": "Polygon", "coordinates": [ [ [ 33.000738, 1.977819 ], [ 33.000812, 1.978002 ], [ 33.000949, 1.97829 ], [ 33.001235, 1.978221 ], [ 33.001441, 1.977933 ], [ 33.000738, 1.976298 ], [ 33.000242, 1.975052 ], [ 33.000186, 1.973984 ], [ 33.000738, 1.973839 ], [ 33.000883, 1.973801 ], [ 33.001489, 1.973387 ], [ 33.001684, 1.972949 ], [ 33.001672, 1.972593 ], [ 33.00101, 1.972362 ], [ 33.000738, 1.971937 ], [ 33.000667, 1.971829 ], [ 33.000497, 1.971277 ], [ 33.000064, 1.970991 ], [ 32.999436, 1.97098 ], [ 32.999174, 1.971488 ], [ 32.999152, 1.972318 ], [ 32.999211, 1.973069 ], [ 32.998606, 1.973254 ], [ 32.999201, 1.9745 ], [ 32.99967, 1.976363 ], [ 33.000104, 1.977265 ], [ 33.000541, 1.977601 ], [ 33.000738, 1.977819 ] ] ] } },
{ "type": "Feature", "properties": { "AREA": 94860.59, "PERIMETER": 1321.01, "GAZALL_": 265, "GAZALL_ID": 255, "PSUBJ": 4020, "NAME": "Dokolo", "FD_CODE": "LR/27", "FD_NAME": "Dokolo", "GAZTYPE": "LFR", "COMMENT": null, "ANNONAM": "Dokolo LFR", "ANNOTYP": "(LR/27)", "AREA_HA": 9 }, "geometry": { "type": "Polygon", "coordinates": [ [ [ 33.181799, 1.918138 ], [ 33.182507, 1.917298 ], [ 33.18333, 1.917056 ], [ 33.183217, 1.915295 ], [ 33.18108, 1.915226 ], [ 33.180885, 1.916135 ], [ 33.179514, 1.916412 ], [ 33.179205, 1.917378 ], [ 33.181799, 1.918138 ] ] ] } },
{ "type": "Feature", "properties": { "AREA": 105018.9, "PERIMETER": 1341.909, "GAZALL_": 269, "GAZALL_ID": 259, "PSUBJ": 4020, "NAME": "Palango", "FD_CODE": "AP/40", "FD_NAME": "Palango", "GAZTYPE": "LFR", "COMMENT": null, "ANNONAM": "Palango LFR", "ANNOTYP": "(AP/40)", "AREA_HA": 11 }, "geometry": { "type": "Polygon", "coordinates": [ [ [ 32.369127, 1.890655 ], [ 32.369113, 1.894275 ], [ 32.371561, 1.89422 ], [ 32.371446, 1.893697 ], [ 32.371415, 1.892789 ], [ 32.371451, 1.892467 ], [ 32.371649, 1.891594 ], [ 32.371652, 1.890744 ], [ 32.369127, 1.890655 ] ] ] } },
{ "type": "Feature", "properties": { "AREA": 84126.81, "PERIMETER": 1462.028, "GAZALL_": 275, "GAZALL_ID": 263, "PSUBJ": 4020, "NAME": "Nabieso", "FD_CODE": "AP/34", "FD_NAME": "Nabieso", "GAZTYPE": "LFR", "COMMENT": null, "ANNONAM": "Nabieso LFR", "ANNOTYP": "(AP/34)", "AREA_HA": 8 }, "geometry": { "type": "Polygon", "coordinates": [ [ [ 32.789356, 1.873991 ], [ 32.791043, 1.869233 ], [ 32.789296, 1.868689 ], [ 32.789169, 1.870735 ], [ 32.788215, 1.873677 ], [ 32.789356, 1.873991 ] ] ] } },
{ "type": "Feature", "properties": { "AREA": 80057.64, "PERIMETER": 1610.723, "GAZALL_": 280, "GAZALL_ID": 268, "PSUBJ": 4020, "NAME": "Ekwera", "FD_CODE": "LR/28", "FD_NAME": "Ekwera", "GAZTYPE": "LFR", "COMMENT": null, "ANNONAM": "Ekwera LFR", "ANNOTYP": "(LR/28)", "AREA_HA": 8 }, "geometry": { "type": "Polygon", "coordinates": [ [ [ 32.98884, 1.827202 ], [ 32.988579, 1.828114 ], [ 32.989691, 1.82842 ], [ 32.98961, 1.829203 ], [ 32.990275, 1.829366 ], [ 32.990087, 1.829817 ], [ 32.99121, 1.830111 ], [ 32.991489, 1.82882 ], [ 32.993279, 1.829391 ], [ 32.993553, 1.829376 ], [ 32.993644, 1.828558 ], [ 32.98884, 1.827202 ] ] ] } },
{ "type": "Feature", "properties": { "AREA": 113126.3, "PERIMETER": 1725.928, "GAZALL_": 282, "GAZALL_ID": 270, "PSUBJ": 4020, "NAME": "Amanamana", "FD_CODE": "SR/5", "FD_NAME": "Amanamana", "GAZTYPE": "LFR", "COMMENT": null, "ANNONAM": "Amanamana LFR", "ANNOTYP": "(SR/5)", "AREA_HA": 11 }, "geometry": { "type": "Polygon", "coordinates": [ [ [ 33.164662, 1.795719 ], [ 33.164583, 1.794131 ], [ 33.165349, 1.793912 ], [ 33.164916, 1.790678 ], [ 33.162927, 1.793337 ], [ 33.162549, 1.793498 ], [ 33.16224, 1.794281 ], [ 33.161109, 1.794327 ], [ 33.161269, 1.795063 ], [ 33.163383, 1.795363 ], [ 33.164662, 1.795719 ] ] ] } },
{ "type": "Feature", "properties": { "AREA": 153869.6, "PERIMETER": 1967.116, "GAZALL_": 283, "GAZALL_ID": 271, "PSUBJ": 4020, "NAME": "Kangai", "FD_CODE": "LR/31", "FD_NAME": "Kangai", "GAZTYPE": "LFR", "COMMENT": null, "ANNONAM": "Kangai LFR", "ANNOTYP": "(LR/31)", "AREA_HA": 15 }, "geometry": { "type": "Polygon", "coordinates": [ [ [ 33.087067, 1.792164 ], [ 33.088748, 1.789989 ], [ 33.090931, 1.788585 ], [ 33.091502, 1.788918 ], [ 33.091731, 1.788377 ], [ 33.089253, 1.786283 ], [ 33.08732, 1.789275 ], [ 33.086222, 1.789989 ], [ 33.085981, 1.791888 ], [ 33.087067, 1.792164 ] ] ] } },
{ "type": "Feature", "properties": { "AREA": 46845.17, "PERIMETER": 882.3271, "GAZALL_": 284, "GAZALL_ID": 272, "PSUBJ": 4020, "NAME": "Alido", "FD_CODE": "AP/7", "FD_NAME": "Alido", "GAZTYPE": "LFR", "COMMENT": null, "ANNONAM": "Alido LFR", "ANNOTYP": "(AP/7)", "AREA_HA": 5 }, "geometry": { "type": "Polygon", "coordinates": [ [ [ 32.657609, 1.791289 ], [ 32.659102, 1.791255 ], [ 32.659523, 1.789008 ], [ 32.658593, 1.788793 ], [ 32.657955, 1.789588 ], [ 32.657386, 1.789671 ], [ 32.657609, 1.791289 ] ] ] } },
{ "type": "Feature", "properties": { "AREA": 129840.3, "PERIMETER": 1627.665, "GAZALL_": 289, "GAZALL_ID": 277, "PSUBJ": 4020, "NAME": "Aputi", "FD_CODE": "LR/19", "FD_NAME": "Aputi", "GAZTYPE": "LFR", "COMMENT": null, "ANNONAM": "Aputi LFR", "ANNOTYP": "(LR/19)", "AREA_HA": 13 }, "geometry": { "type": "Polygon", "coordinates": [ [ [ 32.919355, 1.758692 ], [ 32.921796, 1.757747 ], [ 32.921892, 1.757217 ], [ 32.923376, 1.756687 ], [ 32.922709, 1.754355 ], [ 32.920461, 1.754779 ], [ 32.920496, 1.756263 ], [ 32.918705, 1.757005 ], [ 32.919355, 1.758692 ] ] ] } },
{ "type": "Feature", "properties": { "AREA": 134760.7, "PERIMETER": 1850.938, "GAZALL_": 295, "GAZALL_ID": 283, "PSUBJ": 4020, "NAME": "Awelo", "FD_CODE": "LR/21", "FD_NAME": "Awelo", "GAZTYPE": "LFR", "COMMENT": null, "ANNONAM": "Awelo LFR", "ANNOTYP": "(LR/21)", "AREA_HA": 13 }, "geometry": { "type": "Polygon", "coordinates": [ [ [ 32.765688, 1.710216 ], [ 32.76669, 1.709772 ], [ 32.766527, 1.709268 ], [ 32.76699, 1.708277 ], [ 32.765551, 1.706173 ], [ 32.764203, 1.705942 ], [ 32.762197, 1.704451 ], [ 32.76161, 1.705546 ], [ 32.763385, 1.706705 ], [ 32.765688, 1.710216 ] ] ] } },
{ "type": "Feature", "properties": { "AREA": 192480.7, "PERIMETER": 2474.7, "GAZALL_": 298, "GAZALL_ID": 286, "PSUBJ": 4020, "NAME": "Masindi Port", "FD_CODE": "MS/12", "FD_NAME": "Masindi Port", "GAZTYPE": "LFR", "COMMENT": null, "ANNONAM": "Masindi Port LFR", "ANNOTYP": "(MS/12)", "AREA_HA": 19 }, "geometry": { "type": "Polygon", "coordinates": [ [ [ 32.086895, 1.703988 ], [ 32.089161, 1.703136 ], [ 32.08837, 1.700474 ], [ 32.089372, 1.700032 ], [ 32.087909, 1.69542 ], [ 32.086746, 1.695748 ], [ 32.087515, 1.69841 ], [ 32.086478, 1.698818 ], [ 32.087072, 1.700895 ], [ 32.086001, 1.701338 ], [ 32.086895, 1.703988 ] ] ] } },
{ "type": "Feature", "properties": { "AREA": 511865.7, "PERIMETER": 2836.069, "GAZALL_": 302, "GAZALL_ID": 290, "PSUBJ": 4020, "NAME": "Kirebe", "FD_CODE": "MS/8", "FD_NAME": "Kirebe", "GAZTYPE": "LFR", "COMMENT": null, "ANNONAM": "Kirebe LFR", "ANNOTYP": "(MS/8)", "AREA_HA": 51 }, "geometry": { "type": "Polygon", "coordinates": [ [ [ 31.83403, 1.676907 ], [ 31.837182, 1.674604 ], [ 31.838211, 1.668518 ], [ 31.833299, 1.668469 ], [ 31.830893, 1.674911 ], [ 31.83403, 1.676907 ] ] ] } },
{ "type": "Feature", "properties": { "AREA": 545763.5, "PERIMETER": 3244.137, "GAZALL_": 307, "GAZALL_ID": 295, "PSUBJ": 4020, "NAME": "Omodoi", "FD_CODE": "SR/30", "FD_NAME": "Omodoi", "GAZTYPE": "LFR", "COMMENT": null, "ANNONAM": "Omodoi LFR", "ANNOTYP": "(SR/30)", "AREA_HA": 55 }, "geometry": { "type": "Polygon", "coordinates": [ [ [ 33.572261, 1.655201 ], [ 33.573095, 1.649132 ], [ 33.56853, 1.648577 ], [ 33.566333, 1.650304 ], [ 33.563395, 1.653433 ], [ 33.56576, 1.656208 ], [ 33.568513, 1.653668 ], [ 33.572261, 1.655201 ] ] ] } },
{ "type": "Feature", "properties": { "AREA": 391675.7, "PERIMETER": 2774.353, "GAZALL_": 312, "GAZALL_ID": 300, "PSUBJ": 4020, "NAME": "Obule", "FD_CODE": "SR/24", "FD_NAME": "Obule", "GAZTYPE": "LFR", "COMMENT": null, "ANNONAM": "Obule LFR", "ANNOTYP": "(SR/24)", "AREA_HA": 39 }, "geometry": { "type": "Polygon", "coordinates": [ [ [ 33.55838, 1.636678 ], [ 33.558849, 1.637335 ], [ 33.55907, 1.63756 ], [ 33.559587, 1.638366 ], [ 33.559972, 1.638795 ], [ 33.56037, 1.639316 ], [ 33.560795, 1.640089 ], [ 33.561058, 1.640693 ], [ 33.561271, 1.640517 ], [ 33.561555, 1.640374 ], [ 33.56218, 1.640178 ], [ 33.562647, 1.640089 ], [ 33.563237, 1.639894 ], [ 33.56478, 1.639244 ], [ 33.565098, 1.639146 ], [ 33.566635, 1.638841 ], [ 33.568, 1.638471 ], [ 33.568628, 1.638413 ], [ 33.568899, 1.638258 ], [ 33.568963, 1.637993 ], [ 33.568787, 1.637778 ], [ 33.568544, 1.637576 ], [ 33.567109, 1.636581 ], [ 33.566058, 1.635969 ], [ 33.565239, 1.635548 ], [ 33.564709, 1.635317 ], [ 33.564422, 1.635242 ], [ 33.564125, 1.635236 ], [ 33.562293, 1.635673 ], [ 33.561063, 1.635892 ], [ 33.55838, 1.636678 ] ] ] } },
{ "type": "Feature", "properties": { "AREA": 267188.8, "PERIMETER": 2499.473, "GAZALL_": 313, "GAZALL_ID": 301, "PSUBJ": 4020, "NAME": "Molitar", "FD_CODE": "LR/33", "FD_NAME": "Molitar", "GAZTYPE": "LFR", "COMMENT": null, "ANNONAM": "Molitar LFR", "ANNOTYP": "(LR/33)", "AREA_HA": 27 }, "geometry": { "type": "Polygon", "coordinates": [ [ [ 32.831788, 1.635236 ], [ 32.831844, 1.6352 ], [ 32.839183, 1.636011 ], [ 32.839025, 1.635199 ], [ 32.837594, 1.635043 ], [ 32.83755, 1.631528 ], [ 32.834896, 1.631359 ], [ 32.834739, 1.63234 ], [ 32.831876, 1.632464 ], [ 32.831788, 1.635236 ] ] ] } },
{ "type": "Feature", "properties": { "AREA": 95813.48, "PERIMETER": 1293.125, "GAZALL_": 318, "GAZALL_ID": 306, "PSUBJ": 4020, "NAME": "Ongwara", "FD_CODE": "SR/31", "FD_NAME": "Ongwara", "GAZTYPE": "LFR", "COMMENT": null, "ANNONAM": "Ongwara LFR", "ANNOTYP": "(SR/31)", "AREA_HA": 10 }, "geometry": { "type": "Polygon", "coordinates": [ [ [ 33.318915, 1.612119 ], [ 33.319075, 1.612124 ], [ 33.319686, 1.611674 ], [ 33.320435, 1.611529 ], [ 33.320645, 1.611348 ], [ 33.320714, 1.611081 ], [ 33.320669, 1.610819 ], [ 33.320568, 1.61057 ], [ 33.320378, 1.610382 ], [ 33.319367, 1.609951 ], [ 33.31875, 1.609356 ], [ 33.318472, 1.609275 ], [ 33.317282, 1.609794 ], [ 33.316754, 1.609758 ], [ 33.316494, 1.609826 ], [ 33.316051, 1.610177 ], [ 33.315947, 1.610422 ], [ 33.316338, 1.610786 ], [ 33.318915, 1.612119 ] ] ] } },
{ "type": "Feature", "properties": { "AREA": 342828.0, "PERIMETER": 2271.802, "GAZALL_": 321, "GAZALL_ID": 309, "PSUBJ": 4020, "NAME": "Kabola", "FD_CODE": "SR/15", "FD_NAME": "Kabola", "GAZTYPE": "LFR", "COMMENT": null, "ANNONAM": "Kabola LFR", "ANNOTYP": "(SR/15)", "AREA_HA": 34 }, "geometry": { "type": "Polygon", "coordinates": [ [ [ 33.321877, 1.603747 ], [ 33.320887, 1.601522 ], [ 33.320203, 1.598952 ], [ 33.319875, 1.598448 ], [ 33.319471, 1.59805 ], [ 33.319195, 1.598004 ], [ 33.318414, 1.598184 ], [ 33.31729, 1.598678 ], [ 33.316953, 1.599393 ], [ 33.315511, 1.600784 ], [ 33.315315, 1.601619 ], [ 33.316354, 1.602474 ], [ 33.316892, 1.603062 ], [ 33.317639, 1.604067 ], [ 33.318812, 1.604847 ], [ 33.319364, 1.604917 ], [ 33.32031, 1.604856 ], [ 33.320592, 1.604776 ], [ 33.321108, 1.604525 ], [ 33.321877, 1.603747 ] ] ] } },
{ "type": "Feature", "properties": { "AREA": 801656.1, "PERIMETER": 4296.927, "GAZALL_": 329, "GAZALL_ID": 317, "PSUBJ": 4020, "NAME": "Jerere", "FD_CODE": "SR/14", "FD_NAME": "Jerere", "GAZTYPE": "LFR", "COMMENT": null, "ANNONAM": "Jerere LFR", "ANNOTYP": "(SR/14)", "AREA_HA": 80 }, "geometry": { "type": "Polygon", "coordinates": [ [ [ 33.526712, 1.553794 ], [ 33.526595, 1.553682 ], [ 33.526579, 1.553395 ], [ 33.526505, 1.553097 ], [ 33.526181, 1.552231 ], [ 33.525983, 1.551396 ], [ 33.525511, 1.5499 ], [ 33.525347, 1.549673 ], [ 33.525138, 1.549494 ], [ 33.524917, 1.549325 ], [ 33.524663, 1.549181 ], [ 33.524511, 1.548954 ], [ 33.524368, 1.548658 ], [ 33.523812, 1.546923 ], [ 33.523761, 1.546648 ], [ 33.523224, 1.545383 ], [ 33.522921, 1.544401 ], [ 33.522622, 1.543706 ], [ 33.522422, 1.543331 ], [ 33.522122, 1.542532 ], [ 33.521946, 1.542294 ], [ 33.521625, 1.542243 ], [ 33.521317, 1.542284 ], [ 33.519929, 1.542586 ], [ 33.518939, 1.542846 ], [ 33.517433, 1.542966 ], [ 33.516805, 1.542989 ], [ 33.51652, 1.543029 ], [ 33.515963, 1.543201 ], [ 33.51568, 1.543355 ], [ 33.515691, 1.544607 ], [ 33.515595, 1.545608 ], [ 33.51551, 1.545954 ], [ 33.5154, 1.546209 ], [ 33.515394, 1.546531 ], [ 33.515521, 1.547218 ], [ 33.515687, 1.547536 ], [ 33.51594, 1.547669 ], [ 33.517628, 1.548728 ], [ 33.517915, 1.548804 ], [ 33.519295, 1.548662 ], [ 33.520186, 1.548657 ], [ 33.520472, 1.548686 ], [ 33.520771, 1.548772 ], [ 33.521025, 1.548894 ], [ 33.521222, 1.549108 ], [ 33.521364, 1.549347 ], [ 33.521739, 1.5505 ], [ 33.521853, 1.55113 ], [ 33.522323, 1.553108 ], [ 33.52233, 1.553487 ], [ 33.522174, 1.553742 ], [ 33.526712, 1.553794 ] ] ] } },
{ "type": "Feature", "properties": { "AREA": 359346.2, "PERIMETER": 2488.063, "GAZALL_": 331, "GAZALL_ID": 319, "PSUBJ": 4020, "NAME": "Ongino", "FD_CODE": "KU/8", "FD_NAME": "Ongino", "GAZTYPE": "LFR", "COMMENT": null, "ANNONAM": "Ongino LFR", "ANNOTYP": "(KU/8)", "AREA_HA": 36 }, "geometry": { "type": "Polygon", "coordinates": [ [ [ 33.995611, 1.551502 ], [ 33.998727, 1.548534 ], [ 33.993268, 1.54358 ], [ 33.992081, 1.545522 ], [ 33.990848, 1.547075 ], [ 33.995611, 1.551502 ] ] ] } },
{ "type": "Feature", "properties": { "AREA": 699726.7, "PERIMETER": 3373.251, "GAZALL_": 333, "GAZALL_ID": 321, "PSUBJ": 4020, "NAME": "Koreng", "FD_CODE": "KU/6", "FD_NAME": "Koreng", "GAZTYPE": "LFR", "COMMENT": null, "ANNONAM": "Koreng LFR", "ANNOTYP": "(KU/6)", "AREA_HA": 70 }, "geometry": { "type": "Polygon", "coordinates": [ [ [ 34.116358, 1.508961 ], [ 34.117901, 1.501598 ], [ 34.112628, 1.498339 ], [ 34.109602, 1.506146 ], [ 34.109426, 1.507353 ], [ 34.116358, 1.508961 ] ] ] } },
{ "type": "Feature", "properties": { "AREA": 101550.6, "PERIMETER": 1278.854, "GAZALL_": 335, "GAZALL_ID": 323, "PSUBJ": 4020, "NAME": "Namasale", "FD_CODE": "LR/34", "FD_NAME": "Namasale", "GAZTYPE": "LFR", "COMMENT": null, "ANNONAM": "Namasale LFR", "ANNOTYP": "(LR/34)", "AREA_HA": 10 }, "geometry": { "type": "Polygon", "coordinates": [ [ [ 32.623117, 1.504606 ], [ 32.624744, 1.501979 ], [ 32.62217, 1.500606 ], [ 32.620777, 1.502667 ], [ 32.623117, 1.504606 ] ] ] } },
{ "type": "Feature", "properties": { "AREA": 86874.89, "PERIMETER": 1510.735, "GAZALL_": 336, "GAZALL_ID": 324, "PSUBJ": 4020, "NAME": "Kidetok", "FD_CODE": "SR/20", "FD_NAME": "Kidetok", "GAZTYPE": "LFR", "COMMENT": null, "ANNONAM": "Kidetok LFR", "ANNOTYP": "(SR/20)", "AREA_HA": 9 }, "geometry": { "type": "Polygon", "coordinates": [ [ [ 33.434997, 1.49714 ], [ 33.434954, 1.496285 ], [ 33.435433, 1.495279 ], [ 33.434946, 1.494688 ], [ 33.433729, 1.496035 ], [ 33.433776, 1.497057 ], [ 33.433755, 1.49714 ], [ 33.433405, 1.498498 ], [ 33.432541, 1.499738 ], [ 33.433245, 1.500384 ], [ 33.434472, 1.499875 ], [ 33.434999, 1.49718 ], [ 33.434997, 1.49714 ] ] ] } },
{ "type": "Feature", "properties": { "AREA": 126061.2, "PERIMETER": 2630.316, "GAZALL_": 339, "GAZALL_ID": 327, "PSUBJ": 4020, "NAME": "Kyere", "FD_CODE": "SR/21", "FD_NAME": "Kyere", "GAZTYPE": "LFR", "COMMENT": null, "ANNONAM": "Kyere LFR", "ANNOTYP": "(SR/21)", "AREA_HA": 13 }, "geometry": { "type": "Polygon", "coordinates": [ [ [ 33.600504, 1.489769 ], [ 33.60241, 1.488466 ], [ 33.599264, 1.48643 ], [ 33.597917, 1.483861 ], [ 33.597564, 1.483979 ], [ 33.596259, 1.48235 ], [ 33.594552, 1.481586 ], [ 33.59436, 1.481863 ], [ 33.598073, 1.485569 ], [ 33.600504, 1.489769 ] ] ] } },
{ "type": "Feature", "properties": { "AREA": 857536.3, "PERIMETER": 4779.264, "GAZALL_": 341, "GAZALL_ID": 329, "PSUBJ": 4020, "NAME": "Kaptokoi", "FD_CODE": "ML/4", "FD_NAME": "Kaptokoi", "GAZTYPE": "LFR", "COMMENT": null, "ANNONAM": "Kaptokoi LFR", "ANNOTYP": "(ML/4)", "AREA_HA": 86 }, "geometry": { "type": "Polygon", "coordinates": [ [ [ 34.391188, 1.48436 ], [ 34.401376, 1.473623 ], [ 34.403075, 1.470367 ], [ 34.400013, 1.468149 ], [ 34.389048, 1.482029 ], [ 34.391188, 1.48436 ] ] ] } },
{ "type": "Feature", "properties": { "AREA": 400679.7, "PERIMETER": 4959.247, "GAZALL_": 347, "GAZALL_ID": 335, "PSUBJ": 4020, "NAME": "Aburiburi", "FD_CODE": "KU/1", "FD_NAME": "Aburiburi", "GAZTYPE": "LFR", "COMMENT": null, "ANNONAM": "Aburiburi LFR", "ANNOTYP": "(KU/1)", "AREA_HA": 40 }, "geometry": { "type": "Polygon", "coordinates": [ [ [ 33.955035, 1.464033 ], [ 33.957827, 1.462813 ], [ 33.960067, 1.459921 ], [ 33.963816, 1.45668 ], [ 33.963605, 1.451144 ], [ 33.963216, 1.446243 ], [ 33.961666, 1.446363 ], [ 33.962652, 1.4504 ], [ 33.961772, 1.455253 ], [ 33.959183, 1.458785 ], [ 33.954351, 1.463603 ], [ 33.955035, 1.464033 ] ] ] } },
{ "type": "Feature", "properties": { "AREA": 853614.1, "PERIMETER": 3730.025, "GAZALL_": 350, "GAZALL_ID": 338, "PSUBJ": 4020, "NAME": "Amorokin", "FD_CODE": "SR/6", "FD_NAME": "Amorokin", "GAZTYPE": "LFR", "COMMENT": null, "ANNONAM": "Amorokin LFR", "ANNOTYP": "(SR/6)", "AREA_HA": 85 }, "geometry": { "type": "Polygon", "coordinates": [ [ [ 33.54959, 1.451277 ], [ 33.549557, 1.441227 ], [ 33.543991, 1.441783 ], [ 33.540732, 1.45012 ], [ 33.54772, 1.451627 ], [ 33.54959, 1.451277 ] ] ] } },
{ "type": "Feature", "properties": { "AREA": 48974.11, "PERIMETER": 1609.2, "GAZALL_": 351, "GAZALL_ID": 339, "PSUBJ": 4020, "NAME": "Hoima", "FD_CODE": "HO/4", "FD_NAME": "Hoima", "GAZTYPE": "LFR", "COMMENT": null, "ANNONAM": "Hoima LFR", "ANNOTYP": "(HO/4)", "AREA_HA": 5 }, "geometry": { "type": "Polygon", "coordinates": [ [ [ 31.338289, 1.446032 ], [ 31.338689, 1.446006 ], [ 31.338941, 1.446118 ], [ 31.34091, 1.445285 ], [ 31.342315, 1.444008 ], [ 31.343303, 1.443437 ], [ 31.343896, 1.443339 ], [ 31.344007, 1.442971 ], [ 31.343958, 1.44258 ], [ 31.343525, 1.442607 ], [ 31.343049, 1.443059 ], [ 31.342592, 1.443063 ], [ 31.341821, 1.44376 ], [ 31.340813, 1.444711 ], [ 31.339629, 1.445147 ], [ 31.338783, 1.444982 ], [ 31.338289, 1.446032 ] ] ] } },
{ "type": "Feature", "properties": { "AREA": 270825.4, "PERIMETER": 2969.104, "GAZALL_": 352, "GAZALL_ID": 340, "PSUBJ": 4020, "NAME": "Kijubya", "FD_CODE": "HO/8", "FD_NAME": "Kijubya", "GAZTYPE": "LFR", "COMMENT": null, "ANNONAM": "Kijubya LFR", "ANNOTYP": "(HO/8)", "AREA_HA": 27 }, "geometry": { "type": "Polygon", "coordinates": [ [ [ 31.303554, 1.435285 ], [ 31.30393, 1.435155 ], [ 31.304051, 1.434718 ], [ 31.304095, 1.433223 ], [ 31.303998, 1.432546 ], [ 31.303681, 1.43156 ], [ 31.304562, 1.431713 ], [ 31.305316, 1.431741 ], [ 31.305555, 1.431647 ], [ 31.304418, 1.429634 ], [ 31.304141, 1.427924 ], [ 31.303715, 1.426215 ], [ 31.303315, 1.424885 ], [ 31.302834, 1.42474 ], [ 31.302492, 1.424812 ], [ 31.302, 1.424701 ], [ 31.301578, 1.424785 ], [ 31.301481, 1.425384 ], [ 31.301847, 1.426806 ], [ 31.302229, 1.428665 ], [ 31.302177, 1.429274 ], [ 31.301623, 1.4299 ], [ 31.301148, 1.430444 ], [ 31.30106, 1.43087 ], [ 31.301408, 1.431465 ], [ 31.302285, 1.432515 ], [ 31.302942, 1.433256 ], [ 31.303009, 1.434301 ], [ 31.303209, 1.435012 ], [ 31.303554, 1.435285 ] ] ] } },
{ "type": "Feature", "properties": { "AREA": 1198740.0, "PERIMETER": 4678.099, "GAZALL_": 353, "GAZALL_ID": 341, "PSUBJ": 4020, "NAME": "Kidetok", "FD_CODE": "SR/20", "FD_NAME": "Kidetok", "GAZTYPE": "LFR", "COMMENT": null, "ANNONAM": "Kidetok LFR", "ANNOTYP": "(SR/20)", "AREA_HA": 120 }, "geometry": { "type": "Polygon", "coordinates": [ [ [ 33.485008, 1.432672 ], [ 33.490631, 1.435069 ], [ 33.491251, 1.432978 ], [ 33.490474, 1.429286 ], [ 33.490798, 1.427449 ], [ 33.488849, 1.424944 ], [ 33.489605, 1.422439 ], [ 33.486604, 1.419319 ], [ 33.480554, 1.42203 ], [ 33.485008, 1.432672 ] ] ] } },
{ "type": "Feature", "properties": { "AREA": 29663.52, "PERIMETER": 731.3454, "GAZALL_": 356, "GAZALL_ID": 344, "PSUBJ": 4020, "NAME": "Binyin", "FD_CODE": "KP/1", "FD_NAME": "Binyin", "GAZTYPE": "LFR", "COMMENT": null, "ANNONAM": "Binyin", "ANNOTYP": "(KP/1)", "AREA_HA": 3 }, "geometry": { "type": "Polygon", "coordinates": [ [ [ 34.534454, 1.416151 ], [ 34.53596, 1.416165 ], [ 34.535933, 1.415787 ], [ 34.536525, 1.415664 ], [ 34.536414, 1.414931 ], [ 34.534438, 1.414774 ], [ 34.534454, 1.416151 ] ] ] } },
{ "type": "Feature", "properties": { "AREA": 235492.4, "PERIMETER": 3203.149, "GAZALL_": 361, "GAZALL_ID": 349, "PSUBJ": 4020, "NAME": "Kamachya", "FD_CODE": "KU/5", "FD_NAME": "Kamachya", "GAZTYPE": "LFR", "COMMENT": null, "ANNONAM": "Kamachya LFR", "ANNOTYP": "(KU/5)", "AREA_HA": 24 }, "geometry": { "type": "Polygon", "coordinates": [ [ [ 34.008221, 1.334674 ], [ 34.00826, 1.337164 ], [ 34.008207, 1.33805 ], [ 34.008364, 1.339585 ], [ 34.009535, 1.339816 ], [ 34.00889, 1.326929 ], [ 34.007315, 1.326796 ], [ 34.007361, 1.334137 ], [ 34.008221, 1.334674 ] ] ] } },
{ "type": "Feature", "properties": { "AREA": 218112.9, "PERIMETER": 3214.734, "GAZALL_": 370, "GAZALL_ID": 356, "PSUBJ": 4020, "NAME": "Kachumbala", "FD_CODE": "KU/4", "FD_NAME": "Kachumbala", "GAZTYPE": "LFR", "COMMENT": null, "ANNONAM": "Kachumbala LFR", "ANNOTYP": "(KU/4)", "AREA_HA": 22 }, "geometry": { "type": "Polygon", "coordinates": [ [ [ 34.074615, 1.247162 ], [ 34.074563, 1.247241 ], [ 34.074492, 1.247339 ], [ 34.07444, 1.247408 ], [ 34.074375, 1.247486 ], [ 34.074317, 1.247577 ], [ 34.074372, 1.247681 ], [ 34.074461, 1.247832 ], [ 34.074539, 1.247971 ], [ 34.074606, 1.248041 ], [ 34.074831, 1.248251 ], [ 34.074932, 1.248299 ], [ 34.07508, 1.248347 ], [ 34.075182, 1.248372 ], [ 34.075296, 1.248408 ], [ 34.075377, 1.248318 ], [ 34.075459, 1.248181 ], [ 34.075506, 1.248113 ], [ 34.075692, 1.247898 ], [ 34.075727, 1.247875 ], [ 34.075854, 1.247751 ], [ 34.075981, 1.247615 ], [ 34.076098, 1.247503 ], [ 34.076225, 1.247401 ], [ 34.076375, 1.2473 ], [ 34.076455, 1.247233 ], [ 34.076515, 1.247162 ], [ 34.07699, 1.246781 ], [ 34.077501, 1.245898 ], [ 34.078122, 1.245474 ], [ 34.078542, 1.245216 ], [ 34.078981, 1.244922 ], [ 34.079152, 1.244798 ], [ 34.079529, 1.244609 ], [ 34.08015, 1.244516 ], [ 34.080589, 1.244442 ], [ 34.082791, 1.244054 ], [ 34.083648, 1.244021 ], [ 34.083976, 1.243938 ], [ 34.084827, 1.244034 ], [ 34.086112, 1.24402 ], [ 34.086384, 1.243892 ], [ 34.086436, 1.243758 ], [ 34.086513, 1.243202 ], [ 34.086384, 1.242973 ], [ 34.086199, 1.242887 ], [ 34.084135, 1.242885 ], [ 34.080607, 1.243081 ], [ 34.080314, 1.243173 ], [ 34.08004, 1.243192 ], [ 34.079876, 1.243246 ], [ 34.07962, 1.243247 ], [ 34.079346, 1.24332 ], [ 34.079108, 1.243394 ], [ 34.078798, 1.243486 ], [ 34.078378, 1.24367 ], [ 34.078012, 1.243818 ], [ 34.07761, 1.244021 ], [ 34.077263, 1.244242 ], [ 34.076952, 1.244444 ], [ 34.076514, 1.244812 ], [ 34.076167, 1.245107 ], [ 34.075893, 1.245346 ], [ 34.075619, 1.245641 ], [ 34.075345, 1.246009 ], [ 34.075071, 1.246432 ], [ 34.074749, 1.246928 ], [ 34.074615, 1.247162 ] ] ] } },
{ "type": "Feature", "properties": { "AREA": 902844.8, "PERIMETER": 4167.739, "GAZALL_": 372, "GAZALL_ID": 358, "PSUBJ": 4020, "NAME": "Oduarata", "FD_CODE": "PL/5", "FD_NAME": "Oduarata", "GAZTYPE": "LFR", "COMMENT": null, "ANNONAM": "Oduarata LFR", "ANNOTYP": "(PL/5)", "AREA_HA": 90 }, "geometry": { "type": "Polygon", "coordinates": [ [ [ 33.658153, 1.221992 ], [ 33.663186, 1.215679 ], [ 33.665282, 1.212821 ], [ 33.661417, 1.212099 ], [ 33.660141, 1.213523 ], [ 33.654648, 1.211713 ], [ 33.651438, 1.215702 ], [ 33.658153, 1.221992 ] ] ] } },
{ "type": "Feature", "properties": { "AREA": 162472.5, "PERIMETER": 2558.262, "GAZALL_": 376, "GAZALL_ID": 361, "PSUBJ": 4020, "NAME": "Mutufu", "FD_CODE": "ML/8", "FD_NAME": "Mutufu", "GAZTYPE": "LFR", "COMMENT": null, "ANNONAM": "Mutufu LFR", "ANNOTYP": "(ML/8)", "AREA_HA": 16 }, "geometry": { "type": "Polygon", "coordinates": [ [ [ 34.29496, 1.202429 ], [ 34.296302, 1.198356 ], [ 34.299771, 1.197471 ], [ 34.30039, 1.197596 ], [ 34.300554, 1.196605 ], [ 34.297738, 1.197557 ], [ 34.295495, 1.197924 ], [ 34.293298, 1.198381 ], [ 34.292265, 1.199344 ], [ 34.29297, 1.199801 ], [ 34.293128, 1.200339 ], [ 34.29349, 1.20201 ], [ 34.29496, 1.202429 ] ] ] } },
{ "type": "Feature", "properties": { "AREA": 82188.86, "PERIMETER": 1808.882, "GAZALL_": 381, "GAZALL_ID": 365, "PSUBJ": 4020, "NAME": "Nakiwondwe", "FD_CODE": "ML/9", "FD_NAME": "Nakiwondwe", "GAZTYPE": "LFR", "COMMENT": null, "ANNONAM": "Nakiwondwe LFR", "ANNOTYP": "(ML/9)", "AREA_HA": 8 }, "geometry": { "type": "Polygon", "coordinates": [ [ [ 34.337246, 1.173369 ], [ 34.337568, 1.172879 ], [ 34.337648, 1.172234 ], [ 34.338089, 1.171398 ], [ 34.338499, 1.170665 ], [ 34.338992, 1.169518 ], [ 34.339189, 1.169066 ], [ 34.340024, 1.168463 ], [ 34.340687, 1.167863 ], [ 34.340792, 1.16739 ], [ 34.340707, 1.167104 ], [ 34.340409, 1.16703 ], [ 34.339975, 1.167682 ], [ 34.339457, 1.168106 ], [ 34.33898, 1.168265 ], [ 34.338593, 1.168319 ], [ 34.338418, 1.168748 ], [ 34.338224, 1.169372 ], [ 34.337706, 1.169808 ], [ 34.337276, 1.170035 ], [ 34.337086, 1.170268 ], [ 34.336953, 1.171099 ], [ 34.336862, 1.171744 ], [ 34.336681, 1.17246 ], [ 34.336574, 1.172865 ], [ 34.336719, 1.173276 ], [ 34.337246, 1.173369 ] ] ] } },
{ "type": "Feature", "properties": { "AREA": 449176.5, "PERIMETER": 4822.285, "GAZALL_": 384, "GAZALL_ID": 366, "PSUBJ": 4020, "NAME": "Goligoli", "FD_CODE": "PL/1", "FD_NAME": "Goligoli", "GAZTYPE": "LFR", "COMMENT": null, "ANNONAM": "Goligoli LFR", "ANNOTYP": "(PL/1)", "AREA_HA": 45 }, "geometry": { "type": "Polygon", "coordinates": [ [ [ 33.83057, 1.158101 ], [ 33.831473, 1.157027 ], [ 33.830517, 1.156014 ], [ 33.830122, 1.154519 ], [ 33.828843, 1.152239 ], [ 33.82684, 1.14791 ], [ 33.822907, 1.143057 ], [ 33.821859, 1.140876 ], [ 33.821353, 1.140691 ], [ 33.820729, 1.140853 ], [ 33.820349, 1.141297 ], [ 33.820382, 1.141824 ], [ 33.821116, 1.142531 ], [ 33.821756, 1.143126 ], [ 33.821956, 1.143444 ], [ 33.822175, 1.144116 ], [ 33.822096, 1.147616 ], [ 33.823505, 1.147324 ], [ 33.824333, 1.148764 ], [ 33.825143, 1.149849 ], [ 33.826257, 1.151329 ], [ 33.827595, 1.153756 ], [ 33.828821, 1.155131 ], [ 33.82971, 1.156799 ], [ 33.83057, 1.158101 ] ] ] } },
{ "type": "Feature", "properties": { "AREA": 198920.6, "PERIMETER": 1874.273, "GAZALL_": 386, "GAZALL_ID": 368, "PSUBJ": 4020, "NAME": "Kolonyi", "FD_CODE": "ML/5", "FD_NAME": "Kolonyi", "GAZTYPE": "LFR", "COMMENT": null, "ANNONAM": "Kolonyi LFR", "ANNOTYP": "(ML/5)", "AREA_HA": 20 }, "geometry": { "type": "Polygon", "coordinates": [ [ [ 34.140914, 1.142235 ], [ 34.145312, 1.142573 ], [ 34.145907, 1.141034 ], [ 34.144929, 1.140608 ], [ 34.145222, 1.138823 ], [ 34.140628, 1.138891 ], [ 34.140914, 1.142235 ] ] ] } },
{ "type": "Feature", "properties": { "AREA": 932936.3, "PERIMETER": 9092.744, "GAZALL_": 391, "GAZALL_ID": 371, "PSUBJ": 4020, "NAME": "Lumoto", "FD_CODE": "PL/4", "FD_NAME": "Lumoto", "GAZTYPE": "LFR", "COMMENT": null, "ANNONAM": "Lumoto LFR", "ANNOTYP": "(PL/4)", "AREA_HA": 93 }, "geometry": { "type": "Polygon", "coordinates": [ [ [ 33.726248, 1.114685 ], [ 33.733527, 1.115005 ], [ 33.742147, 1.112385 ], [ 33.74383, 1.105003 ], [ 33.742231, 1.105367 ], [ 33.738875, 1.101382 ], [ 33.734176, 1.090774 ], [ 33.733967, 1.089298 ], [ 33.732614, 1.089966 ], [ 33.733594, 1.09304 ], [ 33.737682, 1.100255 ], [ 33.737573, 1.101773 ], [ 33.738553, 1.109313 ], [ 33.738427, 1.110212 ], [ 33.738214, 1.110815 ], [ 33.737865, 1.111456 ], [ 33.73362, 1.114199 ], [ 33.733149, 1.113627 ], [ 33.726021, 1.113865 ], [ 33.726248, 1.114685 ] ] ] } },
{ "type": "Feature", "properties": { "AREA": 129998.3, "PERIMETER": 1494.585, "GAZALL_": 394, "GAZALL_ID": 374, "PSUBJ": 4020, "NAME": "Jami", "FD_CODE": "PL/2", "FD_NAME": "Jami", "GAZTYPE": "LFR", "COMMENT": null, "ANNONAM": "Jami LFR", "ANNOTYP": "(PL/2)", "AREA_HA": 13 }, "geometry": { "type": "Polygon", "coordinates": [ [ [ 34.10983, 1.072183 ], [ 34.113239, 1.072107 ], [ 34.112495, 1.069795 ], [ 34.111749, 1.069548 ], [ 34.111331, 1.068662 ], [ 34.111005, 1.068348 ], [ 34.1105, 1.068199 ], [ 34.109399, 1.068441 ], [ 34.10983, 1.072183 ] ] ] } },
{ "type": "Feature", "properties": { "AREA": 295624.5, "PERIMETER": 2220.817, "GAZALL_": 395, "GAZALL_ID": 375, "PSUBJ": 4020, "NAME": "Kabuna", "FD_CODE": "PL/3", "FD_NAME": "Kabuna", "GAZTYPE": "LFR", "COMMENT": null, "ANNONAM": "Kabuna LFR", "ANNOTYP": "(PL/3)", "AREA_HA": 30 }, "geometry": { "type": "Polygon", "coordinates": [ [ [ 33.929528, 1.066515 ], [ 33.930155, 1.065878 ], [ 33.931858, 1.065407 ], [ 33.932961, 1.065201 ], [ 33.934101, 1.064524 ], [ 33.934973, 1.063622 ], [ 33.935482, 1.062786 ], [ 33.935605, 1.062084 ], [ 33.932063, 1.061365 ], [ 33.930327, 1.061331 ], [ 33.927922, 1.063801 ], [ 33.929528, 1.066515 ] ] ] } },
{ "type": "Feature", "properties": { "AREA": 188578.3, "PERIMETER": 2175.231, "GAZALL_": 402, "GAZALL_ID": 382, "PSUBJ": 4020, "NAME": "Bukigai", "FD_CODE": "ML/2", "FD_NAME": "Bukigai", "GAZTYPE": "LFR", "COMMENT": null, "ANNONAM": "Bukigai LFR", "ANNOTYP": "(ML/2)", "AREA_HA": 19 }, "geometry": { "type": "Polygon", "coordinates": [ [ [ 34.343715, 1.001832 ], [ 34.343727, 1.003152 ], [ 34.344631, 1.003215 ], [ 34.347392, 1.003643 ], [ 34.34821, 1.002144 ], [ 34.348685, 1.001858 ], [ 34.349892, 1.001685 ], [ 34.34919, 1.000124 ], [ 34.348684, 0.999973 ], [ 34.347035, 1.000339 ], [ 34.346877, 0.99986 ], [ 34.346835, 0.999002 ], [ 34.346719, 0.998939 ], [ 34.346498, 0.998939 ], [ 34.346393, 0.998984 ], [ 34.346256, 0.999642 ], [ 34.346102, 1.000038 ], [ 34.345992, 1.000123 ], [ 34.345797, 1.000091 ], [ 34.345557, 0.999784 ], [ 34.345382, 0.999784 ], [ 34.345115, 0.999947 ], [ 34.345031, 1.000097 ], [ 34.345071, 1.00028 ], [ 34.345311, 1.000587 ], [ 34.345402, 1.000809 ], [ 34.345362, 1.000966 ], [ 34.345259, 1.001103 ], [ 34.343715, 1.001832 ] ] ] } },
{ "type": "Feature", "properties": { "AREA": 49125.53, "PERIMETER": 880.866, "GAZALL_": 409, "GAZALL_ID": 387, "PSUBJ": 4020, "NAME": "Kamuli", "FD_CODE": "KM/4", "FD_NAME": "Kamuli", "GAZTYPE": "LFR", "COMMENT": null, "ANNONAM": "Kamuli LFR", "ANNOTYP": "(KM/4)", "AREA_HA": 5 }, "geometry": { "type": "Polygon", "coordinates": [ [ [ 33.117377, 0.96132 ], [ 33.118651, 0.959826 ], [ 33.117504, 0.958257 ], [ 33.117141, 0.958327 ], [ 33.116203, 0.959888 ], [ 33.117377, 0.96132 ] ] ] } },
{ "type": "Feature", "properties": { "AREA": 205389.1, "PERIMETER": 1928.886, "GAZALL_": 412, "GAZALL_ID": 390, "PSUBJ": 4020, "NAME": "Bubolo", "FD_CODE": "ML/1", "FD_NAME": "Bubolo", "GAZTYPE": "LFR", "COMMENT": null, "ANNONAM": "Bubolo LFR", "ANNOTYP": "(ML/1)", "AREA_HA": 21 }, "geometry": { "type": "Polygon", "coordinates": [ [ [ 34.274835, 0.948533 ], [ 34.274865, 0.945497 ], [ 34.275264, 0.944913 ], [ 34.274373, 0.941609 ], [ 34.272968, 0.941622 ], [ 34.272258, 0.942001 ], [ 34.272074, 0.942357 ], [ 34.271748, 0.945666 ], [ 34.271919, 0.946253 ], [ 34.274835, 0.948533 ] ] ] } },
{ "type": "Feature", "properties": { "AREA": 295540.9, "PERIMETER": 3540.662, "GAZALL_": 417, "GAZALL_ID": 394, "PSUBJ": 4020, "NAME": "Bunafu", "FD_CODE": "IG/6", "FD_NAME": "Bunafu", "GAZTYPE": "LFR", "COMMENT": null, "ANNONAM": "Bunafu LFR", "ANNOTYP": "(IG/6)", "AREA_HA": 30 }, "geometry": { "type": "Polygon", "coordinates": [ [ [ 33.32409, 0.927761 ], [ 33.324257, 0.92745 ], [ 33.324306, 0.926898 ], [ 33.324261, 0.926119 ], [ 33.324088, 0.925926 ], [ 33.323562, 0.925853 ], [ 33.32183, 0.925109 ], [ 33.321735, 0.924869 ], [ 33.321614, 0.923529 ], [ 33.320283, 0.922997 ], [ 33.318932, 0.922603 ], [ 33.318741, 0.923627 ], [ 33.318742, 0.924544 ], [ 33.318938, 0.925482 ], [ 33.319112, 0.925698 ], [ 33.319352, 0.925775 ], [ 33.320187, 0.925889 ], [ 33.322019, 0.926425 ], [ 33.322091, 0.926677 ], [ 33.321874, 0.927494 ], [ 33.321557, 0.929312 ], [ 33.320931, 0.930192 ], [ 33.320349, 0.931841 ], [ 33.320255, 0.932404 ], [ 33.320237, 0.933609 ], [ 33.320309, 0.933883 ], [ 33.320562, 0.934029 ], [ 33.320801, 0.933945 ], [ 33.320969, 0.933748 ], [ 33.321185, 0.932919 ], [ 33.321376, 0.932698 ], [ 33.322171, 0.9324 ], [ 33.322824, 0.931852 ], [ 33.323034, 0.931356 ], [ 33.323167, 0.930264 ], [ 33.323373, 0.929504 ], [ 33.322992, 0.929165 ], [ 33.322825, 0.92864 ], [ 33.32329, 0.927658 ], [ 33.323517, 0.927529 ], [ 33.32409, 0.927761 ] ] ] } },
{ "type": "Feature", "properties": { "AREA": 104033.2, "PERIMETER": 1543.184, "GAZALL_": 422, "GAZALL_ID": 399, "PSUBJ": 4020, "NAME": "Mafudu", "FD_CODE": "KM/6", "FD_NAME": "Mafudu", "GAZTYPE": "LFR", "COMMENT": null, "ANNONAM": "Mafudu LFR", "ANNOTYP": "(KM/6)", "AREA_HA": 10 }, "geometry": { "type": "Polygon", "coordinates": [ [ [ 33.219838, 0.920823 ], [ 33.217601, 0.921168 ], [ 33.216926, 0.9212 ], [ 33.216295, 0.921302 ], [ 33.215849, 0.92181 ], [ 33.215657, 0.922197 ], [ 33.2154, 0.922445 ], [ 33.21496, 0.922678 ], [ 33.21495, 0.923126 ], [ 33.215117, 0.923843 ], [ 33.215303, 0.924215 ], [ 33.215503, 0.924449 ], [ 33.215822, 0.924514 ], [ 33.2161, 0.92437 ], [ 33.216327, 0.923914 ], [ 33.2166, 0.92346 ], [ 33.216988, 0.923008 ], [ 33.217702, 0.922769 ], [ 33.218427, 0.922566 ], [ 33.218748, 0.922503 ], [ 33.219221, 0.922329 ], [ 33.219371, 0.921757 ], [ 33.219892, 0.921492 ], [ 33.219838, 0.920823 ] ] ] } },
{ "type": "Feature", "properties": { "AREA": 46851.87, "PERIMETER": 871.25, "GAZALL_": 428, "GAZALL_ID": 403, "PSUBJ": 4020, "NAME": "Namukonge", "FD_CODE": "KM/11", "FD_NAME": "Namukonge", "GAZTYPE": "LFR", "COMMENT": null, "ANNONAM": "Namukonge LFR", "ANNOTYP": "(KM/11)", "AREA_HA": 5 }, "geometry": { "type": "Polygon", "coordinates": [ [ [ 33.443502, 0.914985 ], [ 33.441004, 0.915835 ], [ 33.440848, 0.916078 ], [ 33.440809, 0.916583 ], [ 33.440916, 0.916812 ], [ 33.44141, 0.917103 ], [ 33.441913, 0.917222 ], [ 33.442935, 0.91684 ], [ 33.443103, 0.916643 ], [ 33.443498, 0.915536 ], [ 33.443502, 0.914985 ] ] ] } },
{ "type": "Feature", "properties": { "AREA": 110007.9, "PERIMETER": 1603.984, "GAZALL_": 430, "GAZALL_ID": 405, "PSUBJ": 4020, "NAME": "Kidiki", "FD_CODE": "KM/5", "FD_NAME": "Kidiki", "GAZTYPE": "LFR", "COMMENT": null, "ANNONAM": "Kidiki LFR", "ANNOTYP": "(KM/5)", "AREA_HA": 11 }, "geometry": { "type": "Polygon", "coordinates": [ [ [ 33.29536, 0.907953 ], [ 33.295155, 0.907956 ], [ 33.294042, 0.909153 ], [ 33.293781, 0.909271 ], [ 33.29328, 0.909301 ], [ 33.292731, 0.909194 ], [ 33.292086, 0.908733 ], [ 33.291538, 0.908695 ], [ 33.291265, 0.908767 ], [ 33.291039, 0.908931 ], [ 33.290732, 0.90975 ], [ 33.290705, 0.910324 ], [ 33.290834, 0.910609 ], [ 33.292529, 0.911032 ], [ 33.29304, 0.910888 ], [ 33.293707, 0.910454 ], [ 33.295378, 0.910086 ], [ 33.29588, 0.910102 ], [ 33.296013, 0.909836 ], [ 33.295948, 0.909298 ], [ 33.295617, 0.908408 ], [ 33.29536, 0.907953 ] ] ] } },
{ "type": "Feature", "properties": { "AREA": 190395.7, "PERIMETER": 1912.553, "GAZALL_": 435, "GAZALL_ID": 410, "PSUBJ": 4020, "NAME": "Makoka", "FD_CODE": "KM/7", "FD_NAME": "Makoka", "GAZTYPE": "LFR", "COMMENT": null, "ANNONAM": "Makoka LFR", "ANNOTYP": "(KM/7)", "AREA_HA": 19 }, "geometry": { "type": "Polygon", "coordinates": [ [ [ 33.247588, 0.889844 ], [ 33.250113, 0.88634 ], [ 33.249129, 0.885874 ], [ 33.248671, 0.885877 ], [ 33.247286, 0.886507 ], [ 33.245042, 0.887177 ], [ 33.244465, 0.887396 ], [ 33.24402, 0.887836 ], [ 33.243809, 0.888096 ], [ 33.24323, 0.889419 ], [ 33.243523, 0.889632 ], [ 33.244849, 0.889647 ], [ 33.2454, 0.88952 ], [ 33.246107, 0.88957 ], [ 33.247131, 0.889823 ], [ 33.247588, 0.889844 ] ] ] } },
{ "type": "Feature", "properties": { "AREA": 155803.0, "PERIMETER": 1705.569, "GAZALL_": 445, "GAZALL_ID": 419, "PSUBJ": 4020, "NAME": "Kanginima", "FD_CODE": "TR/2", "FD_NAME": "Kanginima", "GAZTYPE": "LFR", "COMMENT": null, "ANNONAM": "Kanginima LFR", "ANNOTYP": "(TR/2)", "AREA_HA": 16 }, "geometry": { "type": "Polygon", "coordinates": [ [ [ 34.117397, 0.861151 ], [ 34.117838, 0.860812 ], [ 34.118256, 0.860371 ], [ 34.118835, 0.860088 ], [ 34.119748, 0.8601 ], [ 34.120216, 0.860082 ], [ 34.120557, 0.859906 ], [ 34.120563, 0.859481 ], [ 34.120376, 0.859081 ], [ 34.120303, 0.858714 ], [ 34.120491, 0.858218 ], [ 34.120658, 0.857848 ], [ 34.120344, 0.85737 ], [ 34.12001, 0.857064 ], [ 34.119655, 0.856976 ], [ 34.119211, 0.857097 ], [ 34.118487, 0.857714 ], [ 34.117192, 0.858247 ], [ 34.116338, 0.85843 ], [ 34.115336, 0.858706 ], [ 34.115228, 0.859202 ], [ 34.11552, 0.859749 ], [ 34.116221, 0.860109 ], [ 34.116834, 0.860767 ], [ 34.117121, 0.860994 ], [ 34.117397, 0.861151 ] ] ] } },
{ "type": "Feature", "properties": { "AREA": 83293.98, "PERIMETER": 1204.394, "GAZALL_": 450, "GAZALL_ID": 423, "PSUBJ": 4020, "NAME": "Busumbu", "FD_CODE": "ML/3", "FD_NAME": "Busumbu", "GAZTYPE": "LFR", "COMMENT": null, "ANNONAM": "Busumbu LFR", "ANNOTYP": "(ML/3)", "AREA_HA": 8 }, "geometry": { "type": "Polygon", "coordinates": [ [ [ 34.273912, 0.845249 ], [ 34.275525, 0.845735 ], [ 34.275961, 0.845275 ], [ 34.275973, 0.844908 ], [ 34.275185, 0.843665 ], [ 34.275461, 0.842597 ], [ 34.274741, 0.841894 ], [ 34.273574, 0.841915 ], [ 34.27339, 0.842501 ], [ 34.273355, 0.84303 ], [ 34.273912, 0.845249 ] ] ] } },
{ "type": "Feature", "properties": { "AREA": 320553.3, "PERIMETER": 2930.815, "GAZALL_": 451, "GAZALL_ID": 424, "PSUBJ": 4020, "NAME": "Mbulamuti", "FD_CODE": "KM/8", "FD_NAME": "Mbulamuti", "GAZTYPE": "LFR", "COMMENT": null, "ANNONAM": "Mbulamuti LFR", "ANNOTYP": "(KM/8)", "AREA_HA": 32 }, "geometry": { "type": "Polygon", "coordinates": [ [ [ 33.061107, 0.834271 ], [ 33.061049, 0.834283 ], [ 33.060766, 0.834206 ], [ 33.060321, 0.834174 ], [ 33.059623, 0.834182 ], [ 33.059275, 0.834416 ], [ 33.059008, 0.835101 ], [ 33.058736, 0.836005 ], [ 33.058587, 0.837037 ], [ 33.058547, 0.837795 ], [ 33.058884, 0.838032 ], [ 33.059119, 0.838268 ], [ 33.059424, 0.838918 ], [ 33.059564, 0.839289 ], [ 33.059931, 0.839757 ], [ 33.060561, 0.840207 ], [ 33.063595, 0.840984 ], [ 33.064592, 0.841419 ], [ 33.065852, 0.841802 ], [ 33.06704, 0.842333 ], [ 33.067238, 0.842195 ], [ 33.067179, 0.841749 ], [ 33.066519, 0.841126 ], [ 33.066, 0.840804 ], [ 33.065765, 0.840604 ], [ 33.064234, 0.839065 ], [ 33.064023, 0.838784 ], [ 33.063128, 0.837902 ], [ 33.062589, 0.837477 ], [ 33.062354, 0.837254 ], [ 33.061183, 0.836481 ], [ 33.061127, 0.835939 ], [ 33.061238, 0.83455 ], [ 33.061107, 0.834271 ] ] ] } },
{ "type": "Feature", "properties": { "AREA": 271183.0, "PERIMETER": 2324.43, "GAZALL_": 452, "GAZALL_ID": 425, "PSUBJ": 4020, "NAME": "Buwola", "FD_CODE": "IG/8", "FD_NAME": "Buwola", "GAZTYPE": "LFR", "COMMENT": null, "ANNONAM": "Buwola LFR", "ANNOTYP": "(IG/8)", "AREA_HA": 27 }, "geometry": { "type": "Polygon", "coordinates": [ [ [ 33.766879, 0.834756 ], [ 33.767345, 0.828878 ], [ 33.765054, 0.828119 ], [ 33.764363, 0.827977 ], [ 33.76308, 0.827851 ], [ 33.762978, 0.828659 ], [ 33.763802, 0.828737 ], [ 33.763459, 0.834266 ], [ 33.763776, 0.834228 ], [ 33.764392, 0.834212 ], [ 33.765048, 0.834344 ], [ 33.765949, 0.834614 ], [ 33.766879, 0.834756 ] ] ] } },
{ "type": "Feature", "properties": { "AREA": 97066.91, "PERIMETER": 1248.049, "GAZALL_": 456, "GAZALL_ID": 429, "PSUBJ": 4020, "NAME": "Nsinze (North & South)", "FD_CODE": "IG/17", "FD_NAME": "Nsinze (North & South)", "GAZTYPE": "LFR", "COMMENT": null, "ANNONAM": "Nsinze (North & South) LFR", "ANNOTYP": "(IG/17)", "AREA_HA": 10 }, "geometry": { "type": "Polygon", "coordinates": [ [ [ 33.613118, 0.828759 ], [ 33.615775, 0.828493 ], [ 33.615407, 0.825666 ], [ 33.612565, 0.825936 ], [ 33.613118, 0.828759 ] ] ] } },
{ "type": "Feature", "properties": { "AREA": 123081.3, "PERIMETER": 1426.931, "GAZALL_": 457, "GAZALL_ID": 430, "PSUBJ": 4020, "NAME": "Nawaikona", "FD_CODE": "IG/16", "FD_NAME": "Nawaikona", "GAZTYPE": "LFR", "COMMENT": null, "ANNONAM": "Nawaikona LFR", "ANNOTYP": "(IG/16)", "AREA_HA": 12 }, "geometry": { "type": "Polygon", "coordinates": [ [ [ 33.655511, 0.824829 ], [ 33.658577, 0.824845 ], [ 33.657923, 0.821129 ], [ 33.655589, 0.82113 ], [ 33.655511, 0.824829 ] ] ] } },
{ "type": "Feature", "properties": { "AREA": 31055.99, "PERIMETER": 740.5107, "GAZALL_": 458, "GAZALL_ID": 431, "PSUBJ": 4020, "NAME": "Nsinze (North & South)", "FD_CODE": "IG/17", "FD_NAME": "Nsinze (North & South)", "GAZTYPE": "LFR", "COMMENT": null, "ANNONAM": "Nsinze (North & South) LFR", "ANNOTYP": "(IG/17)", "AREA_HA": 3 }, "geometry": { "type": "Polygon", "coordinates": [ [ [ 33.606663, 0.823288 ], [ 33.607816, 0.823917 ], [ 33.60805, 0.821595 ], [ 33.606821, 0.821493 ], [ 33.606663, 0.823288 ] ] ] } },
{ "type": "Feature", "properties": { "AREA": 54914.82, "PERIMETER": 1019.435, "GAZALL_": 463, "GAZALL_ID": 434, "PSUBJ": 4020, "NAME": "Bulyabwita", "FD_CODE": "IG/5", "FD_NAME": "Bulyabwita", "GAZTYPE": "LFR", "COMMENT": null, "ANNONAM": "Bulyabwita LFR", "ANNOTYP": "(IG/5)", "AREA_HA": 5 }, "geometry": { "type": "Polygon", "coordinates": [ [ [ 33.692344, 0.799407 ], [ 33.695419, 0.799778 ], [ 33.69471, 0.797881 ], [ 33.691896, 0.798276 ], [ 33.692344, 0.799407 ] ] ] } },
{ "type": "Feature", "properties": { "AREA": 14548.5, "PERIMETER": 553.0349, "GAZALL_": 471, "GAZALL_ID": 441, "PSUBJ": 4020, "NAME": "Kibale", "FD_CODE": "KI/7", "FD_NAME": "Kibale", "GAZTYPE": "LFR", "COMMENT": null, "ANNONAM": "Kibale LFR", "ANNOTYP": "(KI/7)", "AREA_HA": 1 }, "geometry": { "type": "Polygon", "coordinates": [ [ [ 31.079975, 0.784576 ], [ 31.080507, 0.784189 ], [ 31.079817, 0.783017 ], [ 31.07887, 0.783077 ], [ 31.079037, 0.783602 ], [ 31.079461, 0.783676 ], [ 31.079975, 0.784576 ] ] ] } },
{ "type": "Feature", "properties": { "AREA": 258416.6, "PERIMETER": 2366.493, "GAZALL_": 472, "GAZALL_ID": 442, "PSUBJ": 4020, "NAME": "Kakumiro", "FD_CODE": "KI/4", "FD_NAME": "Kakumiro", "GAZTYPE": "LFR", "COMMENT": null, "ANNONAM": "Kakumiro LFR", "ANNOTYP": "(KI/4)", "AREA_HA": 26 }, "geometry": { "type": "Polygon", "coordinates": [ [ [ 31.331536, 0.780649 ], [ 31.334634, 0.779415 ], [ 31.334146, 0.778485 ], [ 31.33258, 0.778362 ], [ 31.330134, 0.776111 ], [ 31.326472, 0.775119 ], [ 31.329016, 0.780192 ], [ 31.331536, 0.780649 ] ] ] } },
{ "type": "Feature", "properties": { "AREA": 1068056.0, "PERIMETER": 4737.21, "GAZALL_": 482, "GAZALL_ID": 452, "PSUBJ": 4020, "NAME": "Mataa", "FD_CODE": "BN/3", "FD_NAME": "Mataa", "GAZTYPE": "CFR", "COMMENT": null, "ANNONAM": "Mataa CFR", "ANNOTYP": "(BN/3)", "AREA_HA": 107 }, "geometry": { "type": "Polygon", "coordinates": [ [ [ 30.049719, 0.711124 ], [ 30.050412, 0.71011 ], [ 30.049828, 0.708684 ], [ 30.049453, 0.708068 ], [ 30.049186, 0.707786 ], [ 30.048659, 0.707339 ], [ 30.048356, 0.707125 ], [ 30.047431, 0.706623 ], [ 30.047067, 0.706581 ], [ 30.046698, 0.706745 ], [ 30.046419, 0.706958 ], [ 30.045872, 0.707428 ], [ 30.044594, 0.708963 ], [ 30.044295, 0.70906 ], [ 30.04392, 0.708982 ], [ 30.043392, 0.708604 ], [ 30.043076, 0.708436 ], [ 30.042756, 0.708452 ], [ 30.042489, 0.708676 ], [ 30.041987, 0.709171 ], [ 30.041721, 0.709314 ], [ 30.0411, 0.709542 ], [ 30.040521, 0.709897 ], [ 30.039932, 0.710195 ], [ 30.039634, 0.710246 ], [ 30.039569, 0.710623 ], [ 30.039584, 0.71098 ], [ 30.039634, 0.711302 ], [ 30.039626, 0.711646 ], [ 30.039561, 0.712024 ], [ 30.039209, 0.713475 ], [ 30.039077, 0.713759 ], [ 30.038555, 0.714655 ], [ 30.038367, 0.714904 ], [ 30.037842, 0.715386 ], [ 30.037297, 0.715765 ], [ 30.037086, 0.716024 ], [ 30.037067, 0.716357 ], [ 30.037289, 0.716626 ], [ 30.037548, 0.716792 ], [ 30.037772, 0.717027 ], [ 30.03789, 0.717328 ], [ 30.037844, 0.718383 ], [ 30.037963, 0.718673 ], [ 30.03821, 0.718873 ], [ 30.03852, 0.718788 ], [ 30.038809, 0.718634 ], [ 30.03914, 0.718618 ], [ 30.039736, 0.718842 ], [ 30.040046, 0.718959 ], [ 30.04122, 0.719501 ], [ 30.04182, 0.719732 ], [ 30.042116, 0.719796 ], [ 30.042327, 0.719513 ], [ 30.04285, 0.719111 ], [ 30.04344, 0.718733 ], [ 30.043663, 0.718485 ], [ 30.043942, 0.71825 ], [ 30.044263, 0.718177 ], [ 30.044574, 0.718046 ], [ 30.044663, 0.717668 ], [ 30.044625, 0.717311 ], [ 30.044613, 0.716289 ], [ 30.044689, 0.715969 ], [ 30.045398, 0.714354 ], [ 30.045788, 0.713777 ], [ 30.04629, 0.713282 ], [ 30.046502, 0.712988 ], [ 30.046822, 0.712421 ], [ 30.047011, 0.712161 ], [ 30.047255, 0.711982 ], [ 30.047588, 0.711886 ], [ 30.048249, 0.711912 ], [ 30.048579, 0.711953 ], [ 30.048886, 0.712006 ], [ 30.049056, 0.712078 ], [ 30.049719, 0.711124 ] ] ] } },
{ "type": "Feature", "properties": { "AREA": 81455510.0, "PERIMETER": 86917.18, "GAZALL_": 485, "GAZALL_ID": 455, "PSUBJ": 4020, "NAME": "Namwasa", "FD_CODE": "MD/22", "FD_NAME": "Namwasa", "GAZTYPE": "CFR", "COMMENT": null, "ANNONAM": "Namwasa CFR", "ANNOTYP": "(MD/22)", "AREA_HA": 8146 }, "geometry": { "type": "Polygon", "coordinates": [ [ [ 31.745169, 0.609238 ], [ 31.745479, 0.608147 ], [ 31.74715, 0.602252 ], [ 31.745618, 0.588405 ], [ 31.727632, 0.602983 ], [ 31.726932, 0.608865 ], [ 31.726861, 0.609465 ], [ 31.72412, 0.63252 ], [ 31.702571, 0.621835 ], [ 31.700294, 0.624722 ], [ 31.694268, 0.632362 ], [ 31.674942, 0.627258 ], [ 31.659369, 0.623144 ], [ 31.65323, 0.621522 ], [ 31.650698, 0.622449 ], [ 31.629852, 0.630074 ], [ 31.615352, 0.628623 ], [ 31.61509, 0.62874 ], [ 31.617378, 0.634153 ], [ 31.627176, 0.633655 ], [ 31.630644, 0.633909 ], [ 31.630918, 0.63385 ], [ 31.634633, 0.642314 ], [ 31.636026, 0.643811 ], [ 31.638746, 0.652258 ], [ 31.620241, 0.646865 ], [ 31.615233, 0.652335 ], [ 31.614868, 0.658538 ], [ 31.614512, 0.664575 ], [ 31.610468, 0.664557 ], [ 31.603624, 0.664527 ], [ 31.602698, 0.662866 ], [ 31.60424, 0.648471 ], [ 31.589084, 0.646369 ], [ 31.588592, 0.646372 ], [ 31.59033, 0.63922 ], [ 31.607947, 0.636454 ], [ 31.609278, 0.631892 ], [ 31.599266, 0.631046 ], [ 31.600147, 0.636388 ], [ 31.599452, 0.636795 ], [ 31.596774, 0.636604 ], [ 31.596077, 0.636678 ], [ 31.595937, 0.636138 ], [ 31.592079, 0.635656 ], [ 31.591291, 0.63573 ], [ 31.57954, 0.640127 ], [ 31.57937, 0.640415 ], [ 31.579338, 0.640513 ], [ 31.57851, 0.644557 ], [ 31.57802, 0.645529 ], [ 31.577808, 0.646416 ], [ 31.577285, 0.646833 ], [ 31.577034, 0.646996 ], [ 31.576829, 0.647193 ], [ 31.576556, 0.647378 ], [ 31.576306, 0.647529 ], [ 31.57569, 0.647775 ], [ 31.574892, 0.648228 ], [ 31.574733, 0.648447 ], [ 31.574621, 0.64877 ], [ 31.574591, 0.649391 ], [ 31.57465, 0.64969 ], [ 31.574887, 0.650004 ], [ 31.574962, 0.650194 ], [ 31.574987, 0.650493 ], [ 31.575092, 0.650757 ], [ 31.575474, 0.651525 ], [ 31.575925, 0.652315 ], [ 31.576438, 0.653727 ], [ 31.577571, 0.657445 ], [ 31.577807, 0.658479 ], [ 31.577855, 0.658812 ], [ 31.577824, 0.659375 ], [ 31.578038, 0.660685 ], [ 31.578102, 0.661685 ], [ 31.578245, 0.662512 ], [ 31.57825, 0.665076 ], [ 31.578428, 0.666156 ], [ 31.578465, 0.666524 ], [ 31.578481, 0.667202 ], [ 31.578659, 0.668213 ], [ 31.578928, 0.669131 ], [ 31.579095, 0.670131 ], [ 31.579077, 0.670867 ], [ 31.579044, 0.671143 ], [ 31.578888, 0.671696 ], [ 31.578835, 0.672409 ], [ 31.578737, 0.673123 ], [ 31.578187, 0.674713 ], [ 31.578155, 0.675058 ], [ 31.578139, 0.676139 ], [ 31.577983, 0.676842 ], [ 31.577908, 0.677532 ], [ 31.577819, 0.677935 ], [ 31.577769, 0.679005 ], [ 31.577603, 0.67996 ], [ 31.577542, 0.68103 ], [ 31.577432, 0.681663 ], [ 31.577208, 0.682504 ], [ 31.576949, 0.683139 ], [ 31.576928, 0.683427 ], [ 31.57693, 0.683726 ], [ 31.577049, 0.684345 ], [ 31.577161, 0.685747 ], [ 31.577407, 0.686654 ], [ 31.577585, 0.687585 ], [ 31.577877, 0.68856 ], [ 31.578133, 0.689226 ], [ 31.578447, 0.69004 ], [ 31.578623, 0.690683 ], [ 31.579059, 0.690551 ], [ 31.601473, 0.683744 ], [ 31.604666, 0.687531 ], [ 31.605681, 0.688813 ], [ 31.606017, 0.689443 ], [ 31.606204, 0.690074 ], [ 31.606366, 0.690349 ], [ 31.606471, 0.69067 ], [ 31.606633, 0.690945 ], [ 31.607145, 0.692311 ], [ 31.607364, 0.692608 ], [ 31.607549, 0.692941 ], [ 31.607825, 0.693215 ], [ 31.607936, 0.693401 ], [ 31.60845, 0.694269 ], [ 31.605885, 0.697344 ], [ 31.606509, 0.703798 ], [ 31.606548, 0.704205 ], [ 31.606682, 0.70559 ], [ 31.606952, 0.708388 ], [ 31.613556, 0.716177 ], [ 31.61932, 0.716187 ], [ 31.622123, 0.718033 ], [ 31.623286, 0.717554 ], [ 31.623794, 0.712963 ], [ 31.631211, 0.710387 ], [ 31.628479, 0.70363 ], [ 31.626857, 0.703928 ], [ 31.62666, 0.701733 ], [ 31.619351, 0.701652 ], [ 31.622062, 0.694621 ], [ 31.616894, 0.693055 ], [ 31.61661, 0.691105 ], [ 31.615002, 0.680061 ], [ 31.619236, 0.678712 ], [ 31.626705, 0.685876 ], [ 31.626945, 0.685748 ], [ 31.627184, 0.685574 ], [ 31.627469, 0.685445 ], [ 31.628005, 0.685269 ], [ 31.628314, 0.685198 ], [ 31.629009, 0.684884 ], [ 31.62934, 0.684778 ], [ 31.629717, 0.684707 ], [ 31.630392, 0.684645 ], [ 31.631569, 0.684626 ], [ 31.633982, 0.679241 ], [ 31.65838, 0.649996 ], [ 31.658678, 0.650052 ], [ 31.658964, 0.650153 ], [ 31.661097, 0.651048 ], [ 31.661395, 0.651127 ], [ 31.662117, 0.651237 ], [ 31.662495, 0.65135 ], [ 31.662861, 0.651394 ], [ 31.663468, 0.651585 ], [ 31.664133, 0.651742 ], [ 31.66451, 0.651763 ], [ 31.664899, 0.651738 ], [ 31.665287, 0.651666 ], [ 31.665698, 0.651537 ], [ 31.666121, 0.651442 ], [ 31.666567, 0.651382 ], [ 31.667355, 0.651331 ], [ 31.668052, 0.651235 ], [ 31.669036, 0.651263 ], [ 31.669723, 0.651316 ], [ 31.670031, 0.651292 ], [ 31.67013, 0.647151 ], [ 31.685669, 0.651768 ], [ 31.687738, 0.656849 ], [ 31.694497, 0.667292 ], [ 31.716632, 0.664484 ], [ 31.717257, 0.662181 ], [ 31.722952, 0.65681 ], [ 31.725315, 0.650851 ], [ 31.729192, 0.65241 ], [ 31.740464, 0.656942 ], [ 31.741941, 0.620624 ], [ 31.745169, 0.609238 ] ] ] } },
{ "type": "Feature", "properties": { "AREA": 955161.4, "PERIMETER": 7539.756, "GAZALL_": 486, "GAZALL_ID": 456, "PSUBJ": 4020, "NAME": "Tororo", "FD_CODE": "TR/10", "FD_NAME": "Tororo", "GAZTYPE": "CFR", "COMMENT": null, "ANNONAM": "Tororo CFR", "ANNOTYP": "(TR/10)", "AREA_HA": 96 }, "geometry": { "type": "Polygon", "coordinates": [ [ [ 34.161891, 0.70372 ], [ 34.161419, 0.703576 ], [ 34.160771, 0.703449 ], [ 34.160498, 0.703432 ], [ 34.1602, 0.703461 ], [ 34.159957, 0.703651 ], [ 34.159946, 0.704202 ], [ 34.160044, 0.704456 ], [ 34.160411, 0.704933 ], [ 34.16086, 0.705367 ], [ 34.161142, 0.705521 ], [ 34.162025, 0.705859 ], [ 34.162796, 0.706103 ], [ 34.163374, 0.706321 ], [ 34.164385, 0.706547 ], [ 34.164727, 0.706553 ], [ 34.165745, 0.706389 ], [ 34.165995, 0.706313 ], [ 34.166376, 0.706195 ], [ 34.166753, 0.706179 ], [ 34.167104, 0.706323 ], [ 34.168117, 0.707054 ], [ 34.168353, 0.707208 ], [ 34.168613, 0.707328 ], [ 34.16892, 0.707391 ], [ 34.169239, 0.707397 ], [ 34.170602, 0.707148 ], [ 34.171025, 0.707121 ], [ 34.171365, 0.707197 ], [ 34.171602, 0.707327 ], [ 34.1723, 0.707811 ], [ 34.174098, 0.70983 ], [ 34.174625, 0.710333 ], [ 34.175875, 0.71116 ], [ 34.17656, 0.711747 ], [ 34.17675, 0.711957 ], [ 34.177316, 0.712725 ], [ 34.177504, 0.713062 ], [ 34.177918, 0.713483 ], [ 34.178378, 0.713893 ], [ 34.178584, 0.714045 ], [ 34.178839, 0.714235 ], [ 34.179087, 0.714377 ], [ 34.180319, 0.714963 ], [ 34.180907, 0.715272 ], [ 34.18119, 0.715381 ], [ 34.182041, 0.715626 ], [ 34.182291, 0.715666 ], [ 34.182263, 0.715355 ], [ 34.182093, 0.714664 ], [ 34.181881, 0.714419 ], [ 34.181583, 0.714528 ], [ 34.181286, 0.714545 ], [ 34.180636, 0.71451 ], [ 34.180318, 0.714423 ], [ 34.179753, 0.714149 ], [ 34.179617, 0.714033 ], [ 34.179518, 0.713949 ], [ 34.179115, 0.71354 ], [ 34.178793, 0.71304 ], [ 34.17818, 0.712317 ], [ 34.177735, 0.711712 ], [ 34.177376, 0.710799 ], [ 34.177057, 0.710173 ], [ 34.176983, 0.709897 ], [ 34.177136, 0.709636 ], [ 34.177558, 0.709082 ], [ 34.177688, 0.708797 ], [ 34.177991, 0.707908 ], [ 34.178144, 0.707636 ], [ 34.178365, 0.707433 ], [ 34.178607, 0.707278 ], [ 34.179194, 0.707013 ], [ 34.179563, 0.706814 ], [ 34.180383, 0.706313 ], [ 34.180671, 0.706124 ], [ 34.180893, 0.705853 ], [ 34.181209, 0.704872 ], [ 34.181358, 0.704255 ], [ 34.181654, 0.703687 ], [ 34.181869, 0.703186 ], [ 34.181863, 0.7029 ], [ 34.181812, 0.702577 ], [ 34.181552, 0.702469 ], [ 34.181277, 0.702521 ], [ 34.180989, 0.702619 ], [ 34.180139, 0.70297 ], [ 34.179387, 0.703483 ], [ 34.178833, 0.703828 ], [ 34.178488, 0.704005 ], [ 34.177912, 0.704247 ], [ 34.177557, 0.704343 ], [ 34.176836, 0.704456 ], [ 34.173676, 0.704498 ], [ 34.171803, 0.7046 ], [ 34.170809, 0.704685 ], [ 34.170307, 0.704687 ], [ 34.168793, 0.704486 ], [ 34.166452, 0.704039 ], [ 34.165847, 0.704028 ], [ 34.16385, 0.704093 ], [ 34.163212, 0.704035 ], [ 34.162621, 0.703943 ], [ 34.161891, 0.70372 ] ] ] } },
{ "type": "Feature", "properties": { "AREA": 21419.73, "PERIMETER": 594.7322, "GAZALL_": 501, "GAZALL_ID": 0, "PSUBJ": 0, "NAME": null, "FD_CODE": null, "FD_NAME": null, "GAZTYPE": null, "COMMENT": null, "ANNONAM": null, "ANNOTYP": null, "AREA_HA": 2 }, "geometry": { "type": "Polygon", "coordinates": [ [ [ 32.088138, 0.682713 ], [ 32.088652, 0.681176 ], [ 32.087156, 0.681097 ], [ 32.087147, 0.682247 ], [ 32.088138, 0.682713 ] ] ] } },
{ "type": "Feature", "properties": { "AREA": 84009.14, "PERIMETER": 1202.125, "GAZALL_": 512, "GAZALL_ID": 479, "PSUBJ": 4020, "NAME": "Fort Portal", "FD_CODE": "KA/4", "FD_NAME": "Fort Portal", "GAZTYPE": "CFR", "COMMENT": null, "ANNONAM": "Fort Portal CFR", "ANNOTYP": "(KA/4)", "AREA_HA": 8 }, "geometry": { "type": "Polygon", "coordinates": [ [ [ 30.281699, 0.65763 ], [ 30.281795, 0.657389 ], [ 30.282276, 0.657149 ], [ 30.28222, 0.656884 ], [ 30.282106, 0.656653 ], [ 30.281935, 0.6564 ], [ 30.281592, 0.65648 ], [ 30.281363, 0.656605 ], [ 30.280197, 0.656902 ], [ 30.279579, 0.657004 ], [ 30.279282, 0.657004 ], [ 30.279031, 0.656945 ], [ 30.27879, 0.657037 ], [ 30.278675, 0.657267 ], [ 30.27864, 0.657589 ], [ 30.278742, 0.657923 ], [ 30.27899, 0.659051 ], [ 30.279081, 0.659293 ], [ 30.279321, 0.65942 ], [ 30.279606, 0.659363 ], [ 30.280464, 0.659112 ], [ 30.280693, 0.659009 ], [ 30.281621, 0.658344 ], [ 30.281713, 0.658217 ], [ 30.281707, 0.657964 ], [ 30.281699, 0.65763 ] ] ] } },
{ "type": "Feature", "properties": { "AREA": 227536.1, "PERIMETER": 2294.809, "GAZALL_": 514, "GAZALL_ID": 481, "PSUBJ": 4020, "NAME": "Iziru", "FD_CODE": "JJ/4", "FD_NAME": "Iziru (part)", "GAZTYPE": "CFR", "COMMENT": null, "ANNONAM": "Iziru CFR", "ANNOTYP": "(JJ/4)", "AREA_HA": 23 }, "geometry": { "type": "Polygon", "coordinates": [ [ [ 33.280924, 0.658256 ], [ 33.283571, 0.656145 ], [ 33.28344, 0.655318 ], [ 33.283732, 0.654722 ], [ 33.283698, 0.654331 ], [ 33.283046, 0.653959 ], [ 33.281912, 0.653565 ], [ 33.281706, 0.654758 ], [ 33.281041, 0.654766 ], [ 33.279738, 0.654446 ], [ 33.278649, 0.654017 ], [ 33.27764, 0.653171 ], [ 33.276437, 0.654369 ], [ 33.277977, 0.656122 ], [ 33.279672, 0.656902 ], [ 33.280808, 0.658194 ], [ 33.280924, 0.658256 ] ] ] } },
{ "type": "Feature", "properties": { "AREA": 5534640.0, "PERIMETER": 23984.89, "GAZALL_": 515, "GAZALL_ID": 482, "PSUBJ": 4020, "NAME": "Nile Bank", "FD_CODE": "JJ/17", "FD_NAME": "Nile Bank", "GAZTYPE": "CFR", "COMMENT": null, "ANNONAM": "Nile Bank CFR", "ANNOTYP": "(JJ/17)", "AREA_HA": 553 }, "geometry": { "type": "Polygon", "coordinates": [ [ [ 33.072616, 0.592584 ], [ 33.072734, 0.591047 ], [ 33.075586, 0.588614 ], [ 33.07486, 0.587072 ], [ 33.075364, 0.585171 ], [ 33.075003, 0.584836 ], [ 33.073973, 0.585451 ], [ 33.073816, 0.585696 ], [ 33.073801, 0.585825 ], [ 33.073626, 0.586108 ], [ 33.073587, 0.58607 ], [ 33.073316, 0.586026 ], [ 33.073058, 0.586098 ], [ 33.072801, 0.586241 ], [ 33.07253, 0.586227 ], [ 33.072373, 0.58627 ], [ 33.072129, 0.58637 ], [ 33.071786, 0.586585 ], [ 33.071686, 0.58683 ], [ 33.071657, 0.587103 ], [ 33.0717, 0.587233 ], [ 33.0717, 0.587694 ], [ 33.071614, 0.587953 ], [ 33.071385, 0.588413 ], [ 33.070942, 0.588974 ], [ 33.070698, 0.589161 ], [ 33.07057, 0.589204 ], [ 33.070341, 0.589362 ], [ 33.07017, 0.589592 ], [ 33.069776, 0.589944 ], [ 33.069069, 0.59031 ], [ 33.068997, 0.590382 ], [ 33.068883, 0.590641 ], [ 33.068449, 0.591125 ], [ 33.067868, 0.591417 ], [ 33.067582, 0.591474 ], [ 33.067353, 0.591632 ], [ 33.06701, 0.592092 ], [ 33.066667, 0.59235 ], [ 33.066495, 0.592581 ], [ 33.066474, 0.592662 ], [ 33.066424, 0.592854 ], [ 33.066124, 0.593184 ], [ 33.063965, 0.595067 ], [ 33.063722, 0.595211 ], [ 33.063007, 0.595397 ], [ 33.062893, 0.595397 ], [ 33.062236, 0.595597 ], [ 33.061978, 0.595726 ], [ 33.061483, 0.59621 ], [ 33.061249, 0.596762 ], [ 33.061149, 0.596862 ], [ 33.060906, 0.597006 ], [ 33.059977, 0.597336 ], [ 33.059777, 0.597522 ], [ 33.059648, 0.597767 ], [ 33.059605, 0.598055 ], [ 33.059319, 0.598357 ], [ 33.059166, 0.59874 ], [ 33.059233, 0.598875 ], [ 33.059247, 0.599019 ], [ 33.059118, 0.599263 ], [ 33.059004, 0.599393 ], [ 33.058718, 0.59945 ], [ 33.058232, 0.599449 ], [ 33.058175, 0.599478 ], [ 33.058118, 0.599593 ], [ 33.058132, 0.599881 ], [ 33.058203, 0.60014 ], [ 33.058693, 0.600663 ], [ 33.059134, 0.601422 ], [ 33.059468, 0.601675 ], [ 33.060451, 0.601938 ], [ 33.060562, 0.602021 ], [ 33.060701, 0.602333 ], [ 33.060701, 0.60262 ], [ 33.060629, 0.602879 ], [ 33.060544, 0.602994 ], [ 33.060515, 0.603138 ], [ 33.060444, 0.603239 ], [ 33.060401, 0.603527 ], [ 33.060324, 0.603695 ], [ 33.059943, 0.604088 ], [ 33.059671, 0.604174 ], [ 33.059045, 0.604181 ], [ 33.058579, 0.604493 ], [ 33.058471, 0.604503 ], [ 33.0582, 0.604459 ], [ 33.057771, 0.604228 ], [ 33.057514, 0.60417 ], [ 33.0571, 0.604242 ], [ 33.056842, 0.604299 ], [ 33.056585, 0.604413 ], [ 33.0563, 0.604471 ], [ 33.056071, 0.604629 ], [ 33.055042, 0.605087 ], [ 33.054756, 0.605145 ], [ 33.054499, 0.605245 ], [ 33.054242, 0.60523 ], [ 33.053865, 0.605138 ], [ 33.053742, 0.605201 ], [ 33.053656, 0.605316 ], [ 33.053627, 0.605431 ], [ 33.053684, 0.605561 ], [ 33.053627, 0.605834 ], [ 33.053412, 0.60605 ], [ 33.053355, 0.606165 ], [ 33.053412, 0.606438 ], [ 33.05404, 0.607246 ], [ 33.054168, 0.60775 ], [ 33.054568, 0.608326 ], [ 33.054753, 0.608528 ], [ 33.054796, 0.608686 ], [ 33.054739, 0.608801 ], [ 33.054496, 0.608945 ], [ 33.054195, 0.609189 ], [ 33.054209, 0.609395 ], [ 33.054531, 0.609829 ], [ 33.054681, 0.609867 ], [ 33.054795, 0.609982 ], [ 33.054897, 0.610257 ], [ 33.05468, 0.610587 ], [ 33.054823, 0.610832 ], [ 33.055037, 0.611019 ], [ 33.055208, 0.611235 ], [ 33.055308, 0.611495 ], [ 33.05525, 0.612632 ], [ 33.055392, 0.612877 ], [ 33.055545, 0.613007 ], [ 33.055702, 0.613293 ], [ 33.055985, 0.614054 ], [ 33.056088, 0.614194 ], [ 33.05751, 0.615024 ], [ 33.058033, 0.615473 ], [ 33.058519, 0.615805 ], [ 33.05869, 0.616049 ], [ 33.058704, 0.616338 ], [ 33.058632, 0.616467 ], [ 33.05839, 0.616625 ], [ 33.057904, 0.616811 ], [ 33.057799, 0.617022 ], [ 33.057989, 0.617215 ], [ 33.058827, 0.617744 ], [ 33.05896, 0.617777 ], [ 33.059131, 0.618008 ], [ 33.059203, 0.618239 ], [ 33.059063, 0.618459 ], [ 33.058574, 0.619503 ], [ 33.058387, 0.619706 ], [ 33.057945, 0.619967 ], [ 33.057854, 0.619983 ], [ 33.057058, 0.620121 ], [ 33.056843, 0.620308 ], [ 33.056872, 0.620582 ], [ 33.056986, 0.620841 ], [ 33.057271, 0.621129 ], [ 33.057329, 0.621273 ], [ 33.057343, 0.621417 ], [ 33.057243, 0.621676 ], [ 33.057514, 0.622008 ], [ 33.057756, 0.622239 ], [ 33.057856, 0.622484 ], [ 33.057785, 0.622599 ], [ 33.05797, 0.622959 ], [ 33.058084, 0.623333 ], [ 33.058026, 0.623621 ], [ 33.057566, 0.624605 ], [ 33.05744, 0.6247 ], [ 33.057268, 0.62493 ], [ 33.057068, 0.625592 ], [ 33.056939, 0.625822 ], [ 33.057001, 0.62635 ], [ 33.057324, 0.626845 ], [ 33.057366, 0.62709 ], [ 33.056952, 0.627694 ], [ 33.056751, 0.627895 ], [ 33.05658, 0.627938 ], [ 33.055866, 0.627577 ], [ 33.055489, 0.627652 ], [ 33.055117, 0.627933 ], [ 33.054794, 0.62872 ], [ 33.054665, 0.628784 ], [ 33.054394, 0.628698 ], [ 33.054165, 0.628524 ], [ 33.05378, 0.628365 ], [ 33.053522, 0.62848 ], [ 33.05337, 0.628773 ], [ 33.053291, 0.629167 ], [ 33.05335, 0.629819 ], [ 33.053207, 0.630064 ], [ 33.053164, 0.630337 ], [ 33.053278, 0.63074 ], [ 33.05342, 0.630985 ], [ 33.053477, 0.631216 ], [ 33.053406, 0.631345 ], [ 33.053263, 0.631374 ], [ 33.053171, 0.631466 ], [ 33.052982, 0.632081 ], [ 33.052523, 0.633005 ], [ 33.05265, 0.633651 ], [ 33.05246, 0.634223 ], [ 33.052403, 0.63428 ], [ 33.05226, 0.634266 ], [ 33.052032, 0.634093 ], [ 33.051718, 0.633761 ], [ 33.051461, 0.633818 ], [ 33.051346, 0.633904 ], [ 33.05086, 0.634854 ], [ 33.050845, 0.635574 ], [ 33.050788, 0.635847 ], [ 33.050673, 0.636092 ], [ 33.050587, 0.636495 ], [ 33.050644, 0.636754 ], [ 33.050629, 0.637474 ], [ 33.050572, 0.637762 ], [ 33.050571, 0.638085 ], [ 33.050348, 0.63859 ], [ 33.050171, 0.638769 ], [ 33.049713, 0.639113 ], [ 33.049085, 0.639429 ], [ 33.048433, 0.63967 ], [ 33.04802, 0.639877 ], [ 33.047484, 0.639916 ], [ 33.047213, 0.639988 ], [ 33.04707, 0.640074 ], [ 33.046912, 0.640318 ], [ 33.046969, 0.641009 ], [ 33.047083, 0.641528 ], [ 33.047082, 0.641845 ], [ 33.047339, 0.642726 ], [ 33.047338, 0.644048 ], [ 33.047323, 0.644278 ], [ 33.047269, 0.644354 ], [ 33.047223, 0.644955 ], [ 33.047151, 0.645214 ], [ 33.04709, 0.645825 ], [ 33.047003, 0.64614 ], [ 33.046578, 0.647041 ], [ 33.046492, 0.6473 ], [ 33.046506, 0.64743 ], [ 33.046863, 0.647891 ], [ 33.046877, 0.648179 ], [ 33.047034, 0.648554 ], [ 33.047162, 0.649044 ], [ 33.047162, 0.649682 ], [ 33.047347, 0.650469 ], [ 33.047204, 0.650699 ], [ 33.047118, 0.650973 ], [ 33.047144, 0.651041 ], [ 33.047217, 0.651232 ], [ 33.047469, 0.65157 ], [ 33.04756, 0.651693 ], [ 33.047807, 0.652279 ], [ 33.047964, 0.652604 ], [ 33.048243, 0.653086 ], [ 33.048438, 0.653207 ], [ 33.0487, 0.653449 ], [ 33.049039, 0.653969 ], [ 33.049353, 0.654294 ], [ 33.049503, 0.654642 ], [ 33.049671, 0.655469 ], [ 33.050177, 0.656188 ], [ 33.050292, 0.658008 ], [ 33.051596, 0.65726 ], [ 33.054667, 0.654951 ], [ 33.053501, 0.651876 ], [ 33.05448, 0.648419 ], [ 33.055634, 0.649428 ], [ 33.05635, 0.6471 ], [ 33.054825, 0.644626 ], [ 33.0559, 0.642627 ], [ 33.055289, 0.641176 ], [ 33.056501, 0.640186 ], [ 33.058642, 0.63953 ], [ 33.059781, 0.637151 ], [ 33.058163, 0.634597 ], [ 33.056535, 0.634111 ], [ 33.055153, 0.634242 ], [ 33.055061, 0.63213 ], [ 33.057863, 0.629307 ], [ 33.059856, 0.626632 ], [ 33.060459, 0.626372 ], [ 33.06151, 0.624339 ], [ 33.063644, 0.624073 ], [ 33.064383, 0.621699 ], [ 33.063643, 0.620961 ], [ 33.064354, 0.618105 ], [ 33.06194, 0.616824 ], [ 33.062728, 0.609753 ], [ 33.061631, 0.608721 ], [ 33.05883, 0.609638 ], [ 33.057571, 0.607482 ], [ 33.059105, 0.606672 ], [ 33.060464, 0.606564 ], [ 33.062015, 0.608326 ], [ 33.062919, 0.608419 ], [ 33.063144, 0.606074 ], [ 33.064859, 0.603149 ], [ 33.065924, 0.602333 ], [ 33.068111, 0.602664 ], [ 33.068952, 0.601276 ], [ 33.069772, 0.594985 ], [ 33.07122, 0.594635 ], [ 33.072564, 0.593253 ], [ 33.072616, 0.592584 ] ] ] } },
{ "type": "Feature", "properties": { "AREA": 17575.34, "PERIMETER": 544.5914, "GAZALL_": 517, "GAZALL_ID": 484, "PSUBJ": 4020, "NAME": "Fort Portal", "FD_CODE": "KA/4", "FD_NAME": "Fort Portal", "GAZTYPE": "CFR", "COMMENT": null, "ANNONAM": "Fort Portal CFR", "ANNOTYP": "(KA/4)", "AREA_HA": 2 }, "geometry": { "type": "Polygon", "coordinates": [ [ [ 30.284613, 0.655324 ], [ 30.284821, 0.654703 ], [ 30.284993, 0.654462 ], [ 30.28521, 0.654336 ], [ 30.284982, 0.654151 ], [ 30.284286, 0.653701 ], [ 30.284012, 0.653666 ], [ 30.283783, 0.653826 ], [ 30.2836, 0.65401 ], [ 30.283576, 0.654298 ], [ 30.284533, 0.655313 ], [ 30.284613, 0.655324 ] ] ] } },
{ "type": "Feature", "properties": { "AREA": 36959840.0, "PERIMETER": 29602.55, "GAZALL_": 522, "GAZALL_ID": 489, "PSUBJ": 4020, "NAME": "Ibambaro", "FD_CODE": "KA/5", "FD_NAME": "Ibambaro", "GAZTYPE": "CFR", "COMMENT": null, "ANNONAM": "Ibambaro CFR", "ANNOTYP": "(KA/5)", "AREA_HA": 3696 }, "geometry": { "type": "Polygon", "coordinates": [ [ [ 30.84265, 0.585685 ], [ 30.842632, 0.586119 ], [ 30.842557, 0.586441 ], [ 30.842343, 0.586652 ], [ 30.842144, 0.58678 ], [ 30.841834, 0.586981 ], [ 30.841609, 0.58718 ], [ 30.840594, 0.588896 ], [ 30.840328, 0.58944 ], [ 30.840196, 0.589775 ], [ 30.839904, 0.590929 ], [ 30.839758, 0.591839 ], [ 30.839755, 0.59246 ], [ 30.839725, 0.592724 ], [ 30.839616, 0.593071 ], [ 30.839183, 0.593951 ], [ 30.838963, 0.59454 ], [ 30.838876, 0.594852 ], [ 30.838892, 0.595139 ], [ 30.839022, 0.595401 ], [ 30.838746, 0.596083 ], [ 30.838578, 0.596316 ], [ 30.838456, 0.596559 ], [ 30.837982, 0.596991 ], [ 30.837711, 0.597191 ], [ 30.837439, 0.597344 ], [ 30.836445, 0.598072 ], [ 30.835981, 0.598343 ], [ 30.835311, 0.59864 ], [ 30.835063, 0.598828 ], [ 30.834257, 0.599173 ], [ 30.834043, 0.599372 ], [ 30.833567, 0.599654 ], [ 30.833274, 0.599877 ], [ 30.832789, 0.600321 ], [ 30.832563, 0.600485 ], [ 30.83151, 0.601087 ], [ 30.83133, 0.601331 ], [ 30.831208, 0.601563 ], [ 30.831167, 0.601872 ], [ 30.831171, 0.602127 ], [ 30.831232, 0.602402 ], [ 30.831304, 0.602653 ], [ 30.831655, 0.603246 ], [ 30.832284, 0.604868 ], [ 30.83248, 0.605762 ], [ 30.832658, 0.607023 ], [ 30.832651, 0.607345 ], [ 30.832526, 0.608186 ], [ 30.832518, 0.608451 ], [ 30.832022, 0.60963 ], [ 30.831574, 0.61105 ], [ 30.831531, 0.611108 ], [ 30.831361, 0.61133 ], [ 30.830147, 0.612669 ], [ 30.829933, 0.612856 ], [ 30.828666, 0.613668 ], [ 30.828429, 0.613856 ], [ 30.827839, 0.614163 ], [ 30.827568, 0.61434 ], [ 30.827151, 0.614748 ], [ 30.826983, 0.614992 ], [ 30.826873, 0.615258 ], [ 30.826613, 0.616262 ], [ 30.826327, 0.616955 ], [ 30.826015, 0.617512 ], [ 30.825443, 0.618244 ], [ 30.825119, 0.618743 ], [ 30.824866, 0.619402 ], [ 30.824721, 0.619623 ], [ 30.824577, 0.619924 ], [ 30.824535, 0.620189 ], [ 30.824586, 0.620544 ], [ 30.824716, 0.620898 ], [ 30.825368, 0.621762 ], [ 30.82551, 0.622093 ], [ 30.825421, 0.62306 ], [ 30.825305, 0.623717 ], [ 30.825317, 0.624521 ], [ 30.82539, 0.62483 ], [ 30.825941, 0.625834 ], [ 30.826807, 0.62805 ], [ 30.826705, 0.629672 ], [ 30.82663, 0.630018 ], [ 30.826283, 0.630495 ], [ 30.826034, 0.630694 ], [ 30.825456, 0.630978 ], [ 30.824615, 0.631278 ], [ 30.824389, 0.631442 ], [ 30.824233, 0.631686 ], [ 30.82417, 0.632066 ], [ 30.824219, 0.632341 ], [ 30.824383, 0.632557 ], [ 30.8251, 0.633236 ], [ 30.825671, 0.633974 ], [ 30.825811, 0.634225 ], [ 30.825964, 0.634533 ], [ 30.826167, 0.635116 ], [ 30.826302, 0.635419 ], [ 30.827294, 0.634916 ], [ 30.827908, 0.634688 ], [ 30.828851, 0.634398 ], [ 30.829283, 0.634219 ], [ 30.830473, 0.633581 ], [ 30.831559, 0.632921 ], [ 30.833216, 0.632184 ], [ 30.833521, 0.631949 ], [ 30.833803, 0.631704 ], [ 30.834309, 0.631191 ], [ 30.834938, 0.630434 ], [ 30.835529, 0.629483 ], [ 30.836985, 0.627462 ], [ 30.837152, 0.627195 ], [ 30.837418, 0.626639 ], [ 30.837653, 0.626268 ], [ 30.838034, 0.625791 ], [ 30.838294, 0.625626 ], [ 30.838612, 0.625518 ], [ 30.839513, 0.625378 ], [ 30.84026, 0.624942 ], [ 30.840533, 0.624846 ], [ 30.841729, 0.62469 ], [ 30.842127, 0.624581 ], [ 30.842822, 0.624456 ], [ 30.843188, 0.624462 ], [ 30.843853, 0.62467 ], [ 30.844451, 0.624926 ], [ 30.846024, 0.6255 ], [ 30.84661, 0.62579 ], [ 30.847337, 0.626273 ], [ 30.847855, 0.626553 ], [ 30.848141, 0.62664 ], [ 30.848472, 0.626624 ], [ 30.848802, 0.626516 ], [ 30.849323, 0.62622 ], [ 30.85013, 0.626002 ], [ 30.850993, 0.625644 ], [ 30.851916, 0.625527 ], [ 30.852486, 0.625403 ], [ 30.85317, 0.625335 ], [ 30.853536, 0.625353 ], [ 30.853856, 0.625406 ], [ 30.854439, 0.62542 ], [ 30.854826, 0.625368 ], [ 30.855531, 0.625174 ], [ 30.855884, 0.625065 ], [ 30.856417, 0.624839 ], [ 30.85696, 0.624463 ], [ 30.857434, 0.624054 ], [ 30.857704, 0.623808 ], [ 30.85794, 0.623541 ], [ 30.858153, 0.623262 ], [ 30.858656, 0.622461 ], [ 30.858857, 0.622194 ], [ 30.859048, 0.621996 ], [ 30.859877, 0.62165 ], [ 30.860489, 0.621307 ], [ 30.860773, 0.621211 ], [ 30.861661, 0.621037 ], [ 30.86248, 0.620806 ], [ 30.863389, 0.620483 ], [ 30.863695, 0.62034 ], [ 30.863989, 0.62014 ], [ 30.864926, 0.619356 ], [ 30.865152, 0.619226 ], [ 30.86546, 0.618963 ], [ 30.865671, 0.618782 ], [ 30.866232, 0.618096 ], [ 30.866548, 0.61785 ], [ 30.867318, 0.617367 ], [ 30.867918, 0.617048 ], [ 30.86886, 0.616643 ], [ 30.869906, 0.616271 ], [ 30.871318, 0.616032 ], [ 30.871866, 0.616023 ], [ 30.872382, 0.616165 ], [ 30.873853, 0.616798 ], [ 30.874694, 0.617291 ], [ 30.875836, 0.618056 ], [ 30.876587, 0.618654 ], [ 30.876981, 0.619073 ], [ 30.87768, 0.620005 ], [ 30.877888, 0.620174 ], [ 30.878646, 0.620519 ], [ 30.878888, 0.620677 ], [ 30.879409, 0.621129 ], [ 30.879791, 0.621514 ], [ 30.880265, 0.621886 ], [ 30.880417, 0.622102 ], [ 30.880534, 0.622341 ], [ 30.880703, 0.622937 ], [ 30.881013, 0.623829 ], [ 30.881245, 0.624859 ], [ 30.900477, 0.628089 ], [ 30.901484, 0.628258 ], [ 30.901921, 0.627665 ], [ 30.903294, 0.626266 ], [ 30.903461, 0.625988 ], [ 30.903549, 0.62571 ], [ 30.903677, 0.625088 ], [ 30.903768, 0.624259 ], [ 30.903774, 0.623937 ], [ 30.903565, 0.62286 ], [ 30.903469, 0.622539 ], [ 30.903373, 0.622242 ], [ 30.902867, 0.621227 ], [ 30.90276, 0.620941 ], [ 30.902733, 0.620666 ], [ 30.90274, 0.620332 ], [ 30.902781, 0.620044 ], [ 30.903102, 0.619315 ], [ 30.903109, 0.619016 ], [ 30.903043, 0.618374 ], [ 30.903126, 0.617821 ], [ 30.903213, 0.617509 ], [ 30.903335, 0.617266 ], [ 30.905811, 0.614724 ], [ 30.901431, 0.604077 ], [ 30.902265, 0.594876 ], [ 30.903351, 0.58289 ], [ 30.878798, 0.575051 ], [ 30.868131, 0.578934 ], [ 30.867822, 0.578881 ], [ 30.867338, 0.578589 ], [ 30.86704, 0.57849 ], [ 30.866709, 0.578507 ], [ 30.866356, 0.578558 ], [ 30.864935, 0.578993 ], [ 30.863879, 0.579457 ], [ 30.863348, 0.579833 ], [ 30.863146, 0.580077 ], [ 30.86268, 0.581027 ], [ 30.862346, 0.581583 ], [ 30.861741, 0.582397 ], [ 30.861417, 0.582907 ], [ 30.860762, 0.584193 ], [ 30.860249, 0.585039 ], [ 30.85914, 0.586527 ], [ 30.857791, 0.588053 ], [ 30.857083, 0.588799 ], [ 30.856275, 0.589811 ], [ 30.855757, 0.590313 ], [ 30.855507, 0.590408 ], [ 30.854832, 0.590315 ], [ 30.854259, 0.590163 ], [ 30.853618, 0.590057 ], [ 30.852796, 0.590035 ], [ 30.852192, 0.590182 ], [ 30.85112, 0.590221 ], [ 30.850342, 0.590141 ], [ 30.849609, 0.589979 ], [ 30.848943, 0.589771 ], [ 30.848426, 0.58956 ], [ 30.847862, 0.589258 ], [ 30.845355, 0.587216 ], [ 30.844509, 0.586366 ], [ 30.844198, 0.586164 ], [ 30.843623, 0.585931 ], [ 30.84265, 0.585685 ] ] ] } },
{ "type": "Feature", "properties": { "AREA": 12481920.0, "PERIMETER": 25257.82, "GAZALL_": 524, "GAZALL_ID": 491, "PSUBJ": 4020, "NAME": "Butamira", "FD_CODE": "JJ/3", "FD_NAME": "Butamira", "GAZTYPE": "CFR", "COMMENT": null, "ANNONAM": "Butamira CFR", "ANNOTYP": "(JJ/3)", "AREA_HA": 1248 }, "geometry": { "type": "Polygon", "coordinates": [ [ [ 33.266963, 0.597236 ], [ 33.266831, 0.597103 ], [ 33.266706, 0.59516 ], [ 33.266237, 0.593595 ], [ 33.266222, 0.592686 ], [ 33.264791, 0.590147 ], [ 33.264689, 0.589965 ], [ 33.263688, 0.589696 ], [ 33.263593, 0.590162 ], [ 33.263282, 0.591696 ], [ 33.257798, 0.590235 ], [ 33.25242, 0.588803 ], [ 33.252684, 0.58828 ], [ 33.252923, 0.587077 ], [ 33.251353, 0.586329 ], [ 33.250743, 0.585846 ], [ 33.250695, 0.585809 ], [ 33.250743, 0.585668 ], [ 33.251193, 0.584322 ], [ 33.250743, 0.584184 ], [ 33.250069, 0.583979 ], [ 33.249624, 0.585017 ], [ 33.238991, 0.589712 ], [ 33.234952, 0.584212 ], [ 33.227975, 0.587749 ], [ 33.222035, 0.590058 ], [ 33.220982, 0.590703 ], [ 33.216622, 0.593371 ], [ 33.214902, 0.592874 ], [ 33.211299, 0.594639 ], [ 33.208374, 0.602757 ], [ 33.210571, 0.605062 ], [ 33.213993, 0.602393 ], [ 33.21522, 0.600782 ], [ 33.222735, 0.596296 ], [ 33.230034, 0.607051 ], [ 33.223467, 0.610446 ], [ 33.226683, 0.613876 ], [ 33.240154, 0.613645 ], [ 33.244452, 0.618735 ], [ 33.244565, 0.625629 ], [ 33.248684, 0.631124 ], [ 33.250743, 0.628473 ], [ 33.255488, 0.620891 ], [ 33.254492, 0.618661 ], [ 33.253552, 0.619153 ], [ 33.25322, 0.619128 ], [ 33.252148, 0.618771 ], [ 33.251859, 0.61862 ], [ 33.251568, 0.618424 ], [ 33.251299, 0.618148 ], [ 33.250911, 0.617625 ], [ 33.251862, 0.605958 ], [ 33.250743, 0.604026 ], [ 33.247357, 0.59773 ], [ 33.250743, 0.598051 ], [ 33.254018, 0.598409 ], [ 33.25404, 0.598207 ], [ 33.254181, 0.59665 ], [ 33.254159, 0.595581 ], [ 33.254236, 0.594257 ], [ 33.254273, 0.592692 ], [ 33.254651, 0.592743 ], [ 33.255366, 0.593004 ], [ 33.257583, 0.593974 ], [ 33.258586, 0.594323 ], [ 33.258933, 0.594489 ], [ 33.260484, 0.595356 ], [ 33.260728, 0.595547 ], [ 33.261873, 0.59611 ], [ 33.262905, 0.59678 ], [ 33.264072, 0.597309 ], [ 33.264947, 0.597601 ], [ 33.265533, 0.597693 ], [ 33.266655, 0.597716 ], [ 33.266827, 0.597592 ], [ 33.266869, 0.597561 ], [ 33.266963, 0.597236 ] ] ] } },
{ "type": "Feature", "properties": { "AREA": 476418.6, "PERIMETER": 2893.96, "GAZALL_": 526, "GAZALL_ID": 493, "PSUBJ": 4020, "NAME": "Busegula", "FD_CODE": "JJ/2", "FD_NAME": "Busegula", "GAZTYPE": "LFR", "COMMENT": null, "ANNONAM": "Busegula LFR", "ANNOTYP": "(JJ/2)", "AREA_HA": 48 }, "geometry": { "type": "Polygon", "coordinates": [ [ [ 33.20772, 0.628749 ], [ 33.210764, 0.62807 ], [ 33.211953, 0.619519 ], [ 33.208008, 0.618893 ], [ 33.20644, 0.626731 ], [ 33.20772, 0.628749 ] ] ] } },
{ "type": "Feature", "properties": { "AREA": 369424.0, "PERIMETER": 2769.605, "GAZALL_": 528, "GAZALL_ID": 495, "PSUBJ": 4020, "NAME": "Kamigo", "FD_CODE": "JJ/6", "FD_NAME": "Kamigo", "GAZTYPE": "LFR", "COMMENT": null, "ANNONAM": "Kamigo LFR", "ANNOTYP": "(JJ/6)", "AREA_HA": 37 }, "geometry": { "type": "Polygon", "coordinates": [ [ [ 33.263929, 0.616624 ], [ 33.263713, 0.616183 ], [ 33.263123, 0.615344 ], [ 33.262945, 0.615003 ], [ 33.262721, 0.61472 ], [ 33.262331, 0.61412 ], [ 33.261987, 0.613507 ], [ 33.261229, 0.612285 ], [ 33.260897, 0.61226 ], [ 33.259738, 0.612693 ], [ 33.259525, 0.612917 ], [ 33.259692, 0.613234 ], [ 33.26008, 0.613785 ], [ 33.260213, 0.614081 ], [ 33.260387, 0.614742 ], [ 33.260244, 0.615044 ], [ 33.259691, 0.615439 ], [ 33.259078, 0.615687 ], [ 33.257521, 0.616242 ], [ 33.257203, 0.616368 ], [ 33.256931, 0.616515 ], [ 33.256302, 0.617086 ], [ 33.2561, 0.617321 ], [ 33.255935, 0.617589 ], [ 33.255929, 0.617898 ], [ 33.256006, 0.618261 ], [ 33.25614, 0.618645 ], [ 33.256306, 0.618915 ], [ 33.25665, 0.618973 ], [ 33.25704, 0.618997 ], [ 33.257829, 0.618997 ], [ 33.258597, 0.619044 ], [ 33.25932, 0.619129 ], [ 33.26001, 0.619261 ], [ 33.260342, 0.619287 ], [ 33.260648, 0.619142 ], [ 33.260918, 0.618882 ], [ 33.261235, 0.618736 ], [ 33.261601, 0.618739 ], [ 33.261901, 0.618813 ], [ 33.262243, 0.618794 ], [ 33.262573, 0.618672 ], [ 33.262913, 0.618492 ], [ 33.26316, 0.618267 ], [ 33.263325, 0.617964 ], [ 33.263449, 0.617305 ], [ 33.263592, 0.617026 ], [ 33.263929, 0.616624 ] ] ] } },
{ "type": "Feature", "properties": { "AREA": 12312150.0, "PERIMETER": 18520.09, "GAZALL_": 531, "GAZALL_ID": 498, "PSUBJ": 4020, "NAME": "Kaweri", "FD_CODE": "MD/12", "FD_NAME": "Kaweri", "GAZTYPE": "CFR", "COMMENT": null, "ANNONAM": "Kaweri CFR", "ANNOTYP": "(MD/12)", "AREA_HA": 1231 }, "geometry": { "type": "Polygon", "coordinates": [ [ [ 31.400992, 0.605618 ], [ 31.404026, 0.604897 ], [ 31.406572, 0.604291 ], [ 31.408026, 0.600109 ], [ 31.408295, 0.600299 ], [ 31.412255, 0.601284 ], [ 31.41669, 0.602442 ], [ 31.419509, 0.603436 ], [ 31.419824, 0.603638 ], [ 31.420243, 0.603786 ], [ 31.425372, 0.605051 ], [ 31.433613, 0.601964 ], [ 31.434087, 0.601676 ], [ 31.434949, 0.601409 ], [ 31.435227, 0.601254 ], [ 31.435459, 0.601076 ], [ 31.435646, 0.600885 ], [ 31.43572, 0.600622 ], [ 31.435716, 0.600312 ], [ 31.435623, 0.599391 ], [ 31.435652, 0.598633 ], [ 31.43575, 0.598314 ], [ 31.435929, 0.597962 ], [ 31.436678, 0.596646 ], [ 31.436776, 0.596362 ], [ 31.436818, 0.596018 ], [ 31.436816, 0.59511 ], [ 31.436736, 0.594098 ], [ 31.436744, 0.593776 ], [ 31.436815, 0.593146 ], [ 31.436819, 0.592457 ], [ 31.436528, 0.58974 ], [ 31.436533, 0.588499 ], [ 31.436495, 0.588154 ], [ 31.43634, 0.587473 ], [ 31.436312, 0.587162 ], [ 31.436344, 0.586795 ], [ 31.436444, 0.586384 ], [ 31.436796, 0.585462 ], [ 31.436873, 0.585084 ], [ 31.437012, 0.583491 ], [ 31.437282, 0.581694 ], [ 31.43757, 0.57907 ], [ 31.438054, 0.57637 ], [ 31.43814, 0.576085 ], [ 31.438358, 0.575022 ], [ 31.438621, 0.5735 ], [ 31.438661, 0.573225 ], [ 31.438622, 0.572949 ], [ 31.438284, 0.572757 ], [ 31.437977, 0.572727 ], [ 31.437292, 0.572723 ], [ 31.436651, 0.572801 ], [ 31.435894, 0.572967 ], [ 31.435276, 0.573068 ], [ 31.434317, 0.573092 ], [ 31.433309, 0.57323 ], [ 31.431243, 0.573758 ], [ 31.430195, 0.574205 ], [ 31.429559, 0.574558 ], [ 31.429245, 0.574803 ], [ 31.426959, 0.576991 ], [ 31.426772, 0.577206 ], [ 31.426559, 0.577522 ], [ 31.426059, 0.578418 ], [ 31.424712, 0.579927 ], [ 31.424481, 0.58006 ], [ 31.424205, 0.580157 ], [ 31.42392, 0.58015 ], [ 31.423579, 0.580085 ], [ 31.423283, 0.580067 ], [ 31.42321, 0.579767 ], [ 31.423328, 0.578092 ], [ 31.423344, 0.577392 ], [ 31.423294, 0.577092 ], [ 31.423198, 0.57678 ], [ 31.422356, 0.57467 ], [ 31.421901, 0.573615 ], [ 31.421731, 0.573275 ], [ 31.421443, 0.572697 ], [ 31.42076, 0.571108 ], [ 31.420606, 0.570829 ], [ 31.42043, 0.570561 ], [ 31.420218, 0.570326 ], [ 31.41967, 0.569843 ], [ 31.419322, 0.569582 ], [ 31.417962, 0.56869 ], [ 31.416495, 0.567474 ], [ 31.416023, 0.56713 ], [ 31.411388, 0.572228 ], [ 31.411079, 0.572795 ], [ 31.410658, 0.573728 ], [ 31.410541, 0.574357 ], [ 31.410481, 0.57501 ], [ 31.410289, 0.575925 ], [ 31.410203, 0.576198 ], [ 31.409926, 0.576789 ], [ 31.409105, 0.578275 ], [ 31.408888, 0.578799 ], [ 31.408817, 0.579429 ], [ 31.40863, 0.580596 ], [ 31.408527, 0.581639 ], [ 31.408343, 0.58268 ], [ 31.408069, 0.583685 ], [ 31.407864, 0.58468 ], [ 31.407718, 0.586089 ], [ 31.407687, 0.586904 ], [ 31.40645, 0.587645 ], [ 31.40481, 0.586976 ], [ 31.405216, 0.588685 ], [ 31.404504, 0.589405 ], [ 31.402094, 0.587489 ], [ 31.397298, 0.589632 ], [ 31.398133, 0.590546 ], [ 31.398452, 0.590577 ], [ 31.399746, 0.589894 ], [ 31.400699, 0.59111 ], [ 31.399603, 0.592176 ], [ 31.399305, 0.592192 ], [ 31.39882, 0.591963 ], [ 31.398607, 0.591798 ], [ 31.398291, 0.591641 ], [ 31.397407, 0.591368 ], [ 31.397147, 0.591259 ], [ 31.396831, 0.591091 ], [ 31.395808, 0.590425 ], [ 31.395515, 0.590292 ], [ 31.395252, 0.590309 ], [ 31.395063, 0.590603 ], [ 31.394965, 0.590877 ], [ 31.394963, 0.591451 ], [ 31.395013, 0.591751 ], [ 31.395145, 0.592006 ], [ 31.39531, 0.59224 ], [ 31.396762, 0.594627 ], [ 31.396968, 0.595138 ], [ 31.397134, 0.595359 ], [ 31.397347, 0.595514 ], [ 31.398027, 0.595713 ], [ 31.398561, 0.595828 ], [ 31.399161, 0.596014 ], [ 31.399327, 0.596764 ], [ 31.399342, 0.597086 ], [ 31.399302, 0.597361 ], [ 31.399306, 0.597683 ], [ 31.399379, 0.597972 ], [ 31.399651, 0.598541 ], [ 31.39969, 0.598829 ], [ 31.399584, 0.599469 ], [ 31.399581, 0.600113 ], [ 31.399909, 0.60174 ], [ 31.400716, 0.604377 ], [ 31.40088, 0.605196 ], [ 31.400992, 0.605618 ] ] ] } },
{ "type": "Feature", "properties": { "AREA": 2849716.0, "PERIMETER": 12841.96, "GAZALL_": 532, "GAZALL_ID": 499, "PSUBJ": 4020, "NAME": "Namakupa", "FD_CODE": "MN/44", "FD_NAME": "Namakupa", "GAZTYPE": "CFR", "COMMENT": null, "ANNONAM": "Namakupa CFR", "ANNOTYP": "(MN/44)", "AREA_HA": 285 }, "geometry": { "type": "Polygon", "coordinates": [ [ [ 32.954275, 0.594082 ], [ 32.954245, 0.593678 ], [ 32.954236, 0.593225 ], [ 32.954566, 0.59307 ], [ 32.954856, 0.593449 ], [ 32.955247, 0.593663 ], [ 32.955673, 0.593808 ], [ 32.956098, 0.59396 ], [ 32.956207, 0.594058 ], [ 32.956425, 0.594251 ], [ 32.956604, 0.594668 ], [ 32.956772, 0.595087 ], [ 32.956891, 0.595523 ], [ 32.957063, 0.595942 ], [ 32.957295, 0.596329 ], [ 32.957651, 0.596602 ], [ 32.958064, 0.596788 ], [ 32.958492, 0.596843 ], [ 32.958936, 0.596767 ], [ 32.959377, 0.596676 ], [ 32.959814, 0.596557 ], [ 32.960139, 0.596272 ], [ 32.960443, 0.595939 ], [ 32.960768, 0.595626 ], [ 32.961654, 0.593989 ], [ 32.963335, 0.590885 ], [ 32.963485, 0.590458 ], [ 32.963569, 0.590016 ], [ 32.963599, 0.589564 ], [ 32.963699, 0.589123 ], [ 32.963899, 0.588721 ], [ 32.964265, 0.588465 ], [ 32.964686, 0.588304 ], [ 32.965085, 0.588098 ], [ 32.965443, 0.587824 ], [ 32.965802, 0.587553 ], [ 32.966159, 0.587277 ], [ 32.966512, 0.586997 ], [ 32.966854, 0.586704 ], [ 32.967144, 0.58636 ], [ 32.967441, 0.586019 ], [ 32.967594, 0.585595 ], [ 32.967671, 0.58515 ], [ 32.967607, 0.584704 ], [ 32.967467, 0.584274 ], [ 32.967359, 0.583835 ], [ 32.967554, 0.583461 ], [ 32.967996, 0.583352 ], [ 32.968446, 0.583341 ], [ 32.968887, 0.583271 ], [ 32.969289, 0.583064 ], [ 32.969638, 0.582784 ], [ 32.969955, 0.582463 ], [ 32.970273, 0.582143 ], [ 32.970587, 0.581819 ], [ 32.970885, 0.581481 ], [ 32.971167, 0.581128 ], [ 32.971429, 0.580761 ], [ 32.971635, 0.580355 ], [ 32.971634, 0.57992 ], [ 32.971519, 0.579481 ], [ 32.971418, 0.57904 ], [ 32.971342, 0.57859 ], [ 32.971477, 0.578176 ], [ 32.971801, 0.577861 ], [ 32.972193, 0.577641 ], [ 32.972559, 0.57738 ], [ 32.972948, 0.577153 ], [ 32.973338, 0.576928 ], [ 32.97371, 0.576677 ], [ 32.974053, 0.576386 ], [ 32.974403, 0.576101 ], [ 32.974722, 0.575783 ], [ 32.974987, 0.575418 ], [ 32.975212, 0.575027 ], [ 32.975453, 0.574644 ], [ 32.975619, 0.574225 ], [ 32.975739, 0.573792 ], [ 32.975762, 0.57334 ], [ 32.975798, 0.572889 ], [ 32.975845, 0.57244 ], [ 32.975843, 0.571987 ], [ 32.97583, 0.571536 ], [ 32.975783, 0.571086 ], [ 32.975762, 0.570634 ], [ 32.975752, 0.570181 ], [ 32.975719, 0.569731 ], [ 32.975671, 0.569281 ], [ 32.975642, 0.568829 ], [ 32.9756, 0.568379 ], [ 32.97549, 0.567943 ], [ 32.97525, 0.567561 ], [ 32.974975, 0.567203 ], [ 32.974673, 0.566868 ], [ 32.974355, 0.566549 ], [ 32.974023, 0.566247 ], [ 32.973646, 0.566 ], [ 32.973242, 0.565799 ], [ 32.972804, 0.565856 ], [ 32.972737, 0.566262 ], [ 32.972788, 0.566714 ], [ 32.972803, 0.567166 ], [ 32.972861, 0.567614 ], [ 32.972908, 0.568064 ], [ 32.972908, 0.568516 ], [ 32.972855, 0.568965 ], [ 32.972766, 0.569409 ], [ 32.97267, 0.569851 ], [ 32.972524, 0.570279 ], [ 32.972395, 0.570711 ], [ 32.972288, 0.571151 ], [ 32.972135, 0.571576 ], [ 32.97198, 0.572 ], [ 32.971799, 0.572415 ], [ 32.971606, 0.572823 ], [ 32.971446, 0.573245 ], [ 32.971268, 0.573661 ], [ 32.971078, 0.574069 ], [ 32.970834, 0.57445 ], [ 32.970601, 0.574837 ], [ 32.970359, 0.575218 ], [ 32.970118, 0.575599 ], [ 32.969865, 0.575974 ], [ 32.969575, 0.576319 ], [ 32.969234, 0.576613 ], [ 32.968893, 0.576908 ], [ 32.968549, 0.577199 ], [ 32.968184, 0.577462 ], [ 32.967797, 0.577692 ], [ 32.967388, 0.577851 ], [ 32.966976, 0.577674 ], [ 32.966646, 0.577364 ], [ 32.966314, 0.57706 ], [ 32.96592, 0.576843 ], [ 32.965512, 0.576652 ], [ 32.965105, 0.57646 ], [ 32.964725, 0.576221 ], [ 32.964281, 0.576114 ], [ 32.963892, 0.576264 ], [ 32.963776, 0.5767 ], [ 32.963905, 0.577129 ], [ 32.964153, 0.577505 ], [ 32.964314, 0.577928 ], [ 32.964488, 0.578345 ], [ 32.964667, 0.57876 ], [ 32.964812, 0.579186 ], [ 32.964866, 0.579636 ], [ 32.964893, 0.580088 ], [ 32.964816, 0.580533 ], [ 32.964714, 0.580973 ], [ 32.964601, 0.581407 ], [ 32.964399, 0.581812 ], [ 32.964109, 0.582157 ], [ 32.963752, 0.582428 ], [ 32.963374, 0.582672 ], [ 32.962593, 0.583117 ], [ 32.961711, 0.583285 ], [ 32.9613, 0.583458 ], [ 32.96097, 0.583764 ], [ 32.960723, 0.584139 ], [ 32.960531, 0.584549 ], [ 32.960339, 0.584958 ], [ 32.960192, 0.585385 ], [ 32.960019, 0.585805 ], [ 32.959735, 0.586142 ], [ 32.959394, 0.586438 ], [ 32.95904, 0.586716 ], [ 32.958662, 0.58696 ], [ 32.9583, 0.587234 ], [ 32.95787, 0.587333 ], [ 32.957422, 0.587302 ], [ 32.956973, 0.587311 ], [ 32.956534, 0.58741 ], [ 32.956153, 0.587646 ], [ 32.955741, 0.587787 ], [ 32.955299, 0.587676 ], [ 32.954857, 0.587593 ], [ 32.95443, 0.587456 ], [ 32.953984, 0.587475 ], [ 32.953576, 0.58767 ], [ 32.953271, 0.587997 ], [ 32.953077, 0.588405 ], [ 32.952862, 0.588802 ], [ 32.951299, 0.593981 ], [ 32.951256, 0.59412 ], [ 32.951166, 0.594414 ], [ 32.951017, 0.59484 ], [ 32.950831, 0.595252 ], [ 32.950608, 0.595644 ], [ 32.950443, 0.596067 ], [ 32.950409, 0.596513 ], [ 32.950409, 0.596966 ], [ 32.950447, 0.597416 ], [ 32.950482, 0.597867 ], [ 32.950498, 0.59832 ], [ 32.950513, 0.598771 ], [ 32.950328, 0.59918 ], [ 32.949924, 0.599335 ], [ 32.949472, 0.599288 ], [ 32.949029, 0.599236 ], [ 32.948691, 0.599531 ], [ 32.948546, 0.599958 ], [ 32.94857, 0.600409 ], [ 32.948634, 0.600857 ], [ 32.948773, 0.601287 ], [ 32.94894, 0.601708 ], [ 32.949171, 0.602097 ], [ 32.949553, 0.60233 ], [ 32.949942, 0.602557 ], [ 32.950274, 0.602859 ], [ 32.950614, 0.603157 ], [ 32.951057, 0.603224 ], [ 32.9515, 0.603294 ], [ 32.95194, 0.603388 ], [ 32.952706, 0.603389 ], [ 32.953076, 0.603131 ], [ 32.953429, 0.602853 ], [ 32.953691, 0.602487 ], [ 32.953864, 0.60207 ], [ 32.953986, 0.601635 ], [ 32.954047, 0.601187 ], [ 32.954097, 0.600738 ], [ 32.954058, 0.600288 ], [ 32.953942, 0.599851 ], [ 32.953843, 0.59941 ], [ 32.953744, 0.598968 ], [ 32.953695, 0.598519 ], [ 32.953706, 0.598068 ], [ 32.95384, 0.597636 ], [ 32.954004, 0.597215 ], [ 32.95416, 0.596791 ], [ 32.954316, 0.596367 ], [ 32.954421, 0.595929 ], [ 32.954437, 0.595476 ], [ 32.954383, 0.595028 ], [ 32.954321, 0.594579 ], [ 32.954278, 0.59413 ], [ 32.954275, 0.594082 ] ] ] } },
{ "type": "Feature", "properties": { "AREA": 2783770.0, "PERIMETER": 12569.69, "GAZALL_": 534, "GAZALL_ID": 501, "PSUBJ": 4020, "NAME": "Kagoma", "FD_CODE": "JJ/5", "FD_NAME": "Kagoma", "GAZTYPE": "CFR", "COMMENT": null, "ANNONAM": "Kagoma CFR", "ANNOTYP": "(JJ/5)", "AREA_HA": 278 }, "geometry": { "type": "Polygon", "coordinates": [ [ [ 33.209125, 0.590853 ], [ 33.208976, 0.58928 ], [ 33.204642, 0.58507 ], [ 33.203735, 0.584725 ], [ 33.201976, 0.578774 ], [ 33.203355, 0.575359 ], [ 33.204581, 0.569604 ], [ 33.204565, 0.568191 ], [ 33.201409, 0.567034 ], [ 33.197723, 0.569488 ], [ 33.198196, 0.571894 ], [ 33.197037, 0.572527 ], [ 33.196954, 0.574217 ], [ 33.195469, 0.575302 ], [ 33.195477, 0.576036 ], [ 33.194815, 0.576136 ], [ 33.193724, 0.576608 ], [ 33.193667, 0.574679 ], [ 33.194752, 0.574586 ], [ 33.194218, 0.573835 ], [ 33.193166, 0.573824 ], [ 33.192452, 0.573327 ], [ 33.19225, 0.573685 ], [ 33.192298, 0.574856 ], [ 33.191133, 0.574939 ], [ 33.190942, 0.575228 ], [ 33.191737, 0.580811 ], [ 33.195334, 0.57954 ], [ 33.197339, 0.579976 ], [ 33.198851, 0.580269 ], [ 33.199194, 0.581356 ], [ 33.200065, 0.581518 ], [ 33.200235, 0.582365 ], [ 33.202058, 0.583894 ], [ 33.203299, 0.584534 ], [ 33.202751, 0.585609 ], [ 33.201398, 0.584201 ], [ 33.200236, 0.583525 ], [ 33.199825, 0.583496 ], [ 33.198884, 0.586239 ], [ 33.199452, 0.586945 ], [ 33.198915, 0.588983 ], [ 33.19895, 0.590051 ], [ 33.199174, 0.59098 ], [ 33.19979, 0.593543 ], [ 33.201, 0.59547 ], [ 33.200581, 0.596795 ], [ 33.201827, 0.601844 ], [ 33.205964, 0.600878 ], [ 33.205063, 0.598017 ], [ 33.205347, 0.593834 ], [ 33.206436, 0.594063 ], [ 33.209183, 0.59147 ], [ 33.209125, 0.590853 ] ] ] } },
{ "type": "Feature", "properties": { "AREA": 4596938.0, "PERIMETER": 13316.69, "GAZALL_": 535, "GAZALL_ID": 502, "PSUBJ": 4020, "NAME": "Kabukira", "FD_CODE": "MD/4", "FD_NAME": "Kabukira", "GAZTYPE": "CFR", "COMMENT": null, "ANNONAM": "Kabukira CFR", "ANNOTYP": "(MD/4)", "AREA_HA": 460 }, "geometry": { "type": "Polygon", "coordinates": [ [ [ 31.990721, 0.598643 ], [ 31.993388, 0.597849 ], [ 31.98579, 0.596086 ], [ 31.985383, 0.591128 ], [ 31.99447, 0.586866 ], [ 32.000718, 0.572406 ], [ 32.001125, 0.571463 ], [ 32.000718, 0.570831 ], [ 31.997364, 0.565544 ], [ 31.995957, 0.56098 ], [ 31.986806, 0.571576 ], [ 31.988987, 0.572897 ], [ 31.989177, 0.573354 ], [ 31.989037, 0.573931 ], [ 31.988861, 0.574347 ], [ 31.990763, 0.580731 ], [ 31.977912, 0.582524 ], [ 31.975571, 0.589688 ], [ 31.981365, 0.594687 ], [ 31.983739, 0.598914 ], [ 31.984609, 0.600462 ], [ 31.990721, 0.598643 ] ] ] } },
{ "type": "Feature", "properties": { "AREA": 1587842.0, "PERIMETER": 6522.675, "GAZALL_": 542, "GAZALL_ID": 509, "PSUBJ": 4020, "NAME": "Monikakinei", "FD_CODE": "TR/3", "FD_NAME": "Monikakinei", "GAZTYPE": "CFR", "COMMENT": null, "ANNONAM": "Monikakinei CFR", "ANNOTYP": "(TR/3)", "AREA_HA": 159 }, "geometry": { "type": "Polygon", "coordinates": [ [ [ 34.052779, 0.580082 ], [ 34.050006, 0.576427 ], [ 34.049781, 0.573954 ], [ 34.053373, 0.572928 ], [ 34.053764, 0.573468 ], [ 34.05526, 0.573095 ], [ 34.054971, 0.572494 ], [ 34.054251, 0.569002 ], [ 34.053695, 0.567823 ], [ 34.05222, 0.566899 ], [ 34.042445, 0.568929 ], [ 34.045673, 0.579631 ], [ 34.046248, 0.580165 ], [ 34.05184, 0.585364 ], [ 34.05327, 0.584166 ], [ 34.053824, 0.583968 ], [ 34.055612, 0.583816 ], [ 34.052779, 0.580082 ] ] ] } },
{ "type": "Feature", "properties": { "AREA": 2618870.0, "PERIMETER": 7101.405, "GAZALL_": 544, "GAZALL_ID": 511, "PSUBJ": 4020, "NAME": "Mutai", "FD_CODE": "JJ/10", "FD_NAME": "Mutai", "GAZTYPE": "CFR", "COMMENT": null, "ANNONAM": "Mutai CFR", "ANNOTYP": "(JJ/10)", "AREA_HA": 262 }, "geometry": { "type": "Polygon", "coordinates": [ [ [ 33.223114, 0.582294 ], [ 33.22544, 0.581866 ], [ 33.225409, 0.579133 ], [ 33.226597, 0.578017 ], [ 33.23183, 0.577956 ], [ 33.231831, 0.577061 ], [ 33.237093, 0.574508 ], [ 33.238646, 0.573353 ], [ 33.238749, 0.57233 ], [ 33.238267, 0.570177 ], [ 33.23731, 0.567375 ], [ 33.236653, 0.56488 ], [ 33.23598, 0.562947 ], [ 33.235515, 0.562229 ], [ 33.227222, 0.56569 ], [ 33.223531, 0.565711 ], [ 33.223498, 0.566859 ], [ 33.220716, 0.56742 ], [ 33.223114, 0.582294 ] ] ] } },
{ "type": "Feature", "properties": { "AREA": 108263.0, "PERIMETER": 1826.918, "GAZALL_": 559, "GAZALL_ID": 525, "PSUBJ": 4020, "NAME": "Nyakigumba", "FD_CODE": "KA/22", "FD_NAME": "Nyakigumba", "GAZTYPE": "LFR", "COMMENT": null, "ANNONAM": "Nyakigumba LFR", "ANNOTYP": "(KA/22)", "AREA_HA": 11 }, "geometry": { "type": "Polygon", "coordinates": [ [ [ 30.171915, 0.532028 ], [ 30.171603, 0.530632 ], [ 30.16873, 0.530973 ], [ 30.168563, 0.531302 ], [ 30.168142, 0.531776 ], [ 30.167261, 0.532354 ], [ 30.166236, 0.533286 ], [ 30.165947, 0.533463 ], [ 30.165702, 0.533676 ], [ 30.165526, 0.533925 ], [ 30.166137, 0.534673 ], [ 30.166435, 0.534588 ], [ 30.166713, 0.533927 ], [ 30.166936, 0.533622 ], [ 30.167193, 0.533352 ], [ 30.167437, 0.533173 ], [ 30.167749, 0.533031 ], [ 30.168151, 0.532913 ], [ 30.169134, 0.532831 ], [ 30.169432, 0.532768 ], [ 30.170134, 0.532542 ], [ 30.170798, 0.532453 ], [ 30.171915, 0.532028 ] ] ] } },
{ "type": "Feature", "properties": { "AREA": 308818.9, "PERIMETER": 2674.304, "GAZALL_": 565, "GAZALL_ID": 0, "PSUBJ": 0, "NAME": null, "FD_CODE": null, "FD_NAME": null, "GAZTYPE": null, "COMMENT": null, "ANNONAM": null, "ANNOTYP": null, "AREA_HA": 31 }, "geometry": { "type": "Polygon", "coordinates": [ [ [ 32.962219, 0.511332 ], [ 32.96255, 0.511331 ], [ 32.963053, 0.511469 ], [ 32.963316, 0.511365 ], [ 32.963408, 0.511112 ], [ 32.963408, 0.510791 ], [ 32.963012, 0.509458 ], [ 32.962591, 0.506781 ], [ 32.962617, 0.506184 ], [ 32.962919, 0.504782 ], [ 32.963011, 0.50369 ], [ 32.962883, 0.502564 ], [ 32.962686, 0.502024 ], [ 32.962261, 0.501669 ], [ 32.961859, 0.501554 ], [ 32.96155, 0.501554 ], [ 32.961298, 0.501623 ], [ 32.960316, 0.502141 ], [ 32.959436, 0.502004 ], [ 32.959497, 0.502854 ], [ 32.959456, 0.504923 ], [ 32.95958, 0.50583 ], [ 32.960124, 0.507151 ], [ 32.961151, 0.509379 ], [ 32.962003, 0.510757 ], [ 32.962219, 0.511332 ] ] ] } },
{ "type": "Feature", "properties": { "AREA": 1197666.0, "PERIMETER": 7105.647, "GAZALL_": 578, "GAZALL_ID": 534, "PSUBJ": 4020, "NAME": "Walulumbu", "FD_CODE": "IG/21", "FD_NAME": "Walulumbu", "GAZTYPE": "CFR", "COMMENT": null, "ANNONAM": "Walulumbu CFR", "ANNOTYP": "(IG/21)", "AREA_HA": 120 }, "geometry": { "type": "Polygon", "coordinates": [ [ [ 33.321424, 0.470007 ], [ 33.317284, 0.467603 ], [ 33.317278, 0.467305 ], [ 33.317193, 0.466993 ], [ 33.317153, 0.466683 ], [ 33.317361, 0.466514 ], [ 33.317868, 0.466237 ], [ 33.304509, 0.455004 ], [ 33.30432, 0.454725 ], [ 33.304034, 0.454169 ], [ 33.303797, 0.45405 ], [ 33.302955, 0.453944 ], [ 33.302753, 0.453768 ], [ 33.302598, 0.453535 ], [ 33.302396, 0.453337 ], [ 33.301878, 0.452972 ], [ 33.301617, 0.45291 ], [ 33.301321, 0.452893 ], [ 33.301026, 0.45283 ], [ 33.300766, 0.4527 ], [ 33.300114, 0.452183 ], [ 33.299853, 0.452132 ], [ 33.299588, 0.452265 ], [ 33.29956, 0.452552 ], [ 33.299905, 0.452994 ], [ 33.300193, 0.453458 ], [ 33.300124, 0.454054 ], [ 33.300348, 0.454276 ], [ 33.300775, 0.454605 ], [ 33.300861, 0.454882 ], [ 33.30094, 0.455526 ], [ 33.300946, 0.45579 ], [ 33.301032, 0.456067 ], [ 33.30159, 0.456146 ], [ 33.30178, 0.456333 ], [ 33.301775, 0.456597 ], [ 33.301826, 0.456919 ], [ 33.302005, 0.457117 ], [ 33.30284, 0.45758 ], [ 33.303076, 0.457756 ], [ 33.303278, 0.457966 ], [ 33.303301, 0.458552 ], [ 33.303404, 0.459104 ], [ 33.303656, 0.459671 ], [ 33.304063, 0.460436 ], [ 33.304496, 0.461649 ], [ 33.304663, 0.461858 ], [ 33.309168, 0.464877 ], [ 33.309758, 0.463877 ], [ 33.310752, 0.464365 ], [ 33.310644, 0.465832 ], [ 33.317959, 0.471035 ], [ 33.320875, 0.470674 ], [ 33.32156, 0.470009 ], [ 33.321424, 0.470007 ] ] ] } },
{ "type": "Feature", "properties": { "AREA": 5166603.0, "PERIMETER": 15636.62, "GAZALL_": 589, "GAZALL_ID": 0, "PSUBJ": 0, "NAME": null, "FD_CODE": null, "FD_NAME": null, "GAZTYPE": null, "COMMENT": null, "ANNONAM": null, "ANNOTYP": null, "AREA_HA": 517 }, "geometry": { "type": "Polygon", "coordinates": [ [ [ 33.042157, 0.444909 ], [ 33.042398, 0.444714 ], [ 33.042536, 0.444439 ], [ 33.042651, 0.44376 ], [ 33.042629, 0.44345 ], [ 33.042425, 0.442805 ], [ 33.042438, 0.442184 ], [ 33.042829, 0.441011 ], [ 33.043955, 0.438829 ], [ 33.044266, 0.437852 ], [ 33.044967, 0.436336 ], [ 33.045405, 0.434738 ], [ 33.045554, 0.434474 ], [ 33.046116, 0.434015 ], [ 33.046745, 0.43389 ], [ 33.04791, 0.434273 ], [ 33.048242, 0.434308 ], [ 33.048471, 0.434113 ], [ 33.04893, 0.433459 ], [ 33.0494, 0.432954 ], [ 33.049812, 0.432863 ], [ 33.050098, 0.432956 ], [ 33.051237, 0.43473 ], [ 33.051967, 0.435572 ], [ 33.052766, 0.436265 ], [ 33.053416, 0.437083 ], [ 33.053724, 0.437153 ], [ 33.053828, 0.436843 ], [ 33.054034, 0.436602 ], [ 33.054629, 0.436672 ], [ 33.054904, 0.436569 ], [ 33.055294, 0.436064 ], [ 33.055546, 0.435892 ], [ 33.055866, 0.435997 ], [ 33.056333, 0.436504 ], [ 33.058024, 0.437383 ], [ 33.059486, 0.437893 ], [ 33.059992, 0.43671 ], [ 33.060267, 0.436549 ], [ 33.060849, 0.436827 ], [ 33.061078, 0.437046 ], [ 33.061398, 0.437139 ], [ 33.061993, 0.43691 ], [ 33.062334, 0.437855 ], [ 33.062492, 0.43858 ], [ 33.062704, 0.440893 ], [ 33.062885, 0.441917 ], [ 33.063033, 0.442239 ], [ 33.063273, 0.442424 ], [ 33.063878, 0.44269 ], [ 33.06533, 0.443108 ], [ 33.065378, 0.44182 ], [ 33.0653, 0.440785 ], [ 33.065131, 0.439737 ], [ 33.064983, 0.439415 ], [ 33.064561, 0.438931 ], [ 33.063488, 0.438088 ], [ 33.062941, 0.437546 ], [ 33.062645, 0.437004 ], [ 33.062554, 0.436659 ], [ 33.062634, 0.436372 ], [ 33.063231, 0.435626 ], [ 33.063599, 0.434718 ], [ 33.063634, 0.434315 ], [ 33.063201, 0.433486 ], [ 33.062745, 0.433036 ], [ 33.062332, 0.433484 ], [ 33.061817, 0.43385 ], [ 33.059724, 0.434006 ], [ 33.059347, 0.433993 ], [ 33.059038, 0.433866 ], [ 33.058696, 0.43337 ], [ 33.058173, 0.432081 ], [ 33.057456, 0.430664 ], [ 33.057091, 0.430099 ], [ 33.056852, 0.429891 ], [ 33.055594, 0.429727 ], [ 33.054623, 0.429253 ], [ 33.053799, 0.429676 ], [ 33.052687, 0.430536 ], [ 33.052549, 0.431111 ], [ 33.05257, 0.432042 ], [ 33.052443, 0.432318 ], [ 33.052191, 0.432479 ], [ 33.051574, 0.432396 ], [ 33.051266, 0.432257 ], [ 33.051026, 0.431992 ], [ 33.050878, 0.431739 ], [ 33.05064, 0.430795 ], [ 33.050885, 0.428598 ], [ 33.050627, 0.426389 ], [ 33.050651, 0.42609 ], [ 33.051615, 0.424321 ], [ 33.051965, 0.423282 ], [ 33.052133, 0.422781 ], [ 33.0521, 0.422171 ], [ 33.05177, 0.421641 ], [ 33.038214, 0.418787 ], [ 33.038224, 0.419454 ], [ 33.038086, 0.419718 ], [ 33.037055, 0.420509 ], [ 33.036734, 0.420796 ], [ 33.036333, 0.421312 ], [ 33.035543, 0.421874 ], [ 33.035302, 0.422161 ], [ 33.035221, 0.422494 ], [ 33.035642, 0.423335 ], [ 33.035659, 0.423515 ], [ 33.035743, 0.424439 ], [ 33.03552, 0.426843 ], [ 33.03523, 0.428395 ], [ 33.03484, 0.428923 ], [ 33.034267, 0.429508 ], [ 33.032962, 0.430356 ], [ 33.032194, 0.430987 ], [ 33.0309, 0.431616 ], [ 33.030385, 0.432017 ], [ 33.029972, 0.432522 ], [ 33.0294, 0.4329 ], [ 33.029136, 0.433187 ], [ 33.028631, 0.434117 ], [ 33.028043, 0.43614 ], [ 33.027502, 0.43745 ], [ 33.027306, 0.438128 ], [ 33.027121, 0.439382 ], [ 33.027188, 0.439692 ], [ 33.027496, 0.440268 ], [ 33.028203, 0.441018 ], [ 33.0285, 0.441237 ], [ 33.029325, 0.440733 ], [ 33.030892, 0.4403 ], [ 33.0339, 0.440366 ], [ 33.034254, 0.44039 ], [ 33.034528, 0.440506 ], [ 33.035088, 0.440899 ], [ 33.035293, 0.441106 ], [ 33.035635, 0.441705 ], [ 33.036838, 0.440604 ], [ 33.037926, 0.44002 ], [ 33.038852, 0.43985 ], [ 33.039515, 0.439898 ], [ 33.039812, 0.440003 ], [ 33.040852, 0.440696 ], [ 33.041422, 0.44141 ], [ 33.04141, 0.441744 ], [ 33.04103, 0.442606 ], [ 33.040984, 0.442939 ], [ 33.041347, 0.444205 ], [ 33.041425, 0.444873 ], [ 33.041517, 0.444827 ], [ 33.042157, 0.444909 ] ] ] } },
{ "type": "Feature", "properties": { "AREA": 161149000.0, "PERIMETER": 94216.78, "GAZALL_": 611, "GAZALL_ID": 563, "PSUBJ": 4020, "NAME": "South Busoga", "FD_CODE": "IG/18", "FD_NAME": "South Busoga", "GAZTYPE": "CFR", "COMMENT": null, "ANNONAM": "South Busoga CFR", "ANNOTYP": "(IG/18)", "AREA_HA": 16115 }, "geometry": { "type": "Polygon", "coordinates": [ [ [ 33.500748, 0.25174 ], [ 33.500943, 0.251807 ], [ 33.501291, 0.252033 ], [ 33.502128, 0.252676 ], [ 33.502672, 0.252989 ], [ 33.50324, 0.25341 ], [ 33.503652, 0.253911 ], [ 33.505314, 0.255685 ], [ 33.506048, 0.257299 ], [ 33.506515, 0.256854 ], [ 33.50675, 0.256704 ], [ 33.507319, 0.256194 ], [ 33.507616, 0.256232 ], [ 33.508566, 0.255984 ], [ 33.509186, 0.255687 ], [ 33.510114, 0.255471 ], [ 33.510666, 0.255206 ], [ 33.510935, 0.255033 ], [ 33.511639, 0.254502 ], [ 33.512722, 0.253199 ], [ 33.51311, 0.252771 ], [ 33.513344, 0.252575 ], [ 33.513743, 0.252135 ], [ 33.513988, 0.251915 ], [ 33.515104, 0.25142 ], [ 33.515399, 0.251369 ], [ 33.517551, 0.251309 ], [ 33.517861, 0.251372 ], [ 33.518415, 0.251613 ], [ 33.518953, 0.251727 ], [ 33.519681, 0.251666 ], [ 33.520025, 0.251727 ], [ 33.520322, 0.251743 ], [ 33.520609, 0.251805 ], [ 33.521138, 0.251551 ], [ 33.52128, 0.251319 ], [ 33.521438, 0.250798 ], [ 33.521568, 0.250543 ], [ 33.52164, 0.250254 ], [ 33.522104, 0.249692 ], [ 33.522328, 0.249526 ], [ 33.523064, 0.249324 ], [ 33.523383, 0.249316 ], [ 33.524108, 0.249103 ], [ 33.524425, 0.249037 ], [ 33.524976, 0.248759 ], [ 33.525293, 0.24867 ], [ 33.525828, 0.248633 ], [ 33.52571, 0.248911 ], [ 33.525513, 0.249226 ], [ 33.525417, 0.249481 ], [ 33.525252, 0.249704 ], [ 33.524719, 0.250693 ], [ 33.524172, 0.252038 ], [ 33.523966, 0.252456 ], [ 33.523906, 0.252756 ], [ 33.523881, 0.253124 ], [ 33.524057, 0.254209 ], [ 33.523969, 0.255186 ], [ 33.523862, 0.255476 ], [ 33.523246, 0.256765 ], [ 33.52265, 0.258846 ], [ 33.522367, 0.25937 ], [ 33.521884, 0.260966 ], [ 33.5219, 0.262457 ], [ 33.521874, 0.262768 ], [ 33.521646, 0.26368 ], [ 33.520956, 0.265213 ], [ 33.520909, 0.265581 ], [ 33.520773, 0.266055 ], [ 33.52046, 0.268048 ], [ 33.520397, 0.268704 ], [ 33.521563, 0.270565 ], [ 33.522041, 0.270977 ], [ 33.523217, 0.271472 ], [ 33.523819, 0.271812 ], [ 33.524284, 0.272143 ], [ 33.524774, 0.272577 ], [ 33.525542, 0.273187 ], [ 33.526573, 0.274684 ], [ 33.527166, 0.275997 ], [ 33.527344, 0.276267 ], [ 33.527579, 0.276513 ], [ 33.528134, 0.276842 ], [ 33.528466, 0.276868 ], [ 33.528876, 0.276845 ], [ 33.529129, 0.276941 ], [ 33.529633, 0.277031 ], [ 33.529629, 0.277742 ], [ 33.529761, 0.278025 ], [ 33.529757, 0.278311 ], [ 33.52951, 0.278891 ], [ 33.529163, 0.280013 ], [ 33.529198, 0.280917 ], [ 33.529079, 0.281173 ], [ 33.528984, 0.281474 ], [ 33.529171, 0.282512 ], [ 33.529507, 0.283603 ], [ 33.529616, 0.283852 ], [ 33.529822, 0.285165 ], [ 33.529953, 0.285402 ], [ 33.530041, 0.287028 ], [ 33.530077, 0.287566 ], [ 33.529945, 0.288154 ], [ 33.529744, 0.28879 ], [ 33.529523, 0.290344 ], [ 33.529361, 0.291586 ], [ 33.529401, 0.293133 ], [ 33.529579, 0.293839 ], [ 33.529998, 0.294595 ], [ 33.530086, 0.295327 ], [ 33.530028, 0.2962 ], [ 33.530287, 0.297385 ], [ 33.530581, 0.298157 ], [ 33.530791, 0.298335 ], [ 33.531672, 0.298907 ], [ 33.531892, 0.29944 ], [ 33.531968, 0.299748 ], [ 33.532199, 0.300326 ], [ 33.532617, 0.301932 ], [ 33.532764, 0.302753 ], [ 33.532843, 0.304471 ], [ 33.533295, 0.306534 ], [ 33.533434, 0.307918 ], [ 33.533659, 0.309104 ], [ 33.533662, 0.309689 ], [ 33.53383, 0.311313 ], [ 33.533907, 0.31162 ], [ 33.534554, 0.313289 ], [ 33.534711, 0.313606 ], [ 33.535563, 0.314374 ], [ 33.535817, 0.314482 ], [ 33.536724, 0.31471 ], [ 33.537284, 0.314787 ], [ 33.538082, 0.314766 ], [ 33.538345, 0.314804 ], [ 33.53861, 0.314912 ], [ 33.538843, 0.315078 ], [ 33.539253, 0.315526 ], [ 33.539716, 0.316213 ], [ 33.540413, 0.317134 ], [ 33.540713, 0.317723 ], [ 33.540744, 0.318467 ], [ 33.540542, 0.319046 ], [ 33.54013, 0.320743 ], [ 33.540183, 0.321028 ], [ 33.540272, 0.32223 ], [ 33.540198, 0.32292 ], [ 33.540355, 0.325439 ], [ 33.540556, 0.326591 ], [ 33.540508, 0.327831 ], [ 33.540436, 0.32812 ], [ 33.540361, 0.32873 ], [ 33.539811, 0.329971 ], [ 33.539634, 0.330171 ], [ 33.539342, 0.330362 ], [ 33.538095, 0.331061 ], [ 33.537344, 0.331551 ], [ 33.5369, 0.332044 ], [ 33.536176, 0.332706 ], [ 33.535404, 0.333277 ], [ 33.534191, 0.33441 ], [ 33.533888, 0.334625 ], [ 33.533689, 0.334848 ], [ 33.532376, 0.336121 ], [ 33.531991, 0.337083 ], [ 33.531964, 0.337371 ], [ 33.532387, 0.338277 ], [ 33.532804, 0.33939 ], [ 33.532868, 0.339675 ], [ 33.532888, 0.340007 ], [ 33.532988, 0.340325 ], [ 33.53323, 0.341764 ], [ 33.533306, 0.342037 ], [ 33.533873, 0.343249 ], [ 33.534349, 0.343581 ], [ 33.534559, 0.343781 ], [ 33.534906, 0.344369 ], [ 33.535005, 0.344676 ], [ 33.535162, 0.345016 ], [ 33.535226, 0.345289 ], [ 33.535288, 0.345918 ], [ 33.53525, 0.346653 ], [ 33.535071, 0.34722 ], [ 33.534928, 0.347843 ], [ 33.534926, 0.348222 ], [ 33.534842, 0.348935 ], [ 33.534724, 0.349213 ], [ 33.534661, 0.349892 ], [ 33.537247, 0.354147 ], [ 33.55334, 0.350817 ], [ 33.555427, 0.34115 ], [ 33.555489, 0.340483 ], [ 33.555573, 0.340206 ], [ 33.556015, 0.339632 ], [ 33.556156, 0.339376 ], [ 33.556992, 0.338218 ], [ 33.558112, 0.336525 ], [ 33.560418, 0.334893 ], [ 33.561173, 0.334104 ], [ 33.561361, 0.33387 ], [ 33.56148, 0.333626 ], [ 33.562213, 0.332 ], [ 33.562588, 0.331084 ], [ 33.563234, 0.330459 ], [ 33.563971, 0.329889 ], [ 33.564274, 0.329697 ], [ 33.565814, 0.329289 ], [ 33.566062, 0.32918 ], [ 33.567204, 0.328794 ], [ 33.567485, 0.32866 ], [ 33.568696, 0.328283 ], [ 33.569557, 0.328054 ], [ 33.570602, 0.327464 ], [ 33.571446, 0.327052 ], [ 33.572548, 0.32646 ], [ 33.573402, 0.325967 ], [ 33.573624, 0.325743 ], [ 33.573714, 0.325359 ], [ 33.57386, 0.324739 ], [ 33.573956, 0.324484 ], [ 33.574265, 0.324086 ], [ 33.574419, 0.323841 ], [ 33.575052, 0.323216 ], [ 33.575218, 0.323005 ], [ 33.575568, 0.322457 ], [ 33.57571, 0.322212 ], [ 33.576297, 0.320637 ], [ 33.575916, 0.319581 ], [ 33.575503, 0.319053 ], [ 33.574675, 0.318788 ], [ 33.574454, 0.318622 ], [ 33.573512, 0.318337 ], [ 33.57279, 0.318208 ], [ 33.572179, 0.31796 ], [ 33.571946, 0.31776 ], [ 33.571898, 0.317222 ], [ 33.572016, 0.316955 ], [ 33.574071, 0.31573 ], [ 33.574247, 0.315485 ], [ 33.574824, 0.314885 ], [ 33.575035, 0.314638 ], [ 33.575536, 0.313317 ], [ 33.575862, 0.312678 ], [ 33.57645, 0.312066 ], [ 33.576722, 0.31199 ], [ 33.577053, 0.312015 ], [ 33.577469, 0.312658 ], [ 33.57788, 0.313989 ], [ 33.578023, 0.314237 ], [ 33.578274, 0.315136 ], [ 33.578437, 0.316118 ], [ 33.578526, 0.316449 ], [ 33.579821, 0.318043 ], [ 33.579967, 0.318383 ], [ 33.580226, 0.318273 ], [ 33.582182, 0.319367 ], [ 33.582788, 0.319454 ], [ 33.583712, 0.3199 ], [ 33.584409, 0.31995 ], [ 33.584681, 0.31992 ], [ 33.58501, 0.31983 ], [ 33.585969, 0.319885 ], [ 33.586261, 0.319717 ], [ 33.58696, 0.319388 ], [ 33.58724, 0.319186 ], [ 33.588116, 0.318704 ], [ 33.589001, 0.318497 ], [ 33.589571, 0.318516 ], [ 33.590064, 0.318629 ], [ 33.590384, 0.318666 ], [ 33.59067, 0.31867 ], [ 33.591215, 0.318575 ], [ 33.591368, 0.31833 ], [ 33.591837, 0.317951 ], [ 33.591898, 0.317674 ], [ 33.592005, 0.317384 ], [ 33.592243, 0.316919 ], [ 33.592397, 0.31625 ], [ 33.592297, 0.315036 ], [ 33.592401, 0.314208 ], [ 33.59236, 0.313934 ], [ 33.592072, 0.312955 ], [ 33.591688, 0.312197 ], [ 33.591002, 0.311711 ], [ 33.590802, 0.311487 ], [ 33.590643, 0.311067 ], [ 33.590714, 0.310698 ], [ 33.59123, 0.310386 ], [ 33.591924, 0.309885 ], [ 33.592869, 0.30939 ], [ 33.593287, 0.309253 ], [ 33.593742, 0.309206 ], [ 33.594055, 0.309851 ], [ 33.594142, 0.310113 ], [ 33.594255, 0.31097 ], [ 33.594241, 0.311314 ], [ 33.594272, 0.3116 ], [ 33.594497, 0.312374 ], [ 33.594869, 0.313087 ], [ 33.595059, 0.313391 ], [ 33.595824, 0.314277 ], [ 33.596233, 0.314679 ], [ 33.597038, 0.315804 ], [ 33.597248, 0.315994 ], [ 33.598058, 0.316465 ], [ 33.598809, 0.316824 ], [ 33.599404, 0.316922 ], [ 33.600137, 0.316593 ], [ 33.601517, 0.315742 ], [ 33.602222, 0.314782 ], [ 33.602469, 0.314168 ], [ 33.603073, 0.313292 ], [ 33.603509, 0.312076 ], [ 33.603641, 0.311464 ], [ 33.603737, 0.310303 ], [ 33.603723, 0.309799 ], [ 33.603605, 0.309195 ], [ 33.602844, 0.307552 ], [ 33.602668, 0.307339 ], [ 33.602228, 0.306662 ], [ 33.602176, 0.3064 ], [ 33.602321, 0.305857 ], [ 33.60246, 0.305039 ], [ 33.602739, 0.304389 ], [ 33.602894, 0.303754 ], [ 33.60329, 0.303227 ], [ 33.603586, 0.303208 ], [ 33.604372, 0.303577 ], [ 33.604605, 0.3038 ], [ 33.605497, 0.304786 ], [ 33.606348, 0.305474 ], [ 33.606594, 0.305743 ], [ 33.607001, 0.306466 ], [ 33.607042, 0.306763 ], [ 33.606755, 0.307986 ], [ 33.606729, 0.308297 ], [ 33.606752, 0.308743 ], [ 33.60685, 0.309027 ], [ 33.607061, 0.309228 ], [ 33.607629, 0.309144 ], [ 33.607921, 0.308987 ], [ 33.608209, 0.308658 ], [ 33.609298, 0.307115 ], [ 33.609493, 0.306732 ], [ 33.609715, 0.306485 ], [ 33.610654, 0.305772 ], [ 33.61085, 0.304516 ], [ 33.610808, 0.303348 ], [ 33.610836, 0.302234 ], [ 33.610897, 0.301957 ], [ 33.611333, 0.30073 ], [ 33.611604, 0.300218 ], [ 33.612075, 0.299001 ], [ 33.611998, 0.298258 ], [ 33.611811, 0.298056 ], [ 33.611211, 0.297809 ], [ 33.610955, 0.297609 ], [ 33.610436, 0.296935 ], [ 33.609958, 0.296099 ], [ 33.609298, 0.295256 ], [ 33.60873, 0.294916 ], [ 33.608486, 0.294716 ], [ 33.607064, 0.294433 ], [ 33.605656, 0.294218 ], [ 33.60538, 0.294134 ], [ 33.605147, 0.293945 ], [ 33.604534, 0.293147 ], [ 33.604202, 0.292663 ], [ 33.603751, 0.291551 ], [ 33.603635, 0.290568 ], [ 33.603597, 0.289972 ], [ 33.603578, 0.28839 ], [ 33.603892, 0.287751 ], [ 33.603874, 0.287476 ], [ 33.604006, 0.286406 ], [ 33.604403, 0.285902 ], [ 33.605553, 0.284954 ], [ 33.605777, 0.28481 ], [ 33.606545, 0.284526 ], [ 33.607865, 0.284422 ], [ 33.608929, 0.284554 ], [ 33.609212, 0.284466 ], [ 33.609802, 0.2839 ], [ 33.609798, 0.283326 ], [ 33.609353, 0.282421 ], [ 33.609322, 0.282146 ], [ 33.609521, 0.281017 ], [ 33.609687, 0.28037 ], [ 33.610141, 0.279417 ], [ 33.610237, 0.279162 ], [ 33.61039, 0.278906 ], [ 33.610989, 0.278259 ], [ 33.611834, 0.277847 ], [ 33.61215, 0.277746 ], [ 33.613255, 0.27727 ], [ 33.613629, 0.277191 ], [ 33.615408, 0.276306 ], [ 33.616661, 0.275803 ], [ 33.617165, 0.275479 ], [ 33.617447, 0.275357 ], [ 33.618481, 0.275192 ], [ 33.619189, 0.27523 ], [ 33.619511, 0.275371 ], [ 33.619833, 0.275443 ], [ 33.620753, 0.275739 ], [ 33.621059, 0.275685 ], [ 33.62171, 0.274865 ], [ 33.621797, 0.274255 ], [ 33.621648, 0.272894 ], [ 33.621632, 0.272263 ], [ 33.621421, 0.271638 ], [ 33.621224, 0.270164 ], [ 33.621073, 0.269629 ], [ 33.620979, 0.269092 ], [ 33.620622, 0.268081 ], [ 33.620482, 0.267499 ], [ 33.620717, 0.266449 ], [ 33.620823, 0.26616 ], [ 33.621039, 0.265259 ], [ 33.621707, 0.263796 ], [ 33.622241, 0.26283 ], [ 33.622755, 0.261979 ], [ 33.623436, 0.261399 ], [ 33.623875, 0.261215 ], [ 33.624193, 0.261161 ], [ 33.624741, 0.261181 ], [ 33.625013, 0.261127 ], [ 33.625488, 0.260943 ], [ 33.62564, 0.260675 ], [ 33.625801, 0.260281 ], [ 33.626271, 0.259947 ], [ 33.626519, 0.259825 ], [ 33.626719, 0.259614 ], [ 33.626815, 0.259359 ], [ 33.626817, 0.258992 ], [ 33.626763, 0.258672 ], [ 33.626609, 0.258447 ], [ 33.625752, 0.257965 ], [ 33.625443, 0.257939 ], [ 33.625048, 0.258075 ], [ 33.624727, 0.258038 ], [ 33.624495, 0.257849 ], [ 33.624198, 0.257846 ], [ 33.62395, 0.257944 ], [ 33.623666, 0.258009 ], [ 33.623188, 0.258056 ], [ 33.62288, 0.258053 ], [ 33.622329, 0.257907 ], [ 33.62204, 0.257777 ], [ 33.621796, 0.257611 ], [ 33.621544, 0.25709 ], [ 33.620666, 0.256253 ], [ 33.620072, 0.256223 ], [ 33.619667, 0.256005 ], [ 33.619319, 0.255762 ], [ 33.618782, 0.255317 ], [ 33.61835, 0.254904 ], [ 33.617997, 0.254535 ], [ 33.617854, 0.254275 ], [ 33.617656, 0.253718 ], [ 33.617487, 0.253379 ], [ 33.61721, 0.252388 ], [ 33.617089, 0.252127 ], [ 33.61699, 0.25182 ], [ 33.616947, 0.2515 ], [ 33.616953, 0.250846 ], [ 33.61697, 0.250238 ], [ 33.617009, 0.249973 ], [ 33.617465, 0.248263 ], [ 33.61767, 0.24781 ], [ 33.617743, 0.247521 ], [ 33.617951, 0.247247 ], [ 33.618582, 0.246505 ], [ 33.618812, 0.246049 ], [ 33.619335, 0.245704 ], [ 33.619922, 0.245483 ], [ 33.620345, 0.245021 ], [ 33.620671, 0.244483 ], [ 33.620712, 0.244103 ], [ 33.621, 0.243374 ], [ 33.621045, 0.2431 ], [ 33.621035, 0.242509 ], [ 33.621239, 0.242107 ], [ 33.621311, 0.242036 ], [ 33.621413, 0.241777 ], [ 33.621389, 0.241244 ], [ 33.621509, 0.240514 ], [ 33.621567, 0.240424 ], [ 33.621811, 0.240253 ], [ 33.621903, 0.240126 ], [ 33.621956, 0.239628 ], [ 33.622048, 0.239505 ], [ 33.622176, 0.239089 ], [ 33.622378, 0.238889 ], [ 33.622778, 0.238763 ], [ 33.623008, 0.238563 ], [ 33.623087, 0.238418 ], [ 33.622999, 0.2379 ], [ 33.622762, 0.237134 ], [ 33.622764, 0.236845 ], [ 33.623024, 0.236502 ], [ 33.623046, 0.235507 ], [ 33.623205, 0.235278 ], [ 33.623306, 0.235019 ], [ 33.623023, 0.234061 ], [ 33.623144, 0.233476 ], [ 33.623078, 0.233129 ], [ 33.623228, 0.23276 ], [ 33.623353, 0.232613 ], [ 33.623412, 0.232339 ], [ 33.623401, 0.231806 ], [ 33.623267, 0.230651 ], [ 33.623273, 0.229642 ], [ 33.62319, 0.229397 ], [ 33.623102, 0.228817 ], [ 33.623176, 0.227277 ], [ 33.623066, 0.226743 ], [ 33.623238, 0.226514 ], [ 33.623367, 0.226443 ], [ 33.623554, 0.226214 ], [ 33.623743, 0.225711 ], [ 33.623789, 0.225322 ], [ 33.623953, 0.225103 ], [ 33.624379, 0.224855 ], [ 33.624655, 0.22442 ], [ 33.624889, 0.224155 ], [ 33.62501, 0.224126 ], [ 33.625202, 0.224154 ], [ 33.625363, 0.224118 ], [ 33.625529, 0.224135 ], [ 33.62571, 0.224259 ], [ 33.626051, 0.224331 ], [ 33.626399, 0.224289 ], [ 33.627106, 0.2242 ], [ 33.627364, 0.22413 ], [ 33.627522, 0.223915 ], [ 33.627604, 0.223099 ], [ 33.627589, 0.223001 ], [ 33.627519, 0.222546 ], [ 33.627092, 0.221876 ], [ 33.627046, 0.221712 ], [ 33.626857, 0.221372 ], [ 33.62676, 0.220968 ], [ 33.626647, 0.220794 ], [ 33.626774, 0.220543 ], [ 33.626427, 0.21984 ], [ 33.626414, 0.219696 ], [ 33.626145, 0.219347 ], [ 33.625904, 0.219215 ], [ 33.625805, 0.219114 ], [ 33.625679, 0.218867 ], [ 33.625579, 0.218766 ], [ 33.625451, 0.218736 ], [ 33.62518, 0.218791 ], [ 33.624922, 0.218904 ], [ 33.62442, 0.219231 ], [ 33.624233, 0.21946 ], [ 33.624088, 0.219732 ], [ 33.623922, 0.220188 ], [ 33.623712, 0.220406 ], [ 33.623184, 0.220779 ], [ 33.622416, 0.220889 ], [ 33.621572, 0.22043 ], [ 33.621144, 0.220426 ], [ 33.620832, 0.220164 ], [ 33.620663, 0.219931 ], [ 33.620407, 0.219814 ], [ 33.620264, 0.219812 ], [ 33.620178, 0.219869 ], [ 33.620042, 0.219822 ], [ 33.619753, 0.219548 ], [ 33.619497, 0.219445 ], [ 33.619382, 0.219458 ], [ 33.61907, 0.219691 ], [ 33.618668, 0.219697 ], [ 33.618424, 0.219796 ], [ 33.618369, 0.219992 ], [ 33.618149, 0.220283 ], [ 33.618048, 0.220542 ], [ 33.617922, 0.220689 ], [ 33.617188, 0.220981 ], [ 33.61676, 0.22102 ], [ 33.616475, 0.220989 ], [ 33.615805, 0.220824 ], [ 33.61555, 0.220692 ], [ 33.61481, 0.220454 ], [ 33.614, 0.220036 ], [ 33.61327, 0.219741 ], [ 33.612525, 0.219246 ], [ 33.612047, 0.218999 ], [ 33.610977, 0.217983 ], [ 33.610836, 0.217737 ], [ 33.610768, 0.217318 ], [ 33.610671, 0.217072 ], [ 33.610289, 0.216651 ], [ 33.610162, 0.216404 ], [ 33.610093, 0.216368 ], [ 33.609664, 0.216537 ], [ 33.609506, 0.216456 ], [ 33.609265, 0.216209 ], [ 33.609146, 0.216232 ], [ 33.608735, 0.216434 ], [ 33.608511, 0.216489 ], [ 33.607929, 0.216211 ], [ 33.607767, 0.216209 ], [ 33.607667, 0.216281 ], [ 33.607395, 0.216365 ], [ 33.60711, 0.216333 ], [ 33.606996, 0.21626 ], [ 33.606356, 0.216153 ], [ 33.60564, 0.216421 ], [ 33.605369, 0.216418 ], [ 33.604744, 0.216066 ], [ 33.604339, 0.215778 ], [ 33.603748, 0.215225 ], [ 33.603329, 0.214612 ], [ 33.603301, 0.214467 ], [ 33.603549, 0.213821 ], [ 33.603538, 0.213432 ], [ 33.603626, 0.213 ], [ 33.603631, 0.212481 ], [ 33.603378, 0.21196 ], [ 33.603339, 0.211383 ], [ 33.603647, 0.210661 ], [ 33.603645, 0.210607 ], [ 33.60386, 0.210422 ], [ 33.604049, 0.210063 ], [ 33.604108, 0.20979 ], [ 33.604005, 0.209261 ], [ 33.603449, 0.208285 ], [ 33.603437, 0.208011 ], [ 33.603562, 0.207435 ], [ 33.603542, 0.207349 ], [ 33.6033, 0.207231 ], [ 33.603202, 0.207115 ], [ 33.603075, 0.206883 ], [ 33.603021, 0.206508 ], [ 33.602894, 0.206348 ], [ 33.602652, 0.206187 ], [ 33.601529, 0.205674 ], [ 33.600676, 0.205106 ], [ 33.600168, 0.20468 ], [ 33.599912, 0.204591 ], [ 33.599736, 0.204604 ], [ 33.598554, 0.204881 ], [ 33.598325, 0.205066 ], [ 33.598196, 0.205108 ], [ 33.597994, 0.205352 ], [ 33.59775, 0.205508 ], [ 33.597631, 0.205531 ], [ 33.597353, 0.205216 ], [ 33.597213, 0.204984 ], [ 33.596927, 0.204953 ], [ 33.596569, 0.20518 ], [ 33.596284, 0.205192 ], [ 33.595759, 0.204983 ], [ 33.594807, 0.20427 ], [ 33.594295, 0.203992 ], [ 33.594083, 0.203802 ], [ 33.593941, 0.203743 ], [ 33.593714, 0.203554 ], [ 33.593118, 0.203217 ], [ 33.592438, 0.202547 ], [ 33.592199, 0.20217 ], [ 33.591986, 0.201967 ], [ 33.591745, 0.201806 ], [ 33.591474, 0.201746 ], [ 33.590476, 0.201751 ], [ 33.590361, 0.201836 ], [ 33.590277, 0.202077 ], [ 33.590455, 0.202616 ], [ 33.590438, 0.202904 ], [ 33.590336, 0.203162 ], [ 33.590121, 0.203362 ], [ 33.589992, 0.203433 ], [ 33.589804, 0.203648 ], [ 33.589547, 0.203746 ], [ 33.589389, 0.203946 ], [ 33.58926, 0.204017 ], [ 33.58886, 0.204115 ], [ 33.588616, 0.204257 ], [ 33.588062, 0.205208 ], [ 33.586962, 0.206247 ], [ 33.586539, 0.206568 ], [ 33.586158, 0.206641 ], [ 33.585444, 0.206635 ], [ 33.584599, 0.207103 ], [ 33.584328, 0.207144 ], [ 33.583173, 0.207104 ], [ 33.582658, 0.207229 ], [ 33.582387, 0.207255 ], [ 33.582102, 0.207224 ], [ 33.581989, 0.207151 ], [ 33.581718, 0.207091 ], [ 33.580862, 0.207054 ], [ 33.58002, 0.207191 ], [ 33.579335, 0.207184 ], [ 33.578964, 0.207109 ], [ 33.57804, 0.207007 ], [ 33.575782, 0.205895 ], [ 33.575112, 0.20543 ], [ 33.574473, 0.205064 ], [ 33.573991, 0.204569 ], [ 33.573813, 0.204318 ], [ 33.573139, 0.203688 ], [ 33.572758, 0.203237 ], [ 33.572393, 0.202907 ], [ 33.572025, 0.202459 ], [ 33.571877, 0.202311 ], [ 33.571702, 0.202135 ], [ 33.571158, 0.201533 ], [ 33.570827, 0.201185 ], [ 33.570386, 0.200442 ], [ 33.570105, 0.199806 ], [ 33.569893, 0.199587 ], [ 33.569765, 0.199543 ], [ 33.569479, 0.199555 ], [ 33.569365, 0.199611 ], [ 33.569012, 0.199668 ], [ 33.568751, 0.19971 ], [ 33.568379, 0.199852 ], [ 33.568106, 0.199858 ], [ 33.567554, 0.199479 ], [ 33.566932, 0.198839 ], [ 33.566763, 0.198578 ], [ 33.566186, 0.197899 ], [ 33.565615, 0.196807 ], [ 33.565483, 0.196617 ], [ 33.565215, 0.195782 ], [ 33.564949, 0.195145 ], [ 33.564765, 0.194927 ], [ 33.564674, 0.194725 ], [ 33.564433, 0.193584 ], [ 33.564478, 0.193296 ], [ 33.564566, 0.193037 ], [ 33.564839, 0.192809 ], [ 33.565623, 0.192802 ], [ 33.565867, 0.192674 ], [ 33.565925, 0.19256 ], [ 33.565755, 0.192327 ], [ 33.565514, 0.192166 ], [ 33.565432, 0.192042 ], [ 33.565674, 0.191692 ], [ 33.565919, 0.191522 ], [ 33.566169, 0.19111 ], [ 33.566139, 0.190601 ], [ 33.566173, 0.190039 ], [ 33.566118, 0.189765 ], [ 33.566191, 0.189492 ], [ 33.566179, 0.189203 ], [ 33.566223, 0.189074 ], [ 33.566396, 0.18883 ], [ 33.566626, 0.188645 ], [ 33.567109, 0.188394 ], [ 33.56727, 0.188363 ], [ 33.567378, 0.188282 ], [ 33.567942, 0.188196 ], [ 33.568212, 0.188299 ], [ 33.568552, 0.188634 ], [ 33.568893, 0.18881 ], [ 33.569378, 0.188716 ], [ 33.56985, 0.188574 ], [ 33.570094, 0.188432 ], [ 33.570353, 0.188103 ], [ 33.570411, 0.187973 ], [ 33.570456, 0.187685 ], [ 33.570557, 0.187614 ], [ 33.570843, 0.187574 ], [ 33.571086, 0.187432 ], [ 33.571202, 0.187217 ], [ 33.571276, 0.186929 ], [ 33.571251, 0.186799 ], [ 33.571381, 0.186238 ], [ 33.571525, 0.186023 ], [ 33.571769, 0.185896 ], [ 33.571855, 0.185781 ], [ 33.571943, 0.185508 ], [ 33.571902, 0.184398 ], [ 33.571931, 0.184271 ], [ 33.572055, 0.183995 ], [ 33.572457, 0.183647 ], [ 33.572904, 0.183023 ], [ 33.573161, 0.18291 ], [ 33.573433, 0.182855 ], [ 33.573691, 0.182699 ], [ 33.573864, 0.182484 ], [ 33.573991, 0.182175 ], [ 33.573842, 0.181575 ], [ 33.57383, 0.181287 ], [ 33.57386, 0.181158 ], [ 33.573928, 0.181068 ], [ 33.574508, 0.180714 ], [ 33.574873, 0.180281 ], [ 33.575196, 0.179887 ], [ 33.575299, 0.179499 ], [ 33.575301, 0.179278 ], [ 33.575146, 0.178978 ], [ 33.574779, 0.178528 ], [ 33.574566, 0.178339 ], [ 33.574438, 0.178309 ], [ 33.574167, 0.178335 ], [ 33.573924, 0.178419 ], [ 33.573496, 0.178358 ], [ 33.573225, 0.17837 ], [ 33.572968, 0.178439 ], [ 33.571998, 0.178344 ], [ 33.571598, 0.178427 ], [ 33.571313, 0.178439 ], [ 33.571042, 0.178378 ], [ 33.570734, 0.178222 ], [ 33.56999, 0.177994 ], [ 33.569748, 0.177833 ], [ 33.569431, 0.177559 ], [ 33.569352, 0.177397 ], [ 33.569252, 0.176732 ], [ 33.569224, 0.176683 ], [ 33.569076, 0.176299 ], [ 33.569076, 0.176184 ], [ 33.569006, 0.176039 ], [ 33.568716, 0.174825 ], [ 33.568761, 0.174581 ], [ 33.568905, 0.174409 ], [ 33.568807, 0.174163 ], [ 33.568753, 0.17373 ], [ 33.568655, 0.173484 ], [ 33.568408, 0.173179 ], [ 33.568215, 0.173163 ], [ 33.567944, 0.173204 ], [ 33.567441, 0.173094 ], [ 33.567143, 0.172865 ], [ 33.566971, 0.1726 ], [ 33.5669, 0.172492 ], [ 33.566401, 0.171719 ], [ 33.566134, 0.171154 ], [ 33.565881, 0.170662 ], [ 33.565782, 0.17056 ], [ 33.565683, 0.170473 ], [ 33.565426, 0.170499 ], [ 33.565182, 0.17067 ], [ 33.564895, 0.17097 ], [ 33.564779, 0.171229 ], [ 33.564642, 0.171427 ], [ 33.564599, 0.171488 ], [ 33.563873, 0.172114 ], [ 33.563714, 0.172343 ], [ 33.563571, 0.172414 ], [ 33.563485, 0.172514 ], [ 33.562715, 0.172901 ], [ 33.562007, 0.173556 ], [ 33.561678, 0.173636 ], [ 33.561155, 0.173632 ], [ 33.560853, 0.173413 ], [ 33.560567, 0.173396 ], [ 33.56031, 0.173494 ], [ 33.559818, 0.173853 ], [ 33.558829, 0.174255 ], [ 33.558118, 0.174135 ], [ 33.557606, 0.174478 ], [ 33.55739, 0.174693 ], [ 33.556072, 0.176259 ], [ 33.554409, 0.177626 ], [ 33.5534, 0.178078 ], [ 33.552827, 0.178197 ], [ 33.552056, 0.17819 ], [ 33.551645, 0.177955 ], [ 33.551518, 0.177709 ], [ 33.550863, 0.177311 ], [ 33.550713, 0.177001 ], [ 33.550554, 0.176864 ], [ 33.550269, 0.176847 ], [ 33.549871, 0.176757 ], [ 33.549629, 0.176596 ], [ 33.549378, 0.176217 ], [ 33.548735, 0.176084 ], [ 33.548493, 0.175966 ], [ 33.548394, 0.175792 ], [ 33.548396, 0.175547 ], [ 33.548256, 0.175214 ], [ 33.54787, 0.174817 ], [ 33.547605, 0.174675 ], [ 33.547149, 0.174512 ], [ 33.546852, 0.174235 ], [ 33.54661, 0.174089 ], [ 33.54634, 0.174 ], [ 33.546164, 0.174003 ], [ 33.545542, 0.173872 ], [ 33.545301, 0.173688 ], [ 33.545207, 0.173408 ], [ 33.545141, 0.17342 ], [ 33.545048, 0.173482 ], [ 33.544844, 0.17377 ], [ 33.544697, 0.174302 ], [ 33.544567, 0.174503 ], [ 33.544551, 0.174748 ], [ 33.544305, 0.175221 ], [ 33.544217, 0.175494 ], [ 33.544054, 0.176447 ], [ 33.544254, 0.176955 ], [ 33.544644, 0.17743 ], [ 33.544906, 0.177857 ], [ 33.545474, 0.178175 ], [ 33.545929, 0.1792 ], [ 33.546318, 0.180465 ], [ 33.546413, 0.181108 ], [ 33.546369, 0.181323 ], [ 33.546179, 0.181884 ], [ 33.545918, 0.182401 ], [ 33.545892, 0.183813 ], [ 33.545927, 0.184967 ], [ 33.545895, 0.185341 ], [ 33.545812, 0.185506 ], [ 33.545666, 0.18617 ], [ 33.545428, 0.186692 ], [ 33.545198, 0.186891 ], [ 33.54501, 0.187265 ], [ 33.544965, 0.187538 ], [ 33.544977, 0.187798 ], [ 33.545129, 0.188462 ], [ 33.545327, 0.18914 ], [ 33.545408, 0.18956 ], [ 33.545813, 0.190429 ], [ 33.545896, 0.190704 ], [ 33.546069, 0.191032 ], [ 33.546221, 0.19111 ], [ 33.546364, 0.191112 ], [ 33.546477, 0.191199 ], [ 33.546533, 0.191315 ], [ 33.54653, 0.191747 ], [ 33.546642, 0.192008 ], [ 33.546939, 0.192342 ], [ 33.547209, 0.192746 ], [ 33.547378, 0.192781 ], [ 33.547975, 0.193029 ], [ 33.548317, 0.193119 ], [ 33.548718, 0.192863 ], [ 33.548905, 0.192648 ], [ 33.549137, 0.192247 ], [ 33.549352, 0.192062 ], [ 33.549681, 0.191949 ], [ 33.549895, 0.191937 ], [ 33.550137, 0.192011 ], [ 33.550608, 0.192044 ], [ 33.551307, 0.192228 ], [ 33.551513, 0.192322 ], [ 33.552031, 0.192432 ], [ 33.552099, 0.192485 ], [ 33.552671, 0.192683 ], [ 33.55331, 0.193049 ], [ 33.553678, 0.193427 ], [ 33.554308, 0.194399 ], [ 33.554524, 0.194805 ], [ 33.554775, 0.195441 ], [ 33.554873, 0.196129 ], [ 33.554916, 0.197153 ], [ 33.555121, 0.197974 ], [ 33.555434, 0.19882 ], [ 33.555615, 0.199684 ], [ 33.555713, 0.200664 ], [ 33.555745, 0.200986 ], [ 33.555717, 0.201705 ], [ 33.555521, 0.202194 ], [ 33.555306, 0.202365 ], [ 33.555163, 0.202405 ], [ 33.55475, 0.202331 ], [ 33.554495, 0.202185 ], [ 33.554154, 0.201908 ], [ 33.55378, 0.20145 ], [ 33.553588, 0.201326 ], [ 33.55347, 0.201164 ], [ 33.553308, 0.200689 ], [ 33.553069, 0.200183 ], [ 33.552899, 0.199979 ], [ 33.552274, 0.198673 ], [ 33.551985, 0.198371 ], [ 33.551644, 0.198123 ], [ 33.551389, 0.198005 ], [ 33.551104, 0.197959 ], [ 33.550532, 0.19804 ], [ 33.550246, 0.198182 ], [ 33.549801, 0.198476 ], [ 33.549211, 0.199153 ], [ 33.54879, 0.199466 ], [ 33.548238, 0.20027 ], [ 33.547829, 0.200812 ], [ 33.547571, 0.200896 ], [ 33.547213, 0.201152 ], [ 33.546997, 0.201381 ], [ 33.546314, 0.201929 ], [ 33.545632, 0.202726 ], [ 33.545459, 0.202823 ], [ 33.545188, 0.202878 ], [ 33.54493, 0.203005 ], [ 33.544398, 0.203534 ], [ 33.544169, 0.20369 ], [ 33.543436, 0.203964 ], [ 33.54284, 0.203938 ], [ 33.542269, 0.204048 ], [ 33.542154, 0.204104 ], [ 33.541823, 0.204418 ], [ 33.541693, 0.204677 ], [ 33.541487, 0.205468 ], [ 33.541371, 0.205726 ], [ 33.541242, 0.205783 ], [ 33.540971, 0.205723 ], [ 33.540416, 0.205674 ], [ 33.540192, 0.205609 ], [ 33.539906, 0.205093 ], [ 33.539852, 0.204804 ], [ 33.539627, 0.204297 ], [ 33.53898, 0.203502 ], [ 33.538787, 0.203461 ], [ 33.538495, 0.203134 ], [ 33.538383, 0.202888 ], [ 33.538456, 0.202658 ], [ 33.538697, 0.202329 ], [ 33.538621, 0.201489 ], [ 33.538907, 0.20111 ], [ 33.538955, 0.200875 ], [ 33.539041, 0.200775 ], [ 33.539072, 0.200487 ], [ 33.53904, 0.200239 ], [ 33.538892, 0.199853 ], [ 33.538658, 0.198708 ], [ 33.538663, 0.19812 ], [ 33.538593, 0.197932 ], [ 33.538409, 0.197713 ], [ 33.538267, 0.197667 ], [ 33.53804, 0.19749 ], [ 33.537294, 0.197207 ], [ 33.536878, 0.196936 ], [ 33.536517, 0.196241 ], [ 33.536028, 0.195784 ], [ 33.535546, 0.195416 ], [ 33.535348, 0.195196 ], [ 33.535002, 0.194705 ], [ 33.534871, 0.19418 ], [ 33.534687, 0.193961 ], [ 33.53378, 0.193374 ], [ 33.533295, 0.193216 ], [ 33.533068, 0.193025 ], [ 33.532884, 0.192791 ], [ 33.532574, 0.192091 ], [ 33.532218, 0.191562 ], [ 33.532107, 0.191515 ], [ 33.531856, 0.191134 ], [ 33.531657, 0.190944 ], [ 33.531644, 0.1908 ], [ 33.53156, 0.190684 ], [ 33.531533, 0.190396 ], [ 33.531622, 0.189981 ], [ 33.531638, 0.189709 ], [ 33.531569, 0.189449 ], [ 33.531543, 0.189161 ], [ 33.531234, 0.18856 ], [ 33.531235, 0.188408 ], [ 33.531379, 0.18818 ], [ 33.531623, 0.188083 ], [ 33.53181, 0.187898 ], [ 33.531846, 0.187725 ], [ 33.531151, 0.186057 ], [ 33.530849, 0.185746 ], [ 33.530829, 0.185623 ], [ 33.531001, 0.185452 ], [ 33.531115, 0.185467 ], [ 33.53123, 0.185411 ], [ 33.531273, 0.18531 ], [ 33.531219, 0.185021 ], [ 33.531078, 0.184789 ], [ 33.530668, 0.184337 ], [ 33.530513, 0.184105 ], [ 33.530009, 0.182815 ], [ 33.529854, 0.182583 ], [ 33.529712, 0.182452 ], [ 33.529397, 0.181963 ], [ 33.529347, 0.181741 ], [ 33.52922, 0.181494 ], [ 33.52882, 0.180381 ], [ 33.528771, 0.179842 ], [ 33.528554, 0.179088 ], [ 33.528376, 0.178751 ], [ 33.528287, 0.178582 ], [ 33.52755, 0.177901 ], [ 33.52741, 0.177637 ], [ 33.527145, 0.177376 ], [ 33.527071, 0.177182 ], [ 33.526789, 0.176789 ], [ 33.526541, 0.176357 ], [ 33.526522, 0.176182 ], [ 33.526239, 0.175301 ], [ 33.526105, 0.175193 ], [ 33.525304, 0.174067 ], [ 33.525038, 0.173222 ], [ 33.525093, 0.172748 ], [ 33.525209, 0.172616 ], [ 33.525283, 0.172327 ], [ 33.525455, 0.17213 ], [ 33.52579, 0.171244 ], [ 33.525763, 0.171055 ], [ 33.525637, 0.170805 ], [ 33.525419, 0.170529 ], [ 33.5249, 0.170114 ], [ 33.524772, 0.170052 ], [ 33.52456, 0.169814 ], [ 33.524319, 0.169662 ], [ 33.523949, 0.169534 ], [ 33.523465, 0.169503 ], [ 33.523208, 0.169409 ], [ 33.522641, 0.168966 ], [ 33.52237, 0.168974 ], [ 33.521827, 0.169062 ], [ 33.521557, 0.168972 ], [ 33.521202, 0.168711 ], [ 33.520932, 0.168665 ], [ 33.519832, 0.168811 ], [ 33.51956, 0.168951 ], [ 33.518999, 0.169445 ], [ 33.518241, 0.16975 ], [ 33.517971, 0.169675 ], [ 33.517914, 0.169544 ], [ 33.517515, 0.16957 ], [ 33.517285, 0.169772 ], [ 33.517053, 0.170278 ], [ 33.517037, 0.170569 ], [ 33.517134, 0.170831 ], [ 33.517552, 0.171463 ], [ 33.518407, 0.172284 ], [ 33.518674, 0.172783 ], [ 33.518873, 0.172974 ], [ 33.519056, 0.173224 ], [ 33.519068, 0.173503 ], [ 33.518995, 0.173752 ], [ 33.519062, 0.174149 ], [ 33.519073, 0.174605 ], [ 33.519115, 0.174723 ], [ 33.519328, 0.174901 ], [ 33.520095, 0.175261 ], [ 33.520308, 0.175485 ], [ 33.520562, 0.175841 ], [ 33.520803, 0.176006 ], [ 33.521059, 0.176098 ], [ 33.52163, 0.176136 ], [ 33.521915, 0.1762 ], [ 33.522632, 0.176608 ], [ 33.523077, 0.177219 ], [ 33.523147, 0.177597 ], [ 33.523258, 0.177749 ], [ 33.523341, 0.178014 ], [ 33.52345, 0.178702 ], [ 33.523419, 0.178979 ], [ 33.522899, 0.180057 ], [ 33.522649, 0.180799 ], [ 33.522631, 0.18119 ], [ 33.522686, 0.18148 ], [ 33.522827, 0.181728 ], [ 33.523162, 0.181895 ], [ 33.52366, 0.181929 ], [ 33.524765, 0.182087 ], [ 33.52502, 0.182249 ], [ 33.525955, 0.18317 ], [ 33.526109, 0.183417 ], [ 33.526289, 0.183817 ], [ 33.526377, 0.184472 ], [ 33.526752, 0.185223 ], [ 33.526806, 0.185496 ], [ 33.526774, 0.18594 ], [ 33.526569, 0.186639 ], [ 33.52628, 0.187163 ], [ 33.526107, 0.187374 ], [ 33.526014, 0.187602 ], [ 33.525612, 0.18807 ], [ 33.525528, 0.188169 ], [ 33.525169, 0.188867 ], [ 33.524952, 0.189119 ], [ 33.524865, 0.189388 ], [ 33.524977, 0.189646 ], [ 33.525218, 0.189793 ], [ 33.525615, 0.190186 ], [ 33.525727, 0.190445 ], [ 33.525782, 0.190703 ], [ 33.52567, 0.191477 ], [ 33.525715, 0.191925 ], [ 33.525684, 0.192209 ], [ 33.525496, 0.192547 ], [ 33.525495, 0.192718 ], [ 33.525537, 0.192818 ], [ 33.525706, 0.193037 ], [ 33.527423, 0.194244 ], [ 33.52779, 0.194832 ], [ 33.527902, 0.195078 ], [ 33.52813, 0.196033 ], [ 33.528575, 0.196581 ], [ 33.528715, 0.196842 ], [ 33.52877, 0.197101 ], [ 33.528755, 0.197243 ], [ 33.528623, 0.197603 ], [ 33.528204, 0.198265 ], [ 33.528117, 0.198583 ], [ 33.528042, 0.199009 ], [ 33.528081, 0.199551 ], [ 33.528164, 0.19981 ], [ 33.528305, 0.20007 ], [ 33.52836, 0.200314 ], [ 33.528115, 0.200635 ], [ 33.527912, 0.201128 ], [ 33.52791, 0.201342 ], [ 33.527798, 0.201773 ], [ 33.527347, 0.202212 ], [ 33.52716, 0.20245 ], [ 33.526171, 0.203058 ], [ 33.525899, 0.203125 ], [ 33.52517, 0.203448 ], [ 33.524883, 0.203584 ], [ 33.524825, 0.203593 ], [ 33.523923, 0.203604 ], [ 33.522638, 0.204127 ], [ 33.522368, 0.204098 ], [ 33.52201, 0.204186 ], [ 33.521581, 0.204367 ], [ 33.521309, 0.204393 ], [ 33.521052, 0.204505 ], [ 33.520609, 0.204557 ], [ 33.520495, 0.204613 ], [ 33.520081, 0.204649 ], [ 33.519724, 0.204733 ], [ 33.518277, 0.206067 ], [ 33.518128, 0.206205 ], [ 33.517842, 0.206319 ], [ 33.517543, 0.206303 ], [ 33.517472, 0.206216 ], [ 33.51746, 0.205927 ], [ 33.517229, 0.205064 ], [ 33.516997, 0.2047 ], [ 33.516972, 0.204522 ], [ 33.517017, 0.20425 ], [ 33.517003, 0.204106 ], [ 33.517077, 0.203849 ], [ 33.517222, 0.203593 ], [ 33.517537, 0.203339 ], [ 33.517624, 0.203225 ], [ 33.518668, 0.202279 ], [ 33.518988, 0.202051 ], [ 33.51909, 0.201778 ], [ 33.519027, 0.20089 ], [ 33.518862, 0.199966 ], [ 33.518778, 0.199718 ], [ 33.518697, 0.199151 ], [ 33.518599, 0.198904 ], [ 33.518492, 0.198472 ], [ 33.518408, 0.19802 ], [ 33.518386, 0.197901 ], [ 33.51839, 0.197427 ], [ 33.518441, 0.196684 ], [ 33.51834, 0.196581 ], [ 33.51846, 0.195958 ], [ 33.51823, 0.195706 ], [ 33.517968, 0.195609 ], [ 33.517256, 0.195563 ], [ 33.517, 0.195476 ], [ 33.516714, 0.195504 ], [ 33.516313, 0.195691 ], [ 33.515943, 0.195591 ], [ 33.515658, 0.195578 ], [ 33.515416, 0.19545 ], [ 33.515303, 0.195322 ], [ 33.515037, 0.194781 ], [ 33.514889, 0.194634 ], [ 33.514779, 0.194101 ], [ 33.514721, 0.193479 ], [ 33.514537, 0.192948 ], [ 33.514452, 0.192821 ], [ 33.51413, 0.192665 ], [ 33.513955, 0.192616 ], [ 33.513669, 0.192649 ], [ 33.513297, 0.192883 ], [ 33.513011, 0.19286 ], [ 33.512381, 0.19313 ], [ 33.512096, 0.19315 ], [ 33.511581, 0.19336 ], [ 33.511294, 0.193408 ], [ 33.511166, 0.193482 ], [ 33.510452, 0.193495 ], [ 33.510338, 0.19344 ], [ 33.509896, 0.193447 ], [ 33.509413, 0.193219 ], [ 33.509128, 0.193169 ], [ 33.508773, 0.192943 ], [ 33.508575, 0.192756 ], [ 33.508333, 0.19264 ], [ 33.507978, 0.192407 ], [ 33.507707, 0.192337 ], [ 33.507608, 0.192246 ], [ 33.507553, 0.192026 ], [ 33.507611, 0.191883 ], [ 33.507585, 0.191618 ], [ 33.507514, 0.191495 ], [ 33.507258, 0.191412 ], [ 33.507131, 0.191321 ], [ 33.506859, 0.191267 ], [ 33.506574, 0.191316 ], [ 33.506204, 0.191142 ], [ 33.505933, 0.191192 ], [ 33.5055, 0.191731 ], [ 33.505155, 0.192092 ], [ 33.504897, 0.19226 ], [ 33.503925, 0.192457 ], [ 33.503669, 0.192394 ], [ 33.503397, 0.192432 ], [ 33.503126, 0.192411 ], [ 33.502983, 0.192451 ], [ 33.502754, 0.192601 ], [ 33.502566, 0.192865 ], [ 33.501921, 0.193227 ], [ 33.501406, 0.193441 ], [ 33.50112, 0.193479 ], [ 33.500737, 0.19357 ], [ 33.500316, 0.19357 ], [ 33.500059, 0.193671 ], [ 33.499845, 0.193858 ], [ 33.499659, 0.194103 ], [ 33.499545, 0.194348 ], [ 33.49946, 0.194752 ], [ 33.499402, 0.194867 ], [ 33.498881, 0.195262 ], [ 33.498746, 0.195444 ], [ 33.498712, 0.195617 ], [ 33.498753, 0.196439 ], [ 33.498204, 0.197605 ], [ 33.49819, 0.19798 ], [ 33.498033, 0.19821 ], [ 33.497919, 0.198297 ], [ 33.497861, 0.198427 ], [ 33.497833, 0.198715 ], [ 33.497662, 0.19896 ], [ 33.497448, 0.199089 ], [ 33.497262, 0.19932 ], [ 33.49721, 0.199546 ], [ 33.497333, 0.199839 ], [ 33.497483, 0.200088 ], [ 33.497933, 0.200127 ], [ 33.498822, 0.200508 ], [ 33.499945, 0.201235 ], [ 33.500145, 0.201436 ], [ 33.500287, 0.201494 ], [ 33.500501, 0.201695 ], [ 33.500743, 0.201821 ], [ 33.500582, 0.20401 ], [ 33.499988, 0.20439 ], [ 33.499817, 0.204635 ], [ 33.499302, 0.205597 ], [ 33.498832, 0.206641 ], [ 33.498861, 0.207013 ], [ 33.498803, 0.207243 ], [ 33.498861, 0.207776 ], [ 33.498861, 0.208525 ], [ 33.498932, 0.208756 ], [ 33.499103, 0.209029 ], [ 33.499446, 0.209326 ], [ 33.49997, 0.209537 ], [ 33.500281, 0.209773 ], [ 33.500747, 0.209869 ], [ 33.501527, 0.210589 ], [ 33.50221, 0.21089 ], [ 33.50248, 0.210952 ], [ 33.502766, 0.210958 ], [ 33.503548, 0.211231 ], [ 33.503917, 0.211417 ], [ 33.504087, 0.211624 ], [ 33.504115, 0.211736 ], [ 33.504114, 0.21185 ], [ 33.503588, 0.213401 ], [ 33.503401, 0.213617 ], [ 33.502682, 0.214244 ], [ 33.502419, 0.214799 ], [ 33.502324, 0.214923 ], [ 33.502171, 0.215587 ], [ 33.502101, 0.215667 ], [ 33.502028, 0.215936 ], [ 33.501738, 0.216624 ], [ 33.501693, 0.216883 ], [ 33.501635, 0.216988 ], [ 33.501619, 0.217244 ], [ 33.501689, 0.217486 ], [ 33.501711, 0.217542 ], [ 33.502215, 0.217867 ], [ 33.503033, 0.218248 ], [ 33.503266, 0.218525 ], [ 33.504371, 0.219207 ], [ 33.504637, 0.219671 ], [ 33.505233, 0.22024 ], [ 33.505326, 0.220643 ], [ 33.505242, 0.220661 ], [ 33.50408, 0.220674 ], [ 33.503837, 0.220595 ], [ 33.502946, 0.220711 ], [ 33.502701, 0.220837 ], [ 33.502323, 0.221302 ], [ 33.502092, 0.221498 ], [ 33.501655, 0.221707 ], [ 33.501441, 0.222124 ], [ 33.501326, 0.222199 ], [ 33.501038, 0.222801 ], [ 33.500736, 0.223664 ], [ 33.500116, 0.224545 ], [ 33.500031, 0.224805 ], [ 33.500016, 0.225093 ], [ 33.499759, 0.225424 ], [ 33.499645, 0.225684 ], [ 33.499617, 0.225957 ], [ 33.499474, 0.226332 ], [ 33.499431, 0.226606 ], [ 33.499417, 0.226894 ], [ 33.499488, 0.227312 ], [ 33.499488, 0.22773 ], [ 33.499389, 0.227975 ], [ 33.499284, 0.228726 ], [ 33.499203, 0.228983 ], [ 33.499203, 0.229118 ], [ 33.499004, 0.229656 ], [ 33.499075, 0.229949 ], [ 33.49902, 0.230018 ], [ 33.498604, 0.230251 ], [ 33.498333, 0.230295 ], [ 33.498033, 0.230597 ], [ 33.497762, 0.230655 ], [ 33.497605, 0.230626 ], [ 33.497262, 0.230367 ], [ 33.497177, 0.230252 ], [ 33.497129, 0.230142 ], [ 33.4971, 0.230568 ], [ 33.496977, 0.231024 ], [ 33.496806, 0.231268 ], [ 33.496207, 0.231743 ], [ 33.496135, 0.232016 ], [ 33.496149, 0.232304 ], [ 33.496207, 0.232419 ], [ 33.496235, 0.232707 ], [ 33.496777, 0.233671 ], [ 33.496877, 0.233916 ], [ 33.497154, 0.235053 ], [ 33.49729, 0.235384 ], [ 33.497552, 0.235795 ], [ 33.497829, 0.236005 ], [ 33.498088, 0.236406 ], [ 33.498188, 0.236794 ], [ 33.498202, 0.237082 ], [ 33.498041, 0.237635 ], [ 33.49776, 0.237931 ], [ 33.497286, 0.237974 ], [ 33.496812, 0.238115 ], [ 33.496191, 0.238377 ], [ 33.495883, 0.23861 ], [ 33.495548, 0.23906 ], [ 33.49524, 0.239758 ], [ 33.494993, 0.24055 ], [ 33.494907, 0.240981 ], [ 33.494721, 0.241485 ], [ 33.494527, 0.24184 ], [ 33.493994, 0.242377 ], [ 33.493554, 0.242747 ], [ 33.493509, 0.242838 ], [ 33.492909, 0.243442 ], [ 33.492724, 0.243787 ], [ 33.492652, 0.244061 ], [ 33.492509, 0.244305 ], [ 33.492181, 0.244751 ], [ 33.491938, 0.244924 ], [ 33.491627, 0.245418 ], [ 33.491507, 0.245898 ], [ 33.49101, 0.246856 ], [ 33.49087, 0.247247 ], [ 33.490901, 0.247503 ], [ 33.491252, 0.248278 ], [ 33.491406, 0.248534 ], [ 33.49163, 0.24879 ], [ 33.492845, 0.249672 ], [ 33.494809, 0.251371 ], [ 33.49508, 0.251571 ], [ 33.49561, 0.251879 ], [ 33.495972, 0.252023 ], [ 33.496607, 0.252195 ], [ 33.497005, 0.252248 ], [ 33.497711, 0.252284 ], [ 33.498088, 0.252256 ], [ 33.498443, 0.252182 ], [ 33.49873, 0.252096 ], [ 33.499684, 0.251688 ], [ 33.500004, 0.251648 ], [ 33.5003, 0.251664 ], [ 33.500748, 0.25174 ] ] ] } },
{ "type": "Feature", "properties": { "AREA": 645534.4, "PERIMETER": 3394.018, "GAZALL_": 632, "GAZALL_ID": 578, "PSUBJ": 4020, "NAME": "Buduli", "FD_CODE": "MN/3", "FD_NAME": "Buduli", "GAZTYPE": "LFR", "COMMENT": null, "ANNONAM": "Buduli LFR", "ANNOTYP": "(MN/3)", "AREA_HA": 65 }, "geometry": { "type": "Polygon", "coordinates": [ [ [ 33.297959, 0.312175 ], [ 33.298213, 0.312078 ], [ 33.298469, 0.312063 ], [ 33.298948, 0.312233 ], [ 33.299243, 0.311167 ], [ 33.299265, 0.310559 ], [ 33.299226, 0.310237 ], [ 33.299215, 0.309652 ], [ 33.29924, 0.308918 ], [ 33.299426, 0.307498 ], [ 33.299471, 0.306936 ], [ 33.299485, 0.306225 ], [ 33.299565, 0.305607 ], [ 33.299714, 0.304978 ], [ 33.300351, 0.303268 ], [ 33.30071, 0.30213 ], [ 33.300332, 0.30209 ], [ 33.300177, 0.302129 ], [ 33.299635, 0.302072 ], [ 33.298671, 0.302168 ], [ 33.298521, 0.302244 ], [ 33.298388, 0.302244 ], [ 33.297407, 0.302782 ], [ 33.296617, 0.302949 ], [ 33.296232, 0.303098 ], [ 33.293109, 0.307706 ], [ 33.293121, 0.307763 ], [ 33.293206, 0.307878 ], [ 33.293349, 0.307935 ], [ 33.293449, 0.308036 ], [ 33.293629, 0.308584 ], [ 33.293537, 0.308955 ], [ 33.29321, 0.309668 ], [ 33.293118, 0.310034 ], [ 33.293146, 0.310652 ], [ 33.293232, 0.310911 ], [ 33.293574, 0.311213 ], [ 33.293963, 0.311409 ], [ 33.294373, 0.311961 ], [ 33.294715, 0.31222 ], [ 33.294801, 0.312335 ], [ 33.295001, 0.312493 ], [ 33.295243, 0.31258 ], [ 33.295785, 0.312594 ], [ 33.296057, 0.312566 ], [ 33.296733, 0.312309 ], [ 33.296997, 0.312209 ], [ 33.297346, 0.312273 ], [ 33.297704, 0.312252 ], [ 33.297959, 0.312175 ] ] ] } },
{ "type": "Feature", "properties": { "AREA": 208367000.0, "PERIMETER": 77916.29, "GAZALL_": 638, "GAZALL_ID": 583, "PSUBJ": 4023, "NAME": "Katonga", "FD_CODE": null, "FD_NAME": null, "GAZTYPE": "GR", "COMMENT": null, "ANNONAM": "Katonga GR", "ANNOTYP": null, "AREA_HA": 20837 }, "geometry": { "type": "Polygon", "coordinates": [ [ [ 30.750691, 0.199935 ], [ 30.750519, 0.200019 ], [ 30.750268, 0.200052 ], [ 30.750005, 0.200142 ], [ 30.749614, 0.20055 ], [ 30.74904, 0.200967 ], [ 30.748525, 0.201222 ], [ 30.748261, 0.201321 ], [ 30.747895, 0.20144 ], [ 30.747187, 0.201585 ], [ 30.745954, 0.201577 ], [ 30.745269, 0.20149 ], [ 30.74462, 0.201345 ], [ 30.743582, 0.201164 ], [ 30.742659, 0.200964 ], [ 30.740893, 0.200487 ], [ 30.739641, 0.199984 ], [ 30.737821, 0.199082 ], [ 30.736762, 0.198604 ], [ 30.735317, 0.198053 ], [ 30.733643, 0.19747 ], [ 30.731492, 0.196576 ], [ 30.730843, 0.196364 ], [ 30.730171, 0.196209 ], [ 30.729394, 0.196203 ], [ 30.728378, 0.196288 ], [ 30.72743, 0.196408 ], [ 30.727166, 0.196509 ], [ 30.72688, 0.196668 ], [ 30.725871, 0.197328 ], [ 30.725274, 0.197818 ], [ 30.724986, 0.198091 ], [ 30.724595, 0.198629 ], [ 30.723914, 0.199658 ], [ 30.723534, 0.200161 ], [ 30.722947, 0.2008 ], [ 30.722109, 0.201507 ], [ 30.720512, 0.202967 ], [ 30.719959, 0.203642 ], [ 30.719648, 0.204111 ], [ 30.719233, 0.204567 ], [ 30.719027, 0.204727 ], [ 30.71842, 0.204942 ], [ 30.718202, 0.20509 ], [ 30.717959, 0.205582 ], [ 30.717752, 0.205765 ], [ 30.71654, 0.206183 ], [ 30.716219, 0.206319 ], [ 30.715497, 0.206694 ], [ 30.7152, 0.206819 ], [ 30.714834, 0.20692 ], [ 30.71456, 0.206964 ], [ 30.714217, 0.206928 ], [ 30.713921, 0.206823 ], [ 30.713172, 0.206337 ], [ 30.712593, 0.205863 ], [ 30.711821, 0.20533 ], [ 30.711264, 0.204983 ], [ 30.710774, 0.20482 ], [ 30.707653, 0.203976 ], [ 30.705728, 0.203403 ], [ 30.70501, 0.203238 ], [ 30.70395, 0.203037 ], [ 30.703231, 0.202953 ], [ 30.702638, 0.202892 ], [ 30.701942, 0.202865 ], [ 30.701657, 0.202886 ], [ 30.70104, 0.202975 ], [ 30.700513, 0.203224 ], [ 30.699871, 0.203645 ], [ 30.699502, 0.204012 ], [ 30.699032, 0.20439 ], [ 30.69831, 0.204867 ], [ 30.697553, 0.205322 ], [ 30.696521, 0.20605 ], [ 30.695661, 0.206515 ], [ 30.694608, 0.206967 ], [ 30.69383, 0.20725 ], [ 30.691588, 0.207936 ], [ 30.689986, 0.208511 ], [ 30.689733, 0.208716 ], [ 30.688611, 0.209203 ], [ 30.687685, 0.209415 ], [ 30.686817, 0.209536 ], [ 30.685823, 0.209736 ], [ 30.685571, 0.209804 ], [ 30.684781, 0.210108 ], [ 30.684038, 0.210334 ], [ 30.682048, 0.210826 ], [ 30.681271, 0.210959 ], [ 30.680552, 0.211023 ], [ 30.679444, 0.211039 ], [ 30.67657, 0.21078 ], [ 30.675977, 0.210696 ], [ 30.675703, 0.210695 ], [ 30.675064, 0.210748 ], [ 30.673863, 0.211096 ], [ 30.672377, 0.211363 ], [ 30.672188, 0.211374 ], [ 30.671532, 0.211415 ], [ 30.671247, 0.21139 ], [ 30.670255, 0.211212 ], [ 30.669868, 0.211117 ], [ 30.668946, 0.21079 ], [ 30.668638, 0.210662 ], [ 30.66832, 0.210488 ], [ 30.667797, 0.210186 ], [ 30.667241, 0.209804 ], [ 30.666424, 0.209145 ], [ 30.666004, 0.208763 ], [ 30.6658, 0.208544 ], [ 30.665642, 0.208302 ], [ 30.665337, 0.207784 ], [ 30.664797, 0.20669 ], [ 30.66447, 0.20616 ], [ 30.664097, 0.205698 ], [ 30.663406, 0.204937 ], [ 30.662249, 0.203885 ], [ 30.662046, 0.203666 ], [ 30.661695, 0.203182 ], [ 30.660928, 0.201983 ], [ 30.660127, 0.200578 ], [ 30.659732, 0.200047 ], [ 30.659517, 0.199794 ], [ 30.659018, 0.199297 ], [ 30.656863, 0.197378 ], [ 30.655866, 0.196408 ], [ 30.655446, 0.196061 ], [ 30.655218, 0.195922 ], [ 30.654957, 0.195794 ], [ 30.654376, 0.19563 ], [ 30.653817, 0.19558 ], [ 30.653497, 0.195647 ], [ 30.652673, 0.195975 ], [ 30.651047, 0.196699 ], [ 30.650521, 0.196891 ], [ 30.649926, 0.197037 ], [ 30.649264, 0.197032 ], [ 30.648704, 0.197201 ], [ 30.64844, 0.19736 ], [ 30.648256, 0.197577 ], [ 30.647771, 0.198274 ], [ 30.647565, 0.198468 ], [ 30.64729, 0.198581 ], [ 30.64723, 0.198586 ], [ 30.647242, 0.198925 ], [ 30.647354, 0.199155 ], [ 30.647512, 0.199363 ], [ 30.647921, 0.199721 ], [ 30.648248, 0.200217 ], [ 30.648495, 0.200735 ], [ 30.648673, 0.201321 ], [ 30.648817, 0.201976 ], [ 30.64924, 0.203345 ], [ 30.649306, 0.203667 ], [ 30.64929, 0.204321 ], [ 30.649354, 0.204861 ], [ 30.64927, 0.205445 ], [ 30.648958, 0.20596 ], [ 30.64815, 0.20716 ], [ 30.648, 0.207434 ], [ 30.647825, 0.207961 ], [ 30.647776, 0.208305 ], [ 30.647774, 0.208627 ], [ 30.647806, 0.208902 ], [ 30.648038, 0.209856 ], [ 30.64832, 0.210398 ], [ 30.648557, 0.210663 ], [ 30.648987, 0.211079 ], [ 30.649339, 0.211368 ], [ 30.65002, 0.211808 ], [ 30.650588, 0.212099 ], [ 30.651851, 0.2126 ], [ 30.652874, 0.213089 ], [ 30.653362, 0.213402 ], [ 30.654427, 0.214281 ], [ 30.654996, 0.214583 ], [ 30.656065, 0.215014 ], [ 30.656917, 0.215444 ], [ 30.657201, 0.215629 ], [ 30.65745, 0.215814 ], [ 30.657677, 0.216034 ], [ 30.658456, 0.217049 ], [ 30.658659, 0.21728 ], [ 30.65892, 0.217499 ], [ 30.659442, 0.217824 ], [ 30.660226, 0.218208 ], [ 30.660725, 0.218544 ], [ 30.662164, 0.219735 ], [ 30.662537, 0.220219 ], [ 30.662806, 0.220749 ], [ 30.663165, 0.221555 ], [ 30.663401, 0.221946 ], [ 30.663718, 0.222373 ], [ 30.664693, 0.223125 ], [ 30.664942, 0.223368 ], [ 30.665441, 0.223727 ], [ 30.665657, 0.223923 ], [ 30.665803, 0.224131 ], [ 30.666016, 0.224671 ], [ 30.666094, 0.224959 ], [ 30.666229, 0.225189 ], [ 30.666434, 0.225351 ], [ 30.667082, 0.225654 ], [ 30.66764, 0.225778 ], [ 30.66772, 0.225795 ], [ 30.668073, 0.225924 ], [ 30.66838, 0.226075 ], [ 30.668573, 0.226271 ], [ 30.668742, 0.226525 ], [ 30.668841, 0.22703 ], [ 30.668942, 0.227329 ], [ 30.669347, 0.22817 ], [ 30.669517, 0.228435 ], [ 30.669743, 0.228654 ], [ 30.670017, 0.228656 ], [ 30.670338, 0.228543 ], [ 30.671049, 0.228043 ], [ 30.671576, 0.227771 ], [ 30.672377, 0.227477 ], [ 30.672676, 0.227307 ], [ 30.673272, 0.226943 ], [ 30.673686, 0.226579 ], [ 30.673915, 0.226454 ], [ 30.674189, 0.226467 ], [ 30.674427, 0.226675 ], [ 30.674654, 0.226952 ], [ 30.674947, 0.227413 ], [ 30.675195, 0.227942 ], [ 30.675421, 0.228254 ], [ 30.67601, 0.228877 ], [ 30.676545, 0.229213 ], [ 30.677126, 0.229435 ], [ 30.677684, 0.229519 ], [ 30.677935, 0.229612 ], [ 30.678197, 0.229752 ], [ 30.678582, 0.230156 ], [ 30.678706, 0.230386 ], [ 30.678681, 0.230661 ], [ 30.678495, 0.231165 ], [ 30.678538, 0.23143 ], [ 30.67873, 0.231706 ], [ 30.678957, 0.231903 ], [ 30.679673, 0.232412 ], [ 30.679912, 0.232563 ], [ 30.680912, 0.233074 ], [ 30.681197, 0.233248 ], [ 30.681469, 0.233502 ], [ 30.681316, 0.234018 ], [ 30.68128, 0.234293 ], [ 30.681267, 0.23458 ], [ 30.68131, 0.23489 ], [ 30.681274, 0.235142 ], [ 30.681271, 0.235487 ], [ 30.68137, 0.236027 ], [ 30.68147, 0.236314 ], [ 30.681617, 0.236522 ], [ 30.681867, 0.236719 ], [ 30.682481, 0.236918 ], [ 30.682766, 0.237046 ], [ 30.683028, 0.237013 ], [ 30.683395, 0.236889 ], [ 30.683692, 0.236845 ], [ 30.684833, 0.236829 ], [ 30.685096, 0.236865 ], [ 30.685755, 0.237179 ], [ 30.685982, 0.237375 ], [ 30.686355, 0.23778 ], [ 30.686635, 0.238378 ], [ 30.686678, 0.238654 ], [ 30.686653, 0.238964 ], [ 30.68651, 0.239617 ], [ 30.686412, 0.24042 ], [ 30.686282, 0.241039 ], [ 30.686291, 0.241303 ], [ 30.68638, 0.241579 ], [ 30.686526, 0.241844 ], [ 30.687453, 0.24271 ], [ 30.687941, 0.243023 ], [ 30.68826, 0.243048 ], [ 30.688899, 0.242983 ], [ 30.689594, 0.243034 ], [ 30.689855, 0.243173 ], [ 30.690058, 0.24337 ], [ 30.690622, 0.244108 ], [ 30.691611, 0.245847 ], [ 30.691814, 0.246158 ], [ 30.692233, 0.246643 ], [ 30.692459, 0.246839 ], [ 30.693088, 0.247247 ], [ 30.693696, 0.247595 ], [ 30.693925, 0.247755 ], [ 30.694449, 0.248226 ], [ 30.695225, 0.249065 ], [ 30.696309, 0.250465 ], [ 30.696993, 0.251407 ], [ 30.697187, 0.251579 ], [ 30.69762, 0.251855 ], [ 30.698111, 0.252108 ], [ 30.698956, 0.252384 ], [ 30.699572, 0.252499 ], [ 30.700303, 0.252523 ], [ 30.701022, 0.252604 ], [ 30.702061, 0.252835 ], [ 30.702289, 0.252972 ], [ 30.702711, 0.253409 ], [ 30.702939, 0.253604 ], [ 30.703179, 0.253708 ], [ 30.703441, 0.253754 ], [ 30.703966, 0.253903 ], [ 30.704423, 0.254202 ], [ 30.705153, 0.254822 ], [ 30.705404, 0.254891 ], [ 30.705964, 0.254881 ], [ 30.706466, 0.255122 ], [ 30.706899, 0.255375 ], [ 30.707059, 0.255616 ], [ 30.707219, 0.25588 ], [ 30.707321, 0.256178 ], [ 30.707378, 0.256477 ], [ 30.707412, 0.256821 ], [ 30.707411, 0.25822 ], [ 30.70749, 0.259069 ], [ 30.707695, 0.259597 ], [ 30.708003, 0.260102 ], [ 30.708334, 0.260562 ], [ 30.708471, 0.260826 ], [ 30.708505, 0.261078 ], [ 30.708493, 0.261342 ], [ 30.708276, 0.261881 ], [ 30.708196, 0.262385 ], [ 30.708206, 0.263234 ], [ 30.70832, 0.26382 ], [ 30.708457, 0.264095 ], [ 30.708639, 0.264359 ], [ 30.709039, 0.264807 ], [ 30.709461, 0.265174 ], [ 30.709986, 0.265485 ], [ 30.710123, 0.265737 ], [ 30.710247, 0.266586 ], [ 30.710361, 0.267126 ], [ 30.710532, 0.267699 ], [ 30.710885, 0.268583 ], [ 30.710953, 0.268893 ], [ 30.710976, 0.269191 ], [ 30.710861, 0.270155 ], [ 30.71077, 0.270487 ], [ 30.710621, 0.27082 ], [ 30.70917, 0.272447 ], [ 30.709021, 0.272665 ], [ 30.708827, 0.273158 ], [ 30.708781, 0.273456 ], [ 30.708815, 0.273801 ], [ 30.708929, 0.27403 ], [ 30.709123, 0.274225 ], [ 30.709385, 0.274294 ], [ 30.709705, 0.274329 ], [ 30.750691, 0.285058 ], [ 30.760208, 0.288158 ], [ 30.761066, 0.288282 ], [ 30.816909, 0.295704 ], [ 30.835534, 0.298164 ], [ 30.885073, 0.260224 ], [ 30.901908, 0.247247 ], [ 30.91311, 0.23962 ], [ 30.913295, 0.239122 ], [ 30.912894, 0.238395 ], [ 30.911945, 0.237644 ], [ 30.909115, 0.235791 ], [ 30.908412, 0.235414 ], [ 30.907654, 0.235118 ], [ 30.907192, 0.23484 ], [ 30.906994, 0.234626 ], [ 30.906613, 0.233737 ], [ 30.90622, 0.232195 ], [ 30.905219, 0.230526 ], [ 30.904128, 0.228273 ], [ 30.903874, 0.227439 ], [ 30.903716, 0.226282 ], [ 30.903405, 0.225519 ], [ 30.902925, 0.224839 ], [ 30.901177, 0.223494 ], [ 30.901035, 0.22321 ], [ 30.900752, 0.22209 ], [ 30.900464, 0.22128 ], [ 30.899913, 0.220487 ], [ 30.898539, 0.21902 ], [ 30.897727, 0.217612 ], [ 30.897447, 0.21671 ], [ 30.897198, 0.215544 ], [ 30.897032, 0.214594 ], [ 30.896982, 0.213699 ], [ 30.896671, 0.212936 ], [ 30.896377, 0.212436 ], [ 30.895105, 0.21091 ], [ 30.894419, 0.2102 ], [ 30.893735, 0.209638 ], [ 30.893537, 0.209378 ], [ 30.892818, 0.20814 ], [ 30.891905, 0.206883 ], [ 30.891379, 0.205584 ], [ 30.890577, 0.204727 ], [ 30.890277, 0.204606 ], [ 30.889992, 0.2046 ], [ 30.888274, 0.204851 ], [ 30.886531, 0.204413 ], [ 30.885936, 0.204332 ], [ 30.885105, 0.20444 ], [ 30.884145, 0.20494 ], [ 30.881364, 0.20698 ], [ 30.880605, 0.207327 ], [ 30.880298, 0.207344 ], [ 30.879571, 0.206887 ], [ 30.879008, 0.206691 ], [ 30.878756, 0.206662 ], [ 30.877896, 0.207046 ], [ 30.877246, 0.207058 ], [ 30.876454, 0.20682 ], [ 30.875338, 0.206302 ], [ 30.874566, 0.20588 ], [ 30.874402, 0.205688 ], [ 30.874163, 0.205095 ], [ 30.873858, 0.204642 ], [ 30.873046, 0.2039 ], [ 30.871685, 0.203076 ], [ 30.871155, 0.202833 ], [ 30.868263, 0.201935 ], [ 30.866155, 0.201435 ], [ 30.862771, 0.200443 ], [ 30.860857, 0.199997 ], [ 30.860252, 0.199963 ], [ 30.859104, 0.20026 ], [ 30.858349, 0.200745 ], [ 30.857356, 0.201981 ], [ 30.856727, 0.202556 ], [ 30.85459, 0.203584 ], [ 30.853487, 0.203812 ], [ 30.850486, 0.203168 ], [ 30.848098, 0.203018 ], [ 30.846058, 0.203149 ], [ 30.844579, 0.203384 ], [ 30.843585, 0.203311 ], [ 30.841658, 0.20337 ], [ 30.840562, 0.203322 ], [ 30.840309, 0.203212 ], [ 30.839436, 0.20231 ], [ 30.838961, 0.201917 ], [ 30.837356, 0.20088 ], [ 30.836458, 0.200449 ], [ 30.835355, 0.200034 ], [ 30.834521, 0.199969 ], [ 30.833514, 0.200436 ], [ 30.832501, 0.200536 ], [ 30.83158, 0.200725 ], [ 30.82998, 0.201227 ], [ 30.827873, 0.202036 ], [ 30.826051, 0.202863 ], [ 30.82456, 0.204361 ], [ 30.823458, 0.20522 ], [ 30.822785, 0.205853 ], [ 30.820009, 0.208776 ], [ 30.819126, 0.209194 ], [ 30.818125, 0.209328 ], [ 30.817228, 0.209586 ], [ 30.815339, 0.209863 ], [ 30.814716, 0.210116 ], [ 30.813531, 0.210816 ], [ 30.812781, 0.211623 ], [ 30.812109, 0.212956 ], [ 30.811361, 0.213854 ], [ 30.810027, 0.215165 ], [ 30.80933, 0.215718 ], [ 30.809002, 0.215862 ], [ 30.808094, 0.216132 ], [ 30.807433, 0.216214 ], [ 30.806575, 0.216046 ], [ 30.805275, 0.215497 ], [ 30.805045, 0.215375 ], [ 30.804763, 0.214955 ], [ 30.804742, 0.214405 ], [ 30.804937, 0.213827 ], [ 30.80526, 0.213419 ], [ 30.805734, 0.213111 ], [ 30.806583, 0.212774 ], [ 30.807098, 0.212821 ], [ 30.807585, 0.212617 ], [ 30.807907, 0.212174 ], [ 30.808311, 0.211799 ], [ 30.809292, 0.211161 ], [ 30.811032, 0.210198 ], [ 30.811638, 0.209658 ], [ 30.81368, 0.207139 ], [ 30.815055, 0.206803 ], [ 30.81553, 0.206576 ], [ 30.815514, 0.206312 ], [ 30.815243, 0.205846 ], [ 30.81476, 0.205649 ], [ 30.813716, 0.20599 ], [ 30.812779, 0.206502 ], [ 30.811937, 0.206644 ], [ 30.81145, 0.206825 ], [ 30.811305, 0.207058 ], [ 30.811339, 0.207631 ], [ 30.811699, 0.208003 ], [ 30.811761, 0.208255 ], [ 30.811449, 0.208663 ], [ 30.810837, 0.208915 ], [ 30.810576, 0.208966 ], [ 30.81005, 0.208884 ], [ 30.809366, 0.208312 ], [ 30.808839, 0.208195 ], [ 30.80777, 0.208422 ], [ 30.80684, 0.208727 ], [ 30.805373, 0.208985 ], [ 30.803574, 0.209168 ], [ 30.80263, 0.20937 ], [ 30.802345, 0.209386 ], [ 30.800387, 0.208987 ], [ 30.799338, 0.209042 ], [ 30.798441, 0.209265 ], [ 30.797637, 0.209602 ], [ 30.796117, 0.210079 ], [ 30.795585, 0.21033 ], [ 30.79326, 0.211109 ], [ 30.791529, 0.211877 ], [ 30.790677, 0.212111 ], [ 30.789212, 0.211863 ], [ 30.78804, 0.211403 ], [ 30.785448, 0.210683 ], [ 30.783355, 0.210424 ], [ 30.781037, 0.210284 ], [ 30.779787, 0.209975 ], [ 30.779512, 0.209866 ], [ 30.778484, 0.209208 ], [ 30.777106, 0.208097 ], [ 30.776402, 0.207663 ], [ 30.776127, 0.207576 ], [ 30.775018, 0.207494 ], [ 30.774467, 0.207298 ], [ 30.773995, 0.207043 ], [ 30.773724, 0.206577 ], [ 30.773492, 0.206352 ], [ 30.772915, 0.20603 ], [ 30.772399, 0.205856 ], [ 30.77144, 0.20584 ], [ 30.769764, 0.205309 ], [ 30.769585, 0.205484 ], [ 30.769394, 0.206877 ], [ 30.769295, 0.20712 ], [ 30.769082, 0.207285 ], [ 30.768582, 0.207409 ], [ 30.767313, 0.206641 ], [ 30.767075, 0.206129 ], [ 30.766368, 0.203628 ], [ 30.765808, 0.202318 ], [ 30.76523, 0.200676 ], [ 30.764947, 0.200165 ], [ 30.763498, 0.198286 ], [ 30.763215, 0.197809 ], [ 30.762516, 0.197007 ], [ 30.762358, 0.196459 ], [ 30.762348, 0.195943 ], [ 30.762084, 0.195213 ], [ 30.761802, 0.194759 ], [ 30.761406, 0.194443 ], [ 30.759455, 0.194653 ], [ 30.758588, 0.194823 ], [ 30.756548, 0.19467 ], [ 30.755852, 0.194738 ], [ 30.75527, 0.194966 ], [ 30.754288, 0.195711 ], [ 30.751853, 0.198198 ], [ 30.751441, 0.198645 ], [ 30.750691, 0.199935 ] ] ] } },
{ "type": "Feature", "properties": { "AREA": 984896.6, "PERIMETER": 5278.213, "GAZALL_": 647, "GAZALL_ID": 590, "PSUBJ": 4020, "NAME": "Nakaziba", "FD_CODE": "MP/38", "FD_NAME": "Nakaziba", "GAZTYPE": "CFR", "COMMENT": null, "ANNONAM": "Nakaziba CFR", "ANNOTYP": "(MP/38)", "AREA_HA": 98 }, "geometry": { "type": "Polygon", "coordinates": [ [ [ 32.066337, 0.269545 ], [ 32.066372, 0.269579 ], [ 32.067513, 0.267927 ], [ 32.06866, 0.259735 ], [ 32.07091, 0.258133 ], [ 32.070825, 0.255813 ], [ 32.070041, 0.254757 ], [ 32.070508, 0.25099 ], [ 32.063653, 0.250097 ], [ 32.064037, 0.251239 ], [ 32.063911, 0.253253 ], [ 32.064972, 0.257143 ], [ 32.063996, 0.260769 ], [ 32.065203, 0.262645 ], [ 32.066337, 0.269545 ] ] ] } },
{ "type": "Feature", "properties": { "AREA": 39515300.0, "PERIMETER": 113707.8, "GAZALL_": 668, "GAZALL_ID": 610, "PSUBJ": 4020, "NAME": "Nawandigi", "FD_CODE": "MP/47", "FD_NAME": "Nawandigi", "GAZTYPE": "CFR", "COMMENT": null, "ANNONAM": "Nawandigi CFR", "ANNOTYP": "(MP/47)", "AREA_HA": 3952 }, "geometry": { "type": "Polygon", "coordinates": [ [ [ 32.122257, 0.203687 ], [ 32.122148, 0.203999 ], [ 32.121826, 0.204637 ], [ 32.121739, 0.204937 ], [ 32.121744, 0.205259 ], [ 32.121782, 0.205558 ], [ 32.12201, 0.206268 ], [ 32.122318, 0.207011 ], [ 32.122415, 0.207389 ], [ 32.122442, 0.20771 ], [ 32.122149, 0.207968 ], [ 32.121498, 0.208783 ], [ 32.121377, 0.209107 ], [ 32.1214, 0.209878 ], [ 32.121645, 0.211013 ], [ 32.121604, 0.21137 ], [ 32.121529, 0.211705 ], [ 32.121722, 0.212392 ], [ 32.121876, 0.212747 ], [ 32.121766, 0.213036 ], [ 32.12161, 0.213337 ], [ 32.12138, 0.214008 ], [ 32.121064, 0.215141 ], [ 32.121013, 0.215533 ], [ 32.121075, 0.215842 ], [ 32.121279, 0.216552 ], [ 32.121331, 0.21692 ], [ 32.121199, 0.217301 ], [ 32.120954, 0.217754 ], [ 32.120562, 0.218335 ], [ 32.120128, 0.219101 ], [ 32.11982, 0.219969 ], [ 32.119531, 0.221319 ], [ 32.119451, 0.222057 ], [ 32.119318, 0.222381 ], [ 32.119162, 0.222687 ], [ 32.118974, 0.223054 ], [ 32.118525, 0.223647 ], [ 32.118327, 0.223351 ], [ 32.117657, 0.222901 ], [ 32.117283, 0.223137 ], [ 32.116948, 0.22366 ], [ 32.116354, 0.224463 ], [ 32.115835, 0.224931 ], [ 32.115633, 0.225176 ], [ 32.115465, 0.225455 ], [ 32.115178, 0.226092 ], [ 32.114962, 0.22697 ], [ 32.114699, 0.227779 ], [ 32.114749, 0.228089 ], [ 32.115123, 0.228647 ], [ 32.115162, 0.22898 ], [ 32.114706, 0.229838 ], [ 32.11462, 0.230173 ], [ 32.114613, 0.230518 ], [ 32.11471, 0.230874 ], [ 32.115232, 0.231429 ], [ 32.115544, 0.231609 ], [ 32.115843, 0.231719 ], [ 32.116077, 0.232118 ], [ 32.116082, 0.232452 ], [ 32.116161, 0.233198 ], [ 32.116315, 0.233518 ], [ 32.1167, 0.234064 ], [ 32.116842, 0.234373 ], [ 32.116951, 0.234808 ], [ 32.117128, 0.235979 ], [ 32.117311, 0.23677 ], [ 32.117455, 0.237205 ], [ 32.117517, 0.237584 ], [ 32.117521, 0.239344 ], [ 32.117674, 0.239686 ], [ 32.11789, 0.240373 ], [ 32.118043, 0.240647 ], [ 32.118671, 0.241397 ], [ 32.119204, 0.241837 ], [ 32.11939, 0.242076 ], [ 32.119477, 0.24403 ], [ 32.119867, 0.244116 ], [ 32.120233, 0.244134 ], [ 32.120883, 0.24402 ], [ 32.121718, 0.24395 ], [ 32.123555, 0.243634 ], [ 32.123561, 0.243277 ], [ 32.123339, 0.242993 ], [ 32.123175, 0.242708 ], [ 32.123032, 0.242376 ], [ 32.122924, 0.242033 ], [ 32.122499, 0.241119 ], [ 32.122402, 0.240787 ], [ 32.122419, 0.240441 ], [ 32.122798, 0.239745 ], [ 32.123357, 0.238908 ], [ 32.123634, 0.239054 ], [ 32.123788, 0.239385 ], [ 32.123986, 0.239635 ], [ 32.124274, 0.239815 ], [ 32.124583, 0.239821 ], [ 32.124891, 0.239724 ], [ 32.125139, 0.239502 ], [ 32.125283, 0.239201 ], [ 32.125358, 0.238877 ], [ 32.125375, 0.23852 ], [ 32.125439, 0.238174 ], [ 32.125526, 0.237874 ], [ 32.125659, 0.237596 ], [ 32.12655, 0.236788 ], [ 32.126856, 0.236599 ], [ 32.127867, 0.236135 ], [ 32.128115, 0.235924 ], [ 32.128292, 0.23553 ], [ 32.128395, 0.234769 ], [ 32.128415, 0.233701 ], [ 32.128426, 0.233101 ], [ 32.128564, 0.232385 ], [ 32.128748, 0.231681 ], [ 32.128929, 0.230746 ], [ 32.129106, 0.230398 ], [ 32.129297, 0.230165 ], [ 32.129827, 0.229697 ], [ 32.130688, 0.229131 ], [ 32.130924, 0.228863 ], [ 32.131056, 0.228562 ], [ 32.131142, 0.228169 ], [ 32.131354, 0.226256 ], [ 32.131418, 0.225933 ], [ 32.131591, 0.225275 ], [ 32.131959, 0.224659 ], [ 32.132011, 0.224325 ], [ 32.131994, 0.223922 ], [ 32.131671, 0.223686 ], [ 32.130659, 0.223322 ], [ 32.129569, 0.223005 ], [ 32.128712, 0.223018 ], [ 32.128324, 0.223105 ], [ 32.128037, 0.222983 ], [ 32.127873, 0.222732 ], [ 32.127788, 0.222377 ], [ 32.127806, 0.222077 ], [ 32.127778, 0.22171 ], [ 32.127717, 0.221411 ], [ 32.127564, 0.221103 ], [ 32.127025, 0.220191 ], [ 32.126561, 0.219727 ], [ 32.126029, 0.219298 ], [ 32.125874, 0.218897 ], [ 32.125835, 0.217771 ], [ 32.125843, 0.216735 ], [ 32.12636, 0.215392 ], [ 32.126534, 0.214734 ], [ 32.126597, 0.214376 ], [ 32.12675, 0.213085 ], [ 32.127038, 0.211712 ], [ 32.127057, 0.21139 ], [ 32.126952, 0.210459 ], [ 32.127072, 0.210066 ], [ 32.127215, 0.20973 ], [ 32.127394, 0.209452 ], [ 32.127619, 0.209195 ], [ 32.127891, 0.209007 ], [ 32.128291, 0.209058 ], [ 32.12921, 0.20932 ], [ 32.129329, 0.20964 ], [ 32.129367, 0.210675 ], [ 32.129486, 0.211018 ], [ 32.129695, 0.21128 ], [ 32.129985, 0.211528 ], [ 32.13025, 0.211697 ], [ 32.130617, 0.211806 ], [ 32.130973, 0.21187 ], [ 32.131281, 0.211877 ], [ 32.131637, 0.211974 ], [ 32.131915, 0.212212 ], [ 32.132101, 0.212451 ], [ 32.132198, 0.212794 ], [ 32.132124, 0.213233 ], [ 32.132015, 0.213602 ], [ 32.131705, 0.214251 ], [ 32.131303, 0.214913 ], [ 32.131004, 0.215562 ], [ 32.130906, 0.21592 ], [ 32.13076, 0.216901 ], [ 32.130753, 0.217234 ], [ 32.130805, 0.217659 ], [ 32.131083, 0.218679 ], [ 32.131333, 0.219342 ], [ 32.131622, 0.219591 ], [ 32.132699, 0.219781 ], [ 32.133055, 0.219891 ], [ 32.133343, 0.220047 ], [ 32.13362, 0.220216 ], [ 32.134072, 0.220611 ], [ 32.13448, 0.22118 ], [ 32.134724, 0.221441 ], [ 32.135001, 0.221644 ], [ 32.135923, 0.222113 ], [ 32.136256, 0.222223 ], [ 32.136843, 0.222513 ], [ 32.137782, 0.2219 ], [ 32.138008, 0.221678 ], [ 32.137888, 0.221323 ], [ 32.137305, 0.220504 ], [ 32.137152, 0.220207 ], [ 32.137066, 0.219829 ], [ 32.13705, 0.219472 ], [ 32.137136, 0.219126 ], [ 32.137527, 0.218464 ], [ 32.137774, 0.218196 ], [ 32.138365, 0.217922 ], [ 32.138719, 0.217916 ], [ 32.139075, 0.218026 ], [ 32.139443, 0.218193 ], [ 32.140029, 0.218379 ], [ 32.140369, 0.218167 ], [ 32.141111, 0.217327 ], [ 32.141683, 0.216559 ], [ 32.142027, 0.215863 ], [ 32.142136, 0.215551 ], [ 32.142462, 0.21435 ], [ 32.142802, 0.213367 ], [ 32.143129, 0.213062 ], [ 32.143471, 0.212976 ], [ 32.144085, 0.212749 ], [ 32.144756, 0.212542 ], [ 32.145054, 0.212549 ], [ 32.145375, 0.212659 ], [ 32.145663, 0.212828 ], [ 32.146449, 0.213437 ], [ 32.146715, 0.213594 ], [ 32.146946, 0.213786 ], [ 32.147179, 0.21407 ], [ 32.147497, 0.214721 ], [ 32.147641, 0.215202 ], [ 32.147703, 0.215523 ], [ 32.147764, 0.216603 ], [ 32.147842, 0.217258 ], [ 32.147824, 0.217569 ], [ 32.147874, 0.217867 ], [ 32.148544, 0.219157 ], [ 32.148777, 0.219395 ], [ 32.148999, 0.219748 ], [ 32.14914, 0.220033 ], [ 32.149362, 0.220317 ], [ 32.150436, 0.221923 ], [ 32.150777, 0.22255 ], [ 32.150952, 0.222812 ], [ 32.152137, 0.224865 ], [ 32.152431, 0.225413 ], [ 32.152549, 0.22571 ], [ 32.152612, 0.226112 ], [ 32.15248, 0.22647 ], [ 32.152089, 0.227075 ], [ 32.151915, 0.227687 ], [ 32.151863, 0.228067 ], [ 32.151857, 0.228378 ], [ 32.152144, 0.2285 ], [ 32.152534, 0.228552 ], [ 32.154271, 0.228536 ], [ 32.154637, 0.228577 ], [ 32.154947, 0.228652 ], [ 32.154783, 0.227608 ], [ 32.154698, 0.227241 ], [ 32.154554, 0.226818 ], [ 32.154605, 0.226368 ], [ 32.154736, 0.225952 ], [ 32.154908, 0.225179 ], [ 32.155024, 0.224498 ], [ 32.155397, 0.223468 ], [ 32.155697, 0.222889 ], [ 32.155876, 0.222621 ], [ 32.156124, 0.222353 ], [ 32.156741, 0.221572 ], [ 32.156497, 0.221289 ], [ 32.156221, 0.221132 ], [ 32.155784, 0.220966 ], [ 32.15544, 0.220902 ], [ 32.154487, 0.220629 ], [ 32.153176, 0.220063 ], [ 32.15343, 0.219472 ], [ 32.153436, 0.219138 ], [ 32.153284, 0.218865 ], [ 32.152673, 0.218518 ], [ 32.152142, 0.218135 ], [ 32.151921, 0.217908 ], [ 32.151712, 0.217624 ], [ 32.151559, 0.217338 ], [ 32.151145, 0.216424 ], [ 32.15106, 0.216069 ], [ 32.15101, 0.215736 ], [ 32.151005, 0.215391 ], [ 32.151034, 0.215057 ], [ 32.151121, 0.214768 ], [ 32.15172, 0.214276 ], [ 32.152275, 0.213933 ], [ 32.152582, 0.213813 ], [ 32.152865, 0.213648 ], [ 32.153339, 0.213192 ], [ 32.153482, 0.212833 ], [ 32.153874, 0.212298 ], [ 32.154123, 0.212087 ], [ 32.154485, 0.211863 ], [ 32.154826, 0.211731 ], [ 32.155191, 0.211633 ], [ 32.156686, 0.211484 ], [ 32.157509, 0.211459 ], [ 32.158493, 0.211513 ], [ 32.158801, 0.211497 ], [ 32.159199, 0.211387 ], [ 32.159849, 0.211036 ], [ 32.159863, 0.210652 ], [ 32.159727, 0.209918 ], [ 32.159309, 0.208705 ], [ 32.158969, 0.207318 ], [ 32.158629, 0.20676 ], [ 32.158464, 0.20644 ], [ 32.158357, 0.206154 ], [ 32.158375, 0.205763 ], [ 32.158675, 0.205171 ], [ 32.158578, 0.204828 ], [ 32.158192, 0.204212 ], [ 32.15784, 0.203574 ], [ 32.157221, 0.202697 ], [ 32.157181, 0.202318 ], [ 32.157239, 0.201593 ], [ 32.157315, 0.201258 ], [ 32.157561, 0.20092 ], [ 32.15781, 0.200721 ], [ 32.15978, 0.199436 ], [ 32.159982, 0.199215 ], [ 32.160633, 0.198376 ], [ 32.160893, 0.198154 ], [ 32.161278, 0.197952 ], [ 32.163267, 0.197139 ], [ 32.164234, 0.196836 ], [ 32.165701, 0.196296 ], [ 32.166417, 0.195997 ], [ 32.167234, 0.195605 ], [ 32.168236, 0.195325 ], [ 32.168998, 0.195072 ], [ 32.170889, 0.194651 ], [ 32.172144, 0.194471 ], [ 32.17316, 0.194374 ], [ 32.175456, 0.19427 ], [ 32.175587, 0.194601 ], [ 32.175915, 0.195942 ], [ 32.176239, 0.196237 ], [ 32.176562, 0.196404 ], [ 32.177134, 0.197235 ], [ 32.177388, 0.197427 ], [ 32.178322, 0.197965 ], [ 32.179289, 0.198444 ], [ 32.179363, 0.198777 ], [ 32.179431, 0.199512 ], [ 32.179435, 0.199823 ], [ 32.179346, 0.200744 ], [ 32.178788, 0.20325 ], [ 32.178676, 0.204229 ], [ 32.178641, 0.20492 ], [ 32.180027, 0.205129 ], [ 32.180906, 0.205023 ], [ 32.181303, 0.204833 ], [ 32.182255, 0.204266 ], [ 32.18255, 0.204135 ], [ 32.183586, 0.203854 ], [ 32.183859, 0.203735 ], [ 32.184037, 0.203433 ], [ 32.184434, 0.202449 ], [ 32.185303, 0.200882 ], [ 32.185786, 0.200254 ], [ 32.18681, 0.199179 ], [ 32.187137, 0.198898 ], [ 32.187726, 0.198509 ], [ 32.188969, 0.198295 ], [ 32.189654, 0.198215 ], [ 32.189985, 0.19821 ], [ 32.190307, 0.198308 ], [ 32.190653, 0.198545 ], [ 32.191163, 0.198997 ], [ 32.191416, 0.199166 ], [ 32.192417, 0.199599 ], [ 32.193005, 0.1999 ], [ 32.194138, 0.200803 ], [ 32.195189, 0.201546 ], [ 32.195687, 0.201953 ], [ 32.19585, 0.202203 ], [ 32.195889, 0.202536 ], [ 32.195814, 0.20286 ], [ 32.19575, 0.203919 ], [ 32.195902, 0.204952 ], [ 32.196055, 0.205237 ], [ 32.196248, 0.205383 ], [ 32.196355, 0.205463 ], [ 32.196631, 0.205585 ], [ 32.196961, 0.205488 ], [ 32.197561, 0.205065 ], [ 32.198082, 0.204746 ], [ 32.198331, 0.204535 ], [ 32.198578, 0.204243 ], [ 32.199439, 0.202976 ], [ 32.199748, 0.202235 ], [ 32.200139, 0.200802 ], [ 32.200077, 0.200435 ], [ 32.199913, 0.200185 ], [ 32.199635, 0.199982 ], [ 32.198983, 0.199888 ], [ 32.198677, 0.199295 ], [ 32.198466, 0.198987 ], [ 32.198178, 0.198831 ], [ 32.197869, 0.198813 ], [ 32.197219, 0.198892 ], [ 32.197066, 0.198549 ], [ 32.196895, 0.197861 ], [ 32.196771, 0.197138 ], [ 32.1968, 0.196793 ], [ 32.19699, 0.196537 ], [ 32.19725, 0.196337 ], [ 32.197074, 0.195972 ], [ 32.196978, 0.195674 ], [ 32.196931, 0.194846 ], [ 32.196854, 0.194249 ], [ 32.19694, 0.193868 ], [ 32.197096, 0.193567 ], [ 32.197309, 0.193276 ], [ 32.197697, 0.193236 ], [ 32.198253, 0.193756 ], [ 32.19873, 0.194347 ], [ 32.1994, 0.19482 ], [ 32.199722, 0.19493 ], [ 32.200762, 0.19496 ], [ 32.201071, 0.194944 ], [ 32.201378, 0.194824 ], [ 32.201579, 0.194533 ], [ 32.20162, 0.194222 ], [ 32.200787, 0.193533 ], [ 32.200612, 0.193259 ], [ 32.200527, 0.192962 ], [ 32.200602, 0.192615 ], [ 32.200381, 0.192343 ], [ 32.200116, 0.192197 ], [ 32.199773, 0.192179 ], [ 32.199409, 0.192277 ], [ 32.199046, 0.192444 ], [ 32.198938, 0.1921 ], [ 32.198784, 0.191781 ], [ 32.198519, 0.191589 ], [ 32.197887, 0.191403 ], [ 32.1976, 0.191281 ], [ 32.197254, 0.191114 ], [ 32.196908, 0.190901 ], [ 32.196653, 0.190663 ], [ 32.196455, 0.190402 ], [ 32.196285, 0.190112 ], [ 32.196136, 0.189854 ], [ 32.19579, 0.188847 ], [ 32.19549, 0.188714 ], [ 32.195181, 0.188684 ], [ 32.1949, 0.188999 ], [ 32.194666, 0.189382 ], [ 32.194311, 0.190113 ], [ 32.194099, 0.190472 ], [ 32.193672, 0.190962 ], [ 32.193423, 0.19115 ], [ 32.193116, 0.191247 ], [ 32.192727, 0.191276 ], [ 32.19161, 0.191466 ], [ 32.190857, 0.191558 ], [ 32.188858, 0.191646 ], [ 32.18784, 0.191582 ], [ 32.187473, 0.191518 ], [ 32.186821, 0.191505 ], [ 32.186758, 0.191092 ], [ 32.186842, 0.190619 ], [ 32.186952, 0.190307 ], [ 32.187549, 0.188917 ], [ 32.187671, 0.187891 ], [ 32.187647, 0.187006 ], [ 32.187568, 0.186271 ], [ 32.187166, 0.183792 ], [ 32.186752, 0.183637 ], [ 32.186454, 0.183607 ], [ 32.1861, 0.183636 ], [ 32.185463, 0.183841 ], [ 32.185155, 0.183904 ], [ 32.18366, 0.184065 ], [ 32.183364, 0.18415 ], [ 32.183025, 0.184351 ], [ 32.182719, 0.184574 ], [ 32.181979, 0.185563 ], [ 32.181835, 0.185876 ], [ 32.18192, 0.186209 ], [ 32.182039, 0.186529 ], [ 32.182215, 0.186802 ], [ 32.182106, 0.187195 ], [ 32.181744, 0.187477 ], [ 32.180824, 0.188619 ], [ 32.18025, 0.189237 ], [ 32.179734, 0.189924 ], [ 32.179152, 0.190784 ], [ 32.17864, 0.191701 ], [ 32.178393, 0.192004 ], [ 32.177931, 0.192448 ], [ 32.17759, 0.19258 ], [ 32.176881, 0.192614 ], [ 32.175555, 0.192554 ], [ 32.174938, 0.192587 ], [ 32.174437, 0.19195 ], [ 32.173979, 0.191152 ], [ 32.173589, 0.190226 ], [ 32.173235, 0.189507 ], [ 32.17295, 0.188763 ], [ 32.17243, 0.187586 ], [ 32.17164, 0.185976 ], [ 32.171049, 0.184628 ], [ 32.170732, 0.184035 ], [ 32.170715, 0.183655 ], [ 32.170782, 0.183452 ], [ 32.170978, 0.182857 ], [ 32.171053, 0.182523 ], [ 32.171059, 0.182177 ], [ 32.170775, 0.18148 ], [ 32.170387, 0.180727 ], [ 32.170115, 0.180121 ], [ 32.169939, 0.179836 ], [ 32.16959, 0.18021 ], [ 32.16912, 0.180884 ], [ 32.168766, 0.181707 ], [ 32.168566, 0.182043 ], [ 32.168363, 0.1823 ], [ 32.168011, 0.182409 ], [ 32.167734, 0.182229 ], [ 32.165347, 0.181621 ], [ 32.165011, 0.182098 ], [ 32.164578, 0.182956 ], [ 32.164664, 0.183369 ], [ 32.164883, 0.183922 ], [ 32.164949, 0.18409 ], [ 32.165453, 0.184933 ], [ 32.166115, 0.185671 ], [ 32.16636, 0.186001 ], [ 32.166536, 0.18632 ], [ 32.16669, 0.186686 ], [ 32.16693, 0.187441 ], [ 32.166905, 0.188109 ], [ 32.166702, 0.189826 ], [ 32.166666, 0.190494 ], [ 32.166512, 0.190945 ], [ 32.166346, 0.191316 ], [ 32.165898, 0.191933 ], [ 32.165358, 0.192551 ], [ 32.165168, 0.192818 ], [ 32.165067, 0.192924 ], [ 32.16492, 0.193075 ], [ 32.164544, 0.193116 ], [ 32.164086, 0.193042 ], [ 32.162632, 0.192915 ], [ 32.160534, 0.192522 ], [ 32.160322, 0.192824 ], [ 32.160383, 0.193145 ], [ 32.159986, 0.193324 ], [ 32.159053, 0.193649 ], [ 32.158746, 0.1937 ], [ 32.158379, 0.193637 ], [ 32.157437, 0.192547 ], [ 32.157203, 0.192182 ], [ 32.157038, 0.191851 ], [ 32.156781, 0.191464 ], [ 32.156628, 0.191179 ], [ 32.156521, 0.190858 ], [ 32.156482, 0.190525 ], [ 32.156537, 0.189627 ], [ 32.156789, 0.188875 ], [ 32.156979, 0.188562 ], [ 32.157112, 0.188261 ], [ 32.156867, 0.187977 ], [ 32.156166, 0.187665 ], [ 32.155546, 0.187537 ], [ 32.154698, 0.187366 ], [ 32.154354, 0.187256 ], [ 32.154087, 0.187042 ], [ 32.153968, 0.186699 ], [ 32.153845, 0.186102 ], [ 32.153435, 0.183865 ], [ 32.153327, 0.183522 ], [ 32.153056, 0.182951 ], [ 32.15296, 0.182618 ], [ 32.152932, 0.182262 ], [ 32.152923, 0.180859 ], [ 32.15347, 0.179999 ], [ 32.153752, 0.179696 ], [ 32.154691, 0.179083 ], [ 32.155622, 0.178666 ], [ 32.155952, 0.178545 ], [ 32.156454, 0.17848 ], [ 32.156785, 0.178475 ], [ 32.157218, 0.174396 ], [ 32.152487, 0.177644 ], [ 32.152448, 0.1773 ], [ 32.151801, 0.175285 ], [ 32.151899, 0.174938 ], [ 32.152099, 0.174578 ], [ 32.152301, 0.174299 ], [ 32.153402, 0.172994 ], [ 32.15376, 0.17247 ], [ 32.154049, 0.171902 ], [ 32.154462, 0.171217 ], [ 32.155359, 0.170041 ], [ 32.155492, 0.16974 ], [ 32.155322, 0.169029 ], [ 32.15527, 0.168616 ], [ 32.155288, 0.168305 ], [ 32.155364, 0.168005 ], [ 32.155443, 0.167164 ], [ 32.15544, 0.16622 ], [ 32.155481, 0.165863 ], [ 32.155635, 0.165458 ], [ 32.155802, 0.165179 ], [ 32.156809, 0.163691 ], [ 32.156918, 0.163333 ], [ 32.156635, 0.162716 ], [ 32.156523, 0.162108 ], [ 32.156358, 0.161742 ], [ 32.156183, 0.161469 ], [ 32.15635, 0.161202 ], [ 32.156576, 0.161003 ], [ 32.157181, 0.160982 ], [ 32.15782, 0.160914 ], [ 32.158504, 0.160777 ], [ 32.158813, 0.160749 ], [ 32.15911, 0.160779 ], [ 32.159478, 0.160912 ], [ 32.159913, 0.160997 ], [ 32.160222, 0.161004 ], [ 32.160575, 0.160918 ], [ 32.160848, 0.160798 ], [ 32.161119, 0.16061 ], [ 32.161413, 0.160364 ], [ 32.161695, 0.160072 ], [ 32.161926, 0.15947 ], [ 32.161495, 0.158902 ], [ 32.161195, 0.158734 ], [ 32.16065, 0.158236 ], [ 32.159957, 0.157694 ], [ 32.159621, 0.157389 ], [ 32.159089, 0.156983 ], [ 32.158789, 0.156792 ], [ 32.158523, 0.156555 ], [ 32.157286, 0.155607 ], [ 32.156997, 0.155428 ], [ 32.155995, 0.154903 ], [ 32.15514, 0.154306 ], [ 32.154864, 0.154149 ], [ 32.154734, 0.153864 ], [ 32.154352, 0.152754 ], [ 32.15402, 0.151919 ], [ 32.153774, 0.15152 ], [ 32.153584, 0.151028 ], [ 32.153266, 0.150378 ], [ 32.152609, 0.149237 ], [ 32.152512, 0.148859 ], [ 32.152445, 0.148216 ], [ 32.152372, 0.147906 ], [ 32.152265, 0.14762 ], [ 32.152455, 0.147295 ], [ 32.152668, 0.14705 ], [ 32.152962, 0.146781 ], [ 32.153573, 0.146404 ], [ 32.154094, 0.146039 ], [ 32.154813, 0.145188 ], [ 32.15505, 0.144989 ], [ 32.155287, 0.144801 ], [ 32.156042, 0.144812 ], [ 32.1576, 0.14503 ], [ 32.158264, 0.145169 ], [ 32.158608, 0.14521 ], [ 32.158999, 0.14533 ], [ 32.159702, 0.14578 ], [ 32.160338, 0.146287 ], [ 32.160837, 0.146774 ], [ 32.161098, 0.147415 ], [ 32.161155, 0.148173 ], [ 32.16079, 0.149812 ], [ 32.160875, 0.150145 ], [ 32.161075, 0.150521 ], [ 32.16125, 0.150806 ], [ 32.161788, 0.150867 ], [ 32.162085, 0.150805 ], [ 32.162382, 0.150789 ], [ 32.162748, 0.15084 ], [ 32.163047, 0.150928 ], [ 32.163358, 0.151096 ], [ 32.163454, 0.151428 ], [ 32.163641, 0.151735 ], [ 32.163919, 0.151927 ], [ 32.164465, 0.15254 ], [ 32.164986, 0.153026 ], [ 32.165163, 0.153346 ], [ 32.165321, 0.15401 ], [ 32.165349, 0.154378 ], [ 32.165325, 0.155057 ], [ 32.165379, 0.155655 ], [ 32.165644, 0.1558 ], [ 32.165968, 0.156037 ], [ 32.166364, 0.156548 ], [ 32.166584, 0.156764 ], [ 32.167185, 0.157203 ], [ 32.167776, 0.157723 ], [ 32.168297, 0.158233 ], [ 32.168508, 0.15854 ], [ 32.168802, 0.159111 ], [ 32.16891, 0.159512 ], [ 32.16903, 0.160626 ], [ 32.169092, 0.160947 ], [ 32.169278, 0.161209 ], [ 32.169545, 0.161458 ], [ 32.170168, 0.161839 ], [ 32.170736, 0.162452 ], [ 32.171028, 0.162815 ], [ 32.171331, 0.163259 ], [ 32.171519, 0.16359 ], [ 32.172286, 0.165212 ], [ 32.172496, 0.165531 ], [ 32.172626, 0.165805 ], [ 32.17262, 0.166162 ], [ 32.172522, 0.16652 ], [ 32.172142, 0.167089 ], [ 32.172285, 0.16749 ], [ 32.172659, 0.168082 ], [ 32.173096, 0.169007 ], [ 32.17333, 0.169372 ], [ 32.173471, 0.169669 ], [ 32.174065, 0.170419 ], [ 32.174552, 0.170773 ], [ 32.174608, 0.170813 ], [ 32.174941, 0.170912 ], [ 32.175925, 0.170965 ], [ 32.176337, 0.170862 ], [ 32.176716, 0.170366 ], [ 32.176972, 0.169902 ], [ 32.177136, 0.169382 ], [ 32.177339, 0.168424 ], [ 32.177569, 0.166131 ], [ 32.17762, 0.16575 ], [ 32.177772, 0.165196 ], [ 32.177834, 0.165062 ], [ 32.177801, 0.164816 ], [ 32.177716, 0.164518 ], [ 32.177609, 0.163427 ], [ 32.177684, 0.163103 ], [ 32.177873, 0.162732 ], [ 32.17822, 0.162186 ], [ 32.178452, 0.162413 ], [ 32.178924, 0.163429 ], [ 32.179138, 0.164024 ], [ 32.17937, 0.164333 ], [ 32.179523, 0.164536 ], [ 32.179766, 0.164739 ], [ 32.180031, 0.164908 ], [ 32.180176, 0.164629 ], [ 32.180601, 0.164002 ], [ 32.181389, 0.163184 ], [ 32.181167, 0.162842 ], [ 32.180586, 0.162184 ], [ 32.179788, 0.161388 ], [ 32.178985, 0.160587 ], [ 32.177942, 0.159636 ], [ 32.177813, 0.159362 ], [ 32.17775, 0.159018 ], [ 32.177391, 0.158713 ], [ 32.176571, 0.158093 ], [ 32.174716, 0.157121 ], [ 32.174151, 0.156784 ], [ 32.173897, 0.156558 ], [ 32.173676, 0.156297 ], [ 32.173126, 0.155443 ], [ 32.172927, 0.155101 ], [ 32.172796, 0.154769 ], [ 32.17214, 0.153663 ], [ 32.171573, 0.152395 ], [ 32.171464, 0.152017 ], [ 32.171325, 0.151099 ], [ 32.171329, 0.150558 ], [ 32.170941, 0.147504 ], [ 32.170896, 0.146768 ], [ 32.171017, 0.146467 ], [ 32.171184, 0.146177 ], [ 32.171576, 0.145596 ], [ 32.172123, 0.14469 ], [ 32.171902, 0.143658 ], [ 32.171702, 0.143304 ], [ 32.171436, 0.143044 ], [ 32.170768, 0.142732 ], [ 32.17047, 0.142645 ], [ 32.169863, 0.142596 ], [ 32.169189, 0.142618 ], [ 32.168802, 0.142716 ], [ 32.168063, 0.142981 ], [ 32.167436, 0.143129 ], [ 32.167003, 0.143193 ], [ 32.166657, 0.142991 ], [ 32.166469, 0.142649 ], [ 32.166054, 0.141608 ], [ 32.165723, 0.140912 ], [ 32.165605, 0.140592 ], [ 32.165491, 0.139845 ], [ 32.165498, 0.139546 ], [ 32.16564, 0.13913 ], [ 32.165758, 0.138869 ], [ 32.165995, 0.138342 ], [ 32.166228, 0.137913 ], [ 32.166476, 0.137633 ], [ 32.166721, 0.137226 ], [ 32.166974, 0.136555 ], [ 32.167285, 0.135906 ], [ 32.164692, 0.132138 ], [ 32.164064, 0.132205 ], [ 32.163743, 0.132084 ], [ 32.163444, 0.132008 ], [ 32.163472, 0.13233 ], [ 32.163546, 0.132685 ], [ 32.163653, 0.132971 ], [ 32.163783, 0.133291 ], [ 32.163982, 0.133633 ], [ 32.164415, 0.134271 ], [ 32.164779, 0.134955 ], [ 32.165041, 0.135688 ], [ 32.165126, 0.135997 ], [ 32.165176, 0.13633 ], [ 32.16516, 0.136767 ], [ 32.165096, 0.137067 ], [ 32.164856, 0.13783 ], [ 32.164501, 0.138668 ], [ 32.16385, 0.140204 ], [ 32.16374, 0.140528 ], [ 32.163591, 0.141232 ], [ 32.163476, 0.141948 ], [ 32.163458, 0.142281 ], [ 32.163485, 0.142592 ], [ 32.163688, 0.143187 ], [ 32.163973, 0.143884 ], [ 32.164069, 0.144205 ], [ 32.164119, 0.144538 ], [ 32.164124, 0.14486 ], [ 32.163876, 0.14514 ], [ 32.163634, 0.145116 ], [ 32.163568, 0.14511 ], [ 32.162586, 0.144446 ], [ 32.162206, 0.144222 ], [ 32.161481, 0.143911 ], [ 32.160025, 0.142841 ], [ 32.158359, 0.142245 ], [ 32.158015, 0.142147 ], [ 32.157603, 0.142119 ], [ 32.15656, 0.141928 ], [ 32.156217, 0.141922 ], [ 32.155841, 0.142031 ], [ 32.15524, 0.142374 ], [ 32.154653, 0.142832 ], [ 32.154439, 0.143054 ], [ 32.153681, 0.143629 ], [ 32.152937, 0.144297 ], [ 32.152642, 0.144474 ], [ 32.152382, 0.144685 ], [ 32.152445, 0.144247 ], [ 32.152494, 0.142187 ], [ 32.152549, 0.141254 ], [ 32.152529, 0.140276 ], [ 32.152522, 0.139943 ], [ 32.152511, 0.139402 ], [ 32.152775, 0.138685 ], [ 32.153253, 0.137791 ], [ 32.153608, 0.137027 ], [ 32.153717, 0.136691 ], [ 32.153872, 0.136344 ], [ 32.154176, 0.135258 ], [ 32.15428, 0.134531 ], [ 32.154338, 0.133069 ], [ 32.154295, 0.130884 ], [ 32.154155, 0.129103 ], [ 32.154195, 0.1287 ], [ 32.154268, 0.12825 ], [ 32.154621, 0.126611 ], [ 32.154673, 0.126242 ], [ 32.154997, 0.124937 ], [ 32.155086, 0.12398 ], [ 32.155292, 0.123229 ], [ 32.155344, 0.122918 ], [ 32.155372, 0.122492 ], [ 32.155607, 0.121361 ], [ 32.155614, 0.12105 ], [ 32.155575, 0.120751 ], [ 32.155479, 0.120373 ], [ 32.155314, 0.120065 ], [ 32.15456, 0.119295 ], [ 32.15396, 0.118947 ], [ 32.151893, 0.118278 ], [ 32.151598, 0.118443 ], [ 32.151217, 0.118944 ], [ 32.151119, 0.119302 ], [ 32.151136, 0.119681 ], [ 32.15129, 0.120013 ], [ 32.151511, 0.120308 ], [ 32.152116, 0.121001 ], [ 32.152279, 0.121251 ], [ 32.152588, 0.122017 ], [ 32.153086, 0.124057 ], [ 32.153281, 0.125654 ], [ 32.153195, 0.125989 ], [ 32.152923, 0.126165 ], [ 32.15271, 0.126456 ], [ 32.152496, 0.12669 ], [ 32.152236, 0.126878 ], [ 32.151658, 0.12722 ], [ 32.151386, 0.127351 ], [ 32.150729, 0.127776 ], [ 32.150084, 0.128257 ], [ 32.14926, 0.12896 ], [ 32.149002, 0.129263 ], [ 32.148622, 0.129867 ], [ 32.148299, 0.130448 ], [ 32.148166, 0.130737 ], [ 32.148092, 0.13113 ], [ 32.148097, 0.131486 ], [ 32.148227, 0.131772 ], [ 32.148912, 0.132486 ], [ 32.149156, 0.132793 ], [ 32.149322, 0.133147 ], [ 32.149418, 0.133456 ], [ 32.1494, 0.133801 ], [ 32.149129, 0.134036 ], [ 32.148551, 0.134378 ], [ 32.147998, 0.134847 ], [ 32.14775, 0.135104 ], [ 32.147452, 0.135074 ], [ 32.147074, 0.134976 ], [ 32.146008, 0.134832 ], [ 32.145641, 0.134711 ], [ 32.145363, 0.134451 ], [ 32.144885, 0.133814 ], [ 32.144571, 0.134233 ], [ 32.144405, 0.134569 ], [ 32.14415, 0.135171 ], [ 32.143945, 0.135957 ], [ 32.143805, 0.136592 ], [ 32.1438, 0.137029 ], [ 32.143805, 0.137374 ], [ 32.143879, 0.13773 ], [ 32.143925, 0.1385 ], [ 32.143654, 0.138722 ], [ 32.143334, 0.138739 ], [ 32.142992, 0.138836 ], [ 32.14272, 0.13899 ], [ 32.141356, 0.139517 ], [ 32.140475, 0.140221 ], [ 32.140153, 0.140065 ], [ 32.139955, 0.139838 ], [ 32.138542, 0.138595 ], [ 32.138174, 0.138416 ], [ 32.137773, 0.138376 ], [ 32.137064, 0.138364 ], [ 32.135175, 0.138117 ], [ 32.127247, 0.137642 ], [ 32.126533, 0.136514 ], [ 32.126249, 0.135886 ], [ 32.126232, 0.135518 ], [ 32.126427, 0.134779 ], [ 32.12691, 0.133379 ], [ 32.126803, 0.133081 ], [ 32.126481, 0.132948 ], [ 32.12616, 0.132873 ], [ 32.125814, 0.132717 ], [ 32.123427, 0.132064 ], [ 32.123117, 0.131965 ], [ 32.122818, 0.131832 ], [ 32.122553, 0.131686 ], [ 32.121905, 0.131132 ], [ 32.121255, 0.130441 ], [ 32.121011, 0.130226 ], [ 32.120354, 0.129799 ], [ 32.120021, 0.129689 ], [ 32.119631, 0.129626 ], [ 32.118967, 0.129579 ], [ 32.118668, 0.129399 ], [ 32.118377, 0.129105 ], [ 32.117834, 0.128664 ], [ 32.116826, 0.127737 ], [ 32.115993, 0.127059 ], [ 32.115216, 0.126301 ], [ 32.114927, 0.126075 ], [ 32.114474, 0.12561 ], [ 32.114422, 0.12591 ], [ 32.113956, 0.126907 ], [ 32.11354, 0.128167 ], [ 32.113584, 0.128822 ], [ 32.113566, 0.129495 ], [ 32.113562, 0.129639 ], [ 32.113486, 0.129951 ], [ 32.113256, 0.130611 ], [ 32.112956, 0.131179 ], [ 32.112697, 0.131494 ], [ 32.112414, 0.131705 ], [ 32.111482, 0.131996 ], [ 32.110754, 0.132294 ], [ 32.110713, 0.132617 ], [ 32.110592, 0.13293 ], [ 32.110545, 0.133621 ], [ 32.110533, 0.134369 ], [ 32.110595, 0.134678 ], [ 32.11061, 0.134725 ], [ 32.110691, 0.134964 ], [ 32.111059, 0.13512 ], [ 32.111655, 0.135283 ], [ 32.111998, 0.135266 ], [ 32.11262, 0.134785 ], [ 32.113315, 0.134671 ], [ 32.114046, 0.134602 ], [ 32.114389, 0.134597 ], [ 32.114823, 0.134624 ], [ 32.115534, 0.13474 ], [ 32.116189, 0.135029 ], [ 32.117125, 0.135682 ], [ 32.118832, 0.136748 ], [ 32.119641, 0.137346 ], [ 32.119828, 0.137619 ], [ 32.11989, 0.137917 ], [ 32.120081, 0.138524 ], [ 32.120778, 0.139284 ], [ 32.12101, 0.139487 ], [ 32.12161, 0.139892 ], [ 32.12307, 0.140433 ], [ 32.123392, 0.140578 ], [ 32.124336, 0.141023 ], [ 32.124602, 0.141249 ], [ 32.124953, 0.141819 ], [ 32.125412, 0.142721 ], [ 32.12561, 0.142959 ], [ 32.125443, 0.143307 ], [ 32.125174, 0.143633 ], [ 32.124273, 0.144533 ], [ 32.124001, 0.144722 ], [ 32.123604, 0.144946 ], [ 32.123274, 0.145055 ], [ 32.122613, 0.14518 ], [ 32.121884, 0.145364 ], [ 32.1211, 0.145687 ], [ 32.120443, 0.146042 ], [ 32.119357, 0.146841 ], [ 32.118678, 0.1473 ], [ 32.118183, 0.147837 ], [ 32.117566, 0.148629 ], [ 32.11734, 0.148851 ], [ 32.117185, 0.149187 ], [ 32.116738, 0.149861 ], [ 32.116496, 0.150532 ], [ 32.116351, 0.150799 ], [ 32.115962, 0.151496 ], [ 32.115536, 0.152112 ], [ 32.115276, 0.152312 ], [ 32.114528, 0.152749 ], [ 32.114166, 0.152996 ], [ 32.113827, 0.153277 ], [ 32.111878, 0.155206 ], [ 32.111336, 0.155686 ], [ 32.111065, 0.155886 ], [ 32.110759, 0.156051 ], [ 32.110044, 0.156408 ], [ 32.109408, 0.15667 ], [ 32.109021, 0.156757 ], [ 32.108404, 0.156847 ], [ 32.107708, 0.156892 ], [ 32.105902, 0.156886 ], [ 32.105249, 0.156815 ], [ 32.104951, 0.15674 ], [ 32.104409, 0.156449 ], [ 32.104086, 0.156235 ], [ 32.103601, 0.15584 ], [ 32.103182, 0.155329 ], [ 32.102872, 0.155242 ], [ 32.101798, 0.155327 ], [ 32.101159, 0.155349 ], [ 32.100758, 0.155309 ], [ 32.100103, 0.155077 ], [ 32.099757, 0.154876 ], [ 32.099537, 0.154649 ], [ 32.099338, 0.154376 ], [ 32.099208, 0.154079 ], [ 32.099279, 0.153422 ], [ 32.100187, 0.151418 ], [ 32.100723, 0.149822 ], [ 32.101581, 0.147485 ], [ 32.101771, 0.147217 ], [ 32.101846, 0.146825 ], [ 32.101829, 0.146457 ], [ 32.101766, 0.146078 ], [ 32.101805, 0.145617 ], [ 32.10207, 0.144198 ], [ 32.102494, 0.142719 ], [ 32.103067, 0.141226 ], [ 32.103251, 0.140567 ], [ 32.103379, 0.139921 ], [ 32.10345, 0.139287 ], [ 32.103438, 0.138471 ], [ 32.1035, 0.137797 ], [ 32.103527, 0.137503 ], [ 32.103261, 0.137334 ], [ 32.102953, 0.137339 ], [ 32.102588, 0.137414 ], [ 32.10227, 0.137568 ], [ 32.101739, 0.137979 ], [ 32.101288, 0.138423 ], [ 32.101155, 0.138702 ], [ 32.100936, 0.139303 ], [ 32.100745, 0.139536 ], [ 32.100484, 0.139713 ], [ 32.099883, 0.14001 ], [ 32.099341, 0.140455 ], [ 32.099093, 0.140747 ], [ 32.099087, 0.141081 ], [ 32.099025, 0.141519 ], [ 32.098916, 0.141877 ], [ 32.09875, 0.142282 ], [ 32.098549, 0.14263 ], [ 32.09837, 0.142875 ], [ 32.097252, 0.143824 ], [ 32.096791, 0.144314 ], [ 32.096658, 0.144627 ], [ 32.096686, 0.144983 ], [ 32.096751, 0.145361 ], [ 32.096799, 0.145637 ], [ 32.096975, 0.145934 ], [ 32.097172, 0.146172 ], [ 32.097416, 0.146399 ], [ 32.09767, 0.146567 ], [ 32.097936, 0.146805 ], [ 32.098134, 0.147032 ], [ 32.098208, 0.147433 ], [ 32.098009, 0.147896 ], [ 32.097124, 0.14913 ], [ 32.096663, 0.14962 ], [ 32.095907, 0.150287 ], [ 32.09514, 0.151035 ], [ 32.09417, 0.151867 ], [ 32.093829, 0.152045 ], [ 32.093169, 0.152251 ], [ 32.09205, 0.152291 ], [ 32.091413, 0.152531 ], [ 32.090788, 0.152806 ], [ 32.090054, 0.153358 ], [ 32.090342, 0.153549 ], [ 32.091263, 0.15396 ], [ 32.091472, 0.154199 ], [ 32.091556, 0.154508 ], [ 32.09147, 0.154866 ], [ 32.091326, 0.155156 ], [ 32.090888, 0.155703 ], [ 32.089995, 0.156396 ], [ 32.089523, 0.156955 ], [ 32.089425, 0.157267 ], [ 32.088793, 0.158577 ], [ 32.088336, 0.158607 ], [ 32.087993, 0.15859 ], [ 32.086912, 0.158181 ], [ 32.086601, 0.158024 ], [ 32.086448, 0.157705 ], [ 32.086477, 0.156588 ], [ 32.086619, 0.156091 ], [ 32.087051, 0.155153 ], [ 32.08708, 0.15483 ], [ 32.087007, 0.154509 ], [ 32.086367, 0.153714 ], [ 32.085976, 0.153582 ], [ 32.085588, 0.153588 ], [ 32.085212, 0.153663 ], [ 32.084916, 0.153759 ], [ 32.084563, 0.153891 ], [ 32.083679, 0.154365 ], [ 32.083114, 0.154834 ], [ 32.08278, 0.155414 ], [ 32.082411, 0.155961 ], [ 32.082314, 0.156423 ], [ 32.082343, 0.156825 ], [ 32.082428, 0.157192 ], [ 32.082639, 0.157522 ], [ 32.082883, 0.157806 ], [ 32.083127, 0.158032 ], [ 32.08375, 0.158494 ], [ 32.083994, 0.15872 ], [ 32.084169, 0.158971 ], [ 32.084334, 0.15929 ], [ 32.084429, 0.159588 ], [ 32.084457, 0.159887 ], [ 32.084187, 0.16019 ], [ 32.083124, 0.160966 ], [ 32.0821, 0.162109 ], [ 32.081569, 0.162543 ], [ 32.081356, 0.162765 ], [ 32.080461, 0.163354 ], [ 32.080166, 0.163497 ], [ 32.07982, 0.163306 ], [ 32.079154, 0.163064 ], [ 32.078877, 0.162884 ], [ 32.078633, 0.162657 ], [ 32.078458, 0.162361 ], [ 32.078196, 0.161686 ], [ 32.078123, 0.161354 ], [ 32.078043, 0.160538 ], [ 32.078066, 0.159813 ], [ 32.078152, 0.159421 ], [ 32.078306, 0.159027 ], [ 32.079263, 0.157229 ], [ 32.079584, 0.156499 ], [ 32.079901, 0.15554 ], [ 32.079487, 0.155339 ], [ 32.078311, 0.155472 ], [ 32.078011, 0.15527 ], [ 32.077789, 0.154939 ], [ 32.077421, 0.154784 ], [ 32.077078, 0.154812 ], [ 32.076825, 0.154655 ], [ 32.076604, 0.154383 ], [ 32.076507, 0.15405 ], [ 32.076548, 0.15367 ], [ 32.076485, 0.15328 ], [ 32.076309, 0.152984 ], [ 32.075662, 0.15251 ], [ 32.075349, 0.152216 ], [ 32.074817, 0.151822 ], [ 32.074295, 0.151566 ], [ 32.074086, 0.15181 ], [ 32.073976, 0.152099 ], [ 32.073763, 0.153196 ], [ 32.073747, 0.153668 ], [ 32.073821, 0.154046 ], [ 32.073986, 0.154389 ], [ 32.074094, 0.154721 ], [ 32.07418, 0.155122 ], [ 32.074209, 0.155547 ], [ 32.07438, 0.156304 ], [ 32.074414, 0.157085 ], [ 32.074551, 0.15782 ], [ 32.074556, 0.158188 ], [ 32.074619, 0.158566 ], [ 32.074717, 0.159002 ], [ 32.074824, 0.159288 ], [ 32.074983, 0.159999 ], [ 32.075113, 0.16033 ], [ 32.075186, 0.160628 ], [ 32.075262, 0.161122 ], [ 32.075204, 0.161813 ], [ 32.07514, 0.162125 ], [ 32.075384, 0.162409 ], [ 32.075514, 0.162729 ], [ 32.075306, 0.163342 ], [ 32.075161, 0.163609 ], [ 32.074678, 0.164168 ], [ 32.074011, 0.164696 ], [ 32.073563, 0.165278 ], [ 32.073303, 0.165547 ], [ 32.072924, 0.166151 ], [ 32.072699, 0.166419 ], [ 32.072543, 0.166686 ], [ 32.0724, 0.167045 ], [ 32.072221, 0.167335 ], [ 32.072123, 0.167648 ], [ 32.072041, 0.168328 ], [ 32.072273, 0.168566 ], [ 32.072629, 0.168698 ], [ 32.073319, 0.169117 ], [ 32.073435, 0.169088 ], [ 32.074428, 0.168935 ], [ 32.076774, 0.168404 ], [ 32.077038, 0.168457 ], [ 32.07711, 0.168721 ], [ 32.077149, 0.169042 ], [ 32.077367, 0.169856 ], [ 32.077418, 0.170235 ], [ 32.077516, 0.170624 ], [ 32.077713, 0.171177 ], [ 32.077933, 0.171043 ], [ 32.078078, 0.170765 ], [ 32.07817, 0.170039 ], [ 32.07829, 0.169657 ], [ 32.078566, 0.168963 ], [ 32.078721, 0.16865 ], [ 32.078956, 0.168336 ], [ 32.079283, 0.168008 ], [ 32.079887, 0.167895 ], [ 32.080784, 0.167468 ], [ 32.081577, 0.166961 ], [ 32.081917, 0.166783 ], [ 32.083314, 0.166174 ], [ 32.08403, 0.165899 ], [ 32.08513, 0.165306 ], [ 32.085902, 0.164938 ], [ 32.086638, 0.165226 ], [ 32.087016, 0.165312 ], [ 32.087347, 0.165272 ], [ 32.087723, 0.165186 ], [ 32.088301, 0.164797 ], [ 32.08863, 0.164654 ], [ 32.089613, 0.164685 ], [ 32.089969, 0.164794 ], [ 32.090324, 0.164823 ], [ 32.090984, 0.164641 ], [ 32.091394, 0.164485 ], [ 32.09203, 0.164109 ], [ 32.092334, 0.163929 ], [ 32.092641, 0.163821 ], [ 32.092853, 0.163461 ], [ 32.092711, 0.163153 ], [ 32.092718, 0.162796 ], [ 32.093721, 0.161849 ], [ 32.094358, 0.160838 ], [ 32.094592, 0.160432 ], [ 32.094924, 0.159702 ], [ 32.095485, 0.158209 ], [ 32.095594, 0.157839 ], [ 32.095794, 0.157433 ], [ 32.096078, 0.157291 ], [ 32.096413, 0.15755 ], [ 32.09677, 0.157775 ], [ 32.097485, 0.158132 ], [ 32.098129, 0.15841 ], [ 32.099443, 0.159195 ], [ 32.099965, 0.159681 ], [ 32.100164, 0.16 ], [ 32.10026, 0.16031 ], [ 32.100316, 0.161033 ], [ 32.100275, 0.161345 ], [ 32.100177, 0.161703 ], [ 32.099975, 0.161971 ], [ 32.099682, 0.16224 ], [ 32.099343, 0.162498 ], [ 32.099245, 0.16281 ], [ 32.099273, 0.163189 ], [ 32.100432, 0.163517 ], [ 32.101497, 0.163627 ], [ 32.102148, 0.163617 ], [ 32.103495, 0.163492 ], [ 32.103989, 0.163623 ], [ 32.104614, 0.164177 ], [ 32.104744, 0.164485 ], [ 32.104716, 0.164594 ], [ 32.104658, 0.16482 ], [ 32.104467, 0.165099 ], [ 32.104163, 0.165357 ], [ 32.103879, 0.165523 ], [ 32.102903, 0.165963 ], [ 32.102563, 0.166187 ], [ 32.102326, 0.166409 ], [ 32.102227, 0.166699 ], [ 32.102301, 0.167043 ], [ 32.102517, 0.167741 ], [ 32.102828, 0.167897 ], [ 32.104406, 0.16793 ], [ 32.104783, 0.167901 ], [ 32.105101, 0.167782 ], [ 32.105407, 0.167604 ], [ 32.10576, 0.167484 ], [ 32.106148, 0.167489 ], [ 32.10648, 0.167507 ], [ 32.106778, 0.167572 ], [ 32.1071, 0.16767 ], [ 32.107445, 0.167837 ], [ 32.107643, 0.168076 ], [ 32.107767, 0.16873 ], [ 32.107862, 0.169016 ], [ 32.108016, 0.169336 ], [ 32.108169, 0.169632 ], [ 32.108366, 0.169871 ], [ 32.108777, 0.170612 ], [ 32.108817, 0.171003 ], [ 32.108003, 0.171625 ], [ 32.107766, 0.171824 ], [ 32.107519, 0.172093 ], [ 32.107649, 0.17239 ], [ 32.107972, 0.172581 ], [ 32.108305, 0.172691 ], [ 32.108624, 0.172674 ], [ 32.10892, 0.1726 ], [ 32.109863, 0.172195 ], [ 32.110146, 0.17196 ], [ 32.110311, 0.171555 ], [ 32.110408, 0.171174 ], [ 32.110511, 0.170378 ], [ 32.110528, 0.169987 ], [ 32.110686, 0.169018 ], [ 32.110902, 0.168198 ], [ 32.111022, 0.167828 ], [ 32.111188, 0.167457 ], [ 32.111446, 0.167047 ], [ 32.111546, 0.166888 ], [ 32.111759, 0.166632 ], [ 32.112572, 0.165906 ], [ 32.113115, 0.165541 ], [ 32.113329, 0.165284 ], [ 32.11391, 0.164412 ], [ 32.114277, 0.163728 ], [ 32.114531, 0.163068 ], [ 32.114944, 0.161647 ], [ 32.115221, 0.161044 ], [ 32.115469, 0.160822 ], [ 32.116047, 0.160468 ], [ 32.116226, 0.160212 ], [ 32.11624, 0.159579 ], [ 32.116309, 0.158842 ], [ 32.116424, 0.158115 ], [ 32.116685, 0.157145 ], [ 32.116984, 0.156565 ], [ 32.117152, 0.156309 ], [ 32.11866, 0.155434 ], [ 32.11901, 0.155141 ], [ 32.119069, 0.154485 ], [ 32.119197, 0.15385 ], [ 32.119305, 0.153469 ], [ 32.119684, 0.152773 ], [ 32.119919, 0.152435 ], [ 32.1202, 0.152132 ], [ 32.120829, 0.15134 ], [ 32.121676, 0.150648 ], [ 32.122708, 0.150885 ], [ 32.123145, 0.151039 ], [ 32.12341, 0.151196 ], [ 32.123776, 0.151191 ], [ 32.12422, 0.151069 ], [ 32.124858, 0.150944 ], [ 32.125304, 0.150925 ], [ 32.126707, 0.150777 ], [ 32.127249, 0.151102 ], [ 32.127566, 0.151707 ], [ 32.127799, 0.151945 ], [ 32.12841, 0.152304 ], [ 32.129091, 0.152765 ], [ 32.12939, 0.152898 ], [ 32.130043, 0.153026 ], [ 32.13041, 0.153067 ], [ 32.131439, 0.153108 ], [ 32.131829, 0.153171 ], [ 32.132194, 0.153166 ], [ 32.132925, 0.153108 ], [ 32.133586, 0.152983 ], [ 32.133939, 0.152851 ], [ 32.134258, 0.152789 ], [ 32.134634, 0.153484 ], [ 32.134879, 0.153837 ], [ 32.13554, 0.15446 ], [ 32.135737, 0.154698 ], [ 32.136334, 0.155667 ], [ 32.136555, 0.155928 ], [ 32.136469, 0.156252 ], [ 32.136046, 0.157064 ], [ 32.135961, 0.157456 ], [ 32.136057, 0.157788 ], [ 32.136448, 0.158714 ], [ 32.136985, 0.159511 ], [ 32.137206, 0.159749 ], [ 32.137495, 0.159998 ], [ 32.138049, 0.160369 ], [ 32.138281, 0.160561 ], [ 32.13841, 0.160835 ], [ 32.138472, 0.161133 ], [ 32.138482, 0.161858 ], [ 32.1385, 0.161966 ], [ 32.138596, 0.162569 ], [ 32.138738, 0.162924 ], [ 32.138938, 0.163266 ], [ 32.139203, 0.163469 ], [ 32.13956, 0.163659 ], [ 32.140883, 0.164225 ], [ 32.142059, 0.16492 ], [ 32.142546, 0.165373 ], [ 32.14278, 0.165714 ], [ 32.142875, 0.166012 ], [ 32.14288, 0.166346 ], [ 32.142725, 0.166705 ], [ 32.142103, 0.16714 ], [ 32.141706, 0.167353 ], [ 32.141036, 0.167663 ], [ 32.140434, 0.167902 ], [ 32.140198, 0.168136 ], [ 32.140018, 0.16838 ], [ 32.139977, 0.168726 ], [ 32.140074, 0.16907 ], [ 32.140703, 0.170705 ], [ 32.140851, 0.171393 ], [ 32.14089, 0.171749 ], [ 32.140859, 0.173487 ], [ 32.140922, 0.173934 ], [ 32.141019, 0.174278 ], [ 32.141954, 0.176519 ], [ 32.142074, 0.176873 ], [ 32.142113, 0.177218 ], [ 32.142038, 0.177518 ], [ 32.141795, 0.178086 ], [ 32.141627, 0.178353 ], [ 32.141518, 0.1787 ], [ 32.141466, 0.179046 ], [ 32.141384, 0.180508 ], [ 32.141402, 0.180933 ], [ 32.141527, 0.181691 ], [ 32.14161, 0.183484 ], [ 32.141665, 0.18407 ], [ 32.141831, 0.185253 ], [ 32.141929, 0.185711 ], [ 32.14206, 0.186077 ], [ 32.142171, 0.186616 ], [ 32.142359, 0.187775 ], [ 32.142412, 0.188269 ], [ 32.142523, 0.188843 ], [ 32.14254, 0.189222 ], [ 32.14254, 0.190016 ], [ 32.142408, 0.190375 ], [ 32.142138, 0.190609 ], [ 32.141854, 0.190763 ], [ 32.140937, 0.191375 ], [ 32.140642, 0.191518 ], [ 32.140383, 0.191775 ], [ 32.140626, 0.192001 ], [ 32.140871, 0.192297 ], [ 32.141314, 0.1929 ], [ 32.142117, 0.193877 ], [ 32.142405, 0.194079 ], [ 32.143537, 0.194039 ], [ 32.144212, 0.19412 ], [ 32.144946, 0.194305 ], [ 32.145279, 0.194414 ], [ 32.146683, 0.195026 ], [ 32.147352, 0.195475 ], [ 32.147873, 0.195905 ], [ 32.148696, 0.196697 ], [ 32.148917, 0.19697 ], [ 32.149503, 0.197904 ], [ 32.149702, 0.198281 ], [ 32.149907, 0.198956 ], [ 32.149969, 0.199312 ], [ 32.149939, 0.199612 ], [ 32.149668, 0.200628 ], [ 32.149564, 0.201343 ], [ 32.149546, 0.201665 ], [ 32.149299, 0.202728 ], [ 32.149081, 0.203456 ], [ 32.148751, 0.20437 ], [ 32.148595, 0.204637 ], [ 32.148453, 0.205099 ], [ 32.148156, 0.206646 ], [ 32.148024, 0.207016 ], [ 32.1478, 0.207341 ], [ 32.147483, 0.207519 ], [ 32.147141, 0.207616 ], [ 32.146754, 0.207691 ], [ 32.146057, 0.207736 ], [ 32.145419, 0.207884 ], [ 32.144888, 0.208341 ], [ 32.144686, 0.208575 ], [ 32.143959, 0.208873 ], [ 32.142651, 0.209331 ], [ 32.142004, 0.20964 ], [ 32.141767, 0.209828 ], [ 32.141272, 0.210364 ], [ 32.140944, 0.210611 ], [ 32.140843, 0.210747 ], [ 32.140222, 0.210473 ], [ 32.139588, 0.210114 ], [ 32.138537, 0.209348 ], [ 32.138099, 0.208964 ], [ 32.137902, 0.208173 ], [ 32.137771, 0.207842 ], [ 32.137584, 0.207534 ], [ 32.137317, 0.207262 ], [ 32.137051, 0.207059 ], [ 32.136648, 0.206858 ], [ 32.135993, 0.206603 ], [ 32.13472, 0.206278 ], [ 32.134374, 0.206313 ], [ 32.134273, 0.206227 ], [ 32.133901, 0.205819 ], [ 32.133693, 0.20565 ], [ 32.133165, 0.20552 ], [ 32.132571, 0.205494 ], [ 32.131519, 0.20536 ], [ 32.131165, 0.205539 ], [ 32.130869, 0.205624 ], [ 32.130538, 0.205664 ], [ 32.13023, 0.205646 ], [ 32.129805, 0.205537 ], [ 32.129529, 0.205392 ], [ 32.128951, 0.204998 ], [ 32.128197, 0.204239 ], [ 32.127399, 0.203561 ], [ 32.127178, 0.203323 ], [ 32.1267, 0.202709 ], [ 32.126311, 0.202658 ], [ 32.125479, 0.202843 ], [ 32.124581, 0.203144 ], [ 32.123818, 0.203329 ], [ 32.123304, 0.203383 ], [ 32.122506, 0.203545 ], [ 32.122257, 0.203687 ] ] ] } },
{ "type": "Feature", "properties": { "AREA": 1208873.0, "PERIMETER": 5752.077, "GAZALL_": 690, "GAZALL_ID": 631, "PSUBJ": 4020, "NAME": "Nakunyi", "FD_CODE": "MN/42", "FD_NAME": "Nakunyi", "GAZTYPE": "CFR", "COMMENT": null, "ANNONAM": "Nakunyi CFR", "ANNOTYP": "(MN/42)", "AREA_HA": 121 }, "geometry": { "type": "Polygon", "coordinates": [ [ [ 33.261265, 0.189247 ], [ 33.261514, 0.189366 ], [ 33.262309, 0.189608 ], [ 33.263164, 0.18979 ], [ 33.263641, 0.190042 ], [ 33.263912, 0.1901 ], [ 33.26454, 0.190431 ], [ 33.264825, 0.19046 ], [ 33.26487, 0.190492 ], [ 33.264937, 0.19054 ], [ 33.265539, 0.190722 ], [ 33.266143, 0.190844 ], [ 33.26648, 0.190532 ], [ 33.266665, 0.190301 ], [ 33.26694, 0.190166 ], [ 33.267237, 0.190018 ], [ 33.267765, 0.189825 ], [ 33.268007, 0.189681 ], [ 33.268253, 0.189615 ], [ 33.267989, 0.189029 ], [ 33.26779, 0.188827 ], [ 33.267025, 0.188306 ], [ 33.266883, 0.188079 ], [ 33.266922, 0.18778 ], [ 33.267087, 0.187546 ], [ 33.267368, 0.187355 ], [ 33.268329, 0.186504 ], [ 33.269091, 0.185911 ], [ 33.269381, 0.185628 ], [ 33.26966, 0.185403 ], [ 33.269931, 0.185259 ], [ 33.270259, 0.185147 ], [ 33.270616, 0.185299 ], [ 33.27086, 0.185489 ], [ 33.271102, 0.185609 ], [ 33.271366, 0.185672 ], [ 33.271664, 0.18571 ], [ 33.271922, 0.185554 ], [ 33.272262, 0.184995 ], [ 33.272371, 0.184751 ], [ 33.272656, 0.184261 ], [ 33.272882, 0.183681 ], [ 33.273052, 0.183114 ], [ 33.273195, 0.182433 ], [ 33.2733, 0.181545 ], [ 33.273678, 0.181122 ], [ 33.273786, 0.180867 ], [ 33.274209, 0.179421 ], [ 33.274339, 0.179153 ], [ 33.274552, 0.178987 ], [ 33.275094, 0.178767 ], [ 33.275282, 0.178532 ], [ 33.275368, 0.178266 ], [ 33.275434, 0.177679 ], [ 33.275519, 0.177424 ], [ 33.275943, 0.17654 ], [ 33.276425, 0.175678 ], [ 33.276697, 0.17512 ], [ 33.276793, 0.174842 ], [ 33.276854, 0.174519 ], [ 33.276698, 0.174166 ], [ 33.276449, 0.174264 ], [ 33.276177, 0.174328 ], [ 33.274539, 0.175024 ], [ 33.273977, 0.175382 ], [ 33.273339, 0.175892 ], [ 33.272528, 0.176325 ], [ 33.271805, 0.176619 ], [ 33.270995, 0.177087 ], [ 33.270209, 0.177646 ], [ 33.269046, 0.178134 ], [ 33.268514, 0.178296 ], [ 33.268198, 0.178442 ], [ 33.267348, 0.179152 ], [ 33.26678, 0.179258 ], [ 33.266543, 0.179379 ], [ 33.266332, 0.179625 ], [ 33.266039, 0.180253 ], [ 33.265822, 0.181212 ], [ 33.265737, 0.181478 ], [ 33.265584, 0.181781 ], [ 33.265022, 0.182633 ], [ 33.264902, 0.182877 ], [ 33.26483, 0.183201 ], [ 33.2647, 0.183457 ], [ 33.264534, 0.183702 ], [ 33.264251, 0.184272 ], [ 33.263921, 0.184809 ], [ 33.263191, 0.185803 ], [ 33.262341, 0.187467 ], [ 33.261965, 0.18797 ], [ 33.261426, 0.188845 ], [ 33.261265, 0.189247 ] ] ] } },
{ "type": "Feature", "properties": { "AREA": 1441222.0, "PERIMETER": 8845.129, "GAZALL_": 696, "GAZALL_ID": 637, "PSUBJ": 4020, "NAME": "Mako", "FD_CODE": "MP/32", "FD_NAME": "Mako", "GAZTYPE": "CFR", "COMMENT": null, "ANNONAM": "Mako CFR", "ANNOTYP": "(MP/32)", "AREA_HA": 144 }, "geometry": { "type": "Polygon", "coordinates": [ [ [ 32.373468, 0.178491 ], [ 32.374355, 0.174047 ], [ 32.370671, 0.17054 ], [ 32.3678, 0.1706 ], [ 32.366708, 0.170889 ], [ 32.363993, 0.170045 ], [ 32.362193, 0.169757 ], [ 32.35878, 0.170598 ], [ 32.356782, 0.169883 ], [ 32.355662, 0.168794 ], [ 32.354363, 0.166932 ], [ 32.353679, 0.166253 ], [ 32.353103, 0.165909 ], [ 32.350218, 0.165004 ], [ 32.348726, 0.164757 ], [ 32.347908, 0.165029 ], [ 32.347568, 0.165458 ], [ 32.347416, 0.166144 ], [ 32.347487, 0.167144 ], [ 32.348066, 0.169003 ], [ 32.34842, 0.169595 ], [ 32.34888, 0.170017 ], [ 32.34921, 0.170058 ], [ 32.351006, 0.169989 ], [ 32.351771, 0.170635 ], [ 32.351995, 0.170858 ], [ 32.352348, 0.171461 ], [ 32.352748, 0.172559 ], [ 32.352791, 0.173237 ], [ 32.351498, 0.175203 ], [ 32.354894, 0.176461 ], [ 32.355179, 0.174431 ], [ 32.357614, 0.172791 ], [ 32.361312, 0.173631 ], [ 32.361599, 0.173591 ], [ 32.363249, 0.172865 ], [ 32.364188, 0.172803 ], [ 32.364732, 0.17302 ], [ 32.366271, 0.174324 ], [ 32.367522, 0.174646 ], [ 32.367786, 0.174617 ], [ 32.368264, 0.174155 ], [ 32.369109, 0.17253 ], [ 32.370996, 0.173072 ], [ 32.370978, 0.177272 ], [ 32.373368, 0.178351 ], [ 32.373468, 0.178491 ] ] ] } },
{ "type": "Feature", "properties": { "AREA": 500551600.0, "PERIMETER": 178972.1, "GAZALL_": 699, "GAZALL_ID": 640, "PSUBJ": 4022, "NAME": "Queen Elisabeth", "FD_CODE": null, "FD_NAME": null, "GAZTYPE": "NP", "COMMENT": null, "ANNONAM": "Queen Elisabeth NP", "ANNOTYP": null, "AREA_HA": 50056 }, "geometry": { "type": "Polygon", "coordinates": [ [ [ 30.107977, 0.176939 ], [ 30.163412, 0.070338 ], [ 30.163247, 0.070171 ], [ 30.163139, 0.069515 ], [ 30.162497, 0.068269 ], [ 30.162407, 0.067306 ], [ 30.162264, 0.06706 ], [ 30.162178, 0.0668 ], [ 30.16232, 0.066252 ], [ 30.162276, 0.065977 ], [ 30.161997, 0.065564 ], [ 30.161846, 0.064952 ], [ 30.161303, 0.064403 ], [ 30.160845, 0.064143 ], [ 30.160559, 0.064143 ], [ 30.160288, 0.064056 ], [ 30.160045, 0.063898 ], [ 30.159802, 0.064071 ], [ 30.159631, 0.064331 ], [ 30.159503, 0.064403 ], [ 30.159217, 0.064403 ], [ 30.15886, 0.064169 ], [ 30.157563, 0.064431 ], [ 30.156851, 0.063966 ], [ 30.156202, 0.063781 ], [ 30.155944, 0.063651 ], [ 30.155844, 0.063535 ], [ 30.155615, 0.063405 ], [ 30.15453, 0.063275 ], [ 30.15335, 0.062619 ], [ 30.152871, 0.061975 ], [ 30.152742, 0.061701 ], [ 30.152341, 0.061267 ], [ 30.152112, 0.061123 ], [ 30.151826, 0.061123 ], [ 30.151412, 0.06105 ], [ 30.151078, 0.0608 ], [ 30.150906, 0.060367 ], [ 30.150796, 0.059751 ], [ 30.150567, 0.059607 ], [ 30.150153, 0.059606 ], [ 30.149753, 0.059693 ], [ 30.149467, 0.059693 ], [ 30.149267, 0.05988 ], [ 30.149225, 0.060169 ], [ 30.149125, 0.06027 ], [ 30.148986, 0.06034 ], [ 30.148197, 0.060284 ], [ 30.147968, 0.060414 ], [ 30.147389, 0.060909 ], [ 30.147269, 0.060933 ], [ 30.146911, 0.060702 ], [ 30.146426, 0.060619 ], [ 30.146383, 0.060587 ], [ 30.146304, 0.06019 ], [ 30.146005, 0.059933 ], [ 30.145667, 0.059865 ], [ 30.14554, 0.059747 ], [ 30.145389, 0.059463 ], [ 30.145201, 0.059258 ], [ 30.145018, 0.059155 ], [ 30.144831, 0.059092 ], [ 30.144581, 0.059066 ], [ 30.144492, 0.058963 ], [ 30.144512, 0.058826 ], [ 30.144642, 0.058753 ], [ 30.144803, 0.058684 ], [ 30.144855, 0.058532 ], [ 30.144817, 0.058266 ], [ 30.144636, 0.05793 ], [ 30.144592, 0.057497 ], [ 30.144521, 0.057251 ], [ 30.144148, 0.056789 ], [ 30.144077, 0.056529 ], [ 30.14439, 0.056096 ], [ 30.144404, 0.05541 ], [ 30.144213, 0.055267 ], [ 30.144003, 0.055288 ], [ 30.143198, 0.055206 ], [ 30.142359, 0.055657 ], [ 30.141176, 0.056081 ], [ 30.140719, 0.055878 ], [ 30.140647, 0.055604 ], [ 30.140544, 0.055499 ], [ 30.139158, 0.054511 ], [ 30.138871, 0.053974 ], [ 30.13873, 0.053842 ], [ 30.138458, 0.05377 ], [ 30.137887, 0.053799 ], [ 30.137644, 0.053654 ], [ 30.137146, 0.053187 ], [ 30.136943, 0.053105 ], [ 30.1364, 0.053105 ], [ 30.135877, 0.053211 ], [ 30.13502, 0.053254 ], [ 30.134644, 0.053465 ], [ 30.134358, 0.053725 ], [ 30.133819, 0.053616 ], [ 30.133385, 0.053811 ], [ 30.132736, 0.053911 ], [ 30.13214, 0.054364 ], [ 30.13192, 0.054408 ], [ 30.131226, 0.054207 ], [ 30.130779, 0.054297 ], [ 30.130705, 0.054353 ], [ 30.129852, 0.054296 ], [ 30.129591, 0.054362 ], [ 30.129035, 0.054105 ], [ 30.128974, 0.054077 ], [ 30.12714, 0.053886 ], [ 30.126025, 0.053275 ], [ 30.124255, 0.052699 ], [ 30.124077, 0.052642 ], [ 30.123283, 0.052601 ], [ 30.122709, 0.052472 ], [ 30.122042, 0.052077 ], [ 30.121813, 0.051889 ], [ 30.121427, 0.051716 ], [ 30.121027, 0.051615 ], [ 30.120755, 0.051643 ], [ 30.119827, 0.051556 ], [ 30.118926, 0.05095 ], [ 30.118654, 0.050906 ], [ 30.118254, 0.051007 ], [ 30.117969, 0.050993 ], [ 30.117468, 0.050704 ], [ 30.11724, 0.050516 ], [ 30.116382, 0.050083 ], [ 30.116024, 0.049722 ], [ 30.115767, 0.049577 ], [ 30.115252, 0.049563 ], [ 30.115024, 0.049389 ], [ 30.114548, 0.049178 ], [ 30.113995, 0.049103 ], [ 30.112836, 0.048284 ], [ 30.111971, 0.047847 ], [ 30.110625, 0.047561 ], [ 30.109732, 0.047208 ], [ 30.107344, 0.047149 ], [ 30.106773, 0.047322 ], [ 30.106545, 0.047322 ], [ 30.105764, 0.047524 ], [ 30.105478, 0.047538 ], [ 30.105078, 0.047451 ], [ 30.104692, 0.047552 ], [ 30.102839, 0.048328 ], [ 30.101639, 0.048912 ], [ 30.100916, 0.049552 ], [ 30.100725, 0.04963 ], [ 30.099569, 0.050394 ], [ 30.099283, 0.050452 ], [ 30.099041, 0.050596 ], [ 30.098428, 0.051065 ], [ 30.097512, 0.051357 ], [ 30.096818, 0.051391 ], [ 30.096285, 0.051519 ], [ 30.096042, 0.051678 ], [ 30.095347, 0.051813 ], [ 30.094615, 0.052241 ], [ 30.094343, 0.052312 ], [ 30.093893, 0.052089 ], [ 30.093234, 0.052156 ], [ 30.093086, 0.052081 ], [ 30.092886, 0.051879 ], [ 30.092657, 0.051763 ], [ 30.092181, 0.051831 ], [ 30.091314, 0.051647 ], [ 30.091028, 0.051618 ], [ 30.090239, 0.051662 ], [ 30.089628, 0.051517 ], [ 30.089343, 0.051517 ], [ 30.0891, 0.051647 ], [ 30.0889, 0.051834 ], [ 30.088286, 0.051993 ], [ 30.087944, 0.052368 ], [ 30.087701, 0.052527 ], [ 30.08743, 0.052541 ], [ 30.087173, 0.052454 ], [ 30.086601, 0.052425 ], [ 30.086087, 0.052598 ], [ 30.085902, 0.052786 ], [ 30.085859, 0.053046 ], [ 30.08606, 0.053465 ], [ 30.086312, 0.053616 ], [ 30.086536, 0.053737 ], [ 30.086708, 0.053827 ], [ 30.086942, 0.054006 ], [ 30.087104, 0.054142 ], [ 30.087295, 0.054271 ], [ 30.087348, 0.054408 ], [ 30.087254, 0.054523 ], [ 30.087103, 0.054539 ], [ 30.086937, 0.054492 ], [ 30.08677, 0.054355 ], [ 30.086567, 0.054145 ], [ 30.086468, 0.054087 ], [ 30.086217, 0.053968 ], [ 30.085962, 0.053858 ], [ 30.085816, 0.0539 ], [ 30.085608, 0.053965 ], [ 30.085461, 0.054345 ], [ 30.085205, 0.055225 ], [ 30.085207, 0.055875 ], [ 30.085407, 0.056496 ], [ 30.085394, 0.05677 ], [ 30.085335, 0.056874 ], [ 30.085086, 0.056925 ], [ 30.08444, 0.057169 ], [ 30.083396, 0.058069 ], [ 30.08321, 0.058285 ], [ 30.082968, 0.058747 ], [ 30.082731, 0.058843 ], [ 30.082121, 0.058781 ], [ 30.081697, 0.058949 ], [ 30.08144, 0.058948 ], [ 30.080555, 0.059237 ], [ 30.080023, 0.05956 ], [ 30.07959, 0.059943 ], [ 30.078212, 0.060885 ], [ 30.077958, 0.061199 ], [ 30.077701, 0.061257 ], [ 30.077082, 0.061257 ], [ 30.076796, 0.06117 ], [ 30.076258, 0.06117 ], [ 30.076043, 0.061083 ], [ 30.075873, 0.060911 ], [ 30.075656, 0.05987 ], [ 30.075513, 0.05961 ], [ 30.075384, 0.059553 ], [ 30.075013, 0.059697 ], [ 30.074813, 0.059928 ], [ 30.074742, 0.060188 ], [ 30.074701, 0.061054 ], [ 30.074558, 0.06127 ], [ 30.07443, 0.061313 ], [ 30.074144, 0.061313 ], [ 30.074015, 0.06127 ], [ 30.073758, 0.06114 ], [ 30.073529, 0.060952 ], [ 30.073129, 0.060764 ], [ 30.0729, 0.060577 ], [ 30.072626, 0.060154 ], [ 30.072713, 0.059682 ], [ 30.072641, 0.059422 ], [ 30.072356, 0.059451 ], [ 30.072099, 0.059782 ], [ 30.071871, 0.059956 ], [ 30.071753, 0.059959 ], [ 30.071459, 0.059864 ], [ 30.071219, 0.059717 ], [ 30.070842, 0.059568 ], [ 30.070316, 0.059621 ], [ 30.069863, 0.059876 ], [ 30.0691, 0.060647 ], [ 30.06833, 0.061196 ], [ 30.068073, 0.061297 ], [ 30.067573, 0.061311 ], [ 30.067159, 0.061478 ], [ 30.066703, 0.061917 ], [ 30.065726, 0.062355 ], [ 30.065332, 0.062696 ], [ 30.065075, 0.062797 ], [ 30.06479, 0.062811 ], [ 30.064518, 0.062883 ], [ 30.064276, 0.063028 ], [ 30.064001, 0.063375 ], [ 30.063334, 0.063677 ], [ 30.063106, 0.063864 ], [ 30.062721, 0.064442 ], [ 30.06265, 0.064716 ], [ 30.062408, 0.065062 ], [ 30.062136, 0.065149 ], [ 30.061422, 0.065091 ], [ 30.060665, 0.064823 ], [ 30.060162, 0.064634 ], [ 30.059484, 0.064191 ], [ 30.057641, 0.063289 ], [ 30.057027, 0.062464 ], [ 30.056204, 0.06226 ], [ 30.055847, 0.062014 ], [ 30.055703, 0.061754 ], [ 30.055631, 0.06148 ], [ 30.05556, 0.061393 ], [ 30.055398, 0.060583 ], [ 30.054893, 0.058777 ], [ 30.05487, 0.058564 ], [ 30.05477, 0.058318 ], [ 30.054726, 0.058029 ], [ 30.054798, 0.057353 ], [ 30.054725, 0.057207 ], [ 30.054454, 0.05712 ], [ 30.054653, 0.056673 ], [ 30.054595, 0.056384 ], [ 30.054213, 0.055291 ], [ 30.053834, 0.053453 ], [ 30.053799, 0.051734 ], [ 30.053548, 0.051164 ], [ 30.053658, 0.050292 ], [ 30.053486, 0.050075 ], [ 30.053523, 0.049927 ], [ 30.053775, 0.049449 ], [ 30.053465, 0.048116 ], [ 30.053411, 0.046091 ], [ 30.053349, 0.04578 ], [ 30.053394, 0.0456 ], [ 30.053365, 0.045456 ], [ 30.053207, 0.04521 ], [ 30.05285, 0.044936 ], [ 30.051398, 0.044716 ], [ 30.050769, 0.044504 ], [ 30.050143, 0.044095 ], [ 30.049584, 0.043656 ], [ 30.049229, 0.042787 ], [ 30.049174, 0.041972 ], [ 30.048768, 0.040994 ], [ 30.047736, 0.039432 ], [ 30.04729, 0.038583 ], [ 30.047049, 0.038053 ], [ 30.046607, 0.036827 ], [ 30.046401, 0.036454 ], [ 30.045573, 0.03534 ], [ 30.045307, 0.035074 ], [ 30.044619, 0.03475 ], [ 30.043655, 0.034061 ], [ 30.043263, 0.033962 ], [ 30.042934, 0.033933 ], [ 30.041791, 0.033961 ], [ 30.041534, 0.034077 ], [ 30.041306, 0.03412 ], [ 30.040835, 0.034033 ], [ 30.040663, 0.033817 ], [ 30.040548, 0.033571 ], [ 30.040434, 0.03347 ], [ 30.040148, 0.033398 ], [ 30.039719, 0.033383 ], [ 30.038734, 0.033484 ], [ 30.037448, 0.033483 ], [ 30.036749, 0.033469 ], [ 30.036091, 0.033336 ], [ 30.03592, 0.033266 ], [ 30.035655, 0.032666 ], [ 30.035684, 0.03252 ], [ 30.035294, 0.03151 ], [ 30.035117, 0.031187 ], [ 30.034864, 0.030917 ], [ 30.034814, 0.030864 ], [ 30.034259, 0.030494 ], [ 30.03324, 0.030069 ], [ 30.031894, 0.029653 ], [ 30.031372, 0.029439 ], [ 30.030971, 0.029252 ], [ 30.030478, 0.028873 ], [ 30.030484, 0.028154 ], [ 30.030412, 0.027866 ], [ 30.030283, 0.02762 ], [ 30.030083, 0.027404 ], [ 30.02991, 0.027334 ], [ 30.029497, 0.026942 ], [ 30.029296, 0.026667 ], [ 30.02921, 0.026393 ], [ 30.029238, 0.025974 ], [ 30.029152, 0.025715 ], [ 30.028894, 0.025527 ], [ 30.028358, 0.025286 ], [ 30.02828, 0.02518 ], [ 30.028208, 0.024761 ], [ 30.028064, 0.024516 ], [ 30.027764, 0.024198 ], [ 30.027507, 0.024054 ], [ 30.026806, 0.023505 ], [ 30.02662, 0.023274 ], [ 30.026052, 0.022882 ], [ 30.025647, 0.022494 ], [ 30.025533, 0.022235 ], [ 30.02546, 0.021686 ], [ 30.025346, 0.021426 ], [ 30.024977, 0.02103 ], [ 30.023858, 0.020213 ], [ 30.023687, 0.019982 ], [ 30.023572, 0.019578 ], [ 30.023571, 0.019289 ], [ 30.023411, 0.018701 ], [ 30.023198, 0.018237 ], [ 30.023377, 0.01769 ], [ 30.022939, 0.016546 ], [ 30.02301, 0.016301 ], [ 30.023238, 0.016142 ], [ 30.023376, 0.015957 ], [ 30.023369, 0.01553 ], [ 30.023361, 0.015397 ], [ 30.023313, 0.015165 ], [ 30.023263, 0.014913 ], [ 30.023159, 0.014791 ], [ 30.023016, 0.014314 ], [ 30.023132, 0.013841 ], [ 30.02337, 0.013299 ], [ 30.02362, 0.012153 ], [ 30.023679, 0.012033 ], [ 30.024105, 0.011818 ], [ 30.024188, 0.011725 ], [ 30.024259, 0.011466 ], [ 30.024258, 0.010397 ], [ 30.024381, 0.010147 ], [ 30.024586, 0.010051 ], [ 30.024871, 0.010066 ], [ 30.025129, 0.010152 ], [ 30.025601, 0.010802 ], [ 30.026001, 0.011004 ], [ 30.026182, 0.011004 ], [ 30.026715, 0.010543 ], [ 30.026972, 0.010442 ], [ 30.027057, 0.010456 ], [ 30.027414, 0.010726 ], [ 30.029712, 0.011352 ], [ 30.031258, 0.011352 ], [ 30.031987, 0.01128 ], [ 30.032244, 0.011208 ], [ 30.032501, 0.011324 ], [ 30.032852, 0.011721 ], [ 30.03303, 0.011757 ], [ 30.033287, 0.011656 ], [ 30.033373, 0.01157 ], [ 30.033429, 0.011295 ], [ 30.033549, 0.011134 ], [ 30.033743, 0.011036 ], [ 30.03508, 0.010747 ], [ 30.035514, 0.010747 ], [ 30.035628, 0.010805 ], [ 30.035914, 0.010776 ], [ 30.036008, 0.010824 ], [ 30.03648, 0.010771 ], [ 30.038066, 0.010488 ], [ 30.03837, 0.010489 ], [ 30.039289, 0.010297 ], [ 30.040159, 0.010041 ], [ 30.041241, 0.009927 ], [ 30.041483, 0.009782 ], [ 30.041456, 0.009198 ], [ 30.041567, 0.008498 ], [ 30.041513, 0.008217 ], [ 30.04158, 0.007761 ], [ 30.041665, 0.007502 ], [ 30.041851, 0.007328 ], [ 30.042108, 0.007329 ], [ 30.042248, 0.007414 ], [ 30.042652, 0.007834 ], [ 30.043155, 0.008456 ], [ 30.043739, 0.008801 ], [ 30.044622, 0.009463 ], [ 30.045859, 0.009412 ], [ 30.046892, 0.009495 ], [ 30.047595, 0.009306 ], [ 30.048375, 0.009472 ], [ 30.048825, 0.009813 ], [ 30.049669, 0.010203 ], [ 30.049769, 0.01029 ], [ 30.049769, 0.010579 ], [ 30.049984, 0.010752 ], [ 30.050384, 0.010897 ], [ 30.050613, 0.011055 ], [ 30.050728, 0.011431 ], [ 30.050942, 0.011633 ], [ 30.051372, 0.012283 ], [ 30.051415, 0.012745 ], [ 30.051944, 0.013159 ], [ 30.05226, 0.013784 ], [ 30.052488, 0.013914 ], [ 30.053424, 0.014178 ], [ 30.055101, 0.014971 ], [ 30.055765, 0.015515 ], [ 30.056434, 0.015778 ], [ 30.056648, 0.015951 ], [ 30.056978, 0.016427 ], [ 30.057235, 0.016557 ], [ 30.057506, 0.01663 ], [ 30.05775, 0.016789 ], [ 30.057935, 0.017005 ], [ 30.058047, 0.017964 ], [ 30.058252, 0.018622 ], [ 30.058395, 0.018882 ], [ 30.05861, 0.019084 ], [ 30.059068, 0.019662 ], [ 30.059316, 0.020042 ], [ 30.059469, 0.020427 ], [ 30.059715, 0.020664 ], [ 30.059888, 0.021012 ], [ 30.060282, 0.021171 ], [ 30.060551, 0.021822 ], [ 30.061191, 0.022388 ], [ 30.061652, 0.023007 ], [ 30.063104, 0.024528 ], [ 30.064032, 0.025231 ], [ 30.065034, 0.025741 ], [ 30.066276, 0.026725 ], [ 30.066632, 0.026885 ], [ 30.067401, 0.02784 ], [ 30.068309, 0.029238 ], [ 30.068743, 0.029739 ], [ 30.069469, 0.030376 ], [ 30.069697, 0.030524 ], [ 30.070498, 0.030867 ], [ 30.070856, 0.031127 ], [ 30.071113, 0.031243 ], [ 30.071385, 0.031272 ], [ 30.071923, 0.031165 ], [ 30.073401, 0.031209 ], [ 30.074413, 0.031504 ], [ 30.07467, 0.031403 ], [ 30.075138, 0.030915 ], [ 30.07574, 0.028484 ], [ 30.075818, 0.028378 ], [ 30.076612, 0.027906 ], [ 30.077175, 0.02778 ], [ 30.077679, 0.027882 ], [ 30.078037, 0.028127 ], [ 30.078366, 0.028445 ], [ 30.078623, 0.028589 ], [ 30.078894, 0.028662 ], [ 30.079566, 0.028719 ], [ 30.080339, 0.028563 ], [ 30.080573, 0.02827 ], [ 30.080668, 0.028152 ], [ 30.08104, 0.027488 ], [ 30.081033, 0.027437 ], [ 30.080949, 0.026858 ], [ 30.080962, 0.026506 ], [ 30.08126, 0.025212 ], [ 30.081246, 0.024923 ], [ 30.081002, 0.024418 ], [ 30.080845, 0.024201 ], [ 30.080558, 0.023425 ], [ 30.080556, 0.022344 ], [ 30.080295, 0.021774 ], [ 30.080169, 0.021083 ], [ 30.080225, 0.020809 ], [ 30.080353, 0.020564 ], [ 30.080381, 0.020214 ], [ 30.080858, 0.019442 ], [ 30.081248, 0.019244 ], [ 30.081875, 0.019154 ], [ 30.08248, 0.019277 ], [ 30.083709, 0.01941 ], [ 30.084408, 0.019352 ], [ 30.084937, 0.019194 ], [ 30.085208, 0.019223 ], [ 30.085479, 0.019165 ], [ 30.086136, 0.018905 ], [ 30.086364, 0.018718 ], [ 30.08654, 0.018446 ], [ 30.086588, 0.018054 ], [ 30.086672, 0.017727 ], [ 30.086687, 0.017671 ], [ 30.086964, 0.017264 ], [ 30.087112, 0.016853 ], [ 30.067839, 0.016113 ], [ 30.064513, 0.000799 ], [ 30.07373, -0.002731 ], [ 30.080915, -0.005483 ], [ 30.082067, -0.002731 ], [ 30.087368, 0.009931 ], [ 30.087399, 0.009819 ], [ 30.087756, 0.009232 ], [ 30.08816, 0.008882 ], [ 30.088278, 0.008858 ], [ 30.088392, 0.008757 ], [ 30.088678, 0.008714 ], [ 30.089092, 0.008786 ], [ 30.089378, 0.008772 ], [ 30.08983, 0.008522 ], [ 30.090594, 0.007931 ], [ 30.090676, 0.007805 ], [ 30.090919, 0.007646 ], [ 30.091118, 0.007401 ], [ 30.091258, 0.007322 ], [ 30.092152, 0.007368 ], [ 30.092817, 0.006839 ], [ 30.092975, 0.006795 ], [ 30.093413, 0.006464 ], [ 30.093515, 0.006436 ], [ 30.094159, 0.006175 ], [ 30.094402, 0.006016 ], [ 30.095539, 0.004917 ], [ 30.095975, 0.004039 ], [ 30.096366, 0.003742 ], [ 30.097582, 0.00309 ], [ 30.097672, 0.003082 ], [ 30.098326, 0.003029 ], [ 30.09854, 0.003083 ], [ 30.099263, 0.002759 ], [ 30.099511, 0.002712 ], [ 30.099782, 0.002799 ], [ 30.099968, 0.003015 ], [ 30.100241, 0.00352 ], [ 30.100656, 0.004055 ], [ 30.100784, 0.0043 ], [ 30.101029, 0.005267 ], [ 30.100986, 0.00558 ], [ 30.101158, 0.005917 ], [ 30.10133, 0.006134 ], [ 30.101573, 0.006307 ], [ 30.10176, 0.006668 ], [ 30.101927, 0.007368 ], [ 30.102039, 0.007505 ], [ 30.102164, 0.007619 ], [ 30.103319, 0.008475 ], [ 30.103412, 0.008568 ], [ 30.103775, 0.008793 ], [ 30.105256, 0.010226 ], [ 30.106099, 0.010827 ], [ 30.106642, 0.010827 ], [ 30.106808, 0.010712 ], [ 30.107094, 0.010669 ], [ 30.10738, 0.010697 ], [ 30.10776, 0.010833 ], [ 30.108409, 0.011189 ], [ 30.108871, 0.011624 ], [ 30.109553, 0.012356 ], [ 30.109758, 0.012314 ], [ 30.111411, 0.012851 ], [ 30.112111, 0.012908 ], [ 30.112369, 0.013023 ], [ 30.113055, 0.013052 ], [ 30.113805, 0.013204 ], [ 30.113883, 0.013283 ], [ 30.114072, 0.013284 ], [ 30.114899, 0.013961 ], [ 30.115072, 0.015031 ], [ 30.115229, 0.015406 ], [ 30.115287, 0.01568 ], [ 30.115296, 0.016563 ], [ 30.11549, 0.017355 ], [ 30.115604, 0.0176 ], [ 30.115805, 0.017817 ], [ 30.116048, 0.017947 ], [ 30.116448, 0.018077 ], [ 30.116734, 0.018063 ], [ 30.117366, 0.017827 ], [ 30.118228, 0.017644 ], [ 30.1188, 0.017323 ], [ 30.119355, 0.016902 ], [ 30.120425, 0.016436 ], [ 30.120879, 0.016015 ], [ 30.121515, 0.015581 ], [ 30.121772, 0.015466 ], [ 30.121915, 0.01548 ], [ 30.122015, 0.015553 ], [ 30.122058, 0.015812 ], [ 30.122045, 0.016116 ], [ 30.122117, 0.016419 ], [ 30.122394, 0.016904 ], [ 30.122604, 0.017663 ], [ 30.122605, 0.018238 ], [ 30.12282, 0.019262 ], [ 30.12297, 0.019463 ], [ 30.123208, 0.020302 ], [ 30.123209, 0.020966 ], [ 30.12329, 0.021373 ], [ 30.123496, 0.021746 ], [ 30.124326, 0.022543 ], [ 30.124685, 0.022689 ], [ 30.125688, 0.02274 ], [ 30.126426, 0.022916 ], [ 30.126698, 0.022888 ], [ 30.126969, 0.02296 ], [ 30.127184, 0.023148 ], [ 30.127304, 0.023595 ], [ 30.127442, 0.023812 ], [ 30.12749, 0.023853 ], [ 30.127642, 0.023985 ], [ 30.127807, 0.024083 ], [ 30.128109, 0.023961 ], [ 30.128299, 0.024 ], [ 30.128785, 0.024318 ], [ 30.129071, 0.024303 ], [ 30.129193, 0.024154 ], [ 30.129248, 0.023902 ], [ 30.129498, 0.023394 ], [ 30.12967, 0.023221 ], [ 30.129812, 0.023192 ], [ 30.129933, 0.0231 ], [ 30.130465, 0.022268 ], [ 30.130694, 0.022268 ], [ 30.130798, 0.02179 ], [ 30.130957, 0.021629 ], [ 30.131324, 0.021547 ], [ 30.13141, 0.021431 ], [ 30.131509, 0.020854 ], [ 30.131623, 0.020608 ], [ 30.131594, 0.020348 ], [ 30.131465, 0.020219 ], [ 30.131293, 0.020175 ], [ 30.131022, 0.020291 ], [ 30.130736, 0.020305 ], [ 30.130608, 0.020262 ], [ 30.130507, 0.020002 ], [ 30.13055, 0.019713 ], [ 30.131017, 0.018769 ], [ 30.131576, 0.018226 ], [ 30.131733, 0.017981 ], [ 30.131793, 0.017382 ], [ 30.13195, 0.017063 ], [ 30.132121, 0.015961 ], [ 30.131647, 0.01455 ], [ 30.13126, 0.013868 ], [ 30.131125, 0.012986 ], [ 30.131011, 0.012726 ], [ 30.130839, 0.012495 ], [ 30.130367, 0.012134 ], [ 30.129717, 0.010988 ], [ 30.129422, 0.01069 ], [ 30.129049, 0.010083 ], [ 30.128556, 0.009643 ], [ 30.128389, 0.009251 ], [ 30.127675, 0.008269 ], [ 30.127631, 0.007571 ], [ 30.127702, 0.007311 ], [ 30.127816, 0.007051 ], [ 30.128073, 0.006691 ], [ 30.128244, 0.006301 ], [ 30.128272, 0.005882 ], [ 30.128514, 0.005666 ], [ 30.129024, 0.006166 ], [ 30.129215, 0.006229 ], [ 30.129501, 0.0062 ], [ 30.129772, 0.006244 ], [ 30.130693, 0.00683 ], [ 30.131282, 0.007275 ], [ 30.131863, 0.008057 ], [ 30.132232, 0.008237 ], [ 30.132489, 0.008193 ], [ 30.133343, 0.007821 ], [ 30.133474, 0.007674 ], [ 30.133459, 0.007371 ], [ 30.133373, 0.007125 ], [ 30.133387, 0.00662 ], [ 30.133472, 0.006447 ], [ 30.133424, 0.006062 ], [ 30.1332, 0.005624 ], [ 30.133142, 0.00535 ], [ 30.133283, 0.004108 ], [ 30.133211, 0.003848 ], [ 30.132848, 0.00304 ], [ 30.133037, 0.002202 ], [ 30.133288, 0.002297 ], [ 30.133481, 0.002809 ], [ 30.133638, 0.003011 ], [ 30.133951, 0.003754 ], [ 30.134187, 0.004664 ], [ 30.134597, 0.005593 ], [ 30.134709, 0.005988 ], [ 30.134892, 0.007206 ], [ 30.135103, 0.007631 ], [ 30.135212, 0.007778 ], [ 30.13629, 0.008743 ], [ 30.136698, 0.009232 ], [ 30.137135, 0.009913 ], [ 30.137573, 0.010973 ], [ 30.137737, 0.011154 ], [ 30.138165, 0.011169 ], [ 30.13863, 0.010913 ], [ 30.139007, 0.010592 ], [ 30.139178, 0.010361 ], [ 30.139407, 0.010159 ], [ 30.139463, 0.010043 ], [ 30.139449, 0.009784 ], [ 30.139048, 0.008968 ], [ 30.13916, 0.007921 ], [ 30.139131, 0.007647 ], [ 30.138888, 0.007416 ], [ 30.138715, 0.007366 ], [ 30.137898, 0.007407 ], [ 30.137759, 0.007358 ], [ 30.137531, 0.007184 ], [ 30.137387, 0.006968 ], [ 30.136859, 0.0058 ], [ 30.136785, 0.005726 ], [ 30.136695, 0.005272 ], [ 30.136955, 0.004773 ], [ 30.136998, 0.004369 ], [ 30.137112, 0.004124 ], [ 30.137482, 0.003676 ], [ 30.137525, 0.003388 ], [ 30.137481, 0.003113 ], [ 30.137252, 0.002608 ], [ 30.136837, 0.001871 ], [ 30.136594, 0.001756 ], [ 30.136422, 0.001741 ], [ 30.136079, 0.001756 ], [ 30.135938, 0.001817 ], [ 30.13564, 0.001803 ], [ 30.135425, 0.001747 ], [ 30.135293, 0.00162 ], [ 30.135053, 0.001219 ], [ 30.135018, 0.00077 ], [ 30.135063, 0.000277 ], [ 30.135062, -0.000024 ], [ 30.135218, -0.000566 ], [ 30.135231, -0.000811 ], [ 30.135166, -0.001142 ], [ 30.135061, -0.001584 ], [ 30.134981, -0.002077 ], [ 30.134973, -0.002434 ], [ 30.13469, -0.002731 ], [ 30.134712, -0.003039 ], [ 30.135016, -0.00357 ], [ 30.135075, -0.003843 ], [ 30.135077, -0.004131 ], [ 30.135008, -0.004405 ], [ 30.134867, -0.004637 ], [ 30.134598, -0.004999 ], [ 30.134399, -0.005188 ], [ 30.134173, -0.005549 ], [ 30.13405, -0.005684 ], [ 30.133891, -0.006027 ], [ 30.133836, -0.006301 ], [ 30.133709, -0.006561 ], [ 30.133688, -0.006647 ], [ 30.13364, -0.006849 ], [ 30.133698, -0.006964 ], [ 30.133743, -0.006991 ], [ 30.133588, -0.007125 ], [ 30.133455, -0.007312 ], [ 30.133322, -0.007527 ], [ 30.133189, -0.007714 ], [ 30.133125, -0.007833 ], [ 30.132965, -0.007811 ], [ 30.132757, -0.007932 ], [ 30.132695, -0.008143 ], [ 30.132706, -0.008446 ], [ 30.132782, -0.008886 ], [ 30.132813, -0.009427 ], [ 30.13278, -0.009863 ], [ 30.13271, -0.010221 ], [ 30.132676, -0.010524 ], [ 30.132629, -0.011278 ], [ 30.132677, -0.011998 ], [ 30.132607, -0.012272 ], [ 30.132547, -0.01234 ], [ 30.132456, -0.013022 ], [ 30.132515, -0.013295 ], [ 30.132646, -0.013669 ], [ 30.132723, -0.014043 ], [ 30.132919, -0.014598 ], [ 30.133174, -0.015595 ], [ 30.133309, -0.015862 ], [ 30.133349, -0.016054 ], [ 30.133446, -0.016151 ], [ 30.133554, -0.016928 ], [ 30.133822, -0.017352 ], [ 30.133904, -0.017735 ], [ 30.13402, -0.017979 ], [ 30.134, -0.018084 ], [ 30.133664, -0.018463 ], [ 30.133661, -0.018572 ], [ 30.134524, -0.018623 ], [ 30.134754, -0.018794 ], [ 30.134946, -0.018737 ], [ 30.135024, -0.018576 ], [ 30.13543, -0.01816 ], [ 30.135635, -0.018111 ], [ 30.135833, -0.017893 ], [ 30.135961, -0.01782 ], [ 30.136104, -0.017877 ], [ 30.136167, -0.017855 ], [ 30.136229, -0.017833 ], [ 30.136643, -0.017268 ], [ 30.136871, -0.017151 ], [ 30.136957, -0.017208 ], [ 30.1371, -0.017243 ], [ 30.137234, -0.01714 ], [ 30.137624, -0.016641 ], [ 30.13788, -0.016524 ], [ 30.138366, -0.016549 ], [ 30.138637, -0.016475 ], [ 30.138865, -0.016474 ], [ 30.13916, -0.01662 ], [ 30.139608, -0.016526 ], [ 30.139964, -0.016264 ], [ 30.140247, -0.01593 ], [ 30.140417, -0.015684 ], [ 30.140642, -0.0152 ], [ 30.140585, -0.014779 ], [ 30.140518, -0.014339 ], [ 30.140572, -0.014222 ], [ 30.140662, -0.014066 ], [ 30.140843, -0.014 ], [ 30.141072, -0.014127 ], [ 30.141436, -0.014366 ], [ 30.141693, -0.014465 ], [ 30.141965, -0.014506 ], [ 30.142223, -0.014663 ], [ 30.142397, -0.014892 ], [ 30.142571, -0.015279 ], [ 30.142729, -0.015509 ], [ 30.143591, -0.016064 ], [ 30.143998, -0.016181 ], [ 30.144475, -0.015855 ], [ 30.144731, -0.015738 ], [ 30.14486, -0.015766 ], [ 30.146027, -0.016856 ], [ 30.146255, -0.017153 ], [ 30.146385, -0.017382 ], [ 30.14665, -0.01846 ], [ 30.146667, -0.018748 ], [ 30.146826, -0.019136 ], [ 30.147014, -0.01935 ], [ 30.1474, -0.019506 ], [ 30.147644, -0.019677 ], [ 30.147904, -0.020006 ], [ 30.148092, -0.020322 ], [ 30.148279, -0.020508 ], [ 30.148422, -0.02055 ], [ 30.148708, -0.020548 ], [ 30.149109, -0.02066 ], [ 30.149518, -0.02089 ], [ 30.149997, -0.021085 ], [ 30.150283, -0.021083 ], [ 30.150525, -0.020966 ], [ 30.15081, -0.020906 ], [ 30.150953, -0.020934 ], [ 30.151183, -0.021105 ], [ 30.151327, -0.02132 ], [ 30.151404, -0.02204 ], [ 30.151522, -0.022586 ], [ 30.151453, -0.02286 ], [ 30.151297, -0.023106 ], [ 30.151056, -0.023252 ], [ 30.150587, -0.023604 ], [ 30.150308, -0.023833 ], [ 30.150105, -0.024008 ], [ 30.149995, -0.024016 ], [ 30.149675, -0.024018 ], [ 30.148029, -0.023687 ], [ 30.147401, -0.023635 ], [ 30.146671, -0.023652 ], [ 30.145304, -0.023858 ], [ 30.145066, -0.023975 ], [ 30.144828, -0.024161 ], [ 30.144342, -0.024624 ], [ 30.143293, -0.025781 ], [ 30.142285, -0.026524 ], [ 30.142093, -0.026721 ], [ 30.141924, -0.026964 ], [ 30.141961, -0.027228 ], [ 30.142157, -0.027433 ], [ 30.142789, -0.027991 ], [ 30.14286, -0.028254 ], [ 30.142771, -0.028508 ], [ 30.142578, -0.028681 ], [ 30.142328, -0.028764 ], [ 30.12733, -0.031985 ], [ 30.126981, -0.032517 ], [ 30.125952, -0.033766 ], [ 30.125478, -0.034481 ], [ 30.124777, -0.035268 ], [ 30.124562, -0.03558 ], [ 30.123965, -0.036596 ], [ 30.12355, -0.037518 ], [ 30.123087, -0.038303 ], [ 30.122953, -0.038591 ], [ 30.122852, -0.038844 ], [ 30.122541, -0.040007 ], [ 30.122521, -0.040386 ], [ 30.122541, -0.041409 ], [ 30.122477, -0.042029 ], [ 30.122469, -0.04242 ], [ 30.122582, -0.043683 ], [ 30.122664, -0.04398 ], [ 30.122804, -0.044313 ], [ 30.123452, -0.045456 ], [ 30.123924, -0.045946 ], [ 30.124223, -0.046173 ], [ 30.124475, -0.046321 ], [ 30.125919, -0.046895 ], [ 30.126216, -0.04695 ], [ 30.127221, -0.046954 ], [ 30.127907, -0.047074 ], [ 30.128193, -0.047095 ], [ 30.129129, -0.047076 ], [ 30.129699, -0.047003 ], [ 30.153897, -0.046637 ], [ 30.154183, -0.046646 ], [ 30.15471, -0.046837 ], [ 30.155702, -0.046817 ], [ 30.155856, -0.046857 ], [ 30.155872, -0.046916 ], [ 30.15621, -0.047586 ], [ 30.156475, -0.048026 ], [ 30.156534, -0.048299 ], [ 30.156374, -0.04896 ], [ 30.156436, -0.050276 ], [ 30.156507, -0.050503 ], [ 30.156509, -0.050791 ], [ 30.15616, -0.051649 ], [ 30.156033, -0.052177 ], [ 30.156037, -0.052638 ], [ 30.156109, -0.052781 ], [ 30.156367, -0.052938 ], [ 30.156712, -0.053237 ], [ 30.156857, -0.053481 ], [ 30.156859, -0.053769 ], [ 30.156817, -0.053899 ], [ 30.15679, -0.054187 ], [ 30.156692, -0.054433 ], [ 30.156679, -0.054577 ], [ 30.156595, -0.054837 ], [ 30.15654, -0.055111 ], [ 30.156542, -0.055399 ], [ 30.156571, -0.055514 ], [ 30.156682, -0.05566 ], [ 30.157349, -0.055799 ], [ 30.157732, -0.056038 ], [ 30.157919, -0.056267 ], [ 30.158047, -0.05667 ], [ 30.158302, -0.057152 ], [ 30.158159, -0.057749 ], [ 30.158004, -0.058038 ], [ 30.157963, -0.058326 ], [ 30.157992, -0.058456 ], [ 30.158151, -0.058685 ], [ 30.158138, -0.058815 ], [ 30.157968, -0.059046 ], [ 30.157429, -0.059569 ], [ 30.157259, -0.059801 ], [ 30.157204, -0.060075 ], [ 30.157205, -0.060291 ], [ 30.157336, -0.060592 ], [ 30.157509, -0.06085 ], [ 30.15761, -0.060921 ], [ 30.157647, -0.061101 ], [ 30.157514, -0.061512 ], [ 30.157397, -0.062127 ], [ 30.157363, -0.063428 ], [ 30.156778, -0.064397 ], [ 30.156668, -0.065076 ], [ 30.156091, -0.066261 ], [ 30.155847, -0.066594 ], [ 30.155794, -0.066667 ], [ 30.155766, -0.066797 ], [ 30.155611, -0.067028 ], [ 30.155535, -0.068058 ], [ 30.155427, -0.070127 ], [ 30.15543, -0.070517 ], [ 30.155517, -0.071275 ], [ 30.155588, -0.071584 ], [ 30.155602, -0.071848 ], [ 30.155612, -0.073066 ], [ 30.155618, -0.073719 ], [ 30.155569, -0.074929 ], [ 30.155567, -0.075986 ], [ 30.155828, -0.077178 ], [ 30.155864, -0.07743 ], [ 30.155844, -0.077741 ], [ 30.155778, -0.078172 ], [ 30.155506, -0.078407 ], [ 30.155394, -0.078652 ], [ 30.155395, -0.078862 ], [ 30.15567, -0.080123 ], [ 30.155805, -0.080291 ], [ 30.155863, -0.080449 ], [ 30.156065, -0.080663 ], [ 30.156181, -0.080922 ], [ 30.156182, -0.081586 ], [ 30.156306, -0.081642 ], [ 30.156685, -0.081605 ], [ 30.156851, -0.081546 ], [ 30.156921, -0.081894 ], [ 30.156878, -0.082164 ], [ 30.156689, -0.082234 ], [ 30.15612, -0.082294 ], [ 30.155674, -0.082365 ], [ 30.155229, -0.08237 ], [ 30.154983, -0.082203 ], [ 30.154836, -0.082002 ], [ 30.154885, -0.081479 ], [ 30.154792, -0.080959 ], [ 30.154521, -0.0802 ], [ 30.154085, -0.079425 ], [ 30.153783, -0.079085 ], [ 30.153559, -0.078963 ], [ 30.15351, -0.079007 ], [ 30.153296, -0.078913 ], [ 30.15301, -0.078958 ], [ 30.152074, -0.079347 ], [ 30.151486, -0.079476 ], [ 30.151137, -0.07962 ], [ 30.150946, -0.079967 ], [ 30.150762, -0.08017 ], [ 30.150634, -0.080272 ], [ 30.150321, -0.080433 ], [ 30.150106, -0.080489 ], [ 30.149778, -0.080359 ], [ 30.149516, -0.080414 ], [ 30.149318, -0.080566 ], [ 30.148966, -0.080688 ], [ 30.14868, -0.08069 ], [ 30.148309, -0.080556 ], [ 30.147589, -0.080642 ], [ 30.146785, -0.080874 ], [ 30.146668, -0.080964 ], [ 30.146525, -0.080965 ], [ 30.146412, -0.081067 ], [ 30.145842, -0.081327 ], [ 30.145072, -0.081494 ], [ 30.144997, -0.081545 ], [ 30.144045, -0.081855 ], [ 30.143969, -0.081914 ], [ 30.143725, -0.082247 ], [ 30.143568, -0.082989 ], [ 30.143356, -0.083192 ], [ 30.143089, -0.083186 ], [ 30.142825, -0.082836 ], [ 30.14271, -0.08275 ], [ 30.142594, -0.082492 ], [ 30.14245, -0.082407 ], [ 30.142162, -0.082106 ], [ 30.141905, -0.082007 ], [ 30.141619, -0.08201 ], [ 30.141363, -0.082141 ], [ 30.140884, -0.082552 ], [ 30.140826, -0.082602 ], [ 30.140428, -0.083243 ], [ 30.140081, -0.083525 ], [ 30.139734, -0.084141 ], [ 30.139564, -0.084358 ], [ 30.138765, -0.084378 ], [ 30.138494, -0.084467 ], [ 30.13838, -0.08454 ], [ 30.138152, -0.084599 ], [ 30.138074, -0.084705 ], [ 30.137511, -0.084962 ], [ 30.135848, -0.086056 ], [ 30.135422, -0.086383 ], [ 30.135266, -0.086536 ], [ 30.135111, -0.086782 ], [ 30.134997, -0.086855 ], [ 30.134712, -0.086914 ], [ 30.134455, -0.087017 ], [ 30.134086, -0.08725 ], [ 30.133958, -0.087453 ], [ 30.133261, -0.087536 ], [ 30.132947, -0.087763 ], [ 30.13282, -0.088023 ], [ 30.132849, -0.088152 ], [ 30.132794, -0.088383 ], [ 30.13261, -0.088586 ], [ 30.132467, -0.088616 ], [ 30.132295, -0.08856 ], [ 30.131915, -0.088659 ], [ 30.131198, -0.089 ], [ 30.130912, -0.088959 ], [ 30.130798, -0.088902 ], [ 30.130527, -0.088947 ], [ 30.13027, -0.08905 ], [ 30.129943, -0.089283 ], [ 30.12949, -0.089762 ], [ 30.129492, -0.090035 ], [ 30.129536, -0.09028 ], [ 30.129452, -0.090424 ], [ 30.129225, -0.090642 ], [ 30.128954, -0.09073 ], [ 30.128396, -0.090605 ], [ 30.128168, -0.090751 ], [ 30.12797, -0.090983 ], [ 30.127829, -0.091243 ], [ 30.127772, -0.091286 ], [ 30.126475, -0.091935 ], [ 30.126054, -0.092258 ], [ 30.12584, -0.092698 ], [ 30.125697, -0.092756 ], [ 30.125385, -0.093047 ], [ 30.125215, -0.093307 ], [ 30.125102, -0.093395 ], [ 30.124762, -0.093858 ], [ 30.124451, -0.094321 ], [ 30.123925, -0.094627 ], [ 30.123599, -0.094961 ], [ 30.122917, -0.095485 ], [ 30.122681, -0.095726 ], [ 30.122021, -0.096691 ], [ 30.121793, -0.09697 ], [ 30.121255, -0.097417 ], [ 30.120383, -0.097776 ], [ 30.119707, -0.098014 ], [ 30.119465, -0.098175 ], [ 30.119281, -0.098406 ], [ 30.11914, -0.098652 ], [ 30.118927, -0.09887 ], [ 30.118685, -0.09903 ], [ 30.118213, -0.099138 ], [ 30.11759, -0.099672 ], [ 30.117206, -0.099891 ], [ 30.116979, -0.10008 ], [ 30.116836, -0.10011 ], [ 30.115928, -0.100908 ], [ 30.115672, -0.101054 ], [ 30.114958, -0.101683 ], [ 30.114463, -0.101826 ], [ 30.114178, -0.101872 ], [ 30.113936, -0.101974 ], [ 30.11345, -0.102394 ], [ 30.113255, -0.102685 ], [ 30.113028, -0.102888 ], [ 30.112549, -0.102945 ], [ 30.112396, -0.103155 ], [ 30.111605, -0.103691 ], [ 30.111364, -0.103894 ], [ 30.11128, -0.104154 ], [ 30.111281, -0.104298 ], [ 30.111361, -0.104663 ], [ 30.111307, -0.104945 ], [ 30.111041, -0.105217 ], [ 30.110751, -0.105242 ], [ 30.110649, -0.104984 ], [ 30.110457, -0.104591 ], [ 30.110321, -0.104557 ], [ 30.110033, -0.104829 ], [ 30.109777, -0.104954 ], [ 30.109161, -0.104867 ], [ 30.108871, -0.104869 ], [ 30.107922, -0.105043 ], [ 30.10741, -0.105148 ], [ 30.106886, -0.10512 ], [ 30.106602, -0.105183 ], [ 30.106332, -0.105271 ], [ 30.106176, -0.105517 ], [ 30.106063, -0.105604 ], [ 30.105878, -0.105822 ], [ 30.105594, -0.106011 ], [ 30.105, -0.106316 ], [ 30.10424, -0.10641 ], [ 30.104112, -0.106512 ], [ 30.103969, -0.106484 ], [ 30.103611, -0.106299 ], [ 30.103453, -0.106286 ], [ 30.103354, -0.106345 ], [ 30.103111, -0.106361 ], [ 30.102996, -0.10629 ], [ 30.102401, -0.106347 ], [ 30.102037, -0.106504 ], [ 30.101811, -0.106313 ], [ 30.101438, -0.106085 ], [ 30.101166, -0.106015 ], [ 30.101052, -0.10603 ], [ 30.100823, -0.105917 ], [ 30.100345, -0.105772 ], [ 30.100321, -0.105733 ], [ 30.09982, -0.105492 ], [ 30.099534, -0.10548 ], [ 30.09919, -0.105324 ], [ 30.099019, -0.105383 ], [ 30.098761, -0.105284 ], [ 30.098517, -0.105142 ], [ 30.098344, -0.104927 ], [ 30.0982, -0.104669 ], [ 30.098009, -0.104487 ], [ 30.097709, -0.103953 ], [ 30.09758, -0.103824 ], [ 30.097492, -0.103537 ], [ 30.097377, -0.103422 ], [ 30.097172, -0.1033 ], [ 30.096632, -0.103169 ], [ 30.096275, -0.103171 ], [ 30.096019, -0.103288 ], [ 30.095632, -0.103695 ], [ 30.095467, -0.103955 ], [ 30.094427, -0.105115 ], [ 30.094065, -0.10565 ], [ 30.094009, -0.105924 ], [ 30.094096, -0.10601 ], [ 30.094603, -0.106165 ], [ 30.094905, -0.106241 ], [ 30.094917, -0.106399 ], [ 30.094875, -0.106703 ], [ 30.09472, -0.106862 ], [ 30.094358, -0.106786 ], [ 30.094072, -0.106773 ], [ 30.093816, -0.106862 ], [ 30.093717, -0.106963 ], [ 30.093574, -0.107022 ], [ 30.093376, -0.10724 ], [ 30.092897, -0.108131 ], [ 30.092898, -0.108352 ], [ 30.092956, -0.108467 ], [ 30.092778, -0.10868 ], [ 30.092299, -0.108899 ], [ 30.092054, -0.109186 ], [ 30.091789, -0.109646 ], [ 30.091352, -0.1106 ], [ 30.091003, -0.110958 ], [ 30.090577, -0.111285 ], [ 30.090065, -0.111728 ], [ 30.089867, -0.111946 ], [ 30.089041, -0.112641 ], [ 30.088164, -0.113442 ], [ 30.087951, -0.113674 ], [ 30.087823, -0.113718 ], [ 30.087525, -0.114058 ], [ 30.087315, -0.114352 ], [ 30.087113, -0.114475 ], [ 30.086856, -0.114444 ], [ 30.086621, -0.114321 ], [ 30.086253, -0.114392 ], [ 30.085954, -0.114687 ], [ 30.085851, -0.114771 ], [ 30.085461, -0.115089 ], [ 30.085377, -0.115234 ], [ 30.085093, -0.115553 ], [ 30.085023, -0.115683 ], [ 30.084981, -0.115899 ], [ 30.084993, -0.116111 ], [ 30.084834, -0.116281 ], [ 30.084219, -0.117158 ], [ 30.084021, -0.117361 ], [ 30.083865, -0.117621 ], [ 30.083667, -0.117824 ], [ 30.083425, -0.11817 ], [ 30.08327, -0.118274 ], [ 30.083057, -0.118506 ], [ 30.082343, -0.119131 ], [ 30.081589, -0.11963 ], [ 30.079906, -0.120652 ], [ 30.079404, -0.120909 ], [ 30.078862, -0.121057 ], [ 30.078103, -0.120731 ], [ 30.077741, -0.120734 ], [ 30.077476, -0.120966 ], [ 30.077293, -0.121328 ], [ 30.077065, -0.121473 ], [ 30.076936, -0.121431 ], [ 30.07665, -0.121405 ], [ 30.076393, -0.121306 ], [ 30.07622, -0.121188 ], [ 30.07593, -0.120696 ], [ 30.075627, -0.120444 ], [ 30.075099, -0.120221 ], [ 30.074828, -0.12018 ], [ 30.074542, -0.120182 ], [ 30.074284, -0.120054 ], [ 30.074074, -0.120002 ], [ 30.073725, -0.119225 ], [ 30.073519, -0.118965 ], [ 30.073247, -0.118881 ], [ 30.073132, -0.118791 ], [ 30.071858, -0.118373 ], [ 30.071133, -0.118222 ], [ 30.070484, -0.117936 ], [ 30.069867, -0.117581 ], [ 30.069609, -0.117468 ], [ 30.069338, -0.117398 ], [ 30.069212, -0.117399 ], [ 30.067655, -0.117813 ], [ 30.067086, -0.11812 ], [ 30.066859, -0.118294 ], [ 30.066646, -0.118512 ], [ 30.06649, -0.118744 ], [ 30.066435, -0.119032 ], [ 30.066251, -0.119249 ], [ 30.065896, -0.11954 ], [ 30.065654, -0.119686 ], [ 30.065416, -0.119764 ], [ 30.065071, -0.120029 ], [ 30.064604, -0.120447 ], [ 30.064277, -0.120923 ], [ 30.064213, -0.120969 ], [ 30.064184, -0.120989 ], [ 30.064021, -0.121105 ], [ 30.063857, -0.121127 ], [ 30.063575, -0.121165 ], [ 30.06355, -0.121184 ], [ 30.063287, -0.121381 ], [ 30.06271, -0.121465 ], [ 30.062582, -0.121509 ], [ 30.062297, -0.121511 ], [ 30.062168, -0.121454 ], [ 30.061533, -0.121459 ], [ 30.060941, -0.121694 ], [ 30.06067, -0.121753 ], [ 30.060527, -0.121769 ], [ 30.060256, -0.121728 ], [ 30.05997, -0.12173 ], [ 30.059442, -0.121849 ], [ 30.05893, -0.122083 ], [ 30.058073, -0.122133 ], [ 30.057802, -0.122221 ], [ 30.057396, -0.122622 ], [ 30.057078, -0.12273 ], [ 30.056806, -0.122689 ], [ 30.056046, -0.122949 ], [ 30.055388, -0.123319 ], [ 30.055449, -0.123488 ], [ 29.986159, -0.111442 ], [ 29.862505, -0.089946 ], [ 29.862921, -0.089481 ], [ 29.863286, -0.088307 ], [ 29.86363, -0.087733 ], [ 29.863775, -0.086975 ], [ 29.864185, -0.085614 ], [ 29.86438, -0.085289 ], [ 29.864523, -0.085174 ], [ 29.864666, -0.085146 ], [ 29.865094, -0.085234 ], [ 29.865265, -0.085234 ], [ 29.86538, -0.085177 ], [ 29.865452, -0.084904 ], [ 29.865438, -0.084746 ], [ 29.865481, -0.084616 ], [ 29.865668, -0.084329 ], [ 29.86594, -0.084057 ], [ 29.866126, -0.08377 ], [ 29.866242, -0.083482 ], [ 29.866228, -0.083194 ], [ 29.866016, -0.082762 ], [ 29.865956, -0.082491 ], [ 29.865996, -0.082287 ], [ 29.86629, -0.081755 ], [ 29.866405, -0.081468 ], [ 29.86642, -0.081324 ], [ 29.86642, -0.08118 ], [ 29.866307, -0.080892 ], [ 29.866193, -0.080747 ], [ 29.86608, -0.080459 ], [ 29.866052, -0.080315 ], [ 29.866053, -0.080027 ], [ 29.865939, -0.079883 ], [ 29.865826, -0.079796 ], [ 29.865683, -0.079767 ], [ 29.86494, -0.080009 ], [ 29.864654, -0.080065 ], [ 29.864369, -0.080035 ], [ 29.864227, -0.079963 ], [ 29.864084, -0.079847 ], [ 29.863999, -0.079732 ], [ 29.863971, -0.079588 ], [ 29.864, -0.079444 ], [ 29.864229, -0.079186 ], [ 29.864372, -0.079129 ], [ 29.864943, -0.079116 ], [ 29.865086, -0.079074 ], [ 29.865143, -0.07893 ], [ 29.865172, -0.0788 ], [ 29.865016, -0.078512 ], [ 29.864645, -0.078023 ], [ 29.864382, -0.077823 ], [ 29.864234, -0.077588 ], [ 29.864193, -0.0773 ], [ 29.864323, -0.076854 ], [ 29.864666, -0.076467 ], [ 29.864824, -0.076194 ], [ 29.864882, -0.075906 ], [ 29.865034, -0.075699 ], [ 29.865383, -0.075419 ], [ 29.865613, -0.075132 ], [ 29.865811, -0.074516 ], [ 29.865833, -0.074346 ], [ 29.865844, -0.074269 ], [ 29.865759, -0.074154 ], [ 29.86573, -0.07401 ], [ 29.86556, -0.07375 ], [ 29.865289, -0.073619 ], [ 29.865004, -0.073546 ], [ 29.864847, -0.073459 ], [ 29.864705, -0.073344 ], [ 29.86462, -0.073228 ], [ 29.864592, -0.073084 ], [ 29.864649, -0.072955 ], [ 29.864935, -0.072783 ], [ 29.865221, -0.072684 ], [ 29.865602, -0.072656 ], [ 29.865792, -0.072542 ], [ 29.86585, -0.072398 ], [ 29.865822, -0.07211 ], [ 29.865766, -0.072033 ], [ 29.865196, -0.071546 ], [ 29.864926, -0.071272 ], [ 29.864641, -0.071098 ], [ 29.864199, -0.070981 ], [ 29.864057, -0.070923 ], [ 29.863914, -0.070837 ], [ 29.863744, -0.070606 ], [ 29.86383, -0.070462 ], [ 29.863944, -0.070347 ], [ 29.864102, -0.07029 ], [ 29.864387, -0.070248 ], [ 29.864673, -0.070264 ], [ 29.864958, -0.070351 ], [ 29.865385, -0.070655 ], [ 29.86567, -0.0708 ], [ 29.865955, -0.07083 ], [ 29.866369, -0.070759 ], [ 29.866512, -0.070702 ], [ 29.866627, -0.070587 ], [ 29.866684, -0.070444 ], [ 29.866656, -0.070314 ], [ 29.866443, -0.070097 ], [ 29.866158, -0.069981 ], [ 29.865887, -0.06975 ], [ 29.865547, -0.069173 ], [ 29.865406, -0.068453 ], [ 29.865435, -0.068309 ], [ 29.86555, -0.068223 ], [ 29.865692, -0.068223 ], [ 29.865849, -0.068282 ], [ 29.866134, -0.068484 ], [ 29.866609, -0.069047 ], [ 29.866717, -0.069091 ], [ 29.866832, -0.069034 ], [ 29.866851, -0.068938 ], [ 29.866777, -0.068328 ], [ 29.866763, -0.06804 ], [ 29.86685, -0.067753 ], [ 29.866984, -0.067552 ], [ 29.867361, -0.067402 ], [ 29.867437, -0.067251 ], [ 29.867323, -0.066963 ], [ 29.867039, -0.06653 ], [ 29.866983, -0.066386 ], [ 29.866944, -0.066184 ], [ 29.867014, -0.065666 ], [ 29.867086, -0.065393 ], [ 29.867258, -0.065106 ], [ 29.867387, -0.065092 ], [ 29.867501, -0.06515 ], [ 29.8676, -0.06528 ], [ 29.867671, -0.065568 ], [ 29.867784, -0.065856 ], [ 29.867869, -0.065957 ], [ 29.867983, -0.066044 ], [ 29.868375, -0.066045 ], [ 29.868554, -0.065902 ], [ 29.868612, -0.065759 ], [ 29.86867, -0.065471 ], [ 29.86852, -0.064703 ], [ 29.868334, -0.064161 ], [ 29.868419, -0.063743 ], [ 29.868531, -0.063461 ], [ 29.869122, -0.062594 ], [ 29.869208, -0.062306 ], [ 29.869281, -0.061875 ], [ 29.869367, -0.061731 ], [ 29.869596, -0.061473 ], [ 29.870197, -0.061072 ], [ 29.870326, -0.060957 ], [ 29.870455, -0.06067 ], [ 29.870542, -0.060239 ], [ 29.870529, -0.059951 ], [ 29.870403, -0.059762 ], [ 29.870173, -0.059575 ], [ 29.869946, -0.059344 ], [ 29.869918, -0.0592 ], [ 29.869947, -0.059056 ], [ 29.87009, -0.058999 ], [ 29.870375, -0.058943 ], [ 29.870947, -0.058599 ], [ 29.871005, -0.058455 ], [ 29.871005, -0.058312 ], [ 29.870806, -0.058052 ], [ 29.870678, -0.057965 ], [ 29.870408, -0.057705 ], [ 29.870138, -0.057287 ], [ 29.870039, -0.056998 ], [ 29.87004, -0.05671 ], [ 29.870098, -0.056552 ], [ 29.870241, -0.056524 ], [ 29.870383, -0.056553 ], [ 29.870526, -0.05664 ], [ 29.870625, -0.056756 ], [ 29.870781, -0.057044 ], [ 29.870994, -0.057304 ], [ 29.871123, -0.057362 ], [ 29.871265, -0.057363 ], [ 29.871408, -0.057306 ], [ 29.871566, -0.057191 ], [ 29.871809, -0.056933 ], [ 29.871866, -0.056789 ], [ 29.871829, -0.056597 ], [ 29.871602, -0.056308 ], [ 29.871498, -0.056097 ], [ 29.871484, -0.055953 ], [ 29.871599, -0.055665 ], [ 29.871699, -0.055522 ], [ 29.871957, -0.055278 ], [ 29.872072, -0.05512 ], [ 29.872044, -0.054976 ], [ 29.87196, -0.054763 ], [ 29.87149, -0.054139 ], [ 29.87132, -0.053836 ], [ 29.871277, -0.053678 ], [ 29.871292, -0.053548 ], [ 29.871407, -0.053261 ], [ 29.871536, -0.053146 ], [ 29.871822, -0.052946 ], [ 29.872537, -0.052531 ], [ 29.872623, -0.052387 ], [ 29.872739, -0.051812 ], [ 29.872797, -0.051668 ], [ 29.872911, -0.051554 ], [ 29.873197, -0.051368 ], [ 29.873769, -0.051111 ], [ 29.874198, -0.050868 ], [ 29.87447, -0.050595 ], [ 29.874542, -0.050437 ], [ 29.874571, -0.050293 ], [ 29.874488, -0.050081 ], [ 29.874254, -0.049891 ], [ 29.874116, -0.049658 ], [ 29.874117, -0.049514 ], [ 29.874703, -0.049228 ], [ 29.874803, -0.049143 ], [ 29.87496, -0.049129 ], [ 29.875246, -0.048986 ], [ 29.875375, -0.048857 ], [ 29.875404, -0.048713 ], [ 29.875347, -0.048598 ], [ 29.875222, -0.048521 ], [ 29.874511, -0.048471 ], [ 29.874278, -0.048234 ], [ 29.874165, -0.047946 ], [ 29.874208, -0.047787 ], [ 29.874494, -0.047616 ], [ 29.874779, -0.047559 ], [ 29.874894, -0.047444 ], [ 29.874952, -0.047301 ], [ 29.874881, -0.047013 ], [ 29.874611, -0.04658 ], [ 29.874584, -0.046292 ], [ 29.874698, -0.046177 ], [ 29.875284, -0.046093 ], [ 29.87557, -0.04595 ], [ 29.875699, -0.045821 ], [ 29.875871, -0.045534 ], [ 29.875757, -0.045317 ], [ 29.875103, -0.045195 ], [ 29.87503, -0.045156 ], [ 29.87476, -0.04494 ], [ 29.874575, -0.044651 ], [ 29.874519, -0.044363 ], [ 29.874562, -0.044219 ], [ 29.874719, -0.044119 ], [ 29.875005, -0.04399 ], [ 29.875271, -0.04378 ], [ 29.875382, -0.043504 ], [ 29.875355, -0.043448 ], [ 29.875274, -0.04329 ], [ 29.875044, -0.043271 ], [ 29.874758, -0.043328 ], [ 29.874444, -0.04347 ], [ 29.874159, -0.043397 ], [ 29.874074, -0.043282 ], [ 29.873961, -0.042994 ], [ 29.873805, -0.042705 ], [ 29.873362, -0.042215 ], [ 29.87325, -0.042027 ], [ 29.873222, -0.041883 ], [ 29.873308, -0.041739 ], [ 29.873451, -0.041711 ], [ 29.873736, -0.041741 ], [ 29.873879, -0.041799 ], [ 29.874007, -0.041914 ], [ 29.874092, -0.042015 ], [ 29.87422, -0.042304 ], [ 29.874305, -0.042434 ], [ 29.874419, -0.042506 ], [ 29.874704, -0.042565 ], [ 29.875132, -0.042753 ], [ 29.87536, -0.042754 ], [ 29.875474, -0.042726 ], [ 29.875574, -0.042654 ], [ 29.875647, -0.042366 ], [ 29.875648, -0.042079 ], [ 29.87562, -0.04192 ], [ 29.875534, -0.041776 ], [ 29.875392, -0.04166 ], [ 29.875249, -0.041703 ], [ 29.874963, -0.041846 ], [ 29.874821, -0.041831 ], [ 29.874678, -0.041687 ], [ 29.874593, -0.041557 ], [ 29.874466, -0.041268 ], [ 29.874452, -0.04111 ], [ 29.874625, -0.040679 ], [ 29.874811, -0.040406 ], [ 29.874955, -0.040119 ], [ 29.874998, -0.039975 ], [ 29.874971, -0.039687 ], [ 29.874857, -0.039557 ], [ 29.874715, -0.039499 ], [ 29.874572, -0.039484 ], [ 29.874287, -0.039526 ], [ 29.873572, -0.039811 ], [ 29.873286, -0.039839 ], [ 29.873144, -0.03981 ], [ 29.873001, -0.039752 ], [ 29.872888, -0.039636 ], [ 29.872831, -0.039506 ], [ 29.872818, -0.039219 ], [ 29.872961, -0.038931 ], [ 29.873085, -0.038745 ], [ 29.873726, -0.038286 ], [ 29.873807, -0.038085 ], [ 29.873821, -0.037941 ], [ 29.873623, -0.037667 ], [ 29.873382, -0.037234 ], [ 29.873326, -0.036946 ], [ 29.873312, -0.036658 ], [ 29.873413, -0.036371 ], [ 29.873586, -0.036127 ], [ 29.87403, -0.035682 ], [ 29.874073, -0.03561 ], [ 29.874111, -0.035515 ], [ 29.87419, -0.034891 ], [ 29.874401, -0.034364 ], [ 29.874564, -0.034201 ], [ 29.874865, -0.033771 ], [ 29.875368, -0.032909 ], [ 29.876084, -0.032336 ], [ 29.87627, -0.032077 ], [ 29.876228, -0.031933 ], [ 29.876143, -0.031789 ], [ 29.876001, -0.031673 ], [ 29.875715, -0.031644 ], [ 29.875573, -0.031701 ], [ 29.875444, -0.03183 ], [ 29.875271, -0.032088 ], [ 29.875128, -0.032376 ], [ 29.874855, -0.032619 ], [ 29.874713, -0.032647 ], [ 29.87457, -0.032589 ], [ 29.874499, -0.03246 ], [ 29.874443, -0.032172 ], [ 29.874502, -0.031884 ], [ 29.874625, -0.031686 ], [ 29.875102, -0.031121 ], [ 29.875204, -0.030951 ], [ 29.875234, -0.030663 ], [ 29.875108, -0.029943 ], [ 29.875051, -0.029437 ], [ 29.875046, -0.029352 ], [ 29.875036, -0.029189 ], [ 29.874984, -0.028705 ], [ 29.875013, -0.028561 ], [ 29.875099, -0.028446 ], [ 29.875241, -0.028418 ], [ 29.875384, -0.028505 ], [ 29.875498, -0.02862 ], [ 29.87554, -0.028764 ], [ 29.875525, -0.029052 ], [ 29.87561, -0.02924 ], [ 29.87578, -0.029413 ], [ 29.876066, -0.029313 ], [ 29.876209, -0.029199 ], [ 29.876495, -0.029056 ], [ 29.87661, -0.028912 ], [ 29.876639, -0.028783 ], [ 29.876425, -0.028508 ], [ 29.876297, -0.028407 ], [ 29.876098, -0.028133 ], [ 29.876027, -0.027989 ], [ 29.875943, -0.027701 ], [ 29.875957, -0.027557 ], [ 29.876186, -0.027356 ], [ 29.876757, -0.027473 ], [ 29.877484, -0.027534 ], [ 29.877783, -0.027621 ], [ 29.878097, -0.027636 ], [ 29.878383, -0.027479 ], [ 29.878468, -0.027364 ], [ 29.878441, -0.027076 ], [ 29.878341, -0.02699 ], [ 29.878056, -0.026946 ], [ 29.877771, -0.026944 ], [ 29.877486, -0.026857 ], [ 29.877215, -0.026655 ], [ 29.87713, -0.026525 ], [ 29.877073, -0.026381 ], [ 29.877074, -0.026237 ], [ 29.87716, -0.026093 ], [ 29.877288, -0.02605 ], [ 29.877573, -0.026095 ], [ 29.877859, -0.02611 ], [ 29.877987, -0.026096 ], [ 29.87813, -0.026039 ], [ 29.878244, -0.025924 ], [ 29.878216, -0.02578 ], [ 29.878159, -0.025679 ], [ 29.877889, -0.025405 ], [ 29.87779, -0.025203 ], [ 29.877747, -0.025073 ], [ 29.877819, -0.024786 ], [ 29.877948, -0.0247 ], [ 29.878233, -0.024643 ], [ 29.879089, -0.024776 ], [ 29.879374, -0.024748 ], [ 29.879474, -0.024633 ], [ 29.879518, -0.024504 ], [ 29.879433, -0.024216 ], [ 29.879377, -0.023784 ], [ 29.879378, -0.023496 ], [ 29.879493, -0.023209 ], [ 29.879593, -0.023108 ], [ 29.879878, -0.023066 ], [ 29.880306, -0.023053 ], [ 29.880592, -0.022997 ], [ 29.880706, -0.022853 ], [ 29.880715, -0.022768 ], [ 29.881556, -0.022147 ], [ 29.882145, -0.021796 ], [ 29.882747, -0.021342 ], [ 29.883439, -0.021004 ], [ 29.883716, -0.020823 ], [ 29.88465, -0.020176 ], [ 29.885931, -0.0192 ], [ 29.886875, -0.018576 ], [ 29.888155, -0.017428 ], [ 29.888513, -0.017052 ], [ 29.889953, -0.015732 ], [ 29.890276, -0.015401 ], [ 29.892185, -0.014155 ], [ 29.892887, -0.013656 ], [ 29.89322, -0.013463 ], [ 29.894464, -0.012601 ], [ 29.895548, -0.011668 ], [ 29.896299, -0.011077 ], [ 29.897142, -0.010337 ], [ 29.897618, -0.009858 ], [ 29.897872, -0.009665 ], [ 29.899848, -0.00844 ], [ 29.900149, -0.008212 ], [ 29.901109, -0.007598 ], [ 29.902093, -0.006823 ], [ 29.902969, -0.006219 ], [ 29.903591, -0.005705 ], [ 29.905828, -0.004492 ], [ 29.906869, -0.004107 ], [ 29.909389, -0.002731 ], [ 29.911664, -0.002003 ], [ 29.912692, -0.001276 ], [ 29.9136, -0.000473 ], [ 29.914406, 0.000196 ], [ 29.917256, 0.002003 ], [ 29.919686, 0.003979 ], [ 29.924811, 0.007351 ], [ 29.926349, 0.008517 ], [ 29.928012, 0.009646 ], [ 29.928544, 0.010083 ], [ 29.928745, 0.010377 ], [ 29.945739, 0.011057 ], [ 29.946579, 0.011084 ], [ 29.953999, 0.011373 ], [ 29.954909, 0.01147 ], [ 29.956345, 0.01147 ], [ 29.957876, 0.011132 ], [ 29.959121, 0.010699 ], [ 29.960844, 0.009928 ], [ 29.961945, 0.009157 ], [ 29.96252, 0.008819 ], [ 29.962892, 0.008496 ], [ 29.963328, 0.007893 ], [ 29.963525, 0.007229 ], [ 29.96371, 0.00663 ], [ 29.96386, 0.006313 ], [ 29.965057, 0.005108 ], [ 29.965319, 0.004928 ], [ 29.965919, 0.004626 ], [ 29.967637, 0.004077 ], [ 29.968025, 0.003952 ], [ 29.971376, 0.003952 ], [ 29.971809, 0.003884 ], [ 29.974318, 0.003775 ], [ 29.975381, 0.003665 ], [ 29.975654, 0.003747 ], [ 29.97609, 0.004022 ], [ 29.976472, 0.004379 ], [ 29.977181, 0.005257 ], [ 29.978123, 0.006583 ], [ 29.978342, 0.006854 ], [ 29.978852, 0.007324 ], [ 29.979392, 0.007625 ], [ 29.979688, 0.007697 ], [ 29.97996, 0.00775 ], [ 29.980643, 0.007763 ], [ 29.980971, 0.007697 ], [ 29.981221, 0.007592 ], [ 29.981865, 0.007195 ], [ 29.982731, 0.006653 ], [ 29.983322, 0.00623 ], [ 29.984583, 0.005198 ], [ 29.985555, 0.004617 ], [ 29.986041, 0.00422 ], [ 29.986566, 0.003926 ], [ 29.988208, 0.002484 ], [ 29.988352, 0.002167 ], [ 29.98872, 0.000911 ], [ 29.988996, 0.000184 ], [ 29.989271, -0.000583 ], [ 29.989404, -0.000942 ], [ 29.989608, -0.001326 ], [ 29.989854, -0.001582 ], [ 29.990329, -0.001966 ], [ 29.991059, -0.002731 ], [ 29.991568, -0.003188 ], [ 29.992603, -0.003655 ], [ 29.993354, -0.003483 ], [ 29.99448, -0.002731 ], [ 29.994863, -0.002515 ], [ 29.996654, -0.001478 ], [ 29.997979, -0.000811 ], [ 29.998713, -0.000243 ], [ 29.998797, 0.000055 ], [ 29.998565, 0.001593 ], [ 29.99848, 0.002203 ], [ 29.998395, 0.003041 ], [ 29.998367, 0.003807 ], [ 29.998395, 0.005412 ], [ 29.99855, 0.006505 ], [ 29.998875, 0.007922 ], [ 29.99958, 0.010166 ], [ 29.999946, 0.011032 ], [ 30.000673, 0.012225 ], [ 30.001834, 0.014379 ], [ 30.005101, 0.017814 ], [ 30.008876, 0.024894 ], [ 30.009113, 0.02528 ], [ 30.021215, 0.036332 ], [ 30.034709, 0.061083 ], [ 30.035081, 0.06188 ], [ 30.038043, 0.065967 ], [ 30.040363, 0.072966 ], [ 30.040488, 0.073342 ], [ 30.059771, 0.075939 ], [ 30.060314, 0.076227 ], [ 30.062832, 0.09266 ], [ 30.051063, 0.098835 ], [ 30.068143, 0.122154 ], [ 30.068567, 0.139955 ], [ 30.073642, 0.152137 ], [ 30.080583, 0.148321 ], [ 30.100733, 0.173507 ], [ 30.100775, 0.173839 ], [ 30.100767, 0.174123 ], [ 30.107977, 0.176939 ] ] ] } },
{ "type": "Feature", "properties": { "AREA": 1289071.0, "PERIMETER": 5931.684, "GAZALL_": 702, "GAZALL_ID": 643, "PSUBJ": 4020, "NAME": "Namabowe", "FD_CODE": "MN/43", "FD_NAME": "Namabowe", "GAZTYPE": "CFR", "COMMENT": null, "ANNONAM": "Namabowe CFR", "ANNOTYP": "(MN/43)", "AREA_HA": 129 }, "geometry": { "type": "Polygon", "coordinates": [ [ [ 33.307805, 0.164149 ], [ 33.313516, 0.166277 ], [ 33.313888, 0.164788 ], [ 33.31414, 0.163002 ], [ 33.314401, 0.162296 ], [ 33.314144, 0.161967 ], [ 33.314207, 0.161667 ], [ 33.314476, 0.161386 ], [ 33.314538, 0.16104 ], [ 33.314265, 0.160506 ], [ 33.313705, 0.160448 ], [ 33.313275, 0.160617 ], [ 33.312893, 0.160337 ], [ 33.31294, 0.159808 ], [ 33.313359, 0.157146 ], [ 33.313383, 0.156582 ], [ 33.313546, 0.156165 ], [ 33.314098, 0.155775 ], [ 33.314774, 0.155314 ], [ 33.312975, 0.154257 ], [ 33.312575, 0.154254 ], [ 33.312175, 0.15425 ], [ 33.311725, 0.15396 ], [ 33.311672, 0.152927 ], [ 33.311193, 0.151087 ], [ 33.310319, 0.149495 ], [ 33.310273, 0.148465 ], [ 33.309979, 0.148057 ], [ 33.309952, 0.147988 ], [ 33.309791, 0.147782 ], [ 33.309611, 0.147421 ], [ 33.309333, 0.147126 ], [ 33.308547, 0.147462 ], [ 33.307713, 0.14803 ], [ 33.305977, 0.148593 ], [ 33.305525, 0.148797 ], [ 33.305166, 0.149172 ], [ 33.304611, 0.151239 ], [ 33.304209, 0.151718 ], [ 33.30384, 0.153346 ], [ 33.307476, 0.153757 ], [ 33.307805, 0.164149 ] ] ] } },
{ "type": "Feature", "properties": { "AREA": 2376049.0, "PERIMETER": 7070.075, "GAZALL_": 716, "GAZALL_ID": 657, "PSUBJ": 4020, "NAME": "Kande", "FD_CODE": "MN/16", "FD_NAME": "Kande", "GAZTYPE": "CFR", "COMMENT": null, "ANNONAM": "Kande CFR", "ANNOTYP": "(MN/16)", "AREA_HA": 238 }, "geometry": { "type": "Polygon", "coordinates": [ [ [ 33.286013, 0.116965 ], [ 33.286003, 0.117049 ], [ 33.285896, 0.117596 ], [ 33.285742, 0.117994 ], [ 33.285757, 0.118268 ], [ 33.285914, 0.118513 ], [ 33.285928, 0.118801 ], [ 33.285871, 0.119075 ], [ 33.285542, 0.119665 ], [ 33.285542, 0.119896 ], [ 33.285842, 0.120501 ], [ 33.286144, 0.120622 ], [ 33.28627, 0.120962 ], [ 33.28637, 0.121077 ], [ 33.286406, 0.121174 ], [ 33.285999, 0.121869 ], [ 33.285186, 0.122901 ], [ 33.284772, 0.123152 ], [ 33.284658, 0.123152 ], [ 33.284523, 0.123016 ], [ 33.284024, 0.123129 ], [ 33.283916, 0.123211 ], [ 33.283673, 0.123729 ], [ 33.28356, 0.124385 ], [ 33.283146, 0.124796 ], [ 33.283072, 0.125148 ], [ 33.283034, 0.125329 ], [ 33.283131, 0.125718 ], [ 33.283117, 0.126006 ], [ 33.283218, 0.126642 ], [ 33.283231, 0.126726 ], [ 33.283464, 0.127195 ], [ 33.283724, 0.127167 ], [ 33.283956, 0.127385 ], [ 33.283997, 0.127465 ], [ 33.284213, 0.12778 ], [ 33.284546, 0.127914 ], [ 33.285514, 0.12903 ], [ 33.285514, 0.129347 ], [ 33.285628, 0.129462 ], [ 33.285639, 0.129576 ], [ 33.285714, 0.130039 ], [ 33.285557, 0.130255 ], [ 33.2854, 0.130644 ], [ 33.285175, 0.130947 ], [ 33.285568, 0.131025 ], [ 33.287364, 0.131268 ], [ 33.288939, 0.13131 ], [ 33.28958, 0.131409 ], [ 33.290185, 0.131441 ], [ 33.291375, 0.131618 ], [ 33.29238, 0.131651 ], [ 33.293269, 0.131641 ], [ 33.293819, 0.131719 ], [ 33.294098, 0.131965 ], [ 33.294905, 0.132841 ], [ 33.296153, 0.134522 ], [ 33.296529, 0.134961 ], [ 33.296633, 0.135028 ], [ 33.30019, 0.132598 ], [ 33.300111, 0.132307 ], [ 33.300024, 0.132196 ], [ 33.29993, 0.131296 ], [ 33.300154, 0.130722 ], [ 33.30014, 0.130434 ], [ 33.300026, 0.129901 ], [ 33.30004, 0.129613 ], [ 33.300511, 0.128042 ], [ 33.300525, 0.127769 ], [ 33.300482, 0.127495 ], [ 33.300295, 0.126686 ], [ 33.300211, 0.126602 ], [ 33.300197, 0.126443 ], [ 33.300011, 0.126213 ], [ 33.299872, 0.126122 ], [ 33.299712, 0.125608 ], [ 33.299554, 0.125392 ], [ 33.299084, 0.125075 ], [ 33.299012, 0.124801 ], [ 33.298998, 0.124369 ], [ 33.298912, 0.124095 ], [ 33.298642, 0.123764 ], [ 33.298384, 0.123678 ], [ 33.298299, 0.123606 ], [ 33.298042, 0.123087 ], [ 33.298014, 0.122929 ], [ 33.297856, 0.122699 ], [ 33.2975, 0.122512 ], [ 33.297314, 0.122281 ], [ 33.297272, 0.122166 ], [ 33.297272, 0.121561 ], [ 33.2974, 0.121316 ], [ 33.297428, 0.121056 ], [ 33.297328, 0.120898 ], [ 33.297286, 0.120538 ], [ 33.297301, 0.119808 ], [ 33.297172, 0.11914 ], [ 33.297129, 0.118723 ], [ 33.296958, 0.118478 ], [ 33.29663, 0.118175 ], [ 33.296414, 0.118038 ], [ 33.296325, 0.117876 ], [ 33.296066, 0.117552 ], [ 33.295468, 0.117857 ], [ 33.294715, 0.118347 ], [ 33.293907, 0.118918 ], [ 33.293031, 0.119479 ], [ 33.292213, 0.12012 ], [ 33.291896, 0.120231 ], [ 33.291555, 0.120251 ], [ 33.291257, 0.120212 ], [ 33.29068, 0.119928 ], [ 33.289802, 0.119421 ], [ 33.289304, 0.1191 ], [ 33.288562, 0.118566 ], [ 33.288006, 0.118224 ], [ 33.286916, 0.117458 ], [ 33.286419, 0.117172 ], [ 33.286013, 0.116965 ] ] ] } },
{ "type": "Feature", "properties": { "AREA": 3997983.0, "PERIMETER": 11625.57, "GAZALL_": 719, "GAZALL_ID": 660, "PSUBJ": 4020, "NAME": "Olamusa", "FD_CODE": "MN/57", "FD_NAME": "Olamusa", "GAZTYPE": "CFR", "COMMENT": null, "ANNONAM": "Olamusa CFR", "ANNOTYP": "(MN/57)", "AREA_HA": 400 }, "geometry": { "type": "Polygon", "coordinates": [ [ [ 33.316887, 0.121113 ], [ 33.320484, 0.123099 ], [ 33.324918, 0.121576 ], [ 33.324469, 0.120757 ], [ 33.324415, 0.120299 ], [ 33.32355, 0.119776 ], [ 33.322303, 0.119628 ], [ 33.321946, 0.119451 ], [ 33.32161, 0.119171 ], [ 33.321272, 0.118155 ], [ 33.321115, 0.117721 ], [ 33.320734, 0.117464 ], [ 33.320194, 0.117291 ], [ 33.319756, 0.11707 ], [ 33.319338, 0.116653 ], [ 33.319063, 0.115958 ], [ 33.318629, 0.114105 ], [ 33.31846, 0.112396 ], [ 33.318219, 0.110447 ], [ 33.318331, 0.10848 ], [ 33.318684, 0.106566 ], [ 33.318924, 0.105378 ], [ 33.319503, 0.103333 ], [ 33.320171, 0.101849 ], [ 33.320612, 0.101001 ], [ 33.32147, 0.100513 ], [ 33.322879, 0.100152 ], [ 33.323714, 0.099665 ], [ 33.324332, 0.099136 ], [ 33.325399, 0.09823 ], [ 33.326137, 0.097354 ], [ 33.326638, 0.096712 ], [ 33.327045, 0.096486 ], [ 33.327579, 0.096372 ], [ 33.326684, 0.093643 ], [ 33.326687, 0.093206 ], [ 33.324232, 0.091887 ], [ 33.323508, 0.091603 ], [ 33.322436, 0.091612 ], [ 33.321458, 0.09123 ], [ 33.32083, 0.091219 ], [ 33.319487, 0.090751 ], [ 33.318433, 0.090531 ], [ 33.317359, 0.09046 ], [ 33.316352, 0.09033 ], [ 33.315008, 0.090472 ], [ 33.314156, 0.090684 ], [ 33.312728, 0.090608 ], [ 33.312301, 0.091559 ], [ 33.31182, 0.092063 ], [ 33.311482, 0.092931 ], [ 33.311524, 0.093332 ], [ 33.311953, 0.093738 ], [ 33.312403, 0.093958 ], [ 33.313161, 0.094277 ], [ 33.313506, 0.094994 ], [ 33.313598, 0.095693 ], [ 33.313735, 0.096299 ], [ 33.313774, 0.097149 ], [ 33.313532, 0.098291 ], [ 33.313209, 0.099297 ], [ 33.31304, 0.100024 ], [ 33.312958, 0.101175 ], [ 33.312928, 0.102014 ], [ 33.312553, 0.102114 ], [ 33.311097, 0.101774 ], [ 33.310079, 0.101634 ], [ 33.308997, 0.101724 ], [ 33.308031, 0.10195 ], [ 33.307614, 0.102234 ], [ 33.30725, 0.102298 ], [ 33.306233, 0.102192 ], [ 33.305674, 0.102226 ], [ 33.305602, 0.102652 ], [ 33.306028, 0.103494 ], [ 33.306261, 0.104351 ], [ 33.306612, 0.105425 ], [ 33.306713, 0.106583 ], [ 33.306684, 0.107514 ], [ 33.306617, 0.108182 ], [ 33.306747, 0.109064 ], [ 33.307266, 0.109927 ], [ 33.308007, 0.111108 ], [ 33.309052, 0.112133 ], [ 33.309405, 0.1127 ], [ 33.30966, 0.113546 ], [ 33.309873, 0.113909 ], [ 33.310828, 0.114959 ], [ 33.317992, 0.119173 ], [ 33.317656, 0.120133 ], [ 33.317357, 0.120645 ], [ 33.316887, 0.121113 ] ] ] } },
{ "type": "Feature", "properties": { "AREA": 55680860.0, "PERIMETER": 41494.01, "GAZALL_": 726, "GAZALL_ID": 667, "PSUBJ": 4021, "NAME": "Entebbe Animal Sanctuary", "FD_CODE": null, "FD_NAME": null, "GAZTYPE": "AS", "COMMENT": null, "ANNONAM": "Entebbe Animal Sanctuary AS", "ANNOTYP": null, "AREA_HA": 5568 }, "geometry": { "type": "Polygon", "coordinates": [ [ [ 32.481786, 0.090782 ], [ 32.480155, 0.089843 ], [ 32.480944, 0.087119 ], [ 32.481688, 0.087212 ], [ 32.482727, 0.079071 ], [ 32.48374, 0.078735 ], [ 32.484216, 0.077521 ], [ 32.483834, 0.077136 ], [ 32.484756, 0.074134 ], [ 32.485146, 0.074232 ], [ 32.485755, 0.073603 ], [ 32.487013, 0.074505 ], [ 32.487149, 0.078043 ], [ 32.485312, 0.083666 ], [ 32.485339, 0.086655 ], [ 32.486482, 0.087535 ], [ 32.485197, 0.089563 ], [ 32.485328, 0.089559 ], [ 32.485571, 0.089552 ], [ 32.485835, 0.0895 ], [ 32.486067, 0.08932 ], [ 32.486164, 0.08907 ], [ 32.486408, 0.088891 ], [ 32.486728, 0.088885 ], [ 32.487023, 0.088983 ], [ 32.487331, 0.089035 ], [ 32.487564, 0.08881 ], [ 32.487695, 0.088549 ], [ 32.487752, 0.08847 ], [ 32.487919, 0.088243 ], [ 32.488117, 0.088051 ], [ 32.488393, 0.087965 ], [ 32.488726, 0.088441 ], [ 32.489589, 0.088181 ], [ 32.489798, 0.088024 ], [ 32.489874, 0.087692 ], [ 32.490073, 0.087454 ], [ 32.490616, 0.087188 ], [ 32.490882, 0.087021 ], [ 32.491116, 0.086761 ], [ 32.491281, 0.086524 ], [ 32.491507, 0.085577 ], [ 32.491627, 0.085281 ], [ 32.491769, 0.085044 ], [ 32.49221, 0.084732 ], [ 32.493097, 0.084509 ], [ 32.493208, 0.084309 ], [ 32.493318, 0.084087 ], [ 32.493704, 0.08392 ], [ 32.494133, 0.083461 ], [ 32.494446, 0.083062 ], [ 32.494744, 0.082943 ], [ 32.496278, 0.082135 ], [ 32.49649, 0.081784 ], [ 32.496919, 0.080962 ], [ 32.497125, 0.080355 ], [ 32.497285, 0.079817 ], [ 32.497303, 0.079529 ], [ 32.497408, 0.078828 ], [ 32.497494, 0.078542 ], [ 32.497535, 0.078255 ], [ 32.497637, 0.076049 ], [ 32.497587, 0.075738 ], [ 32.497364, 0.074884 ], [ 32.49703, 0.073903 ], [ 32.496979, 0.073592 ], [ 32.496976, 0.072126 ], [ 32.496995, 0.07176 ], [ 32.497083, 0.07135 ], [ 32.497191, 0.071089 ], [ 32.497747, 0.070208 ], [ 32.497946, 0.070007 ], [ 32.498398, 0.069708 ], [ 32.498655, 0.06945 ], [ 32.499053, 0.069 ], [ 32.499464, 0.068471 ], [ 32.499617, 0.068245 ], [ 32.500343, 0.06687 ], [ 32.50052, 0.066597 ], [ 32.500728, 0.066386 ], [ 32.500728, 0.047493 ], [ 32.498689, 0.047939 ], [ 32.498744, 0.05244 ], [ 32.492626, 0.052927 ], [ 32.490255, 0.053083 ], [ 32.485728, 0.048416 ], [ 32.484085, 0.050862 ], [ 32.483706, 0.050935 ], [ 32.483342, 0.050836 ], [ 32.481916, 0.050233 ], [ 32.481339, 0.049934 ], [ 32.480701, 0.049325 ], [ 32.480195, 0.048959 ], [ 32.480051, 0.048715 ], [ 32.480034, 0.048451 ], [ 32.480381, 0.048274 ], [ 32.480646, 0.048199 ], [ 32.480766, 0.047949 ], [ 32.480998, 0.047781 ], [ 32.481535, 0.047803 ], [ 32.482187, 0.04777 ], [ 32.482397, 0.047602 ], [ 32.482265, 0.047347 ], [ 32.481619, 0.046588 ], [ 32.48124, 0.046179 ], [ 32.480827, 0.046251 ], [ 32.480552, 0.046268 ], [ 32.479558, 0.046261 ], [ 32.479204, 0.046219 ], [ 32.478404, 0.045687 ], [ 32.477938, 0.045081 ], [ 32.47732, 0.044576 ], [ 32.475666, 0.043419 ], [ 32.47434, 0.042395 ], [ 32.474094, 0.042127 ], [ 32.473786, 0.041604 ], [ 32.473538, 0.040945 ], [ 32.473464, 0.040657 ], [ 32.47335, 0.039633 ], [ 32.473354, 0.038979 ], [ 32.47361, 0.038273 ], [ 32.473922, 0.037624 ], [ 32.474779, 0.036149 ], [ 32.474762, 0.03585 ], [ 32.474429, 0.035901 ], [ 32.47367, 0.036116 ], [ 32.473015, 0.036253 ], [ 32.472753, 0.036202 ], [ 32.471765, 0.035425 ], [ 32.471212, 0.035116 ], [ 32.469794, 0.03463 ], [ 32.468884, 0.034406 ], [ 32.468283, 0.034165 ], [ 32.468036, 0.033965 ], [ 32.467458, 0.033254 ], [ 32.466867, 0.0326 ], [ 32.466608, 0.032434 ], [ 32.466321, 0.032475 ], [ 32.465823, 0.032775 ], [ 32.465311, 0.033144 ], [ 32.464975, 0.033344 ], [ 32.4641, 0.034108 ], [ 32.463835, 0.034206 ], [ 32.463537, 0.034223 ], [ 32.462547, 0.034032 ], [ 32.46215, 0.03391 ], [ 32.46138, 0.033551 ], [ 32.46113, 0.033477 ], [ 32.460144, 0.033091 ], [ 32.459874, 0.032914 ], [ 32.458438, 0.032198 ], [ 32.457225, 0.03175 ], [ 32.456502, 0.031369 ], [ 32.456233, 0.031145 ], [ 32.456044, 0.030912 ], [ 32.455833, 0.030621 ], [ 32.455693, 0.030263 ], [ 32.45562, 0.029951 ], [ 32.455592, 0.029675 ], [ 32.455635, 0.029263 ], [ 32.455848, 0.028452 ], [ 32.455661, 0.028127 ], [ 32.455155, 0.027727 ], [ 32.455012, 0.027507 ], [ 32.455031, 0.027174 ], [ 32.455095, 0.026877 ], [ 32.455238, 0.026616 ], [ 32.456224, 0.025969 ], [ 32.456401, 0.02572 ], [ 32.456498, 0.025469 ], [ 32.456516, 0.025183 ], [ 32.456432, 0.02486 ], [ 32.456228, 0.024282 ], [ 32.456179, 0.023925 ], [ 32.45631, 0.023159 ], [ 32.456574, 0.022108 ], [ 32.457247, 0.020651 ], [ 32.457385, 0.02008 ], [ 32.457415, 0.019759 ], [ 32.457365, 0.019472 ], [ 32.456713, 0.018989 ], [ 32.456322, 0.018568 ], [ 32.456024, 0.01808 ], [ 32.455513, 0.017382 ], [ 32.455405, 0.017116 ], [ 32.455346, 0.016713 ], [ 32.455349, 0.016013 ], [ 32.455453, 0.015452 ], [ 32.455712, 0.014619 ], [ 32.455868, 0.013762 ], [ 32.45578, 0.013117 ], [ 32.455673, 0.012759 ], [ 32.455216, 0.011706 ], [ 32.454985, 0.0113 ], [ 32.454753, 0.010928 ], [ 32.454552, 0.010683 ], [ 32.454305, 0.010495 ], [ 32.453717, 0.010174 ], [ 32.453025, 0.009931 ], [ 32.452388, 0.009792 ], [ 32.451475, 0.009741 ], [ 32.450809, 0.009854 ], [ 32.450499, 0.00994 ], [ 32.449524, 0.01061 ], [ 32.449247, 0.010696 ], [ 32.448629, 0.010765 ], [ 32.448329, 0.010851 ], [ 32.44753, 0.011341 ], [ 32.447308, 0.011589 ], [ 32.44714, 0.01193 ], [ 32.446933, 0.012511 ], [ 32.446813, 0.012762 ], [ 32.446626, 0.012965 ], [ 32.446138, 0.013839 ], [ 32.445927, 0.014064 ], [ 32.445673, 0.014186 ], [ 32.444696, 0.014971 ], [ 32.444384, 0.015102 ], [ 32.444121, 0.015109 ], [ 32.442846, 0.014924 ], [ 32.442062, 0.014679 ], [ 32.441764, 0.014754 ], [ 32.441477, 0.015299 ], [ 32.440781, 0.016273 ], [ 32.44036, 0.016712 ], [ 32.439684, 0.017319 ], [ 32.439407, 0.017417 ], [ 32.43916, 0.017263 ], [ 32.439041, 0.016951 ], [ 32.438852, 0.015696 ], [ 32.438756, 0.015384 ], [ 32.438625, 0.015095 ], [ 32.438459, 0.014851 ], [ 32.438292, 0.014641 ], [ 32.438045, 0.01443 ], [ 32.437797, 0.014276 ], [ 32.437514, 0.014178 ], [ 32.437202, 0.014356 ], [ 32.4367, 0.014817 ], [ 32.436454, 0.015111 ], [ 32.436076, 0.015654 ], [ 32.435253, 0.016672 ], [ 32.435099, 0.016921 ], [ 32.434905, 0.017445 ], [ 32.435046, 0.017758 ], [ 32.434857, 0.018041 ], [ 32.434269, 0.018788 ], [ 32.434205, 0.019108 ], [ 32.434208, 0.019487 ], [ 32.434159, 0.02014 ], [ 32.434215, 0.021736 ], [ 32.4342, 0.022402 ], [ 32.434146, 0.022768 ], [ 32.434037, 0.023053 ], [ 32.433872, 0.023279 ], [ 32.433478, 0.024006 ], [ 32.433289, 0.024267 ], [ 32.433068, 0.02448 ], [ 32.431854, 0.024583 ], [ 32.431546, 0.024577 ], [ 32.431204, 0.024548 ], [ 32.430817, 0.024472 ], [ 32.430567, 0.024386 ], [ 32.430285, 0.024232 ], [ 32.42979, 0.023901 ], [ 32.42933, 0.023536 ], [ 32.428884, 0.023057 ], [ 32.42854, 0.022591 ], [ 32.428303, 0.022438 ], [ 32.42796, 0.022431 ], [ 32.427695, 0.022564 ], [ 32.427363, 0.023074 ], [ 32.427128, 0.023356 ], [ 32.426839, 0.023523 ], [ 32.424829, 0.024494 ], [ 32.424319, 0.024817 ], [ 32.422758, 0.025625 ], [ 32.421704, 0.026225 ], [ 32.420672, 0.026917 ], [ 32.420205, 0.027344 ], [ 32.419239, 0.028118 ], [ 32.419063, 0.028309 ], [ 32.418473, 0.029113 ], [ 32.418286, 0.029293 ], [ 32.418043, 0.029437 ], [ 32.417789, 0.029536 ], [ 32.41698, 0.029956 ], [ 32.416466, 0.030452 ], [ 32.416278, 0.030677 ], [ 32.415687, 0.031527 ], [ 32.415543, 0.031811 ], [ 32.415177, 0.032344 ], [ 32.414075, 0.033551 ], [ 32.41393, 0.033881 ], [ 32.413758, 0.034406 ], [ 32.413547, 0.035607 ], [ 32.413528, 0.036467 ], [ 32.413486, 0.036822 ], [ 32.413398, 0.037165 ], [ 32.413254, 0.037461 ], [ 32.412739, 0.037979 ], [ 32.411982, 0.038595 ], [ 32.411736, 0.038832 ], [ 32.411512, 0.039149 ], [ 32.411306, 0.039661 ], [ 32.410814, 0.041201 ], [ 32.410658, 0.041531 ], [ 32.410413, 0.041745 ], [ 32.410181, 0.041889 ], [ 32.409639, 0.042568 ], [ 32.408785, 0.043458 ], [ 32.408396, 0.043956 ], [ 32.407825, 0.044966 ], [ 32.407364, 0.046128 ], [ 32.406275, 0.047737 ], [ 32.405746, 0.049233 ], [ 32.405751, 0.050191 ], [ 32.40588, 0.05189 ], [ 32.406139, 0.053262 ], [ 32.406402, 0.053939 ], [ 32.406455, 0.054088 ], [ 32.40651, 0.05424 ], [ 32.40663, 0.054541 ], [ 32.406774, 0.054762 ], [ 32.407321, 0.055369 ], [ 32.407793, 0.055791 ], [ 32.408344, 0.056215 ], [ 32.409248, 0.05676 ], [ 32.409508, 0.056892 ], [ 32.409893, 0.057037 ], [ 32.41128, 0.057431 ], [ 32.411656, 0.057472 ], [ 32.411977, 0.057433 ], [ 32.412254, 0.057358 ], [ 32.413131, 0.056927 ], [ 32.414095, 0.056762 ], [ 32.414371, 0.056675 ], [ 32.41624, 0.055862 ], [ 32.417599, 0.055383 ], [ 32.417988, 0.055356 ], [ 32.418308, 0.055374 ], [ 32.41865, 0.055438 ], [ 32.419025, 0.055548 ], [ 32.419365, 0.055704 ], [ 32.419918, 0.056048 ], [ 32.420786, 0.05665 ], [ 32.421651, 0.057378 ], [ 32.423092, 0.059013 ], [ 32.423877, 0.059751 ], [ 32.424336, 0.060242 ], [ 32.424558, 0.060556 ], [ 32.424783, 0.060744 ], [ 32.42583, 0.061522 ], [ 32.428278, 0.063084 ], [ 32.428503, 0.063272 ], [ 32.428973, 0.063763 ], [ 32.429889, 0.064813 ], [ 32.430136, 0.065048 ], [ 32.43089, 0.065602 ], [ 32.431425, 0.066278 ], [ 32.431627, 0.066488 ], [ 32.433612, 0.068317 ], [ 32.435432, 0.069901 ], [ 32.437954, 0.072326 ], [ 32.439447, 0.073674 ], [ 32.440141, 0.074376 ], [ 32.440811, 0.075135 ], [ 32.441513, 0.076021 ], [ 32.441922, 0.076695 ], [ 32.442196, 0.077274 ], [ 32.442647, 0.078694 ], [ 32.442909, 0.079273 ], [ 32.443228, 0.079888 ], [ 32.443805, 0.080737 ], [ 32.444368, 0.0817 ], [ 32.44538, 0.084727 ], [ 32.445769, 0.086364 ], [ 32.44604, 0.087081 ], [ 32.44636, 0.087615 ], [ 32.446617, 0.08793 ], [ 32.44711, 0.088433 ], [ 32.448595, 0.089587 ], [ 32.449467, 0.090522 ], [ 32.450632, 0.09168 ], [ 32.450867, 0.091949 ], [ 32.451011, 0.09217 ], [ 32.451296, 0.092761 ], [ 32.451645, 0.093594 ], [ 32.452052, 0.094371 ], [ 32.452444, 0.095296 ], [ 32.453003, 0.096466 ], [ 32.453155, 0.096871 ], [ 32.453441, 0.097955 ], [ 32.453582, 0.098303 ], [ 32.45389, 0.098894 ], [ 32.454479, 0.099697 ], [ 32.455676, 0.101006 ], [ 32.456823, 0.102335 ], [ 32.45744, 0.103048 ], [ 32.458376, 0.103959 ], [ 32.458729, 0.104301 ], [ 32.458847, 0.104392 ], [ 32.463271, 0.10683 ], [ 32.481435, 0.091087 ], [ 32.481786, 0.090782 ] ] ] } },
{ "type": "Feature", "properties": { "AREA": 1530324.0, "PERIMETER": 6758.533, "GAZALL_": 729, "GAZALL_ID": 670, "PSUBJ": 4020, "NAME": "Kuzito", "FD_CODE": "MN/29", "FD_NAME": "Kuzito", "GAZTYPE": "CFR", "COMMENT": null, "ANNONAM": "Kuzito CFR", "ANNOTYP": "(MN/29)", "AREA_HA": 153 }, "geometry": { "type": "Polygon", "coordinates": [ [ [ 32.929505, 0.095205 ], [ 32.934004, 0.095469 ], [ 32.935483, 0.092521 ], [ 32.935838, 0.092189 ], [ 32.935886, 0.091798 ], [ 32.935363, 0.091508 ], [ 32.930056, 0.084637 ], [ 32.930021, 0.082693 ], [ 32.9273, 0.079183 ], [ 32.927268, 0.078769 ], [ 32.927927, 0.077231 ], [ 32.927884, 0.07692 ], [ 32.922098, 0.075832 ], [ 32.921873, 0.077395 ], [ 32.923773, 0.078636 ], [ 32.924618, 0.078629 ], [ 32.924799, 0.078952 ], [ 32.924511, 0.079433 ], [ 32.922827, 0.082243 ], [ 32.923262, 0.084108 ], [ 32.922341, 0.08538 ], [ 32.922231, 0.086725 ], [ 32.923949, 0.087884 ], [ 32.924468, 0.086909 ], [ 32.92543, 0.086604 ], [ 32.926928, 0.088244 ], [ 32.926532, 0.089588 ], [ 32.926545, 0.091428 ], [ 32.926813, 0.092511 ], [ 32.928427, 0.093876 ], [ 32.929505, 0.095205 ] ] ] } },
{ "type": "Feature", "properties": { "AREA": 631667.8, "PERIMETER": 4918.123, "GAZALL_": 730, "GAZALL_ID": 671, "PSUBJ": 4020, "NAME": "Ngogwe (Bwema Island)", "FD_CODE": "MN/53", "FD_NAME": "Ngogwe (Bwema Island)", "GAZTYPE": "CFR", "COMMENT": null, "ANNONAM": "Ngogwe (Bwema Island) CFR", "ANNOTYP": "(MN/53)", "AREA_HA": 63 }, "geometry": { "type": "Polygon", "coordinates": [ [ [ 33.100372, 0.095086 ], [ 33.101852, 0.094154 ], [ 33.100973, 0.092422 ], [ 33.101087, 0.092051 ], [ 33.102099, 0.09149 ], [ 33.101702, 0.08872 ], [ 33.101107, 0.089084 ], [ 33.100187, 0.088573 ], [ 33.098123, 0.086614 ], [ 33.098252, 0.086001 ], [ 33.098903, 0.085578 ], [ 33.09884, 0.085074 ], [ 33.098065, 0.085145 ], [ 33.097186, 0.084851 ], [ 33.096655, 0.08504 ], [ 33.095693, 0.084645 ], [ 33.095089, 0.084733 ], [ 33.093967, 0.084688 ], [ 33.093317, 0.085111 ], [ 33.09229, 0.08519 ], [ 33.09179, 0.085309 ], [ 33.091168, 0.085535 ], [ 33.090075, 0.086766 ], [ 33.089594, 0.087482 ], [ 33.089276, 0.087538 ], [ 33.087903, 0.087179 ], [ 33.088049, 0.088532 ], [ 33.09685, 0.088678 ], [ 33.097707, 0.08972 ], [ 33.100372, 0.095086 ] ] ] } },
{ "type": "Feature", "properties": { "AREA": 3297479.0, "PERIMETER": 8173.825, "GAZALL_": 734, "GAZALL_ID": 675, "PSUBJ": 4020, "NAME": "Nimu", "FD_CODE": "MN/55", "FD_NAME": "Nimu", "GAZTYPE": "CFR", "COMMENT": null, "ANNONAM": "Nimu CFR", "ANNOTYP": "(MN/55)", "AREA_HA": 330 }, "geometry": { "type": "Polygon", "coordinates": [ [ [ 32.893793, 0.089789 ], [ 32.905973, 0.087298 ], [ 32.905776, 0.085767 ], [ 32.905819, 0.084203 ], [ 32.906092, 0.082514 ], [ 32.906292, 0.081445 ], [ 32.906273, 0.080755 ], [ 32.905742, 0.079751 ], [ 32.905547, 0.07783 ], [ 32.905346, 0.074999 ], [ 32.905776, 0.073633 ], [ 32.907449, 0.072744 ], [ 32.90692, 0.07135 ], [ 32.906821, 0.070682 ], [ 32.907671, 0.067846 ], [ 32.909963, 0.066523 ], [ 32.910126, 0.066133 ], [ 32.909911, 0.065729 ], [ 32.909088, 0.065759 ], [ 32.907783, 0.066328 ], [ 32.905964, 0.066779 ], [ 32.903556, 0.066283 ], [ 32.902231, 0.066391 ], [ 32.900763, 0.067362 ], [ 32.899421, 0.068286 ], [ 32.897288, 0.069759 ], [ 32.894932, 0.070311 ], [ 32.89453, 0.070815 ], [ 32.894317, 0.071975 ], [ 32.894056, 0.073699 ], [ 32.89359, 0.07525 ], [ 32.893, 0.076615 ], [ 32.892087, 0.078486 ], [ 32.891672, 0.079162 ], [ 32.8916, 0.079863 ], [ 32.892513, 0.081858 ], [ 32.893128, 0.084196 ], [ 32.893584, 0.086498 ], [ 32.893793, 0.089789 ] ] ] } },
{ "type": "Feature", "properties": { "AREA": 1074724.0, "PERIMETER": 3943.32, "GAZALL_": 736, "GAZALL_ID": 677, "PSUBJ": 4020, "NAME": "Izinga Island", "FD_CODE": "MN/12", "FD_NAME": "Izinga Island", "GAZTYPE": "CFR", "COMMENT": null, "ANNONAM": "Izinga Island CFR", "ANNOTYP": "(MN/12)", "AREA_HA": 107 }, "geometry": { "type": "Polygon", "coordinates": [ [ [ 33.265946, 0.085058 ], [ 33.266755, 0.085019 ], [ 33.26749, 0.084614 ], [ 33.26819, 0.084198 ], [ 33.268936, 0.083815 ], [ 33.269584, 0.083734 ], [ 33.270074, 0.083655 ], [ 33.270643, 0.083598 ], [ 33.271315, 0.08293 ], [ 33.271683, 0.082429 ], [ 33.272014, 0.081779 ], [ 33.272507, 0.081321 ], [ 33.273096, 0.081103 ], [ 33.273574, 0.081024 ], [ 33.274019, 0.080361 ], [ 33.274482, 0.079513 ], [ 33.274751, 0.078611 ], [ 33.274811, 0.07815 ], [ 33.274836, 0.077679 ], [ 33.274471, 0.077088 ], [ 33.274029, 0.076603 ], [ 33.273796, 0.076378 ], [ 33.273352, 0.075778 ], [ 33.272752, 0.075399 ], [ 33.272256, 0.075133 ], [ 33.27194, 0.075334 ], [ 33.271647, 0.075558 ], [ 33.271005, 0.075376 ], [ 33.269793, 0.07525 ], [ 33.268664, 0.075318 ], [ 33.267499, 0.075261 ], [ 33.265885, 0.075603 ], [ 33.264944, 0.07592 ], [ 33.264513, 0.076066 ], [ 33.263876, 0.076159 ], [ 33.263279, 0.077228 ], [ 33.26284, 0.078167 ], [ 33.262722, 0.078595 ], [ 33.262758, 0.079272 ], [ 33.263012, 0.08006 ], [ 33.263242, 0.080768 ], [ 33.263278, 0.081491 ], [ 33.263559, 0.082462 ], [ 33.263826, 0.08333 ], [ 33.264286, 0.084137 ], [ 33.265117, 0.084672 ], [ 33.265727, 0.084936 ], [ 33.265946, 0.085058 ] ] ] } },
{ "type": "Feature", "properties": { "AREA": 231665.5, "PERIMETER": 1824.297, "GAZALL_": 739, "GAZALL_ID": 680, "PSUBJ": 4020, "NAME": "Ntusi", "FD_CODE": "MK/24", "FD_NAME": "Ntusi", "GAZTYPE": "LFR", "COMMENT": null, "ANNONAM": "Ntusi LFR", "ANNOTYP": "(MK/24)", "AREA_HA": 23 }, "geometry": { "type": "Polygon", "coordinates": [ [ [ 31.210015, 0.056695 ], [ 31.210666, 0.056683 ], [ 31.211248, 0.056625 ], [ 31.211819, 0.056395 ], [ 31.212939, 0.055497 ], [ 31.213155, 0.055107 ], [ 31.213555, 0.053624 ], [ 31.2136, 0.05313 ], [ 31.213269, 0.052372 ], [ 31.212846, 0.051522 ], [ 31.212343, 0.050822 ], [ 31.212068, 0.050627 ], [ 31.211726, 0.050524 ], [ 31.211257, 0.050547 ], [ 31.210709, 0.050812 ], [ 31.210378, 0.05141 ], [ 31.209933, 0.05226 ], [ 31.209328, 0.053639 ], [ 31.209671, 0.054972 ], [ 31.210015, 0.056695 ] ] ] } },
{ "type": "Feature", "properties": { "AREA": 1200614.0, "PERIMETER": 5930.565, "GAZALL_": 741, "GAZALL_ID": 682, "PSUBJ": 4022, "NAME": "Queen Elisabeth", "FD_CODE": null, "FD_NAME": null, "GAZTYPE": "NP", "COMMENT": null, "ANNONAM": "Queen Elisabeth NP", "ANNOTYP": null, "AREA_HA": 120 }, "geometry": { "type": "Polygon", "coordinates": [ [ [ 30.086199, 0.02543 ], [ 30.085975, 0.02543 ], [ 30.085746, 0.025531 ], [ 30.085547, 0.025747 ], [ 30.08529, 0.025848 ], [ 30.08455, 0.026745 ], [ 30.084196, 0.027508 ], [ 30.083706, 0.028352 ], [ 30.083424, 0.029211 ], [ 30.083425, 0.029875 ], [ 30.083325, 0.03038 ], [ 30.083326, 0.030669 ], [ 30.083615, 0.033616 ], [ 30.083932, 0.034653 ], [ 30.084018, 0.035171 ], [ 30.08394, 0.035931 ], [ 30.084273, 0.036973 ], [ 30.084652, 0.037611 ], [ 30.084929, 0.037779 ], [ 30.085939, 0.039274 ], [ 30.08644, 0.0404 ], [ 30.086612, 0.040631 ], [ 30.086827, 0.040818 ], [ 30.086999, 0.041468 ], [ 30.087199, 0.041656 ], [ 30.087386, 0.042349 ], [ 30.087587, 0.042753 ], [ 30.088002, 0.043129 ], [ 30.088173, 0.043389 ], [ 30.088645, 0.043735 ], [ 30.089132, 0.044226 ], [ 30.089275, 0.044515 ], [ 30.089962, 0.045121 ], [ 30.09044, 0.045765 ], [ 30.09072, 0.046017 ], [ 30.090977, 0.046161 ], [ 30.091263, 0.04619 ], [ 30.091393, 0.046597 ], [ 30.092, 0.046325 ], [ 30.092392, 0.046494 ], [ 30.092635, 0.046436 ], [ 30.092992, 0.04622 ], [ 30.093391, 0.046061 ], [ 30.093691, 0.045642 ], [ 30.093733, 0.045469 ], [ 30.093733, 0.045094 ], [ 30.09316, 0.043939 ], [ 30.093159, 0.043766 ], [ 30.093288, 0.043679 ], [ 30.093559, 0.04365 ], [ 30.093673, 0.043593 ], [ 30.093702, 0.043448 ], [ 30.093673, 0.043304 ], [ 30.093592, 0.043243 ], [ 30.092887, 0.043145 ], [ 30.092687, 0.043029 ], [ 30.092433, 0.042654 ], [ 30.091841, 0.041045 ], [ 30.09184, 0.040705 ], [ 30.091184, 0.039368 ], [ 30.090809, 0.038914 ], [ 30.090551, 0.038265 ], [ 30.090522, 0.037976 ], [ 30.090021, 0.03685 ], [ 30.089922, 0.036509 ], [ 30.090019, 0.036012 ], [ 30.090297, 0.034945 ], [ 30.090645, 0.034208 ], [ 30.090645, 0.033919 ], [ 30.090544, 0.03366 ], [ 30.090437, 0.033551 ], [ 30.08971, 0.033162 ], [ 30.089572, 0.033197 ], [ 30.089465, 0.033306 ], [ 30.089249, 0.033877 ], [ 30.089116, 0.033818 ], [ 30.089073, 0.033558 ], [ 30.089172, 0.033313 ], [ 30.089201, 0.033038 ], [ 30.089143, 0.032764 ], [ 30.088986, 0.032547 ], [ 30.088543, 0.032533 ], [ 30.088414, 0.032403 ], [ 30.088342, 0.032042 ], [ 30.088056, 0.031724 ], [ 30.087998, 0.03145 ], [ 30.087883, 0.031205 ], [ 30.087529, 0.028849 ], [ 30.087244, 0.028238 ], [ 30.087122, 0.027085 ], [ 30.086962, 0.026426 ], [ 30.08679, 0.026022 ], [ 30.086528, 0.025679 ], [ 30.086199, 0.02543 ] ] ] } },
{ "type": "Feature", "properties": { "AREA": 7808441.0, "PERIMETER": 13787.67, "GAZALL_": 754, "GAZALL_ID": 694, "PSUBJ": 4020, "NAME": "Kakasi", "FD_CODE": "KA/9", "FD_NAME": "Kakasi", "GAZTYPE": "CFR", "COMMENT": null, "ANNONAM": "Kakasi CFR", "ANNOTYP": "(KA/9)", "AREA_HA": 781 }, "geometry": { "type": "Polygon", "coordinates": [ [ [ 30.338872, -0.142164 ], [ 30.33868, -0.142146 ], [ 30.338173, -0.14225 ], [ 30.337503, -0.142412 ], [ 30.337217, -0.142414 ], [ 30.33696, -0.142315 ], [ 30.336587, -0.142072 ], [ 30.336357, -0.141858 ], [ 30.336285, -0.141714 ], [ 30.336199, -0.141628 ], [ 30.336181, -0.141542 ], [ 30.336219, -0.141139 ], [ 30.336294, -0.140836 ], [ 30.336321, -0.140549 ], [ 30.336391, -0.140304 ], [ 30.336004, -0.14009 ], [ 30.335847, -0.140048 ], [ 30.335746, -0.139976 ], [ 30.33546, -0.13992 ], [ 30.335346, -0.139864 ], [ 30.33506, -0.139822 ], [ 30.334789, -0.139823 ], [ 30.334104, -0.139985 ], [ 30.333818, -0.14003 ], [ 30.333675, -0.140031 ], [ 30.333547, -0.14006 ], [ 30.333261, -0.140048 ], [ 30.332861, -0.139935 ], [ 30.332603, -0.139821 ], [ 30.33203, -0.139505 ], [ 30.331282, -0.13939 ], [ 30.331119, -0.139268 ], [ 30.330785, -0.13927 ], [ 30.330628, -0.139199 ], [ 30.330342, -0.139157 ], [ 30.329749, -0.138815 ], [ 30.329326, -0.138818 ], [ 30.329154, -0.138732 ], [ 30.328753, -0.138663 ], [ 30.328597, -0.138708 ], [ 30.328509, -0.138626 ], [ 30.328353, -0.138521 ], [ 30.327678, -0.138206 ], [ 30.327355, -0.137773 ], [ 30.327144, -0.137046 ], [ 30.326855, -0.136357 ], [ 30.326624, -0.135984 ], [ 30.326581, -0.135943 ], [ 30.325906, -0.135298 ], [ 30.325648, -0.135169 ], [ 30.325377, -0.135099 ], [ 30.325219, -0.1351 ], [ 30.325105, -0.135158 ], [ 30.324992, -0.135274 ], [ 30.32475, -0.135433 ], [ 30.324607, -0.135463 ], [ 30.324335, -0.135393 ], [ 30.324077, -0.135264 ], [ 30.323848, -0.135093 ], [ 30.323733, -0.134964 ], [ 30.323475, -0.134836 ], [ 30.323274, -0.134593 ], [ 30.323044, -0.134378 ], [ 30.322786, -0.13425 ], [ 30.322556, -0.134021 ], [ 30.322219, -0.133612 ], [ 30.321924, -0.133377 ], [ 30.321666, -0.133264 ], [ 30.321381, -0.133251 ], [ 30.321109, -0.133296 ], [ 30.320838, -0.133239 ], [ 30.320552, -0.133212 ], [ 30.319995, -0.133302 ], [ 30.319296, -0.133464 ], [ 30.319182, -0.133522 ], [ 30.318783, -0.133611 ], [ 30.318497, -0.133612 ], [ 30.318211, -0.133556 ], [ 30.318096, -0.133499 ], [ 30.317953, -0.133486 ], [ 30.317695, -0.133329 ], [ 30.317508, -0.133114 ], [ 30.317206, -0.132627 ], [ 30.317033, -0.132412 ], [ 30.316903, -0.132154 ], [ 30.316688, -0.131953 ], [ 30.316458, -0.131782 ], [ 30.316029, -0.131756 ], [ 30.315839, -0.131833 ], [ 30.31556, -0.132103 ], [ 30.315361, -0.132335 ], [ 30.314869, -0.132625 ], [ 30.314813, -0.132658 ], [ 30.314591, -0.132627 ], [ 30.314363, -0.132574 ], [ 30.313689, -0.132229 ], [ 30.313559, -0.132131 ], [ 30.312916, -0.131902 ], [ 30.312672, -0.13176 ], [ 30.312492, -0.131674 ], [ 30.311998, -0.131202 ], [ 30.311638, -0.130744 ], [ 30.311409, -0.130544 ], [ 30.311137, -0.130488 ], [ 30.31004, -0.130523 ], [ 30.309235, -0.130225 ], [ 30.308949, -0.130155 ], [ 30.308763, -0.130069 ], [ 30.308162, -0.129871 ], [ 30.307748, -0.129859 ], [ 30.307619, -0.129889 ], [ 30.30685, -0.130238 ], [ 30.306579, -0.130297 ], [ 30.306421, -0.130284 ], [ 30.306321, -0.130241 ], [ 30.306077, -0.13007 ], [ 30.305646, -0.129641 ], [ 30.30555, -0.129587 ], [ 30.305426, -0.129524 ], [ 30.304873, -0.129314 ], [ 30.304587, -0.129258 ], [ 30.304344, -0.12913 ], [ 30.304114, -0.12893 ], [ 30.303336, -0.128351 ], [ 30.303772, -0.127906 ], [ 30.304033, -0.127247 ], [ 30.304246, -0.12703 ], [ 30.304503, -0.126914 ], [ 30.305059, -0.126824 ], [ 30.305345, -0.126823 ], [ 30.305616, -0.126763 ], [ 30.306545, -0.126744 ], [ 30.306873, -0.126656 ], [ 30.308267, -0.125991 ], [ 30.308397, -0.125957 ], [ 30.308611, -0.125826 ], [ 30.308978, -0.125452 ], [ 30.309335, -0.125594 ], [ 30.309499, -0.12551 ], [ 30.309678, -0.125144 ], [ 30.30972, -0.124871 ], [ 30.309861, -0.124625 ], [ 30.31006, -0.124408 ], [ 30.310116, -0.124149 ], [ 30.310187, -0.124048 ], [ 30.3103, -0.12399 ], [ 30.310729, -0.123987 ], [ 30.311272, -0.124056 ], [ 30.311428, -0.123782 ], [ 30.311207, -0.122719 ], [ 30.31089, -0.122116 ], [ 30.310975, -0.122001 ], [ 30.311108, -0.121933 ], [ 30.311631, -0.121824 ], [ 30.311801, -0.121593 ], [ 30.3118, -0.121449 ], [ 30.311955, -0.121075 ], [ 30.31214, -0.120887 ], [ 30.31233, -0.120833 ], [ 30.313215, -0.120895 ], [ 30.314415, -0.121449 ], [ 30.314856, -0.121587 ], [ 30.315916, -0.121714 ], [ 30.316316, -0.121655 ], [ 30.316572, -0.121538 ], [ 30.31837, -0.120948 ], [ 30.319398, -0.121033 ], [ 30.319927, -0.121189 ], [ 30.320213, -0.121216 ], [ 30.320484, -0.121142 ], [ 30.320726, -0.120983 ], [ 30.320996, -0.12065 ], [ 30.321561, -0.119655 ], [ 30.321717, -0.119438 ], [ 30.322627, -0.11867 ], [ 30.322783, -0.118425 ], [ 30.322882, -0.11818 ], [ 30.322912, -0.117935 ], [ 30.323041, -0.117604 ], [ 30.323805, -0.117283 ], [ 30.324033, -0.117109 ], [ 30.324123, -0.116102 ], [ 30.324246, -0.115935 ], [ 30.325073, -0.115398 ], [ 30.325364, -0.115102 ], [ 30.325705, -0.11464 ], [ 30.325833, -0.114552 ], [ 30.326104, -0.114508 ], [ 30.326675, -0.114505 ], [ 30.326946, -0.114431 ], [ 30.327046, -0.11433 ], [ 30.327187, -0.114085 ], [ 30.327211, -0.113961 ], [ 30.327617, -0.11334 ], [ 30.327933, -0.112957 ], [ 30.331926, -0.11499 ], [ 30.33199, -0.115275 ], [ 30.332231, -0.117565 ], [ 30.335199, -0.118802 ], [ 30.338913, -0.120349 ], [ 30.343099, -0.128683 ], [ 30.343319, -0.129275 ], [ 30.343609, -0.131254 ], [ 30.344852, -0.132096 ], [ 30.346548, -0.135015 ], [ 30.346693, -0.135322 ], [ 30.347145, -0.136493 ], [ 30.347211, -0.136813 ], [ 30.347257, -0.138178 ], [ 30.347207, -0.138925 ], [ 30.347211, -0.139959 ], [ 30.347155, -0.140468 ], [ 30.346494, -0.140823 ], [ 30.346337, -0.140882 ], [ 30.346194, -0.140882 ], [ 30.346102, -0.140953 ], [ 30.345405, -0.141027 ], [ 30.345124, -0.141133 ], [ 30.344882, -0.141278 ], [ 30.344626, -0.141495 ], [ 30.344343, -0.141842 ], [ 30.344129, -0.142059 ], [ 30.343888, -0.142233 ], [ 30.343489, -0.142394 ], [ 30.343217, -0.142438 ], [ 30.342503, -0.142457 ], [ 30.342246, -0.142516 ], [ 30.342204, -0.142573 ], [ 30.342018, -0.142542 ], [ 30.341889, -0.142546 ], [ 30.341422, -0.142762 ], [ 30.341334, -0.142866 ], [ 30.341092, -0.143026 ], [ 30.340836, -0.143142 ], [ 30.340693, -0.143129 ], [ 30.340578, -0.143043 ], [ 30.340478, -0.143023 ], [ 30.340062, -0.142787 ], [ 30.339832, -0.142601 ], [ 30.33946, -0.142373 ], [ 30.339202, -0.142245 ], [ 30.338872, -0.142164 ] ] ] } },
{ "type": "Feature", "properties": { "AREA": 143667.7, "PERIMETER": 1756.511, "GAZALL_": 755, "GAZALL_ID": 695, "PSUBJ": 4020, "NAME": "Ibanda", "FD_CODE": "MB/3", "FD_NAME": "Ibanda", "GAZTYPE": "LFR", "COMMENT": null, "ANNONAM": "Ibanda LFR", "ANNOTYP": "(MB/3)", "AREA_HA": 14 }, "geometry": { "type": "Polygon", "coordinates": [ [ [ 30.502167, -0.125153 ], [ 30.502692, -0.125062 ], [ 30.503857, -0.124756 ], [ 30.504039, -0.124963 ], [ 30.504141, -0.125227 ], [ 30.504479, -0.126845 ], [ 30.504395, -0.128279 ], [ 30.504449, -0.129495 ], [ 30.504516, -0.130206 ], [ 30.504492, -0.130573 ], [ 30.504217, -0.130745 ], [ 30.503282, -0.130685 ], [ 30.502608, -0.130706 ], [ 30.5023, -0.130671 ], [ 30.502027, -0.130567 ], [ 30.501879, -0.130314 ], [ 30.502212, -0.129466 ], [ 30.502385, -0.12887 ], [ 30.502548, -0.127941 ], [ 30.502606, -0.127345 ], [ 30.502596, -0.126725 ], [ 30.502563, -0.126415 ], [ 30.502394, -0.125773 ], [ 30.502167, -0.125153 ] ] ] } },
{ "type": "Feature", "properties": { "AREA": 41387200.0, "PERIMETER": 32519.33, "GAZALL_": 756, "GAZALL_ID": 696, "PSUBJ": 4020, "NAME": "Kasyoha-Kitomi", "FD_CODE": "MB/4", "FD_NAME": "Kasyoha-Kitomi (part)", "GAZTYPE": "CFR", "COMMENT": null, "ANNONAM": "Kasyoha-Kitomi CFR", "ANNOTYP": "(MB/4)", "AREA_HA": 4139 }, "geometry": { "type": "Polygon", "coordinates": [ [ [ 30.303336, -0.128351 ], [ 30.304114, -0.12893 ], [ 30.304344, -0.12913 ], [ 30.304587, -0.129258 ], [ 30.304873, -0.129314 ], [ 30.305426, -0.129524 ], [ 30.30555, -0.129587 ], [ 30.305646, -0.129641 ], [ 30.306077, -0.13007 ], [ 30.306321, -0.130241 ], [ 30.306421, -0.130284 ], [ 30.306579, -0.130297 ], [ 30.30685, -0.130238 ], [ 30.307619, -0.129889 ], [ 30.307748, -0.129859 ], [ 30.308162, -0.129871 ], [ 30.308763, -0.130069 ], [ 30.308949, -0.130155 ], [ 30.309235, -0.130225 ], [ 30.31004, -0.130523 ], [ 30.311137, -0.130488 ], [ 30.311409, -0.130544 ], [ 30.311638, -0.130744 ], [ 30.311998, -0.131202 ], [ 30.312492, -0.131674 ], [ 30.312672, -0.13176 ], [ 30.312916, -0.131902 ], [ 30.313559, -0.132131 ], [ 30.313689, -0.132229 ], [ 30.314363, -0.132574 ], [ 30.314591, -0.132627 ], [ 30.314813, -0.132658 ], [ 30.314869, -0.132625 ], [ 30.315361, -0.132335 ], [ 30.31556, -0.132103 ], [ 30.315839, -0.131833 ], [ 30.316029, -0.131756 ], [ 30.316458, -0.131782 ], [ 30.316688, -0.131953 ], [ 30.316903, -0.132154 ], [ 30.317033, -0.132412 ], [ 30.317206, -0.132627 ], [ 30.317508, -0.133114 ], [ 30.317695, -0.133329 ], [ 30.317953, -0.133486 ], [ 30.318096, -0.133499 ], [ 30.318211, -0.133556 ], [ 30.318497, -0.133612 ], [ 30.318783, -0.133611 ], [ 30.319182, -0.133522 ], [ 30.319296, -0.133464 ], [ 30.319995, -0.133302 ], [ 30.320552, -0.133212 ], [ 30.320838, -0.133239 ], [ 30.321109, -0.133296 ], [ 30.321381, -0.133251 ], [ 30.321666, -0.133264 ], [ 30.321924, -0.133377 ], [ 30.322219, -0.133612 ], [ 30.322556, -0.134021 ], [ 30.322786, -0.13425 ], [ 30.323044, -0.134378 ], [ 30.323274, -0.134593 ], [ 30.323475, -0.134836 ], [ 30.323733, -0.134964 ], [ 30.323848, -0.135093 ], [ 30.324077, -0.135264 ], [ 30.324335, -0.135393 ], [ 30.324607, -0.135463 ], [ 30.32475, -0.135433 ], [ 30.324992, -0.135274 ], [ 30.325105, -0.135158 ], [ 30.325219, -0.1351 ], [ 30.325377, -0.135099 ], [ 30.325648, -0.135169 ], [ 30.325906, -0.135298 ], [ 30.326581, -0.135943 ], [ 30.326624, -0.135984 ], [ 30.326855, -0.136357 ], [ 30.327144, -0.137046 ], [ 30.327355, -0.137773 ], [ 30.327678, -0.138206 ], [ 30.328353, -0.138521 ], [ 30.328509, -0.138626 ], [ 30.328597, -0.138708 ], [ 30.328753, -0.138663 ], [ 30.329154, -0.138732 ], [ 30.329326, -0.138818 ], [ 30.329749, -0.138815 ], [ 30.330342, -0.139157 ], [ 30.330628, -0.139199 ], [ 30.330785, -0.13927 ], [ 30.331119, -0.139268 ], [ 30.331282, -0.13939 ], [ 30.33203, -0.139505 ], [ 30.332603, -0.139821 ], [ 30.332861, -0.139935 ], [ 30.333261, -0.140048 ], [ 30.333547, -0.14006 ], [ 30.333675, -0.140031 ], [ 30.333818, -0.14003 ], [ 30.334104, -0.139985 ], [ 30.334789, -0.139823 ], [ 30.33506, -0.139822 ], [ 30.335346, -0.139864 ], [ 30.33546, -0.13992 ], [ 30.335746, -0.139976 ], [ 30.335847, -0.140048 ], [ 30.336004, -0.14009 ], [ 30.336391, -0.140304 ], [ 30.336321, -0.140549 ], [ 30.336294, -0.140836 ], [ 30.336219, -0.141139 ], [ 30.336181, -0.141542 ], [ 30.336199, -0.141628 ], [ 30.336285, -0.141714 ], [ 30.336357, -0.141858 ], [ 30.336587, -0.142072 ], [ 30.33696, -0.142315 ], [ 30.337217, -0.142414 ], [ 30.337503, -0.142412 ], [ 30.338173, -0.14225 ], [ 30.33868, -0.142146 ], [ 30.338872, -0.142164 ], [ 30.338919, -0.142663 ], [ 30.339425, -0.145132 ], [ 30.339509, -0.14607 ], [ 30.339425, -0.146344 ], [ 30.338832, -0.146661 ], [ 30.338713, -0.146822 ], [ 30.338686, -0.14711 ], [ 30.33872, -0.147482 ], [ 30.338669, -0.147523 ], [ 30.338576, -0.147773 ], [ 30.338377, -0.147975 ], [ 30.338091, -0.147962 ], [ 30.337461, -0.147664 ], [ 30.336841, -0.147447 ], [ 30.336517, -0.14741 ], [ 30.336303, -0.147598 ], [ 30.336296, -0.148879 ], [ 30.336211, -0.148966 ], [ 30.336068, -0.149024 ], [ 30.335483, -0.149027 ], [ 30.334812, -0.149175 ], [ 30.33467, -0.149247 ], [ 30.333626, -0.149167 ], [ 30.333341, -0.149197 ], [ 30.333084, -0.149314 ], [ 30.332729, -0.149589 ], [ 30.332616, -0.149849 ], [ 30.332532, -0.150252 ], [ 30.33247, -0.151131 ], [ 30.332541, -0.151806 ], [ 30.332509, -0.152541 ], [ 30.332388, -0.153356 ], [ 30.33254, -0.153733 ], [ 30.333182, -0.154104 ], [ 30.333269, -0.154319 ], [ 30.333272, -0.154823 ], [ 30.333245, -0.154967 ], [ 30.333074, -0.155183 ], [ 30.332903, -0.155256 ], [ 30.332532, -0.155258 ], [ 30.332404, -0.155331 ], [ 30.332334, -0.155605 ], [ 30.332211, -0.157031 ], [ 30.332135, -0.157109 ], [ 30.332011, -0.157927 ], [ 30.33179, -0.158227 ], [ 30.331747, -0.158946 ], [ 30.33183, -0.159353 ], [ 30.33197, -0.15952 ], [ 30.332214, -0.159706 ], [ 30.332602, -0.159808 ], [ 30.332687, -0.159962 ], [ 30.332702, -0.16025 ], [ 30.332548, -0.160768 ], [ 30.332564, -0.161056 ], [ 30.332825, -0.161688 ], [ 30.332969, -0.161917 ], [ 30.333143, -0.162448 ], [ 30.333461, -0.163051 ], [ 30.333534, -0.163324 ], [ 30.333785, -0.16372 ], [ 30.334165, -0.163947 ], [ 30.334953, -0.164251 ], [ 30.335569, -0.16455 ], [ 30.335813, -0.164707 ], [ 30.335885, -0.164807 ], [ 30.335915, -0.16508 ], [ 30.335649, -0.16606 ], [ 30.335652, -0.16653 ], [ 30.335828, -0.167335 ], [ 30.335832, -0.168159 ], [ 30.336031, -0.168748 ], [ 30.336781, -0.169161 ], [ 30.337193, -0.169325 ], [ 30.338431, -0.170476 ], [ 30.338689, -0.170589 ], [ 30.339103, -0.170645 ], [ 30.339375, -0.17073 ], [ 30.339619, -0.170886 ], [ 30.340154, -0.171544 ], [ 30.340645, -0.172467 ], [ 30.340808, -0.172887 ], [ 30.341239, -0.173316 ], [ 30.342133, -0.17381 ], [ 30.342494, -0.174108 ], [ 30.342666, -0.174337 ], [ 30.342972, -0.175242 ], [ 30.343087, -0.175486 ], [ 30.343736, -0.176575 ], [ 30.343966, -0.176775 ], [ 30.344484, -0.177406 ], [ 30.345201, -0.178117 ], [ 30.346184, -0.17941 ], [ 30.346656, -0.180018 ], [ 30.347061, -0.180674 ], [ 30.347603, -0.181797 ], [ 30.347727, -0.18215 ], [ 30.347791, -0.182447 ], [ 30.347684, -0.184068 ], [ 30.347577, -0.184347 ], [ 30.347358, -0.185179 ], [ 30.347219, -0.185527 ], [ 30.347115, -0.185942 ], [ 30.34704, -0.186564 ], [ 30.347002, -0.187759 ], [ 30.34721, -0.188753 ], [ 30.347643, -0.189649 ], [ 30.347854, -0.190298 ], [ 30.347975, -0.190571 ], [ 30.348446, -0.193096 ], [ 30.348465, -0.193201 ], [ 30.347861, -0.192692 ], [ 30.347654, -0.19261 ], [ 30.34694, -0.192628 ], [ 30.346682, -0.192543 ], [ 30.346309, -0.192344 ], [ 30.346023, -0.192288 ], [ 30.345927, -0.192201 ], [ 30.345061, -0.191977 ], [ 30.34388, -0.192184 ], [ 30.343594, -0.192186 ], [ 30.343136, -0.192013 ], [ 30.342716, -0.191931 ], [ 30.341822, -0.192095 ], [ 30.34091, -0.192474 ], [ 30.340265, -0.192899 ], [ 30.339957, -0.193198 ], [ 30.3397, -0.193214 ], [ 30.339428, -0.193173 ], [ 30.339027, -0.193031 ], [ 30.337785, -0.193038 ], [ 30.336948, -0.192783 ], [ 30.33678, -0.192784 ], [ 30.336025, -0.192515 ], [ 30.335739, -0.192488 ], [ 30.33531, -0.19249 ], [ 30.335025, -0.192535 ], [ 30.333827, -0.192872 ], [ 30.332508, -0.192946 ], [ 30.331946, -0.193196 ], [ 30.331018, -0.193553 ], [ 30.330374, -0.19368 ], [ 30.32925, -0.193856 ], [ 30.328326, -0.193906 ], [ 30.327948, -0.194099 ], [ 30.327859, -0.19419 ], [ 30.326466, -0.194826 ], [ 30.325411, -0.195235 ], [ 30.325184, -0.195423 ], [ 30.324927, -0.19554 ], [ 30.324226, -0.196098 ], [ 30.323803, -0.196351 ], [ 30.323532, -0.196453 ], [ 30.323247, -0.196484 ], [ 30.322976, -0.196572 ], [ 30.321848, -0.196679 ], [ 30.321576, -0.196666 ], [ 30.321419, -0.196609 ], [ 30.321075, -0.196395 ], [ 30.320888, -0.19618 ], [ 30.320253, -0.19509 ], [ 30.31995, -0.194473 ], [ 30.319601, -0.193439 ], [ 30.319571, -0.193152 ], [ 30.319238, -0.192152 ], [ 30.319113, -0.191872 ], [ 30.318524, -0.191202 ], [ 30.317879, -0.190721 ], [ 30.316783, -0.190103 ], [ 30.316596, -0.189888 ], [ 30.316394, -0.18953 ], [ 30.316249, -0.189128 ], [ 30.315989, -0.18864 ], [ 30.31576, -0.18844 ], [ 30.315516, -0.188312 ], [ 30.31513, -0.188342 ], [ 30.314874, -0.188473 ], [ 30.314647, -0.188647 ], [ 30.314548, -0.18895 ], [ 30.314579, -0.189381 ], [ 30.314538, -0.189669 ], [ 30.314343, -0.190087 ], [ 30.31384, -0.19009 ], [ 30.313554, -0.189948 ], [ 30.312839, -0.189952 ], [ 30.312326, -0.190142 ], [ 30.31207, -0.190287 ], [ 30.311225, -0.191087 ], [ 30.310834, -0.191589 ], [ 30.310721, -0.191848 ], [ 30.310656, -0.191902 ], [ 30.310607, -0.191943 ], [ 30.310163, -0.192969 ], [ 30.310129, -0.193233 ], [ 30.310016, -0.193492 ], [ 30.30935, -0.194416 ], [ 30.309122, -0.19459 ], [ 30.308866, -0.194707 ], [ 30.307822, -0.194955 ], [ 30.30754, -0.195131 ], [ 30.306674, -0.195818 ], [ 30.305479, -0.19707 ], [ 30.305223, -0.197201 ], [ 30.304762, -0.197547 ], [ 30.303742, -0.198144 ], [ 30.303515, -0.198347 ], [ 30.303244, -0.198435 ], [ 30.302622, -0.198831 ], [ 30.302272, -0.199155 ], [ 30.301858, -0.199719 ], [ 30.301767, -0.200097 ], [ 30.30163, -0.201048 ], [ 30.301488, -0.201293 ], [ 30.301247, -0.201553 ], [ 30.301173, -0.201572 ], [ 30.30082, -0.201858 ], [ 30.300408, -0.202024 ], [ 30.299828, -0.202479 ], [ 30.298457, -0.203281 ], [ 30.298229, -0.203483 ], [ 30.298039, -0.203547 ], [ 30.297746, -0.203845 ], [ 30.29765, -0.203865 ], [ 30.296463, -0.204457 ], [ 30.29635, -0.204558 ], [ 30.296093, -0.204646 ], [ 30.294307, -0.205051 ], [ 30.294012, -0.205176 ], [ 30.292609, -0.205644 ], [ 30.291957, -0.20605 ], [ 30.289859, -0.207492 ], [ 30.289117, -0.207946 ], [ 30.288565, -0.208236 ], [ 30.288026, -0.208582 ], [ 30.286705, -0.209189 ], [ 30.285885, -0.209714 ], [ 30.285349, -0.210152 ], [ 30.284989, -0.21038 ], [ 30.28438, -0.21067 ], [ 30.284231, -0.210651 ], [ 30.284252, -0.210531 ], [ 30.284523, -0.210046 ], [ 30.284877, -0.209605 ], [ 30.284978, -0.20954 ], [ 30.28529, -0.209265 ], [ 30.285516, -0.208775 ], [ 30.285591, -0.208458 ], [ 30.285912, -0.207982 ], [ 30.286152, -0.207469 ], [ 30.286262, -0.206728 ], [ 30.28619, -0.206656 ], [ 30.28593, -0.206039 ], [ 30.285829, -0.205968 ], [ 30.285713, -0.20571 ], [ 30.285627, -0.205638 ], [ 30.285417, -0.205231 ], [ 30.285352, -0.204906 ], [ 30.285082, -0.20425 ], [ 30.285059, -0.203618 ], [ 30.285227, -0.202936 ], [ 30.285283, -0.202849 ], [ 30.285311, -0.202619 ], [ 30.285282, -0.202504 ], [ 30.285279, -0.201986 ], [ 30.285334, -0.20164 ], [ 30.285331, -0.201199 ], [ 30.285085, -0.200577 ], [ 30.285013, -0.200506 ], [ 30.284897, -0.200233 ], [ 30.284895, -0.199845 ], [ 30.284938, -0.199744 ], [ 30.284949, -0.19924 ], [ 30.284862, -0.198938 ], [ 30.284703, -0.19858 ], [ 30.284631, -0.198494 ], [ 30.28463, -0.198422 ], [ 30.28458, -0.198397 ], [ 30.28439, -0.197926 ], [ 30.284431, -0.197099 ], [ 30.284307, -0.196812 ], [ 30.284305, -0.196381 ], [ 30.284473, -0.195732 ], [ 30.284472, -0.195545 ], [ 30.284414, -0.195459 ], [ 30.284399, -0.195287 ], [ 30.284308, -0.195135 ], [ 30.283657, -0.194757 ], [ 30.283495, -0.194515 ], [ 30.283603, -0.193522 ], [ 30.2836, -0.193018 ], [ 30.283637, -0.192845 ], [ 30.283542, -0.192731 ], [ 30.283368, -0.192358 ], [ 30.283367, -0.192185 ], [ 30.283309, -0.19207 ], [ 30.283308, -0.191811 ], [ 30.283389, -0.190948 ], [ 30.283414, -0.190386 ], [ 30.283626, -0.189882 ], [ 30.28381, -0.189665 ], [ 30.284151, -0.189188 ], [ 30.284378, -0.188986 ], [ 30.284833, -0.188638 ], [ 30.28499, -0.188594 ], [ 30.285587, -0.188099 ], [ 30.285972, -0.187941 ], [ 30.286086, -0.187854 ], [ 30.286214, -0.187724 ], [ 30.286312, -0.187465 ], [ 30.286311, -0.187297 ], [ 30.285923, -0.186747 ], [ 30.285736, -0.186547 ], [ 30.285664, -0.186418 ], [ 30.285477, -0.186189 ], [ 30.285404, -0.18593 ], [ 30.285498, -0.184793 ], [ 30.285438, -0.184376 ], [ 30.285407, -0.183945 ], [ 30.285334, -0.183701 ], [ 30.28529, -0.183413 ], [ 30.2851, -0.182892 ], [ 30.284987, -0.182796 ], [ 30.284842, -0.182553 ], [ 30.284727, -0.182294 ], [ 30.28426, -0.18167 ], [ 30.284126, -0.18157 ], [ 30.283906, -0.181133 ], [ 30.283877, -0.18099 ], [ 30.283775, -0.180789 ], [ 30.283673, -0.180387 ], [ 30.28367, -0.17984 ], [ 30.283584, -0.179668 ], [ 30.283441, -0.179669 ], [ 30.283183, -0.179526 ], [ 30.282782, -0.179428 ], [ 30.282497, -0.179444 ], [ 30.281935, -0.179423 ], [ 30.281567, -0.179262 ], [ 30.281552, -0.179046 ], [ 30.281579, -0.178744 ], [ 30.281635, -0.178628 ], [ 30.281591, -0.17837 ], [ 30.281287, -0.177917 ], [ 30.281145, -0.177811 ], [ 30.280929, -0.177568 ], [ 30.2808, -0.177496 ], [ 30.280527, -0.177167 ], [ 30.280483, -0.177038 ], [ 30.280567, -0.176649 ], [ 30.280935, -0.176 ], [ 30.281034, -0.175913 ], [ 30.281147, -0.175668 ], [ 30.281217, -0.175394 ], [ 30.281293, -0.174895 ], [ 30.281219, -0.17426 ], [ 30.281182, -0.174186 ], [ 30.281176, -0.174103 ], [ 30.281151, -0.173754 ], [ 30.281093, -0.17364 ], [ 30.281092, -0.173496 ], [ 30.281006, -0.173324 ], [ 30.281004, -0.173065 ], [ 30.280851, -0.17237 ], [ 30.280562, -0.171911 ], [ 30.28054, -0.171801 ], [ 30.280425, -0.171687 ], [ 30.280107, -0.171084 ], [ 30.28002, -0.170826 ], [ 30.279932, -0.170395 ], [ 30.279932, -0.17028 ], [ 30.280002, -0.170164 ], [ 30.280044, -0.169876 ], [ 30.280086, -0.169746 ], [ 30.280199, -0.169501 ], [ 30.280383, -0.169256 ], [ 30.280553, -0.169102 ], [ 30.28091, -0.168965 ], [ 30.281181, -0.168892 ], [ 30.281295, -0.168805 ], [ 30.281466, -0.168718 ], [ 30.281755, -0.168422 ], [ 30.281611, -0.167854 ], [ 30.281546, -0.167768 ], [ 30.281517, -0.167653 ], [ 30.281445, -0.167538 ], [ 30.281343, -0.16728 ], [ 30.28127, -0.167007 ], [ 30.280882, -0.166249 ], [ 30.280087, -0.166082 ], [ 30.279947, -0.166088 ], [ 30.287807, -0.156501 ], [ 30.301005, -0.125351 ], [ 30.301324, -0.125579 ], [ 30.301482, -0.125808 ], [ 30.301527, -0.126153 ], [ 30.301486, -0.126384 ], [ 30.301487, -0.126671 ], [ 30.301459, -0.126801 ], [ 30.301503, -0.12693 ], [ 30.30169, -0.127159 ], [ 30.301805, -0.127245 ], [ 30.302062, -0.127373 ], [ 30.302421, -0.127616 ], [ 30.302751, -0.127916 ], [ 30.303336, -0.128351 ] ] ] } },
{ "type": "Feature", "properties": { "AREA": 1242960.0, "PERIMETER": 4620.455, "GAZALL_": 761, "GAZALL_ID": 701, "PSUBJ": 4020, "NAME": "Kamera", "FD_CODE": "KN/12", "FD_NAME": "Kamera", "GAZTYPE": "CFR", "COMMENT": null, "ANNONAM": "Kamera CFR", "ANNOTYP": "(KN/12)", "AREA_HA": 124 }, "geometry": { "type": "Polygon", "coordinates": [ [ [ 32.312043, -0.186223 ], [ 32.312467, -0.185698 ], [ 32.312738, -0.185543 ], [ 32.313044, -0.185457 ], [ 32.313704, -0.185353 ], [ 32.313989, -0.185336 ], [ 32.314549, -0.185372 ], [ 32.314879, -0.185331 ], [ 32.316548, -0.184898 ], [ 32.317117, -0.184819 ], [ 32.318338, -0.184854 ], [ 32.3186, -0.184791 ], [ 32.319249, -0.184722 ], [ 32.319851, -0.184619 ], [ 32.320338, -0.184415 ], [ 32.320602, -0.184456 ], [ 32.321019, -0.18485 ], [ 32.321183, -0.185077 ], [ 32.321325, -0.185338 ], [ 32.321433, -0.185623 ], [ 32.321496, -0.185978 ], [ 32.321808, -0.186788 ], [ 32.322327, -0.187743 ], [ 32.322743, -0.18862 ], [ 32.322896, -0.18887 ], [ 32.32306, -0.189108 ], [ 32.323664, -0.189694 ], [ 32.324335, -0.190233 ], [ 32.325237, -0.190883 ], [ 32.325333, -0.191145 ], [ 32.322607, -0.194906 ], [ 32.321544, -0.197947 ], [ 32.320738, -0.197537 ], [ 32.320541, -0.197357 ], [ 32.32031, -0.1972 ], [ 32.320022, -0.197045 ], [ 32.31947, -0.196814 ], [ 32.318636, -0.196783 ], [ 32.31782, -0.197074 ], [ 32.312135, -0.186278 ], [ 32.312043, -0.186223 ] ] ] } },
{ "type": "Feature", "properties": { "AREA": 1386259.0, "PERIMETER": 5194.034, "GAZALL_": 770, "GAZALL_ID": 708, "PSUBJ": 4020, "NAME": "Bukone", "FD_CODE": "KN/5", "FD_NAME": "Bukone", "GAZTYPE": "CFR", "COMMENT": null, "ANNONAM": "Bukone CFR", "ANNOTYP": "(KN/5)", "AREA_HA": 139 }, "geometry": { "type": "Polygon", "coordinates": [ [ [ 32.333109, -0.227715 ], [ 32.333416, -0.227617 ], [ 32.333679, -0.227681 ], [ 32.334175, -0.227936 ], [ 32.334483, -0.227976 ], [ 32.334847, -0.227924 ], [ 32.335528, -0.227716 ], [ 32.336121, -0.22767 ], [ 32.336771, -0.227693 ], [ 32.337079, -0.227675 ], [ 32.337933, -0.227579 ], [ 32.338604, -0.22744 ], [ 32.339207, -0.227372 ], [ 32.339801, -0.227395 ], [ 32.340144, -0.227458 ], [ 32.34074, -0.227596 ], [ 32.341415, -0.227698 ], [ 32.341725, -0.227831 ], [ 32.342059, -0.228008 ], [ 32.34258, -0.228378 ], [ 32.342954, -0.228899 ], [ 32.343228, -0.229503 ], [ 32.343552, -0.230416 ], [ 32.344141, -0.232645 ], [ 32.344157, -0.23292 ], [ 32.344009, -0.233532 ], [ 32.34345, -0.234806 ], [ 32.343272, -0.235027 ], [ 32.34274, -0.235244 ], [ 32.342444, -0.235307 ], [ 32.341897, -0.235329 ], [ 32.341556, -0.235427 ], [ 32.341274, -0.235604 ], [ 32.341016, -0.235827 ], [ 32.340636, -0.236282 ], [ 32.34004, -0.237385 ], [ 32.339443, -0.239027 ], [ 32.338871, -0.240209 ], [ 32.338551, -0.240801 ], [ 32.338219, -0.241324 ], [ 32.33804, -0.241523 ], [ 32.337282, -0.241904 ], [ 32.336866, -0.242234 ], [ 32.336578, -0.242699 ], [ 32.33644, -0.243241 ], [ 32.336433, -0.243505 ], [ 32.333471, -0.242492 ], [ 32.334635, -0.233131 ], [ 32.333156, -0.22776 ], [ 32.333109, -0.227715 ] ] ] } },
{ "type": "Feature", "properties": { "AREA": 121539200.0, "PERIMETER": 51091.55, "GAZALL_": 773, "GAZALL_ID": 710, "PSUBJ": 4020, "NAME": "Buyaga Dam", "FD_CODE": "MK/3", "FD_NAME": "Buyaga Dam (part)", "GAZTYPE": "CFR", "COMMENT": null, "ANNONAM": "Buyaga Dam CFR", "ANNOTYP": "(MK/3)", "AREA_HA": 12154 }, "geometry": { "type": "Polygon", "coordinates": [ [ [ 31.230427, -0.322174 ], [ 31.230662, -0.322071 ], [ 31.231052, -0.321614 ], [ 31.231295, -0.321217 ], [ 31.231414, -0.320938 ], [ 31.231383, -0.320029 ], [ 31.231422, -0.319164 ], [ 31.231495, -0.318851 ], [ 31.231647, -0.318491 ], [ 31.231859, -0.318244 ], [ 31.232122, -0.318261 ], [ 31.232945, -0.318773 ], [ 31.233823, -0.319238 ], [ 31.234123, -0.319346 ], [ 31.234467, -0.319407 ], [ 31.234832, -0.319399 ], [ 31.235152, -0.31938 ], [ 31.235515, -0.319268 ], [ 31.236387, -0.318902 ], [ 31.236669, -0.318723 ], [ 31.237172, -0.318216 ], [ 31.237406, -0.317934 ], [ 31.237959, -0.317093 ], [ 31.238596, -0.315869 ], [ 31.238868, -0.315252 ], [ 31.239993, -0.311257 ], [ 31.240476, -0.309303 ], [ 31.240789, -0.308446 ], [ 31.241423, -0.307112 ], [ 31.241609, -0.306752 ], [ 31.241786, -0.306484 ], [ 31.242207, -0.30589 ], [ 31.242675, -0.305308 ], [ 31.243667, -0.304143 ], [ 31.244217, -0.303709 ], [ 31.244443, -0.30358 ], [ 31.245314, -0.303177 ], [ 31.245912, -0.302858 ], [ 31.246531, -0.302391 ], [ 31.247304, -0.301704 ], [ 31.248371, -0.300862 ], [ 31.248597, -0.300721 ], [ 31.249232, -0.300503 ], [ 31.249503, -0.30036 ], [ 31.249762, -0.300183 ], [ 31.250164, -0.299761 ], [ 31.250701, -0.299458 ], [ 31.250846, -0.299366 ], [ 31.251132, -0.299274 ], [ 31.251407, -0.299321 ], [ 31.251852, -0.299677 ], [ 31.252263, -0.300081 ], [ 31.252708, -0.300449 ], [ 31.253257, -0.300703 ], [ 31.254879, -0.301291 ], [ 31.255199, -0.301384 ], [ 31.256216, -0.301592 ], [ 31.257073, -0.301823 ], [ 31.257702, -0.301916 ], [ 31.258307, -0.301952 ], [ 31.25937, -0.30208 ], [ 31.259976, -0.302184 ], [ 31.260547, -0.302346 ], [ 31.261336, -0.302519 ], [ 31.261999, -0.302578 ], [ 31.262296, -0.302578 ], [ 31.262936, -0.302499 ], [ 31.263188, -0.302407 ], [ 31.263657, -0.30204 ], [ 31.264151, -0.301511 ], [ 31.264366, -0.301282 ], [ 31.267502, -0.298492 ], [ 31.269127, -0.296954 ], [ 31.26939, -0.296667 ], [ 31.272378, -0.293003 ], [ 31.273866, -0.291407 ], [ 31.275319, -0.290041 ], [ 31.276006, -0.289294 ], [ 31.276406, -0.288789 ], [ 31.277334, -0.287399 ], [ 31.277769, -0.286698 ], [ 31.278502, -0.285665 ], [ 31.278823, -0.285159 ], [ 31.279144, -0.284573 ], [ 31.280255, -0.282356 ], [ 31.280793, -0.281471 ], [ 31.281331, -0.280759 ], [ 31.281847, -0.279863 ], [ 31.282088, -0.279346 ], [ 31.282202, -0.279024 ], [ 31.283005, -0.276588 ], [ 31.283441, -0.275588 ], [ 31.283739, -0.275025 ], [ 31.28414, -0.274083 ], [ 31.284312, -0.273726 ], [ 31.284655, -0.273187 ], [ 31.285457, -0.272222 ], [ 31.285949, -0.27174 ], [ 31.286807, -0.27104 ], [ 31.287573, -0.270535 ], [ 31.288248, -0.270214 ], [ 31.288889, -0.269939 ], [ 31.289746, -0.269721 ], [ 31.291347, -0.269425 ], [ 31.292067, -0.269345 ], [ 31.292433, -0.269277 ], [ 31.293005, -0.269105 ], [ 31.293325, -0.268944 ], [ 31.293554, -0.268738 ], [ 31.293852, -0.268267 ], [ 31.293895, -0.26818 ], [ 31.294367, -0.267244 ], [ 31.294642, -0.266589 ], [ 31.295055, -0.26575 ], [ 31.295765, -0.264142 ], [ 31.295949, -0.263624 ], [ 31.296086, -0.263326 ], [ 31.296613, -0.262464 ], [ 31.296968, -0.261982 ], [ 31.2973, -0.261419 ], [ 31.297747, -0.260603 ], [ 31.298337, -0.259359 ], [ 31.298836, -0.258305 ], [ 31.299134, -0.257811 ], [ 31.299408, -0.257282 ], [ 31.300004, -0.256363 ], [ 31.300897, -0.255249 ], [ 31.301115, -0.254939 ], [ 31.301263, -0.254698 ], [ 31.301802, -0.253526 ], [ 31.302065, -0.253066 ], [ 31.302237, -0.252871 ], [ 31.302482, -0.252705 ], [ 31.303246, -0.252269 ], [ 31.303451, -0.252077 ], [ 31.303633, -0.251815 ], [ 31.303834, -0.251255 ], [ 31.304003, -0.250568 ], [ 31.304144, -0.249662 ], [ 31.304467, -0.248024 ], [ 31.304607, -0.247061 ], [ 31.304929, -0.245906 ], [ 31.304889, -0.244824 ], [ 31.304959, -0.243709 ], [ 31.305124, -0.242573 ], [ 31.305293, -0.240933 ], [ 31.352401, -0.23912 ], [ 31.35209, -0.252708 ], [ 31.352713, -0.340005 ], [ 31.352732, -0.34265 ], [ 31.352457, -0.342868 ], [ 31.351668, -0.343258 ], [ 31.351073, -0.343487 ], [ 31.350787, -0.343567 ], [ 31.349861, -0.343957 ], [ 31.349083, -0.344393 ], [ 31.34866, -0.344749 ], [ 31.347469, -0.346242 ], [ 31.346988, -0.346931 ], [ 31.346667, -0.347448 ], [ 31.346427, -0.347919 ], [ 31.345991, -0.348965 ], [ 31.34583, -0.34947 ], [ 31.345716, -0.349712 ], [ 31.345692, -0.349942 ], [ 31.318742, -0.350018 ], [ 31.28838, -0.350103 ], [ 31.250955, -0.350209 ], [ 31.250702, -0.350241 ], [ 31.211058, -0.35313 ], [ 31.214017, -0.349984 ], [ 31.227366, -0.333772 ], [ 31.227446, -0.332412 ], [ 31.228051, -0.331848 ], [ 31.228273, -0.331567 ], [ 31.228405, -0.331311 ], [ 31.228553, -0.330755 ], [ 31.228607, -0.330086 ], [ 31.228608, -0.329073 ], [ 31.228474, -0.32604 ], [ 31.228485, -0.325979 ], [ 31.229859, -0.325471 ], [ 31.230427, -0.322174 ] ] ] } },
{ "type": "Feature", "properties": { "AREA": 1172470.0, "PERIMETER": 4649.213, "GAZALL_": 779, "GAZALL_ID": 0, "PSUBJ": 0, "NAME": null, "FD_CODE": null, "FD_NAME": null, "GAZTYPE": null, "COMMENT": null, "ANNONAM": null, "ANNOTYP": null, "AREA_HA": 117 }, "geometry": { "type": "Polygon", "coordinates": [ [ [ 31.964243, -0.290147 ], [ 31.963386, -0.290047 ], [ 31.962791, -0.290053 ], [ 31.962493, -0.290028 ], [ 31.961684, -0.289629 ], [ 31.961207, -0.289257 ], [ 31.960887, -0.289196 ], [ 31.960634, -0.289321 ], [ 31.960102, -0.29003 ], [ 31.959613, -0.290913 ], [ 31.959114, -0.291692 ], [ 31.958777, -0.292369 ], [ 31.958163, -0.293216 ], [ 31.957921, -0.293386 ], [ 31.95729, -0.29353 ], [ 31.955927, -0.29368 ], [ 31.954896, -0.293867 ], [ 31.953373, -0.293923 ], [ 31.953088, -0.29384 ], [ 31.95286, -0.293677 ], [ 31.952748, -0.293411 ], [ 31.95267, -0.293134 ], [ 31.952674, -0.292788 ], [ 31.952734, -0.292443 ], [ 31.952919, -0.292226 ], [ 31.953207, -0.292021 ], [ 31.953724, -0.291761 ], [ 31.953966, -0.291521 ], [ 31.954106, -0.291234 ], [ 31.954189, -0.290935 ], [ 31.954269, -0.2896 ], [ 31.954306, -0.289278 ], [ 31.954438, -0.288634 ], [ 31.954512, -0.28799 ], [ 31.954653, -0.286241 ], [ 31.954772, -0.285677 ], [ 31.955066, -0.284862 ], [ 31.955379, -0.284335 ], [ 31.955787, -0.283509 ], [ 31.956214, -0.283018 ], [ 31.956932, -0.282091 ], [ 31.957625, -0.281348 ], [ 31.957855, -0.281189 ], [ 31.9582, -0.2811 ], [ 31.958772, -0.281036 ], [ 31.959667, -0.280767 ], [ 31.959999, -0.280747 ], [ 31.960581, -0.280947 ], [ 31.961141, -0.281021 ], [ 31.961415, -0.281127 ], [ 31.961665, -0.281337 ], [ 31.961858, -0.281546 ], [ 31.962254, -0.282056 ], [ 31.9624, -0.282334 ], [ 31.963146, -0.2834 ], [ 31.963439, -0.283909 ], [ 31.964309, -0.285206 ], [ 31.964421, -0.285507 ], [ 31.964507, -0.286072 ], [ 31.964468, -0.287995 ], [ 31.964442, -0.288305 ], [ 31.964277, -0.28888 ], [ 31.964203, -0.289513 ], [ 31.964177, -0.289812 ], [ 31.964243, -0.290147 ] ] ] } },
{ "type": "Feature", "properties": { "AREA": 3799759.0, "PERIMETER": 11029.57, "GAZALL_": 782, "GAZALL_ID": 716, "PSUBJ": 4020, "NAME": "Lutoboka", "FD_CODE": "KN/21", "FD_NAME": "Lutoboka", "GAZTYPE": "CFR", "COMMENT": null, "ANNONAM": "Lutoboka CFR", "ANNOTYP": "(KN/21)", "AREA_HA": 380 }, "geometry": { "type": "Polygon", "coordinates": [ [ [ 32.289661, -0.312565 ], [ 32.28964, -0.312507 ], [ 32.290109, -0.312118 ], [ 32.290365, -0.311953 ], [ 32.290635, -0.311731 ], [ 32.291164, -0.311229 ], [ 32.291546, -0.310677 ], [ 32.292054, -0.310105 ], [ 32.292634, -0.309041 ], [ 32.292847, -0.308795 ], [ 32.293075, -0.308445 ], [ 32.293346, -0.307763 ], [ 32.293425, -0.307409 ], [ 32.293426, -0.305787 ], [ 32.293355, -0.305486 ], [ 32.293193, -0.305159 ], [ 32.292961, -0.304876 ], [ 32.291821, -0.304382 ], [ 32.290865, -0.303825 ], [ 32.290458, -0.303675 ], [ 32.29015, -0.303632 ], [ 32.289527, -0.303843 ], [ 32.289057, -0.303875 ], [ 32.2886, -0.303862 ], [ 32.288164, -0.303918 ], [ 32.287759, -0.30409 ], [ 32.287236, -0.304374 ], [ 32.286868, -0.304443 ], [ 32.286644, -0.304253 ], [ 32.286631, -0.303942 ], [ 32.286719, -0.303266 ], [ 32.287372, -0.302043 ], [ 32.287508, -0.301713 ], [ 32.28754, -0.301369 ], [ 32.28784, -0.299734 ], [ 32.287828, -0.299354 ], [ 32.28778, -0.299042 ], [ 32.287765, -0.298374 ], [ 32.287795, -0.297731 ], [ 32.287989, -0.296978 ], [ 32.288147, -0.296649 ], [ 32.288383, -0.296391 ], [ 32.288664, -0.296193 ], [ 32.28923, -0.295577 ], [ 32.289933, -0.295011 ], [ 32.290843, -0.294371 ], [ 32.291511, -0.293816 ], [ 32.292635, -0.292538 ], [ 32.293299, -0.292132 ], [ 32.293605, -0.291842 ], [ 32.294201, -0.291388 ], [ 32.295202, -0.290762 ], [ 32.296195, -0.290044 ], [ 32.2968, -0.289705 ], [ 32.297689, -0.289421 ], [ 32.298078, -0.289409 ], [ 32.298657, -0.289565 ], [ 32.299209, -0.289845 ], [ 32.299503, -0.289946 ], [ 32.299957, -0.290063 ], [ 32.301117, -0.29027 ], [ 32.301502, -0.290408 ], [ 32.301838, -0.290659 ], [ 32.302315, -0.291156 ], [ 32.302398, -0.291458 ], [ 32.302345, -0.292077 ], [ 32.302052, -0.292333 ], [ 32.301784, -0.292498 ], [ 32.301195, -0.292699 ], [ 32.300982, -0.292957 ], [ 32.300635, -0.293487 ], [ 32.300477, -0.293793 ], [ 32.300376, -0.294147 ], [ 32.300241, -0.294453 ], [ 32.300012, -0.29486 ], [ 32.299189, -0.295998 ], [ 32.298612, -0.296602 ], [ 32.298511, -0.296909 ], [ 32.298489, -0.298059 ], [ 32.29844, -0.298552 ], [ 32.298331, -0.299169 ], [ 32.29831, -0.299491 ], [ 32.298196, -0.299856 ], [ 32.298018, -0.300103 ], [ 32.297535, -0.300584 ], [ 32.296906, -0.30137 ], [ 32.296693, -0.301594 ], [ 32.296559, -0.301889 ], [ 32.296611, -0.302833 ], [ 32.296774, -0.303528 ], [ 32.296846, -0.304198 ], [ 32.297008, -0.304524 ], [ 32.297812, -0.305572 ], [ 32.29837, -0.306071 ], [ 32.299254, -0.306718 ], [ 32.299582, -0.306854 ], [ 32.299912, -0.306887 ], [ 32.300598, -0.306896 ], [ 32.3009, -0.306755 ], [ 32.301125, -0.306475 ], [ 32.301482, -0.306393 ], [ 32.302604, -0.306334 ], [ 32.302903, -0.306286 ], [ 32.303211, -0.306318 ], [ 32.303495, -0.306384 ], [ 32.303809, -0.306588 ], [ 32.304557, -0.30722 ], [ 32.304928, -0.307438 ], [ 32.305199, -0.307561 ], [ 32.305608, -0.307642 ], [ 32.306634, -0.307741 ], [ 32.306919, -0.307796 ], [ 32.307652, -0.307737 ], [ 32.308006, -0.307736 ], [ 32.3083, -0.307871 ], [ 32.308546, -0.308051 ], [ 32.308768, -0.308299 ], [ 32.308942, -0.308615 ], [ 32.30874, -0.309241 ], [ 32.307943, -0.309931 ], [ 32.307695, -0.310199 ], [ 32.3075, -0.310596 ], [ 32.307308, -0.310901 ], [ 32.306952, -0.311362 ], [ 32.306384, -0.312001 ], [ 32.30543, -0.312973 ], [ 32.30511, -0.313343 ], [ 32.304887, -0.313555 ], [ 32.304548, -0.31381 ], [ 32.304039, -0.314404 ], [ 32.303537, -0.314746 ], [ 32.302003, -0.315575 ], [ 32.301176, -0.316091 ], [ 32.300569, -0.316521 ], [ 32.3003, -0.316743 ], [ 32.299859, -0.31734 ], [ 32.298488, -0.318495 ], [ 32.298209, -0.31866 ], [ 32.297939, -0.318893 ], [ 32.297566, -0.319526 ], [ 32.297365, -0.31975 ], [ 32.297051, -0.319925 ], [ 32.29675, -0.320031 ], [ 32.296418, -0.320044 ], [ 32.296096, -0.320115 ], [ 32.29565, -0.320516 ], [ 32.295335, -0.320737 ], [ 32.295135, -0.320512 ], [ 32.294155, -0.319621 ], [ 32.292445, -0.318271 ], [ 32.29219, -0.317999 ], [ 32.291771, -0.317469 ], [ 32.291479, -0.316897 ], [ 32.290889, -0.315166 ], [ 32.290738, -0.314862 ], [ 32.290519, -0.314522 ], [ 32.290283, -0.313986 ], [ 32.290119, -0.313728 ], [ 32.289936, -0.31332 ], [ 32.289661, -0.312565 ] ] ] } },
{ "type": "Feature", "properties": { "AREA": 1311913.0, "PERIMETER": 7006.213, "GAZALL_": 784, "GAZALL_ID": 718, "PSUBJ": 4020, "NAME": "Kasonke", "FD_CODE": "MK/6", "FD_NAME": "Kasonke", "GAZTYPE": "CFR", "COMMENT": null, "ANNONAM": "Kasonke CFR", "ANNOTYP": "(MK/6)", "AREA_HA": 131 }, "geometry": { "type": "Polygon", "coordinates": [ [ [ 31.805879, -0.304935 ], [ 31.805386, -0.306386 ], [ 31.80542, -0.308726 ], [ 31.805583, -0.310493 ], [ 31.807599, -0.313251 ], [ 31.807591, -0.314956 ], [ 31.808149, -0.315557 ], [ 31.809248, -0.316034 ], [ 31.810307, -0.316256 ], [ 31.810746, -0.317972 ], [ 31.809863, -0.318953 ], [ 31.807947, -0.319585 ], [ 31.805326, -0.319579 ], [ 31.803771, -0.319481 ], [ 31.802576, -0.319763 ], [ 31.801292, -0.321179 ], [ 31.800864, -0.32204 ], [ 31.797563, -0.324009 ], [ 31.794821, -0.325895 ], [ 31.794175, -0.325153 ], [ 31.794148, -0.324404 ], [ 31.794043, -0.32356 ], [ 31.79445, -0.322821 ], [ 31.794938, -0.322062 ], [ 31.797181, -0.320712 ], [ 31.79818, -0.320114 ], [ 31.799775, -0.318114 ], [ 31.801631, -0.315695 ], [ 31.802286, -0.31373 ], [ 31.802406, -0.311647 ], [ 31.802226, -0.310594 ], [ 31.802005, -0.309344 ], [ 31.801377, -0.308799 ], [ 31.800756, -0.308438 ], [ 31.800748, -0.30785 ], [ 31.801232, -0.307026 ], [ 31.802228, -0.306769 ], [ 31.802912, -0.306866 ], [ 31.803868, -0.305738 ], [ 31.804685, -0.305102 ], [ 31.805879, -0.304935 ] ] ] } },
{ "type": "Feature", "properties": { "AREA": 648089.6, "PERIMETER": 3790.888, "GAZALL_": 803, "GAZALL_ID": 736, "PSUBJ": 4020, "NAME": "Kitemu", "FD_CODE": "KN/16", "FD_NAME": "Kitemu", "GAZTYPE": "CFR", "COMMENT": null, "ANNONAM": "Kitemu CFR", "ANNOTYP": "(KN/16)", "AREA_HA": 65 }, "geometry": { "type": "Polygon", "coordinates": [ [ [ 32.540363, -0.389495 ], [ 32.541104, -0.389616 ], [ 32.542028, -0.389808 ], [ 32.543864, -0.390225 ], [ 32.545551, -0.390676 ], [ 32.545996, -0.390818 ], [ 32.546215, -0.388959 ], [ 32.546401, -0.388432 ], [ 32.546984, -0.388471 ], [ 32.547244, -0.388772 ], [ 32.547858, -0.389122 ], [ 32.548371, -0.389333 ], [ 32.548954, -0.38928 ], [ 32.54948, -0.389204 ], [ 32.549523, -0.389503 ], [ 32.549658, -0.389849 ], [ 32.549919, -0.390104 ], [ 32.550193, -0.390037 ], [ 32.550581, -0.390144 ], [ 32.550728, -0.390352 ], [ 32.551264, -0.390449 ], [ 32.551695, -0.39082 ], [ 32.551304, -0.391264 ], [ 32.550901, -0.391732 ], [ 32.550337, -0.392279 ], [ 32.550288, -0.392761 ], [ 32.550226, -0.393346 ], [ 32.550131, -0.393862 ], [ 32.549501, -0.394167 ], [ 32.548881, -0.394586 ], [ 32.548408, -0.39518 ], [ 32.547913, -0.395784 ], [ 32.547443, -0.395999 ], [ 32.546849, -0.396028 ], [ 32.545992, -0.39609 ], [ 32.544996, -0.396323 ], [ 32.544686, -0.396642 ], [ 32.544551, -0.39625 ], [ 32.544222, -0.396006 ], [ 32.543585, -0.395622 ], [ 32.542686, -0.395212 ], [ 32.542373, -0.394256 ], [ 32.542183, -0.393715 ], [ 32.541833, -0.393103 ], [ 32.5417, -0.392527 ], [ 32.541102, -0.391489 ], [ 32.540614, -0.391117 ], [ 32.540167, -0.391251 ], [ 32.540363, -0.389495 ] ] ] } },
{ "type": "Feature", "properties": { "AREA": 284587.3, "PERIMETER": 2072.348, "GAZALL_": 807, "GAZALL_ID": 740, "PSUBJ": 4020, "NAME": "Bwizibwera", "FD_CODE": "MB/2", "FD_NAME": "Bwizibwera", "GAZTYPE": "LFR", "COMMENT": null, "ANNONAM": "Bwizibwera LFR", "ANNOTYP": "(MB/2)", "AREA_HA": 28 }, "geometry": { "type": "Polygon", "coordinates": [ [ [ 30.57865, -0.4327 ], [ 30.578661, -0.436411 ], [ 30.577844, -0.43757 ], [ 30.574582, -0.439069 ], [ 30.573916, -0.437921 ], [ 30.573884, -0.435566 ], [ 30.575945, -0.432876 ], [ 30.576957, -0.432317 ], [ 30.57865, -0.4327 ] ] ] } },
{ "type": "Feature", "properties": { "AREA": 2484587.0, "PERIMETER": 7102.649, "GAZALL_": 813, "GAZALL_ID": 746, "PSUBJ": 4020, "NAME": "Namatembe", "FD_CODE": "KN/26", "FD_NAME": "Namatembe", "GAZTYPE": "CFR", "COMMENT": null, "ANNONAM": "Namatembe CFR", "ANNOTYP": "(KN/26)", "AREA_HA": 248 }, "geometry": { "type": "Polygon", "coordinates": [ [ [ 32.250723, -0.457646 ], [ 32.250526, -0.457187 ], [ 32.250342, -0.456993 ], [ 32.2501, -0.456788 ], [ 32.249585, -0.456574 ], [ 32.249332, -0.456428 ], [ 32.248642, -0.455818 ], [ 32.248306, -0.455323 ], [ 32.248213, -0.455077 ], [ 32.247934, -0.454533 ], [ 32.247611, -0.454094 ], [ 32.247323, -0.453865 ], [ 32.246795, -0.453535 ], [ 32.24652, -0.453402 ], [ 32.246211, -0.453311 ], [ 32.245936, -0.453186 ], [ 32.245755, -0.445062 ], [ 32.250723, -0.448237 ], [ 32.251484, -0.448409 ], [ 32.25173, -0.448589 ], [ 32.252341, -0.448826 ], [ 32.253294, -0.449084 ], [ 32.253636, -0.449117 ], [ 32.254163, -0.449466 ], [ 32.254463, -0.449371 ], [ 32.255034, -0.449009 ], [ 32.255347, -0.44888 ], [ 32.255635, -0.44882 ], [ 32.256119, -0.448661 ], [ 32.25664, -0.448458 ], [ 32.257405, -0.448101 ], [ 32.258418, -0.44789 ], [ 32.25898, -0.448217 ], [ 32.259743, -0.448711 ], [ 32.260486, -0.449101 ], [ 32.261743, -0.44992 ], [ 32.26306, -0.450626 ], [ 32.26361, -0.450976 ], [ 32.263935, -0.451204 ], [ 32.264561, -0.451717 ], [ 32.26483, -0.451898 ], [ 32.265891, -0.45278 ], [ 32.267721, -0.453938 ], [ 32.268336, -0.454394 ], [ 32.268179, -0.454688 ], [ 32.267686, -0.45511 ], [ 32.267462, -0.455345 ], [ 32.267224, -0.455672 ], [ 32.266731, -0.456106 ], [ 32.26539, -0.4574 ], [ 32.264301, -0.458276 ], [ 32.263274, -0.458982 ], [ 32.262097, -0.459729 ], [ 32.261326, -0.460282 ], [ 32.260691, -0.460504 ], [ 32.259839, -0.460675 ], [ 32.258788, -0.460655 ], [ 32.257721, -0.460761 ], [ 32.255418, -0.461314 ], [ 32.253732, -0.461483 ], [ 32.253603, -0.461215 ], [ 32.253568, -0.460846 ], [ 32.253576, -0.459776 ], [ 32.253541, -0.459419 ], [ 32.253412, -0.458759 ], [ 32.253295, -0.458457 ], [ 32.253086, -0.458163 ], [ 32.252728, -0.457888 ], [ 32.252133, -0.457525 ], [ 32.251862, -0.457402 ], [ 32.251541, -0.457416 ], [ 32.251254, -0.457465 ], [ 32.250723, -0.457646 ] ] ] } },
{ "type": "Feature", "properties": { "AREA": 346866.2, "PERIMETER": 2344.429, "GAZALL_": 824, "GAZALL_ID": 757, "PSUBJ": 4020, "NAME": "Makoko", "FD_CODE": "KN/23", "FD_NAME": "Makoko", "GAZTYPE": "CFR", "COMMENT": null, "ANNONAM": "Makoko CFR", "ANNOTYP": "(KN/23)", "AREA_HA": 35 }, "geometry": { "type": "Polygon", "coordinates": [ [ [ 32.159991, -0.487528 ], [ 32.159694, -0.487622 ], [ 32.159111, -0.487523 ], [ 32.158529, -0.487574 ], [ 32.157946, -0.487533 ], [ 32.157591, -0.487478 ], [ 32.157143, -0.487149 ], [ 32.156605, -0.486957 ], [ 32.156262, -0.486903 ], [ 32.155954, -0.486974 ], [ 32.155408, -0.487323 ], [ 32.155112, -0.487349 ], [ 32.154825, -0.487294 ], [ 32.154653, -0.487077 ], [ 32.154547, -0.486767 ], [ 32.154363, -0.486573 ], [ 32.154122, -0.486426 ], [ 32.15387, -0.486336 ], [ 32.153731, -0.486084 ], [ 32.153658, -0.485544 ], [ 32.15347, -0.484948 ], [ 32.153468, -0.484638 ], [ 32.153511, -0.484327 ], [ 32.153677, -0.483625 ], [ 32.153855, -0.48306 ], [ 32.154113, -0.482414 ], [ 32.154383, -0.481918 ], [ 32.15461, -0.481755 ], [ 32.156106, -0.481697 ], [ 32.156813, -0.481542 ], [ 32.1571, -0.4817 ], [ 32.157631, -0.482455 ], [ 32.158692, -0.483734 ], [ 32.159314, -0.484269 ], [ 32.159384, -0.484533 ], [ 32.159544, -0.485968 ], [ 32.159615, -0.486301 ], [ 32.159732, -0.486622 ], [ 32.160023, -0.487263 ], [ 32.159991, -0.487528 ] ] ] } },
{ "type": "Feature", "properties": { "AREA": 45247640.0, "PERIMETER": 50469.06, "GAZALL_": 825, "GAZALL_ID": 758, "PSUBJ": 4023, "NAME": "Kigezi", "FD_CODE": null, "FD_NAME": null, "GAZTYPE": "GR", "COMMENT": null, "ANNONAM": "Kigezi GR", "ANNOTYP": null, "AREA_HA": 4525 }, "geometry": { "type": "Polygon", "coordinates": [ [ [ 29.938342, -0.482627 ], [ 29.957546, -0.502686 ], [ 29.974265, -0.520149 ], [ 29.974043, -0.520264 ], [ 29.973792, -0.520413 ], [ 29.97345, -0.520538 ], [ 29.973187, -0.520744 ], [ 29.973095, -0.521077 ], [ 29.973379, -0.521366 ], [ 29.973812, -0.521608 ], [ 29.974325, -0.521736 ], [ 29.974632, -0.521875 ], [ 29.97478, -0.522083 ], [ 29.974573, -0.522542 ], [ 29.974482, -0.522806 ], [ 29.974241, -0.523219 ], [ 29.973921, -0.523574 ], [ 29.97359, -0.523953 ], [ 29.973418, -0.524194 ], [ 29.973099, -0.524388 ], [ 29.972814, -0.524387 ], [ 29.972529, -0.52434 ], [ 29.972232, -0.524477 ], [ 29.97206, -0.524879 ], [ 29.972128, -0.525144 ], [ 29.972162, -0.525431 ], [ 29.972161, -0.525696 ], [ 29.972001, -0.52596 ], [ 29.971636, -0.526154 ], [ 29.971214, -0.526049 ], [ 29.970929, -0.525899 ], [ 29.970656, -0.525817 ], [ 29.970314, -0.525862 ], [ 29.96996, -0.525988 ], [ 29.969836, -0.525539 ], [ 29.969552, -0.525274 ], [ 29.969278, -0.525376 ], [ 29.968901, -0.525571 ], [ 29.968536, -0.525937 ], [ 29.967953, -0.526395 ], [ 29.967725, -0.526705 ], [ 29.967291, -0.526922 ], [ 29.966846, -0.526967 ], [ 29.966595, -0.527081 ], [ 29.966287, -0.527459 ], [ 29.966126, -0.527987 ], [ 29.96617, -0.528551 ], [ 29.966224, -0.529873 ], [ 29.966063, -0.530551 ], [ 29.965936, -0.531194 ], [ 29.96573, -0.531665 ], [ 29.965409, -0.532078 ], [ 29.965055, -0.532502 ], [ 29.964553, -0.532742 ], [ 29.964165, -0.532821 ], [ 29.962466, -0.533172 ], [ 29.961907, -0.533412 ], [ 29.961359, -0.533628 ], [ 29.961062, -0.533892 ], [ 29.960731, -0.534201 ], [ 29.960457, -0.53435 ], [ 29.960264, -0.534154 ], [ 29.960196, -0.533831 ], [ 29.96014, -0.533452 ], [ 29.960027, -0.533015 ], [ 29.959595, -0.532864 ], [ 29.959139, -0.532713 ], [ 29.958649, -0.532815 ], [ 29.958238, -0.532986 ], [ 29.957804, -0.533445 ], [ 29.957256, -0.533857 ], [ 29.956799, -0.53397 ], [ 29.956446, -0.533946 ], [ 29.956059, -0.533876 ], [ 29.955625, -0.534104 ], [ 29.955374, -0.534196 ], [ 29.955066, -0.534229 ], [ 29.954759, -0.534171 ], [ 29.954383, -0.53417 ], [ 29.954052, -0.534421 ], [ 29.95372, -0.534823 ], [ 29.953503, -0.535017 ], [ 29.953252, -0.535097 ], [ 29.953001, -0.535085 ], [ 29.952557, -0.534819 ], [ 29.952182, -0.534427 ], [ 29.95183, -0.534058 ], [ 29.951488, -0.533884 ], [ 29.951009, -0.533894 ], [ 29.950325, -0.53403 ], [ 29.948808, -0.534439 ], [ 29.948261, -0.53469 ], [ 29.947656, -0.534895 ], [ 29.946401, -0.535512 ], [ 29.946035, -0.536051 ], [ 29.945748, -0.536671 ], [ 29.945566, -0.536843 ], [ 29.945292, -0.537084 ], [ 29.945109, -0.537301 ], [ 29.944868, -0.537853 ], [ 29.944627, -0.538415 ], [ 29.944273, -0.538897 ], [ 29.944124, -0.53931 ], [ 29.944043, -0.539804 ], [ 29.943677, -0.54024 ], [ 29.943391, -0.540733 ], [ 29.943184, -0.541445 ], [ 29.943012, -0.541939 ], [ 29.942599, -0.542823 ], [ 29.942313, -0.543454 ], [ 29.942061, -0.544074 ], [ 29.94198, -0.544315 ], [ 29.94198, -0.54458 ], [ 29.942115, -0.545132 ], [ 29.942227, -0.545822 ], [ 29.942044, -0.546178 ], [ 29.941782, -0.546016 ], [ 29.941544, -0.545774 ], [ 29.941271, -0.545566 ], [ 29.940964, -0.545243 ], [ 29.940679, -0.545128 ], [ 29.940246, -0.545241 ], [ 29.940313, -0.545713 ], [ 29.940414, -0.546288 ], [ 29.940515, -0.546932 ], [ 29.940502, -0.547449 ], [ 29.940604, -0.547771 ], [ 29.940763, -0.54799 ], [ 29.940922, -0.548278 ], [ 29.940956, -0.548543 ], [ 29.940944, -0.548876 ], [ 29.940715, -0.549163 ], [ 29.940338, -0.549483 ], [ 29.939916, -0.549654 ], [ 29.939482, -0.549837 ], [ 29.939197, -0.550054 ], [ 29.938979, -0.550479 ], [ 29.938921, -0.550927 ], [ 29.938988, -0.551387 ], [ 29.939067, -0.551882 ], [ 29.939089, -0.552227 ], [ 29.938883, -0.552514 ], [ 29.938769, -0.552755 ], [ 29.938494, -0.553041 ], [ 29.938357, -0.553351 ], [ 29.938128, -0.55373 ], [ 29.937763, -0.553924 ], [ 29.937433, -0.553739 ], [ 29.937023, -0.553393 ], [ 29.936784, -0.5533 ], [ 29.936511, -0.553345 ], [ 29.93618, -0.55339 ], [ 29.935872, -0.553504 ], [ 29.935711, -0.553872 ], [ 29.935791, -0.554136 ], [ 29.935858, -0.554493 ], [ 29.935937, -0.554895 ], [ 29.936016, -0.555367 ], [ 29.936061, -0.555643 ], [ 29.935706, -0.55601 ], [ 29.935444, -0.556009 ], [ 29.935136, -0.555996 ], [ 29.934533, -0.555856 ], [ 29.934099, -0.55612 ], [ 29.934052, -0.556499 ], [ 29.934052, -0.556832 ], [ 29.934175, -0.557453 ], [ 29.934379, -0.558086 ], [ 29.934674, -0.558777 ], [ 29.934764, -0.559157 ], [ 29.934615, -0.559489 ], [ 29.934352, -0.559822 ], [ 29.934329, -0.560178 ], [ 29.934487, -0.560443 ], [ 29.934692, -0.560639 ], [ 29.935079, -0.560893 ], [ 29.935249, -0.561285 ], [ 29.935407, -0.56209 ], [ 29.935918, -0.562551 ], [ 29.936134, -0.562862 ], [ 29.936236, -0.563369 ], [ 29.936245, -0.564047 ], [ 29.936483, -0.564611 ], [ 29.936631, -0.564956 ], [ 29.936915, -0.565199 ], [ 29.93729, -0.56589 ], [ 29.937289, -0.566234 ], [ 29.937026, -0.56659 ], [ 29.936774, -0.567049 ], [ 29.936511, -0.567451 ], [ 29.936567, -0.567945 ], [ 29.936702, -0.568371 ], [ 29.936781, -0.568658 ], [ 29.936769, -0.568911 ], [ 29.936621, -0.569164 ], [ 29.936596, -0.569761 ], [ 29.936675, -0.570371 ], [ 29.936594, -0.570612 ], [ 29.9364, -0.570876 ], [ 29.936342, -0.571255 ], [ 29.93633, -0.571703 ], [ 29.936567, -0.572279 ], [ 29.936771, -0.572774 ], [ 29.936942, -0.573073 ], [ 29.936952, -0.573591 ], [ 29.936848, -0.574108 ], [ 29.93671, -0.574716 ], [ 29.936549, -0.575302 ], [ 29.936479, -0.575704 ], [ 29.936592, -0.576383 ], [ 29.936647, -0.576854 ], [ 29.936806, -0.577372 ], [ 29.937112, -0.577994 ], [ 29.936758, -0.57828 ], [ 29.93629, -0.578578 ], [ 29.936289, -0.579014 ], [ 29.936459, -0.57944 ], [ 29.936424, -0.57982 ], [ 29.936275, -0.580083 ], [ 29.936024, -0.580301 ], [ 29.935761, -0.580599 ], [ 29.935646, -0.580944 ], [ 29.93585, -0.581542 ], [ 29.936248, -0.581819 ], [ 29.936567, -0.58205 ], [ 29.936794, -0.582269 ], [ 29.936907, -0.582661 ], [ 29.936838, -0.582971 ], [ 29.936654, -0.583511 ], [ 29.936345, -0.584234 ], [ 29.936115, -0.584785 ], [ 29.936114, -0.585532 ], [ 29.936021, -0.586221 ], [ 29.935917, -0.586543 ], [ 29.9357, -0.586807 ], [ 29.935472, -0.587024 ], [ 29.9353, -0.587392 ], [ 29.935515, -0.587921 ], [ 29.935526, -0.588301 ], [ 29.93557, -0.58891 ], [ 29.935705, -0.589497 ], [ 29.936011, -0.590026 ], [ 29.936045, -0.59036 ], [ 29.936021, -0.590647 ], [ 29.93577, -0.590888 ], [ 29.935405, -0.591174 ], [ 29.935107, -0.591564 ], [ 29.934719, -0.592 ], [ 29.934456, -0.592367 ], [ 29.933999, -0.59271 ], [ 29.933543, -0.592686 ], [ 29.933132, -0.592822 ], [ 29.93296, -0.593212 ], [ 29.932936, -0.593822 ], [ 29.932819, -0.595327 ], [ 29.932657, -0.596166 ], [ 29.932565, -0.596545 ], [ 29.932154, -0.596624 ], [ 29.931426, -0.596208 ], [ 29.931084, -0.596046 ], [ 29.930777, -0.596068 ], [ 29.930537, -0.596205 ], [ 29.930365, -0.59663 ], [ 29.930227, -0.597273 ], [ 29.930213, -0.598101 ], [ 29.93028, -0.598733 ], [ 29.930302, -0.599067 ], [ 29.930233, -0.5994 ], [ 29.930016, -0.599583 ], [ 29.929628, -0.599593 ], [ 29.929047, -0.599442 ], [ 29.928637, -0.599429 ], [ 29.928146, -0.599554 ], [ 29.927667, -0.599874 ], [ 29.927472, -0.600276 ], [ 29.927334, -0.600747 ], [ 29.92706, -0.601217 ], [ 29.926478, -0.601365 ], [ 29.926022, -0.601559 ], [ 29.92561, -0.602063 ], [ 29.925141, -0.602729 ], [ 29.924684, -0.603118 ], [ 29.924409, -0.603646 ], [ 29.924248, -0.604266 ], [ 29.923961, -0.605277 ], [ 29.923835, -0.605702 ], [ 29.92348, -0.606195 ], [ 29.923034, -0.606768 ], [ 29.922622, -0.607342 ], [ 29.922221, -0.60818 ], [ 29.921867, -0.608684 ], [ 29.921524, -0.609154 ], [ 29.921226, -0.609567 ], [ 29.921043, -0.609992 ], [ 29.920859, -0.610716 ], [ 29.920778, -0.611244 ], [ 29.920924, -0.611934 ], [ 29.920969, -0.612256 ], [ 29.920854, -0.612739 ], [ 29.920419, -0.613439 ], [ 29.92027, -0.613703 ], [ 29.920189, -0.614185 ], [ 29.9202, -0.614473 ], [ 29.920244, -0.615208 ], [ 29.920219, -0.615852 ], [ 29.920093, -0.616162 ], [ 29.920001, -0.616461 ], [ 29.920046, -0.61684 ], [ 29.920261, -0.617312 ], [ 29.920511, -0.617704 ], [ 29.920966, -0.618257 ], [ 29.921044, -0.618637 ], [ 29.92085, -0.618843 ], [ 29.920622, -0.619026 ], [ 29.920348, -0.619301 ], [ 29.920233, -0.619577 ], [ 29.920163, -0.620128 ], [ 29.920196, -0.620795 ], [ 29.920252, -0.621267 ], [ 29.92033, -0.621681 ], [ 29.920477, -0.622164 ], [ 29.92067, -0.622716 ], [ 29.920816, -0.623303 ], [ 29.920793, -0.623567 ], [ 29.920656, -0.623808 ], [ 29.920393, -0.623934 ], [ 29.920222, -0.624129 ], [ 29.919982, -0.624416 ], [ 29.919306, -0.625747 ], [ 29.91886, -0.626148 ], [ 29.918324, -0.626479 ], [ 29.917844, -0.626754 ], [ 29.917433, -0.62704 ], [ 29.917125, -0.627303 ], [ 29.916748, -0.627497 ], [ 29.916486, -0.627715 ], [ 29.916348, -0.628013 ], [ 29.915764, -0.629149 ], [ 29.915455, -0.629562 ], [ 29.915147, -0.629803 ], [ 29.914679, -0.630089 ], [ 29.914246, -0.63026 ], [ 29.913687, -0.630292 ], [ 29.912456, -0.630403 ], [ 29.911076, -0.630514 ], [ 29.908698, -0.630725 ], [ 29.908413, -0.630754 ], [ 29.907986, -0.630899 ], [ 29.907701, -0.6309 ], [ 29.907544, -0.630929 ], [ 29.907402, -0.630987 ], [ 29.907175, -0.631217 ], [ 29.907033, -0.631304 ], [ 29.90689, -0.631304 ], [ 29.906776, -0.631189 ], [ 29.906747, -0.631074 ], [ 29.906874, -0.630643 ], [ 29.906887, -0.630356 ], [ 29.906944, -0.630068 ], [ 29.907198, -0.629464 ], [ 29.907226, -0.62932 ], [ 29.907197, -0.629177 ], [ 29.907126, -0.629062 ], [ 29.906841, -0.62889 ], [ 29.906698, -0.628862 ], [ 29.906413, -0.628863 ], [ 29.90627, -0.62882 ], [ 29.905999, -0.628605 ], [ 29.905714, -0.628663 ], [ 29.905572, -0.628663 ], [ 29.905543, -0.62852 ], [ 29.905571, -0.628376 ], [ 29.905769, -0.627873 ], [ 29.905764, -0.627584 ], [ 29.905711, -0.627427 ], [ 29.90571, -0.627284 ], [ 29.905838, -0.627168 ], [ 29.906109, -0.627038 ], [ 29.906122, -0.626895 ], [ 29.905894, -0.626723 ], [ 29.90531, -0.62671 ], [ 29.905196, -0.626653 ], [ 29.905087, -0.626508 ], [ 29.905137, -0.626121 ], [ 29.905265, -0.625833 ], [ 29.905207, -0.62569 ], [ 29.904979, -0.62546 ], [ 29.904907, -0.625331 ], [ 29.904806, -0.625044 ], [ 29.904678, -0.624901 ], [ 29.904421, -0.624743 ], [ 29.904136, -0.624658 ], [ 29.903708, -0.624659 ], [ 29.903409, -0.624688 ], [ 29.903167, -0.624617 ], [ 29.903095, -0.624488 ], [ 29.903109, -0.6242 ], [ 29.903193, -0.623913 ], [ 29.90315, -0.623769 ], [ 29.902436, -0.623317 ], [ 29.902374, -0.623163 ], [ 29.902477, -0.622636 ], [ 29.902451, -0.622462 ], [ 29.90235, -0.622344 ], [ 29.902063, -0.622378 ], [ 29.901779, -0.622551 ], [ 29.901637, -0.622609 ], [ 29.901352, -0.622667 ], [ 29.901195, -0.622754 ], [ 29.90111, -0.622869 ], [ 29.900968, -0.622984 ], [ 29.900683, -0.622985 ], [ 29.900541, -0.623071 ], [ 29.900484, -0.623215 ], [ 29.900394, -0.623306 ], [ 29.899807, -0.623176 ], [ 29.899701, -0.623116 ], [ 29.899543, -0.622858 ], [ 29.899443, -0.622586 ], [ 29.899342, -0.622471 ], [ 29.899228, -0.622399 ], [ 29.898943, -0.622314 ], [ 29.898801, -0.6223 ], [ 29.898658, -0.622357 ], [ 29.898545, -0.622501 ], [ 29.898375, -0.622933 ], [ 29.8983, -0.622977 ], [ 29.898248, -0.623022 ], [ 29.897977, -0.623106 ], [ 29.897834, -0.623164 ], [ 29.897706, -0.623322 ], [ 29.897622, -0.62361 ], [ 29.897452, -0.623898 ], [ 29.897054, -0.624315 ], [ 29.89677, -0.624488 ], [ 29.896642, -0.624633 ], [ 29.896557, -0.624776 ], [ 29.896272, -0.625007 ], [ 29.89613, -0.625036 ], [ 29.896044, -0.62495 ], [ 29.895987, -0.624778 ], [ 29.895986, -0.624577 ], [ 29.89624, -0.6238 ], [ 29.89624, -0.623599 ], [ 29.89616, -0.623204 ], [ 29.89601, -0.623053 ], [ 29.895868, -0.622968 ], [ 29.895753, -0.622853 ], [ 29.895724, -0.622709 ], [ 29.895724, -0.622637 ], [ 29.895936, -0.622134 ], [ 29.896021, -0.621846 ], [ 29.896063, -0.621559 ], [ 29.896006, -0.621415 ], [ 29.895749, -0.621387 ], [ 29.895043, -0.621152 ], [ 29.894865, -0.621045 ], [ 29.894351, -0.620572 ], [ 29.894208, -0.6205 ], [ 29.89378, -0.620444 ], [ 29.893496, -0.620473 ], [ 29.892754, -0.620406 ], [ 29.89264, -0.62036 ], [ 29.892498, -0.620245 ], [ 29.892459, -0.620054 ], [ 29.892566, -0.61924 ], [ 29.892664, -0.618808 ], [ 29.892749, -0.618664 ], [ 29.892834, -0.618377 ], [ 29.892918, -0.617946 ], [ 29.893261, -0.617124 ], [ 29.893115, -0.616968 ], [ 29.892572, -0.616524 ], [ 29.892372, -0.616237 ], [ 29.891972, -0.61585 ], [ 29.891544, -0.615693 ], [ 29.891088, -0.615452 ], [ 29.890982, -0.615396 ], [ 29.890786, -0.615312 ], [ 29.89066, -0.615336 ], [ 29.890565, -0.615374 ], [ 29.8899, -0.615443 ], [ 29.889805, -0.615482 ], [ 29.88955, -0.615727 ], [ 29.889395, -0.61574 ], [ 29.889323, -0.615759 ], [ 29.889104, -0.615703 ], [ 29.88888, -0.615742 ], [ 29.888724, -0.6158 ], [ 29.888595, -0.615757 ], [ 29.888409, -0.615514 ], [ 29.888352, -0.615226 ], [ 29.88838, -0.615083 ], [ 29.888393, -0.614652 ], [ 29.888306, -0.614364 ], [ 29.888005, -0.613762 ], [ 29.887934, -0.613676 ], [ 29.887648, -0.613475 ], [ 29.887206, -0.613304 ], [ 29.886779, -0.613305 ], [ 29.886666, -0.613095 ], [ 29.88655, -0.613032 ], [ 29.886265, -0.612961 ], [ 29.886123, -0.612962 ], [ 29.885994, -0.612861 ], [ 29.885737, -0.612618 ], [ 29.885451, -0.612202 ], [ 29.88518, -0.612044 ], [ 29.885065, -0.611901 ], [ 29.885008, -0.611757 ], [ 29.884751, -0.611528 ], [ 29.884657, -0.611418 ], [ 29.885056, -0.611053 ], [ 29.885289, -0.610578 ], [ 29.885486, -0.609543 ], [ 29.885624, -0.609473 ], [ 29.886295, -0.609528 ], [ 29.886511, -0.609455 ], [ 29.88672, -0.609349 ], [ 29.88714, -0.608862 ], [ 29.88767, -0.608593 ], [ 29.887862, -0.608388 ], [ 29.888235, -0.608156 ], [ 29.888391, -0.607884 ], [ 29.888535, -0.607294 ], [ 29.88894, -0.606748 ], [ 29.889011, -0.606604 ], [ 29.889138, -0.606086 ], [ 29.889279, -0.605798 ], [ 29.889492, -0.605511 ], [ 29.889971, -0.604981 ], [ 29.890617, -0.60449 ], [ 29.890927, -0.60407 ], [ 29.891111, -0.603696 ], [ 29.891382, -0.603357 ], [ 29.891423, -0.603076 ], [ 29.891723, -0.602553 ], [ 29.891785, -0.602042 ], [ 29.891761, -0.601855 ], [ 29.891913, -0.601546 ], [ 29.892954, -0.60071 ], [ 29.893813, -0.600115 ], [ 29.894192, -0.59991 ], [ 29.894291, -0.599809 ], [ 29.894802, -0.599591 ], [ 29.895244, -0.599304 ], [ 29.896084, -0.598577 ], [ 29.896693, -0.597792 ], [ 29.897271, -0.596697 ], [ 29.897362, -0.595811 ], [ 29.897214, -0.595491 ], [ 29.897212, -0.595032 ], [ 29.897281, -0.594749 ], [ 29.897182, -0.594063 ], [ 29.897214, -0.593534 ], [ 29.897007, -0.593038 ], [ 29.896904, -0.592015 ], [ 29.896979, -0.591863 ], [ 29.89827, -0.591186 ], [ 29.899287, -0.590827 ], [ 29.900418, -0.590282 ], [ 29.901584, -0.589446 ], [ 29.901869, -0.589302 ], [ 29.902181, -0.588985 ], [ 29.902461, -0.588843 ], [ 29.902968, -0.588646 ], [ 29.903439, -0.588318 ], [ 29.904, -0.587717 ], [ 29.904539, -0.587006 ], [ 29.904963, -0.586424 ], [ 29.905274, -0.585843 ], [ 29.90536, -0.585577 ], [ 29.905379, -0.585301 ], [ 29.90535, -0.584934 ], [ 29.905254, -0.584682 ], [ 29.904398, -0.583397 ], [ 29.904267, -0.583135 ], [ 29.904228, -0.582825 ], [ 29.904279, -0.582456 ], [ 29.904445, -0.582143 ], [ 29.904659, -0.581932 ], [ 29.905426, -0.581367 ], [ 29.905562, -0.581282 ], [ 29.905744, -0.581213 ], [ 29.905889, -0.581178 ], [ 29.906067, -0.58119 ], [ 29.906234, -0.581273 ], [ 29.906576, -0.581359 ], [ 29.906927, -0.581358 ], [ 29.907437, -0.581202 ], [ 29.907715, -0.581155 ], [ 29.908031, -0.581234 ], [ 29.909053, -0.582335 ], [ 29.90933, -0.582567 ], [ 29.910405, -0.582519 ], [ 29.910825, -0.582354 ], [ 29.911364, -0.581836 ], [ 29.91162, -0.58149 ], [ 29.911799, -0.581364 ], [ 29.91179, -0.581317 ], [ 29.911788, -0.58057 ], [ 29.911873, -0.58034 ], [ 29.912326, -0.579503 ], [ 29.912326, -0.579305 ], [ 29.912441, -0.578835 ], [ 29.912892, -0.578102 ], [ 29.912891, -0.577521 ], [ 29.913013, -0.577272 ], [ 29.91347, -0.576693 ], [ 29.913592, -0.576361 ], [ 29.91374, -0.575623 ], [ 29.913753, -0.575364 ], [ 29.914201, -0.574721 ], [ 29.914646, -0.574311 ], [ 29.91504, -0.573815 ], [ 29.915491, -0.573643 ], [ 29.915861, -0.573362 ], [ 29.916225, -0.572772 ], [ 29.916536, -0.571907 ], [ 29.916589, -0.571799 ], [ 29.916535, -0.571679 ], [ 29.916148, -0.57099 ], [ 29.916158, -0.570767 ], [ 29.916601, -0.569472 ], [ 29.916792, -0.569229 ], [ 29.91714, -0.568947 ], [ 29.917197, -0.568861 ], [ 29.917375, -0.568746 ], [ 29.918079, -0.568442 ], [ 29.918363, -0.56824 ], [ 29.91859, -0.567967 ], [ 29.91876, -0.567679 ], [ 29.919002, -0.567405 ], [ 29.91957, -0.567002 ], [ 29.919855, -0.566929 ], [ 29.920838, -0.566898 ], [ 29.920981, -0.566926 ], [ 29.921707, -0.566924 ], [ 29.921992, -0.566866 ], [ 29.922103, -0.566803 ], [ 29.922334, -0.566722 ], [ 29.922888, -0.566347 ], [ 29.923173, -0.566231 ], [ 29.923742, -0.566115 ], [ 29.924183, -0.565798 ], [ 29.924616, -0.565587 ], [ 29.924961, -0.565178 ], [ 29.925192, -0.564904 ], [ 29.925462, -0.564645 ], [ 29.925713, -0.564309 ], [ 29.926185, -0.56335 ], [ 29.926309, -0.562713 ], [ 29.926801, -0.561599 ], [ 29.926746, -0.56036 ], [ 29.926688, -0.560073 ], [ 29.926559, -0.559786 ], [ 29.926508, -0.559491 ], [ 29.926244, -0.559255 ], [ 29.925959, -0.559097 ], [ 29.925674, -0.559055 ], [ 29.925374, -0.558955 ], [ 29.924675, -0.558554 ], [ 29.924389, -0.558325 ], [ 29.92398, -0.557838 ], [ 29.923459, -0.557034 ], [ 29.922988, -0.556489 ], [ 29.922816, -0.556202 ], [ 29.922701, -0.555772 ], [ 29.922671, -0.555484 ], [ 29.922699, -0.555197 ], [ 29.922741, -0.555053 ], [ 29.922684, -0.554766 ], [ 29.922175, -0.554128 ], [ 29.921983, -0.553963 ], [ 29.921884, -0.553809 ], [ 29.92183, -0.553726 ], [ 29.921761, -0.553691 ], [ 29.920927, -0.553276 ], [ 29.920641, -0.553075 ], [ 29.920541, -0.552932 ], [ 29.920526, -0.552788 ], [ 29.920554, -0.552501 ], [ 29.920496, -0.552214 ], [ 29.92041, -0.55207 ], [ 29.920139, -0.551827 ], [ 29.91989, -0.551733 ], [ 29.919798, -0.551712 ], [ 29.91964, -0.551713 ], [ 29.919512, -0.551641 ], [ 29.919425, -0.551354 ], [ 29.919424, -0.550837 ], [ 29.919682, -0.549514 ], [ 29.919633, -0.549198 ], [ 29.919518, -0.548911 ], [ 29.919414, -0.548734 ], [ 29.919274, -0.548524 ], [ 29.918617, -0.547982 ], [ 29.918375, -0.547836 ], [ 29.918018, -0.547765 ], [ 29.917883, -0.547611 ], [ 29.917849, -0.547459 ], [ 29.918221, -0.547033 ], [ 29.918592, -0.546882 ], [ 29.918699, -0.5467 ], [ 29.918727, -0.546556 ], [ 29.918716, -0.546214 ], [ 29.91941, -0.546066 ], [ 29.920279, -0.546079 ], [ 29.920564, -0.54602 ], [ 29.921119, -0.546005 ], [ 29.921276, -0.545932 ], [ 29.921613, -0.545587 ], [ 29.922383, -0.545378 ], [ 29.92307, -0.545569 ], [ 29.923341, -0.545784 ], [ 29.923912, -0.546127 ], [ 29.924197, -0.546256 ], [ 29.92548, -0.546526 ], [ 29.925765, -0.546539 ], [ 29.92605, -0.546352 ], [ 29.926177, -0.546064 ], [ 29.92619, -0.545633 ], [ 29.92626, -0.545345 ], [ 29.926444, -0.544914 ], [ 29.926643, -0.544626 ], [ 29.926913, -0.544439 ], [ 29.927468, -0.544293 ], [ 29.927628, -0.544422 ], [ 29.927783, -0.544824 ], [ 29.927998, -0.545083 ], [ 29.928283, -0.545197 ], [ 29.928426, -0.545196 ], [ 29.92871, -0.54498 ], [ 29.929619, -0.544015 ], [ 29.929989, -0.543914 ], [ 29.930559, -0.543941 ], [ 29.930844, -0.543883 ], [ 29.931588, -0.543297 ], [ 29.932136, -0.543182 ], [ 29.932225, -0.543087 ], [ 29.932437, -0.542902 ], [ 29.932707, -0.542729 ], [ 29.933561, -0.542569 ], [ 29.933846, -0.54241 ], [ 29.934386, -0.541949 ], [ 29.934969, -0.541761 ], [ 29.935396, -0.541544 ], [ 29.935629, -0.541436 ], [ 29.935722, -0.541406 ], [ 29.935894, -0.541313 ], [ 29.936079, -0.541068 ], [ 29.936272, -0.54033 ], [ 29.936578, -0.539916 ], [ 29.936972, -0.539557 ], [ 29.937114, -0.539471 ], [ 29.937683, -0.539297 ], [ 29.937926, -0.539272 ], [ 29.938005, -0.539259 ], [ 29.938046, -0.53918 ], [ 29.938103, -0.539083 ], [ 29.938178, -0.53888 ], [ 29.938234, -0.538537 ], [ 29.93809, -0.537987 ], [ 29.938063, -0.537848 ], [ 29.937905, -0.537313 ], [ 29.937913, -0.53669 ], [ 29.937867, -0.536236 ], [ 29.937739, -0.536057 ], [ 29.937369, -0.535689 ], [ 29.937, -0.535488 ], [ 29.93665, -0.535347 ], [ 29.936099, -0.535203 ], [ 29.935235, -0.534815 ], [ 29.934959, -0.534739 ], [ 29.934716, -0.534582 ], [ 29.934563, -0.534331 ], [ 29.93431, -0.533577 ], [ 29.934112, -0.533384 ], [ 29.93387, -0.533239 ], [ 29.933661, -0.53307 ], [ 29.93332, -0.532524 ], [ 29.932836, -0.531635 ], [ 29.932466, -0.530744 ], [ 29.932169, -0.530093 ], [ 29.932028, -0.529854 ], [ 29.931676, -0.529366 ], [ 29.931467, -0.529162 ], [ 29.931213, -0.529017 ], [ 29.931037, -0.528778 ], [ 29.930919, -0.528539 ], [ 29.930832, -0.528172 ], [ 29.930764, -0.527529 ], [ 29.930667, -0.527209 ], [ 29.930424, -0.52704 ], [ 29.929893, -0.526808 ], [ 29.92966, -0.526547 ], [ 29.92941, -0.526022 ], [ 29.929349, -0.52577 ], [ 29.929219, -0.525542 ], [ 29.928104, -0.523951 ], [ 29.927727, -0.523359 ], [ 29.927255, -0.522574 ], [ 29.926661, -0.521353 ], [ 29.926294, -0.520692 ], [ 29.92586, -0.520147 ], [ 29.925394, -0.519706 ], [ 29.925183, -0.519457 ], [ 29.925029, -0.519137 ], [ 29.924823, -0.518589 ], [ 29.924761, -0.518337 ], [ 29.924806, -0.517738 ], [ 29.925236, -0.516431 ], [ 29.925308, -0.516108 ], [ 29.925415, -0.515796 ], [ 29.925685, -0.514641 ], [ 29.926235, -0.512987 ], [ 29.927467, -0.509769 ], [ 29.928462, -0.507624 ], [ 29.928895, -0.506225 ], [ 29.929001, -0.505556 ], [ 29.929189, -0.504931 ], [ 29.92978, -0.503852 ], [ 29.930195, -0.502686 ], [ 29.930234, -0.502555 ], [ 29.930283, -0.501855 ], [ 29.934369, -0.492401 ], [ 29.938342, -0.482627 ] ] ] } },
{ "type": "Feature", "properties": { "AREA": 1719318.0, "PERIMETER": 6666.867, "GAZALL_": 834, "GAZALL_ID": 766, "PSUBJ": 4020, "NAME": "Nakitondo", "FD_CODE": "MK/23", "FD_NAME": "Nakitondo", "GAZTYPE": "CFR", "COMMENT": null, "ANNONAM": "Nakitondo CFR", "ANNOTYP": "(MK/23)", "AREA_HA": 172 }, "geometry": { "type": "Polygon", "coordinates": [ [ [ 31.734057, -0.551679 ], [ 31.733697, -0.552227 ], [ 31.733145, -0.552878 ], [ 31.73276, -0.553332 ], [ 31.732586, -0.553571 ], [ 31.732447, -0.553823 ], [ 31.732329, -0.554166 ], [ 31.732177, -0.554475 ], [ 31.731992, -0.55468 ], [ 31.731717, -0.554746 ], [ 31.731421, -0.554674 ], [ 31.731149, -0.554521 ], [ 31.730742, -0.55408 ], [ 31.73048, -0.553939 ], [ 31.730196, -0.553821 ], [ 31.729604, -0.553654 ], [ 31.729329, -0.553663 ], [ 31.728974, -0.553728 ], [ 31.728355, -0.55394 ], [ 31.717846, -0.553689 ], [ 31.717526, -0.55372 ], [ 31.72151, -0.549648 ], [ 31.721431, -0.549604 ], [ 31.71859, -0.547996 ], [ 31.714786, -0.543461 ], [ 31.718157, -0.541667 ], [ 31.721264, -0.540014 ], [ 31.728274, -0.545054 ], [ 31.727647, -0.548346 ], [ 31.734057, -0.551679 ] ] ] } },
{ "type": "Feature", "properties": { "AREA": 369961.6, "PERIMETER": 2502.86, "GAZALL_": 845, "GAZALL_ID": 776, "PSUBJ": 4020, "NAME": "Bwambara", "FD_CODE": "RU/12", "FD_NAME": "Bwambara", "GAZTYPE": "CFR", "COMMENT": null, "ANNONAM": "Bwambara CFR", "ANNOTYP": "(RU/12)", "AREA_HA": 37 }, "geometry": { "type": "Polygon", "coordinates": [ [ [ 29.797075, -0.598004 ], [ 29.798539, -0.597938 ], [ 29.798891, -0.59806 ], [ 29.799223, -0.598054 ], [ 29.79989, -0.597756 ], [ 29.800699, -0.59723 ], [ 29.800997, -0.597178 ], [ 29.801936, -0.596436 ], [ 29.802915, -0.59666 ], [ 29.802713, -0.597795 ], [ 29.802937, -0.598753 ], [ 29.803177, -0.599447 ], [ 29.803388, -0.599773 ], [ 29.803281, -0.600035 ], [ 29.801975, -0.60092 ], [ 29.801777, -0.601112 ], [ 29.801599, -0.601523 ], [ 29.801304, -0.602092 ], [ 29.80076, -0.602473 ], [ 29.799954, -0.602861 ], [ 29.799197, -0.602986 ], [ 29.798307, -0.602935 ], [ 29.797371, -0.602849 ], [ 29.796474, -0.602466 ], [ 29.796703, -0.601791 ], [ 29.796626, -0.600905 ], [ 29.796688, -0.599917 ], [ 29.796863, -0.599035 ], [ 29.797075, -0.598004 ] ] ] } },
{ "type": "Feature", "properties": { "AREA": 65255920.0, "PERIMETER": 35413.99, "GAZALL_": 846, "GAZALL_ID": 777, "PSUBJ": 4020, "NAME": "Kyalwamuka", "FD_CODE": "RA/9", "FD_NAME": "Kyalwamuka", "GAZTYPE": "CFR", "COMMENT": null, "ANNONAM": "Kyalwamuka CFR", "ANNOTYP": "(RA/9)", "AREA_HA": 6526 }, "geometry": { "type": "Polygon", "coordinates": [ [ [ 31.154921, -0.706464 ], [ 31.154545, -0.705849 ], [ 31.153674, -0.70484 ], [ 31.153067, -0.704256 ], [ 31.152804, -0.704049 ], [ 31.152118, -0.703603 ], [ 31.151672, -0.703385 ], [ 31.15071, -0.702652 ], [ 31.149681, -0.701942 ], [ 31.147884, -0.700567 ], [ 31.147598, -0.700373 ], [ 31.147278, -0.700201 ], [ 31.146453, -0.69933 ], [ 31.146281, -0.699054 ], [ 31.145868, -0.698561 ], [ 31.144585, -0.697139 ], [ 31.143979, -0.696704 ], [ 31.142789, -0.696052 ], [ 31.141577, -0.695331 ], [ 31.141325, -0.695113 ], [ 31.139678, -0.694013 ], [ 31.137904, -0.69265 ], [ 31.137365, -0.692054 ], [ 31.136793, -0.691572 ], [ 31.134001, -0.689591 ], [ 31.133372, -0.68919 ], [ 31.132789, -0.688881 ], [ 31.130056, -0.687624 ], [ 31.129028, -0.68727 ], [ 31.128525, -0.687052 ], [ 31.127747, -0.686652 ], [ 31.126387, -0.686069 ], [ 31.12593, -0.685932 ], [ 31.123827, -0.685178 ], [ 31.123552, -0.685053 ], [ 31.122992, -0.684698 ], [ 31.122695, -0.684561 ], [ 31.121837, -0.68408 ], [ 31.121037, -0.683771 ], [ 31.119471, -0.683315 ], [ 31.118626, -0.68303 ], [ 31.118271, -0.682881 ], [ 31.117289, -0.682585 ], [ 31.11634, -0.682196 ], [ 31.1141, -0.681362 ], [ 31.11267, -0.680642 ], [ 31.111756, -0.680276 ], [ 31.10899, -0.679306 ], [ 31.107676, -0.678941 ], [ 31.106465, -0.678507 ], [ 31.106167, -0.678347 ], [ 31.105824, -0.67806 ], [ 31.104454, -0.677925 ], [ 31.102762, -0.677309 ], [ 31.102454, -0.677252 ], [ 31.101769, -0.677242 ], [ 31.101163, -0.677117 ], [ 31.100261, -0.676855 ], [ 31.099198, -0.676374 ], [ 31.098546, -0.676008 ], [ 31.096888, -0.675173 ], [ 31.096533, -0.674933 ], [ 31.095984, -0.674497 ], [ 31.09509, -0.673592 ], [ 31.094574, -0.673194 ], [ 31.094307, -0.67279 ], [ 31.094058, -0.672245 ], [ 31.093931, -0.671675 ], [ 31.093861, -0.671239 ], [ 31.093836, -0.670538 ], [ 31.093876, -0.668826 ], [ 31.094047, -0.668516 ], [ 31.094273, -0.667929 ], [ 31.09434, -0.66755 ], [ 31.094679, -0.6664 ], [ 31.094814, -0.665791 ], [ 31.094904, -0.665492 ], [ 31.095063, -0.665228 ], [ 31.095337, -0.665043 ], [ 31.095622, -0.664928 ], [ 31.095862, -0.665088 ], [ 31.096068, -0.665271 ], [ 31.09632, -0.665558 ], [ 31.096699, -0.666063 ], [ 31.097431, -0.666739 ], [ 31.097672, -0.667003 ], [ 31.097935, -0.667071 ], [ 31.09822, -0.667093 ], [ 31.09927, -0.667091 ], [ 31.099634, -0.666654 ], [ 31.10125, -0.664881 ], [ 31.102615, -0.663602 ], [ 31.103604, -0.662291 ], [ 31.104333, -0.661554 ], [ 31.104492, -0.6613 ], [ 31.105402, -0.660287 ], [ 31.105788, -0.65977 ], [ 31.106573, -0.658941 ], [ 31.106744, -0.65871 ], [ 31.106958, -0.658067 ], [ 31.107218, -0.657009 ], [ 31.107329, -0.656113 ], [ 31.107475, -0.655411 ], [ 31.107734, -0.654457 ], [ 31.10804, -0.653491 ], [ 31.108357, -0.652813 ], [ 31.108424, -0.652468 ], [ 31.108627, -0.651744 ], [ 31.108671, -0.651077 ], [ 31.108624, -0.650744 ], [ 31.108267, -0.649585 ], [ 31.107957, -0.648953 ], [ 31.10734, -0.64892 ], [ 31.107031, -0.648806 ], [ 31.10662, -0.648738 ], [ 31.106277, -0.648704 ], [ 31.105878, -0.648705 ], [ 31.105626, -0.648568 ], [ 31.106285, -0.647567 ], [ 31.106398, -0.647279 ], [ 31.10642, -0.646958 ], [ 31.106385, -0.646671 ], [ 31.106156, -0.646418 ], [ 31.105607, -0.646086 ], [ 31.104817, -0.645491 ], [ 31.104279, -0.645032 ], [ 31.104004, -0.644769 ], [ 31.103638, -0.644275 ], [ 31.103339, -0.64369 ], [ 31.102821, -0.642255 ], [ 31.102682, -0.641692 ], [ 31.102644, -0.640521 ], [ 31.102574, -0.640222 ], [ 31.102344, -0.639533 ], [ 31.102183, -0.639304 ], [ 31.102068, -0.638994 ], [ 31.102388, -0.639005 ], [ 31.102673, -0.63897 ], [ 31.103483, -0.638795 ], [ 31.103836, -0.638668 ], [ 31.104098, -0.638518 ], [ 31.104565, -0.63815 ], [ 31.104759, -0.637896 ], [ 31.104849, -0.63754 ], [ 31.105087, -0.636942 ], [ 31.105379, -0.635735 ], [ 31.105504, -0.635379 ], [ 31.105548, -0.635045 ], [ 31.105319, -0.634782 ], [ 31.10509, -0.634621 ], [ 31.104884, -0.634415 ], [ 31.104667, -0.63414 ], [ 31.104379, -0.633612 ], [ 31.104264, -0.633336 ], [ 31.104364, -0.632428 ], [ 31.104466, -0.632141 ], [ 31.104624, -0.631463 ], [ 31.104725, -0.63121 ], [ 31.104984, -0.629934 ], [ 31.104983, -0.629635 ], [ 31.104683, -0.628659 ], [ 31.104759, -0.627418 ], [ 31.104747, -0.627097 ], [ 31.104665, -0.626488 ], [ 31.104674, -0.625856 ], [ 31.10473, -0.625557 ], [ 31.105364, -0.623752 ], [ 31.105408, -0.623419 ], [ 31.105396, -0.623108 ], [ 31.105475, -0.622775 ], [ 31.10577, -0.622269 ], [ 31.105952, -0.62205 ], [ 31.106486, -0.621521 ], [ 31.107238, -0.620898 ], [ 31.107954, -0.620116 ], [ 31.108523, -0.619356 ], [ 31.108955, -0.61893 ], [ 31.109603, -0.618159 ], [ 31.109808, -0.617848 ], [ 31.109944, -0.617549 ], [ 31.110137, -0.617227 ], [ 31.110465, -0.616318 ], [ 31.110533, -0.61602 ], [ 31.11055, -0.614411 ], [ 31.110777, -0.613882 ], [ 31.111163, -0.61333 ], [ 31.111538, -0.612858 ], [ 31.111812, -0.61265 ], [ 31.112085, -0.612535 ], [ 31.112382, -0.612477 ], [ 31.112701, -0.612373 ], [ 31.113145, -0.61205 ], [ 31.113543, -0.611601 ], [ 31.113827, -0.611106 ], [ 31.114201, -0.610209 ], [ 31.114894, -0.609093 ], [ 31.115177, -0.608461 ], [ 31.115336, -0.608208 ], [ 31.116076, -0.60762 ], [ 31.116543, -0.607194 ], [ 31.117247, -0.606089 ], [ 31.117383, -0.60579 ], [ 31.117701, -0.605296 ], [ 31.118156, -0.604835 ], [ 31.11901, -0.604178 ], [ 31.119796, -0.603487 ], [ 31.12041, -0.602819 ], [ 31.120945, -0.602404 ], [ 31.139839, -0.616632 ], [ 31.147576, -0.612249 ], [ 31.15915, -0.611866 ], [ 31.160076, -0.615564 ], [ 31.160248, -0.618023 ], [ 31.160842, -0.626535 ], [ 31.167197, -0.64302 ], [ 31.166901, -0.643261 ], [ 31.168217, -0.646885 ], [ 31.1798, -0.678787 ], [ 31.181507, -0.683489 ], [ 31.154921, -0.706464 ] ] ] } },
{ "type": "Feature", "properties": { "AREA": 5997858.0, "PERIMETER": 11737.64, "GAZALL_": 857, "GAZALL_ID": 786, "PSUBJ": 4020, "NAME": "Kigona River", "FD_CODE": "RA/7", "FD_NAME": "Kigona River (part)", "GAZTYPE": "CFR", "COMMENT": null, "ANNONAM": "Kigona River CFR", "ANNOTYP": "(RA/7)", "AREA_HA": 600 }, "geometry": { "type": "Polygon", "coordinates": [ [ [ 31.710434, -0.669296 ], [ 31.710608, -0.6696 ], [ 31.711031, -0.670048 ], [ 31.711739, -0.670416 ], [ 31.71191, -0.670645 ], [ 31.712105, -0.6716 ], [ 31.712219, -0.671876 ], [ 31.712379, -0.672094 ], [ 31.713144, -0.672588 ], [ 31.713327, -0.672795 ], [ 31.713453, -0.673037 ], [ 31.713533, -0.673324 ], [ 31.713716, -0.6746 ], [ 31.713796, -0.674888 ], [ 31.713991, -0.675186 ], [ 31.714244, -0.675438 ], [ 31.714768, -0.675957 ], [ 31.715727, -0.677141 ], [ 31.715944, -0.67737 ], [ 31.716436, -0.678106 ], [ 31.716527, -0.678371 ], [ 31.716596, -0.678945 ], [ 31.716459, -0.67952 ], [ 31.715957, -0.679831 ], [ 31.715386, -0.680061 ], [ 31.714964, -0.680521 ], [ 31.714793, -0.68074 ], [ 31.71477, -0.681108 ], [ 31.714804, -0.681453 ], [ 31.714964, -0.681751 ], [ 31.715342, -0.682211 ], [ 31.71557, -0.682407 ], [ 31.715844, -0.68259 ], [ 31.716141, -0.682682 ], [ 31.716986, -0.682832 ], [ 31.717271, -0.682923 ], [ 31.717785, -0.683211 ], [ 31.717945, -0.683429 ], [ 31.717957, -0.683717 ], [ 31.717489, -0.684533 ], [ 31.717261, -0.685051 ], [ 31.717181, -0.685327 ], [ 31.717113, -0.686281 ], [ 31.717114, -0.686626 ], [ 31.717171, -0.687592 ], [ 31.717137, -0.688592 ], [ 31.717195, -0.689259 ], [ 31.717263, -0.689523 ], [ 31.717492, -0.689834 ], [ 31.717743, -0.690121 ], [ 31.718406, -0.690742 ], [ 31.71876, -0.691259 ], [ 31.718863, -0.691581 ], [ 31.718875, -0.692225 ], [ 31.718909, -0.692535 ], [ 31.719092, -0.693041 ], [ 31.719321, -0.694053 ], [ 31.719493, -0.695042 ], [ 31.719584, -0.696042 ], [ 31.719745, -0.697031 ], [ 31.719825, -0.697445 ], [ 31.720019, -0.698088 ], [ 31.720393, -0.698775 ], [ 31.720337, -0.698854 ], [ 31.719957, -0.699692 ], [ 31.719413, -0.700398 ], [ 31.718986, -0.700808 ], [ 31.718367, -0.700985 ], [ 31.717839, -0.70122 ], [ 31.716545, -0.701574 ], [ 31.716246, -0.701697 ], [ 31.71565, -0.701863 ], [ 31.714014, -0.702122 ], [ 31.712424, -0.702323 ], [ 31.710867, -0.702605 ], [ 31.709859, -0.702881 ], [ 31.708807, -0.70295 ], [ 31.708543, -0.703028 ], [ 31.707947, -0.703263 ], [ 31.707659, -0.703421 ], [ 31.707486, -0.703637 ], [ 31.707267, -0.703819 ], [ 31.70707, -0.704046 ], [ 31.706829, -0.704216 ], [ 31.706508, -0.704316 ], [ 31.705549, -0.704283 ], [ 31.705296, -0.704395 ], [ 31.705099, -0.704646 ], [ 31.704887, -0.705276 ], [ 31.704701, -0.705549 ], [ 31.704482, -0.705777 ], [ 31.704184, -0.705843 ], [ 31.703943, -0.706001 ], [ 31.703611, -0.706066 ], [ 31.701929, -0.698462 ], [ 31.698161, -0.689296 ], [ 31.700012, -0.687006 ], [ 31.701144, -0.686983 ], [ 31.702541, -0.685493 ], [ 31.702412, -0.67917 ], [ 31.702137, -0.679225 ], [ 31.70184, -0.679221 ], [ 31.701566, -0.679149 ], [ 31.701043, -0.678914 ], [ 31.700532, -0.678587 ], [ 31.700271, -0.678457 ], [ 31.699963, -0.678397 ], [ 31.699678, -0.678405 ], [ 31.699403, -0.678471 ], [ 31.699083, -0.678479 ], [ 31.699267, -0.676148 ], [ 31.709406, -0.673418 ], [ 31.710434, -0.669296 ] ] ] } },
{ "type": "Feature", "properties": { "AREA": 454835.3, "PERIMETER": 3207.081, "GAZALL_": 859, "GAZALL_ID": 788, "PSUBJ": 4020, "NAME": "Lajabwa", "FD_CODE": "KN/18", "FD_NAME": "Lajabwa", "GAZTYPE": "CFR", "COMMENT": null, "ANNONAM": "Lajabwa CFR", "ANNOTYP": "(KN/18)", "AREA_HA": 45 }, "geometry": { "type": "Polygon", "coordinates": [ [ [ 32.183409, -0.684663 ], [ 32.184084, -0.685805 ], [ 32.184296, -0.686378 ], [ 32.184239, -0.688448 ], [ 32.184141, -0.689874 ], [ 32.184125, -0.690518 ], [ 32.184191, -0.691299 ], [ 32.18432, -0.691608 ], [ 32.184635, -0.692157 ], [ 32.185032, -0.69298 ], [ 32.185438, -0.693482 ], [ 32.185566, -0.693756 ], [ 32.185639, -0.694077 ], [ 32.185562, -0.694423 ], [ 32.185406, -0.694723 ], [ 32.185203, -0.694944 ], [ 32.184907, -0.695005 ], [ 32.184608, -0.694893 ], [ 32.184344, -0.694746 ], [ 32.184012, -0.694658 ], [ 32.183648, -0.694823 ], [ 32.183411, -0.695055 ], [ 32.183036, -0.695186 ], [ 32.182693, -0.69512 ], [ 32.181865, -0.694658 ], [ 32.180524, -0.694212 ], [ 32.179883, -0.69407 ], [ 32.178934, -0.693976 ], [ 32.178591, -0.693877 ], [ 32.178416, -0.693603 ], [ 32.178299, -0.693293 ], [ 32.17842, -0.692924 ], [ 32.178891, -0.692126 ], [ 32.179862, -0.691185 ], [ 32.180268, -0.690674 ], [ 32.181106, -0.689045 ], [ 32.181611, -0.688246 ], [ 32.182305, -0.686986 ], [ 32.182549, -0.68642 ], [ 32.182603, -0.686097 ], [ 32.182702, -0.685751 ], [ 32.182947, -0.685185 ], [ 32.183092, -0.684908 ], [ 32.183283, -0.684676 ], [ 32.183409, -0.684663 ] ] ] } },
{ "type": "Feature", "properties": { "AREA": 18692520.0, "PERIMETER": 43486.02, "GAZALL_": 879, "GAZALL_ID": 808, "PSUBJ": 4020, "NAME": "Kaiso", "FD_CODE": "RA/5", "FD_NAME": "Kaiso", "GAZTYPE": "CFR", "COMMENT": null, "ANNONAM": "Kaiso CFR", "ANNOTYP": "(RA/5)", "AREA_HA": 1869 }, "geometry": { "type": "Polygon", "coordinates": [ [ [ 31.503326, -1.000097 ], [ 31.504044, -0.999884 ], [ 31.50457, -0.999767 ], [ 31.504901, -0.999571 ], [ 31.505272, -0.998767 ], [ 31.505525, -0.998199 ], [ 31.505681, -0.997611 ], [ 31.505662, -0.997395 ], [ 31.505292, -0.997121 ], [ 31.50465, -0.996964 ], [ 31.504182, -0.996709 ], [ 31.503812, -0.996571 ], [ 31.50354, -0.996375 ], [ 31.503267, -0.996316 ], [ 31.503033, -0.996551 ], [ 31.50278, -0.996904 ], [ 31.502352, -0.997159 ], [ 31.501864, -0.997217 ], [ 31.501378, -0.99708 ], [ 31.501066, -0.997021 ], [ 31.500705, -0.99704 ], [ 31.500388, -0.996997 ], [ 31.500075, -0.996893 ], [ 31.498931, -0.996433 ], [ 31.498306, -0.996151 ], [ 31.497239, -0.99561 ], [ 31.496249, -0.995219 ], [ 31.495573, -0.994878 ], [ 31.495235, -0.994564 ], [ 31.495027, -0.994198 ], [ 31.494923, -0.993701 ], [ 31.494792, -0.993361 ], [ 31.494663, -0.992889 ], [ 31.494741, -0.99255 ], [ 31.494897, -0.99242 ], [ 31.495652, -0.992427 ], [ 31.495939, -0.992325 ], [ 31.497448, -0.992299 ], [ 31.497839, -0.992412 ], [ 31.498074, -0.992393 ], [ 31.499505, -0.99231 ], [ 31.500104, -0.99217 ], [ 31.500705, -0.992029 ], [ 31.501595, -0.991674 ], [ 31.502306, -0.991227 ], [ 31.503654, -0.990832 ], [ 31.504664, -0.990324 ], [ 31.50517, -0.98942 ], [ 31.505171, -0.988403 ], [ 31.505564, -0.987047 ], [ 31.505565, -0.98569 ], [ 31.504892, -0.98456 ], [ 31.503937, -0.984107 ], [ 31.502422, -0.983824 ], [ 31.501299, -0.983315 ], [ 31.500705, -0.982913 ], [ 31.500544, -0.982727 ], [ 31.50023, -0.98231 ], [ 31.499978, -0.981951 ], [ 31.499705, -0.981843 ], [ 31.498744, -0.981428 ], [ 31.498283, -0.980814 ], [ 31.498014, -0.98056 ], [ 31.497873, -0.980012 ], [ 31.497061, -0.979669 ], [ 31.496644, -0.979067 ], [ 31.496595, -0.978551 ], [ 31.496372, -0.978185 ], [ 31.495844, -0.977799 ], [ 31.495332, -0.977532 ], [ 31.495155, -0.977311 ], [ 31.494457, -0.976874 ], [ 31.494101, -0.976803 ], [ 31.493309, -0.976161 ], [ 31.49331, -0.975391 ], [ 31.493255, -0.974622 ], [ 31.492873, -0.973302 ], [ 31.492655, -0.971542 ], [ 31.492929, -0.969782 ], [ 31.493367, -0.968847 ], [ 31.494024, -0.968407 ], [ 31.49468, -0.968407 ], [ 31.495555, -0.968902 ], [ 31.496265, -0.970442 ], [ 31.496975, -0.971486 ], [ 31.498178, -0.97264 ], [ 31.499381, -0.973024 ], [ 31.499928, -0.973517 ], [ 31.500146, -0.973956 ], [ 31.499818, -0.975215 ], [ 31.499817, -0.976146 ], [ 31.499984, -0.976746 ], [ 31.500254, -0.977131 ], [ 31.500706, -0.977841 ], [ 31.500743, -0.977697 ], [ 31.501395, -0.978276 ], [ 31.502389, -0.978451 ], [ 31.503729, -0.978364 ], [ 31.50468, -0.978756 ], [ 31.505414, -0.979453 ], [ 31.505846, -0.980149 ], [ 31.506322, -0.980193 ], [ 31.507014, -0.97941 ], [ 31.507662, -0.978018 ], [ 31.508009, -0.976495 ], [ 31.507274, -0.976103 ], [ 31.505546, -0.975102 ], [ 31.503861, -0.974361 ], [ 31.502218, -0.973839 ], [ 31.501397, -0.97336 ], [ 31.501008, -0.97275 ], [ 31.501484, -0.972054 ], [ 31.502262, -0.971576 ], [ 31.503386, -0.971316 ], [ 31.504423, -0.971664 ], [ 31.505028, -0.972317 ], [ 31.505676, -0.973449 ], [ 31.50667, -0.974537 ], [ 31.507794, -0.974929 ], [ 31.509004, -0.975191 ], [ 31.509825, -0.974538 ], [ 31.510345, -0.973277 ], [ 31.510388, -0.972232 ], [ 31.510216, -0.971754 ], [ 31.50987, -0.971449 ], [ 31.509221, -0.971623 ], [ 31.508357, -0.9711 ], [ 31.507882, -0.970621 ], [ 31.507191, -0.970578 ], [ 31.506153, -0.970621 ], [ 31.505375, -0.970359 ], [ 31.504813, -0.970011 ], [ 31.504813, -0.969532 ], [ 31.50478, -0.969532 ], [ 31.504765, -0.969339 ], [ 31.50513, -0.96881 ], [ 31.505736, -0.968362 ], [ 31.507435, -0.96759 ], [ 31.508608, -0.967142 ], [ 31.509943, -0.967062 ], [ 31.510267, -0.967102 ], [ 31.510388, -0.967428 ], [ 31.511035, -0.96751 ], [ 31.512127, -0.967388 ], [ 31.51326, -0.967022 ], [ 31.514352, -0.966616 ], [ 31.51508, -0.966005 ], [ 31.515485, -0.965598 ], [ 31.515768, -0.96568 ], [ 31.516293, -0.965802 ], [ 31.516941, -0.965558 ], [ 31.517871, -0.965437 ], [ 31.518639, -0.965559 ], [ 31.519003, -0.965926 ], [ 31.519367, -0.966659 ], [ 31.51965, -0.967432 ], [ 31.519892, -0.967799 ], [ 31.520458, -0.967962 ], [ 31.521307, -0.968532 ], [ 31.522156, -0.968858 ], [ 31.523168, -0.969144 ], [ 31.523855, -0.969388 ], [ 31.524219, -0.969429 ], [ 31.524381, -0.969022 ], [ 31.524219, -0.968778 ], [ 31.523451, -0.968574 ], [ 31.522521, -0.968411 ], [ 31.521712, -0.968084 ], [ 31.52155, -0.967637 ], [ 31.52151, -0.966944 ], [ 31.521672, -0.966008 ], [ 31.52143, -0.965194 ], [ 31.520864, -0.964135 ], [ 31.520298, -0.963321 ], [ 31.519975, -0.96271 ], [ 31.520016, -0.962303 ], [ 31.52042, -0.961774 ], [ 31.521189, -0.961082 ], [ 31.521877, -0.960268 ], [ 31.52212, -0.959576 ], [ 31.522444, -0.958395 ], [ 31.522363, -0.957622 ], [ 31.522121, -0.957133 ], [ 31.521757, -0.95693 ], [ 31.521393, -0.956767 ], [ 31.520099, -0.956359 ], [ 31.519412, -0.956196 ], [ 31.518725, -0.955944 ], [ 31.517891, -0.955354 ], [ 31.517172, -0.955125 ], [ 31.516793, -0.955087 ], [ 31.516112, -0.954972 ], [ 31.515544, -0.954934 ], [ 31.515051, -0.954819 ], [ 31.514492, -0.954732 ], [ 31.513561, -0.954389 ], [ 31.512699, -0.953406 ], [ 31.511859, -0.952469 ], [ 31.511133, -0.951532 ], [ 31.510771, -0.950709 ], [ 31.509642, -0.950057 ], [ 31.509031, -0.9498 ], [ 31.508297, -0.94984 ], [ 31.507253, -0.949885 ], [ 31.507018, -0.949904 ], [ 31.506805, -0.950407 ], [ 31.506634, -0.950622 ], [ 31.506349, -0.950665 ], [ 31.505935, -0.950566 ], [ 31.505792, -0.950609 ], [ 31.505578, -0.950796 ], [ 31.505307, -0.950868 ], [ 31.505123, -0.95078 ], [ 31.504892, -0.950482 ], [ 31.504778, -0.950224 ], [ 31.504648, -0.949679 ], [ 31.504647, -0.948934 ], [ 31.504541, -0.947987 ], [ 31.504573, -0.947557 ], [ 31.504487, -0.947299 ], [ 31.50433, -0.94707 ], [ 31.503958, -0.946841 ], [ 31.503162, -0.946843 ], [ 31.502608, -0.946461 ], [ 31.501587, -0.946204 ], [ 31.500707, -0.945695 ], [ 31.499634, -0.94498 ], [ 31.49863, -0.944468 ], [ 31.497801, -0.944404 ], [ 31.496671, -0.944138 ], [ 31.495918, -0.944261 ], [ 31.495214, -0.944967 ], [ 31.493984, -0.945569 ], [ 31.492552, -0.946042 ], [ 31.491209, -0.946426 ], [ 31.490186, -0.947004 ], [ 31.489546, -0.947003 ], [ 31.489354, -0.94681 ], [ 31.489546, -0.946231 ], [ 31.489291, -0.945458 ], [ 31.488907, -0.945007 ], [ 31.488844, -0.944363 ], [ 31.489675, -0.944042 ], [ 31.490635, -0.943721 ], [ 31.49153, -0.943335 ], [ 31.49185, -0.943142 ], [ 31.492453, -0.943237 ], [ 31.492704, -0.942934 ], [ 31.492604, -0.942175 ], [ 31.492303, -0.942048 ], [ 31.491403, -0.942111 ], [ 31.490508, -0.941595 ], [ 31.490252, -0.941273 ], [ 31.490381, -0.939792 ], [ 31.490445, -0.938054 ], [ 31.489423, -0.935929 ], [ 31.489232, -0.934899 ], [ 31.488784, -0.934255 ], [ 31.488785, -0.933418 ], [ 31.488401, -0.933096 ], [ 31.488273, -0.93271 ], [ 31.488338, -0.931551 ], [ 31.489042, -0.930585 ], [ 31.489681, -0.929684 ], [ 31.490833, -0.929299 ], [ 31.491536, -0.929299 ], [ 31.492431, -0.929685 ], [ 31.493455, -0.929622 ], [ 31.494222, -0.929557 ], [ 31.494925, -0.930394 ], [ 31.495564, -0.931103 ], [ 31.496012, -0.931682 ], [ 31.496394, -0.933613 ], [ 31.49665, -0.935221 ], [ 31.497528, -0.936963 ], [ 31.498732, -0.938875 ], [ 31.499859, -0.940106 ], [ 31.500707, -0.941434 ], [ 31.500824, -0.94154 ], [ 31.501029, -0.941708 ], [ 31.501175, -0.941884 ], [ 31.501225, -0.941973 ], [ 31.50131, -0.942731 ], [ 31.50141, -0.943003 ], [ 31.501639, -0.943289 ], [ 31.501925, -0.943404 ], [ 31.502679, -0.943402 ], [ 31.503341, -0.943226 ], [ 31.504189, -0.943167 ], [ 31.504423, -0.943256 ], [ 31.504638, -0.943413 ], [ 31.504795, -0.943642 ], [ 31.50491, -0.944043 ], [ 31.505211, -0.944659 ], [ 31.505397, -0.94486 ], [ 31.505663, -0.945361 ], [ 31.506082, -0.945821 ], [ 31.506399, -0.946392 ], [ 31.507242, -0.947237 ], [ 31.507743, -0.947809 ], [ 31.507972, -0.94801 ], [ 31.508229, -0.948153 ], [ 31.508957, -0.948323 ], [ 31.509728, -0.948322 ], [ 31.510909, -0.948616 ], [ 31.511449, -0.948669 ], [ 31.512681, -0.948292 ], [ 31.513197, -0.948157 ], [ 31.514068, -0.947763 ], [ 31.51469, -0.94745 ], [ 31.515527, -0.947041 ], [ 31.516436, -0.946175 ], [ 31.516915, -0.945886 ], [ 31.517225, -0.945959 ], [ 31.517417, -0.946103 ], [ 31.517488, -0.946296 ], [ 31.517273, -0.946729 ], [ 31.516962, -0.947042 ], [ 31.51634, -0.947451 ], [ 31.515694, -0.94798 ], [ 31.51494, -0.948556 ], [ 31.514139, -0.948822 ], [ 31.513589, -0.949038 ], [ 31.51267, -0.948976 ], [ 31.511844, -0.948989 ], [ 31.511485, -0.949206 ], [ 31.511174, -0.949422 ], [ 31.510743, -0.949567 ], [ 31.510743, -0.949904 ], [ 31.511604, -0.950795 ], [ 31.512201, -0.951036 ], [ 31.512823, -0.951277 ], [ 31.513157, -0.952192 ], [ 31.513372, -0.953058 ], [ 31.513922, -0.953877 ], [ 31.514138, -0.953964 ], [ 31.514946, -0.954276 ], [ 31.515513, -0.954344 ], [ 31.516058, -0.954573 ], [ 31.516898, -0.954596 ], [ 31.517647, -0.954619 ], [ 31.518146, -0.954551 ], [ 31.51865, -0.954575 ], [ 31.519648, -0.955559 ], [ 31.521735, -0.955952 ], [ 31.522047, -0.95587 ], [ 31.522304, -0.955898 ], [ 31.522824, -0.955831 ], [ 31.523503, -0.955523 ], [ 31.52376, -0.955494 ], [ 31.523845, -0.955393 ], [ 31.524116, -0.955292 ], [ 31.525083, -0.955068 ], [ 31.525725, -0.954763 ], [ 31.526423, -0.9546 ], [ 31.52687, -0.954613 ], [ 31.527128, -0.954713 ], [ 31.527757, -0.954761 ], [ 31.528213, -0.954596 ], [ 31.528926, -0.954595 ], [ 31.529241, -0.954831 ], [ 31.529712, -0.954948 ], [ 31.530018, -0.955178 ], [ 31.530137, -0.95553 ], [ 31.530099, -0.956055 ], [ 31.530143, -0.956328 ], [ 31.5303, -0.956571 ], [ 31.530558, -0.9568 ], [ 31.531039, -0.957379 ], [ 31.531537, -0.957766 ], [ 31.531944, -0.957902 ], [ 31.53276, -0.958275 ], [ 31.532804, -0.958249 ], [ 31.533003, -0.958856 ], [ 31.533924, -0.959916 ], [ 31.534916, -0.96113 ], [ 31.535837, -0.962416 ], [ 31.53644, -0.963736 ], [ 31.537219, -0.964986 ], [ 31.538105, -0.965629 ], [ 31.539488, -0.965951 ], [ 31.540942, -0.966058 ], [ 31.541686, -0.966059 ], [ 31.542005, -0.966202 ], [ 31.54197, -0.966451 ], [ 31.541544, -0.966594 ], [ 31.540587, -0.966772 ], [ 31.5397, -0.966772 ], [ 31.538566, -0.966557 ], [ 31.53775, -0.966414 ], [ 31.537407, -0.966529 ], [ 31.537077, -0.966842 ], [ 31.537043, -0.967457 ], [ 31.536858, -0.967672 ], [ 31.536644, -0.96783 ], [ 31.53623, -0.967831 ], [ 31.535873, -0.96776 ], [ 31.535246, -0.9681 ], [ 31.534646, -0.968236 ], [ 31.534418, -0.968465 ], [ 31.53439, -0.968767 ], [ 31.534491, -0.969311 ], [ 31.534591, -0.969584 ], [ 31.535124, -0.969814 ], [ 31.535805, -0.969868 ], [ 31.536376, -0.969853 ], [ 31.536489, -0.969799 ], [ 31.538103, -0.969667 ], [ 31.539805, -0.969703 ], [ 31.540975, -0.970275 ], [ 31.541932, -0.970917 ], [ 31.543137, -0.970989 ], [ 31.543918, -0.970847 ], [ 31.544485, -0.970919 ], [ 31.544556, -0.971311 ], [ 31.544342, -0.972239 ], [ 31.544094, -0.973024 ], [ 31.5442, -0.973417 ], [ 31.544909, -0.973703 ], [ 31.545441, -0.973667 ], [ 31.54608, -0.973203 ], [ 31.546612, -0.973061 ], [ 31.547285, -0.973275 ], [ 31.547746, -0.973918 ], [ 31.548419, -0.974525 ], [ 31.548667, -0.975025 ], [ 31.548596, -0.975453 ], [ 31.5481, -0.975381 ], [ 31.547497, -0.975024 ], [ 31.547107, -0.97456 ], [ 31.546576, -0.974167 ], [ 31.545866, -0.974167 ], [ 31.545228, -0.974452 ], [ 31.544732, -0.974702 ], [ 31.544731, -0.97513 ], [ 31.544731, -0.975594 ], [ 31.54427, -0.976236 ], [ 31.543596, -0.977307 ], [ 31.542815, -0.978235 ], [ 31.542212, -0.979269 ], [ 31.542347, -0.980008 ], [ 31.542057, -0.98108 ], [ 31.541523, -0.982078 ], [ 31.540799, -0.982577 ], [ 31.539943, -0.982871 ], [ 31.539654, -0.982998 ], [ 31.539307, -0.983128 ], [ 31.538841, -0.983557 ], [ 31.538612, -0.983615 ], [ 31.538399, -0.983816 ], [ 31.538275, -0.984078 ], [ 31.538119, -0.98418 ], [ 31.537362, -0.984433 ], [ 31.536689, -0.984941 ], [ 31.536015, -0.985873 ], [ 31.535258, -0.98655 ], [ 31.534247, -0.987735 ], [ 31.533826, -0.98909 ], [ 31.534078, -0.990276 ], [ 31.53433, -0.991208 ], [ 31.533572, -0.992732 ], [ 31.532562, -0.993748 ], [ 31.530878, -0.995272 ], [ 31.530289, -0.996373 ], [ 31.529528, -0.997522 ], [ 31.529466, -0.997691 ], [ 31.529607, -0.998107 ], [ 31.529633, -0.998435 ], [ 31.529527, -0.998744 ], [ 31.529395, -0.99886 ], [ 31.528709, -0.999019 ], [ 31.528419, -0.999027 ], [ 31.528093, -0.999107 ], [ 31.527759, -0.99924 ], [ 31.527459, -0.999417 ], [ 31.526808, -1.000108 ], [ 31.503326, -1.000097 ] ] ] } },
{ "type": "Feature", "properties": { "AREA": 8853935.0, "PERIMETER": 13673.41, "GAZALL_": 884, "GAZALL_ID": 812, "PSUBJ": 4022, "NAME": "Bwindi", "FD_CODE": null, "FD_NAME": null, "GAZTYPE": "NP", "COMMENT": null, "ANNONAM": "Bwindi NP", "ANNOTYP": null, "AREA_HA": 885 }, "geometry": { "type": "Polygon", "coordinates": [ [ [ 29.642191, -1.078345 ], [ 29.642163, -1.078162 ], [ 29.642317, -1.077518 ], [ 29.642481, -1.077065 ], [ 29.642786, -1.076653 ], [ 29.643314, -1.076119 ], [ 29.643456, -1.075888 ], [ 29.643598, -1.07534 ], [ 29.643769, -1.075124 ], [ 29.643898, -1.075023 ], [ 29.644171, -1.074953 ], [ 29.644363, -1.074983 ], [ 29.644609, -1.075033 ], [ 29.644918, -1.075071 ], [ 29.645003, -1.07508 ], [ 29.645114, -1.075091 ], [ 29.645643, -1.075248 ], [ 29.645929, -1.075261 ], [ 29.646201, -1.075217 ], [ 29.647617, -1.075169 ], [ 29.648754, -1.074931 ], [ 29.649045, -1.074846 ], [ 29.649336, -1.074783 ], [ 29.65024, -1.074534 ], [ 29.65056, -1.07439 ], [ 29.651061, -1.074003 ], [ 29.651245, -1.073912 ], [ 29.651497, -1.073838 ], [ 29.652018, -1.073658 ], [ 29.652526, -1.073622 ], [ 29.652745, -1.073677 ], [ 29.65302, -1.073784 ], [ 29.653536, -1.074172 ], [ 29.65448, -1.074312 ], [ 29.655196, -1.074325 ], [ 29.655453, -1.074237 ], [ 29.655739, -1.074208 ], [ 29.656283, -1.074321 ], [ 29.656569, -1.074306 ], [ 29.656826, -1.074219 ], [ 29.657168, -1.07393 ], [ 29.657355, -1.073692 ], [ 29.657522, -1.073481 ], [ 29.657904, -1.073251 ], [ 29.658368, -1.073111 ], [ 29.658703, -1.073059 ], [ 29.662093, -1.073062 ], [ 29.663976, -1.073159 ], [ 29.665764, -1.074393 ], [ 29.66783, -1.079799 ], [ 29.668296, -1.084159 ], [ 29.670382, -1.086895 ], [ 29.670603, -1.086939 ], [ 29.671651, -1.087415 ], [ 29.671737, -1.087501 ], [ 29.672109, -1.087658 ], [ 29.672195, -1.08773 ], [ 29.672796, -1.087785 ], [ 29.673111, -1.087784 ], [ 29.673625, -1.087718 ], [ 29.674388, -1.087764 ], [ 29.67477, -1.08788 ], [ 29.674856, -1.087937 ], [ 29.675054, -1.087975 ], [ 29.67545, -1.088144 ], [ 29.675701, -1.088395 ], [ 29.675816, -1.088424 ], [ 29.676131, -1.088754 ], [ 29.676246, -1.088811 ], [ 29.676518, -1.089069 ], [ 29.676619, -1.089098 ], [ 29.676929, -1.089346 ], [ 29.677115, -1.089606 ], [ 29.677455, -1.089849 ], [ 29.677551, -1.090088 ], [ 29.677566, -1.090361 ], [ 29.677638, -1.090462 ], [ 29.677752, -1.090505 ], [ 29.678404, -1.090455 ], [ 29.678706, -1.090492 ], [ 29.679039, -1.090681 ], [ 29.678984, -1.091048 ], [ 29.678641, -1.091394 ], [ 29.678671, -1.091769 ], [ 29.679281, -1.09216 ], [ 29.67933, -1.092285 ], [ 29.679317, -1.092717 ], [ 29.679361, -1.093004 ], [ 29.679447, -1.093263 ], [ 29.679753, -1.093671 ], [ 29.679792, -1.093867 ], [ 29.679793, -1.094011 ], [ 29.679736, -1.094126 ], [ 29.679522, -1.094271 ], [ 29.679472, -1.094415 ], [ 29.67968, -1.094692 ], [ 29.679681, -1.094925 ], [ 29.679252, -1.09525 ], [ 29.679158, -1.095378 ], [ 29.679183, -1.0961 ], [ 29.67927, -1.096997 ], [ 29.679475, -1.097439 ], [ 29.678918, -1.097133 ], [ 29.678324, -1.096813 ], [ 29.676714, -1.096291 ], [ 29.67644, -1.096257 ], [ 29.675461, -1.096388 ], [ 29.673822, -1.096865 ], [ 29.673561, -1.097004 ], [ 29.673311, -1.097189 ], [ 29.672949, -1.097696 ], [ 29.672768, -1.098019 ], [ 29.672656, -1.098353 ], [ 29.672344, -1.099596 ], [ 29.671838, -1.100839 ], [ 29.671693, -1.10146 ], [ 29.67166, -1.10168 ], [ 29.671424, -1.10182 ], [ 29.670991, -1.10155 ], [ 29.670527, -1.101367 ], [ 29.670241, -1.101311 ], [ 29.669422, -1.101435 ], [ 29.668797, -1.101717 ], [ 29.667383, -1.1025 ], [ 29.667026, -1.102775 ], [ 29.66687, -1.10302 ], [ 29.666556, -1.103323 ], [ 29.666082, -1.103906 ], [ 29.665872, -1.104333 ], [ 29.665858, -1.104707 ], [ 29.665716, -1.104938 ], [ 29.665259, -1.105357 ], [ 29.665002, -1.105502 ], [ 29.664446, -1.106036 ], [ 29.663739, -1.1068 ], [ 29.663504, -1.107018 ], [ 29.662924, -1.108223 ], [ 29.662764, -1.108345 ], [ 29.662393, -1.108806 ], [ 29.661621, -1.10986 ], [ 29.661566, -1.109759 ], [ 29.661251, -1.109501 ], [ 29.661093, -1.109257 ], [ 29.660919, -1.108581 ], [ 29.660747, -1.108365 ], [ 29.660675, -1.108207 ], [ 29.660173, -1.107705 ], [ 29.659636, -1.107287 ], [ 29.659477, -1.107022 ], [ 29.659012, -1.106514 ], [ 29.65871, -1.10604 ], [ 29.658457, -1.105758 ], [ 29.658361, -1.105518 ], [ 29.658021, -1.105121 ], [ 29.657878, -1.104891 ], [ 29.657705, -1.104359 ], [ 29.657575, -1.104114 ], [ 29.657006, -1.103404 ], [ 29.656596, -1.102641 ], [ 29.656501, -1.102405 ], [ 29.656339, -1.101642 ], [ 29.656001, -1.101185 ], [ 29.655918, -1.101112 ], [ 29.655163, -1.100451 ], [ 29.654692, -1.10019 ], [ 29.654661, -1.100147 ], [ 29.654352, -1.099915 ], [ 29.654059, -1.099519 ], [ 29.653656, -1.099106 ], [ 29.653156, -1.09873 ], [ 29.652655, -1.098487 ], [ 29.652626, -1.098228 ], [ 29.652511, -1.098027 ], [ 29.651998, -1.097488 ], [ 29.65142, -1.096519 ], [ 29.651248, -1.096304 ], [ 29.651175, -1.09603 ], [ 29.651104, -1.095475 ], [ 29.650828, -1.094563 ], [ 29.650828, -1.094419 ], [ 29.650829, -1.09431 ], [ 29.650831, -1.094173 ], [ 29.650877, -1.094003 ], [ 29.650855, -1.093909 ], [ 29.65081, -1.093109 ], [ 29.650709, -1.092851 ], [ 29.650254, -1.092085 ], [ 29.65025, -1.092003 ], [ 29.650063, -1.091787 ], [ 29.649758, -1.091254 ], [ 29.649734, -1.091201 ], [ 29.64957, -1.09084 ], [ 29.648901, -1.090294 ], [ 29.6488, -1.090035 ], [ 29.648655, -1.089215 ], [ 29.648554, -1.088971 ], [ 29.648453, -1.088453 ], [ 29.648323, -1.088065 ], [ 29.647846, -1.08747 ], [ 29.647481, -1.086813 ], [ 29.64736, -1.086182 ], [ 29.647259, -1.085923 ], [ 29.646843, -1.085478 ], [ 29.646571, -1.085407 ], [ 29.646328, -1.08525 ], [ 29.64585, -1.084736 ], [ 29.645731, -1.08444 ], [ 29.645195, -1.084087 ], [ 29.645008, -1.083858 ], [ 29.64495, -1.08357 ], [ 29.644562, -1.082848 ], [ 29.644561, -1.082549 ], [ 29.644686, -1.081976 ], [ 29.644606, -1.081575 ], [ 29.644214, -1.081053 ], [ 29.643855, -1.080464 ], [ 29.64328, -1.07907 ], [ 29.643093, -1.07884 ], [ 29.642606, -1.078525 ], [ 29.642191, -1.078345 ] ] ] } },
{ "type": "Feature", "properties": { "AREA": 1671825.0, "PERIMETER": 7851.82, "GAZALL_": 886, "GAZALL_ID": 814, "PSUBJ": 4020, "NAME": "Muko", "FD_CODE": "KB/4", "FD_NAME": "Muko", "GAZTYPE": "CFR", "COMMENT": null, "ANNONAM": "Muko CFR", "ANNOTYP": "(KB/4)", "AREA_HA": 167 }, "geometry": { "type": "Polygon", "coordinates": [ [ [ 29.846873, -1.211043 ], [ 29.847358, -1.216023 ], [ 29.842431, -1.216592 ], [ 29.840743, -1.215803 ], [ 29.840158, -1.216771 ], [ 29.838519, -1.21726 ], [ 29.836901, -1.217093 ], [ 29.833059, -1.215346 ], [ 29.831891, -1.213392 ], [ 29.830275, -1.213076 ], [ 29.828805, -1.213718 ], [ 29.827412, -1.216086 ], [ 29.822254, -1.213856 ], [ 29.823178, -1.213066 ], [ 29.823071, -1.212639 ], [ 29.82286, -1.212267 ], [ 29.822429, -1.212064 ], [ 29.821747, -1.211879 ], [ 29.82133, -1.210048 ], [ 29.822273, -1.208735 ], [ 29.831431, -1.212843 ], [ 29.832209, -1.2084 ], [ 29.846873, -1.211043 ] ] ] } },
{ "type": "Feature", "properties": { "AREA": 1069276.0, "PERIMETER": 9801.97, "GAZALL_": 892, "GAZALL_ID": 820, "PSUBJ": 4020, "NAME": "Kabale", "FD_CODE": "KB/2", "FD_NAME": "Kabale", "GAZTYPE": "CFR", "COMMENT": null, "ANNONAM": "Kabale CFR", "ANNOTYP": "(KB/2)", "AREA_HA": 107 }, "geometry": { "type": "Polygon", "coordinates": [ [ [ 30.000675, -1.290922 ], [ 30.000798, -1.291332 ], [ 30.000829, -1.291505 ], [ 30.00081, -1.291633 ], [ 30.000675, -1.291901 ], [ 30.000307, -1.292762 ], [ 30.000059, -1.29297 ], [ 29.999753, -1.2929 ], [ 29.999304, -1.2924 ], [ 29.99896, -1.291822 ], [ 29.997025, -1.287487 ], [ 29.99697, -1.287153 ], [ 29.996587, -1.286084 ], [ 29.996222, -1.283939 ], [ 29.994934, -1.280565 ], [ 29.994935, -1.280197 ], [ 29.995014, -1.279879 ], [ 29.995272, -1.279281 ], [ 29.995595, -1.278363 ], [ 29.995662, -1.277986 ], [ 29.995661, -1.276636 ], [ 29.99562, -1.275914 ], [ 29.995259, -1.27456 ], [ 29.995013, -1.270633 ], [ 29.995027, -1.27027 ], [ 29.994878, -1.268307 ], [ 29.994852, -1.267641 ], [ 29.994769, -1.267189 ], [ 29.994834, -1.263706 ], [ 29.99491, -1.263355 ], [ 29.99501, -1.261857 ], [ 29.995088, -1.261513 ], [ 29.995212, -1.261145 ], [ 29.995354, -1.26088 ], [ 29.99759, -1.259449 ], [ 29.999214, -1.2579 ], [ 29.999813, -1.257306 ], [ 30.000672, -1.25703 ], [ 30.001288, -1.257067 ], [ 30.002476, -1.25704 ], [ 30.002784, -1.257034 ], [ 30.003899, -1.256661 ], [ 30.004514, -1.25651 ], [ 30.00481, -1.256424 ], [ 30.005838, -1.256494 ], [ 30.006168, -1.256944 ], [ 30.006298, -1.257309 ], [ 30.006038, -1.257882 ], [ 30.004403, -1.258699 ], [ 30.003596, -1.258948 ], [ 30.003289, -1.259085 ], [ 30.002699, -1.25942 ], [ 30.002427, -1.259594 ], [ 30.001986, -1.259989 ], [ 30.001684, -1.260523 ], [ 30.00147, -1.260788 ], [ 30.001256, -1.260977 ], [ 30.00078, -1.261318 ], [ 30.000673, -1.261379 ], [ 30.000127, -1.261762 ], [ 29.998948, -1.26247 ], [ 29.998727, -1.262677 ], [ 29.997947, -1.263623 ], [ 29.997495, -1.264238 ], [ 29.997089, -1.264871 ], [ 29.996619, -1.265473 ], [ 29.996445, -1.26586 ], [ 29.996337, -1.266321 ], [ 29.996277, -1.266687 ], [ 29.996222, -1.267521 ], [ 29.99624, -1.269206 ], [ 29.996096, -1.270265 ], [ 29.997009, -1.27622 ], [ 29.99715, -1.277545 ], [ 29.997008, -1.278196 ], [ 29.996632, -1.279032 ], [ 29.996644, -1.279366 ], [ 29.99682, -1.279613 ], [ 29.996668, -1.279798 ], [ 29.996764, -1.280125 ], [ 29.998495, -1.284695 ], [ 29.998527, -1.285097 ], [ 29.998593, -1.285787 ], [ 29.998933, -1.28714 ], [ 29.99931, -1.287762 ], [ 30.000241, -1.289171 ], [ 30.000493, -1.290084 ], [ 30.000675, -1.290922 ] ] ] } }
]
}
