{"type": "FeatureCollection", "name": "kampala_traffic_incidents", "features": [{"type": "Feature", "geometry": {"type": "Point", "coordinates": [32.59343315, 0.31677049]}, "properties": {"incident_type": "Rear-end collision", "severity": "Minor", "road_name": "Kampala - Jinja Highway", "road_class": "Highway", "date": "2023-07-16"}}, {"type": "Feature", "geometry": {"type": "Point", "coordinates": [32.58694658, 0.31262359]}, "properties": {"incident_type": "Rollover", "severity": "Serious", "road_name": "Jinja road", "road_class": "Highway", "date": "2023-05-13"}}, {"type": "Feature", "geometry": {"type": "Point", "coordinates": [32.57411615, 0.31863419]}, "properties": {"incident_type": "Motorcycle crash", "severity": "Minor", "road_name": "Bombo road", "road_class": "Highway", "date": "2023-07-18"}}, {"type": "Feature", "geometry": {"type": "Point", "coordinates": [32.57623193, 0.33261242]}, "properties": {"incident_type": "Hit & run", "severity": "Minor", "road_name": "Hajji Musa Kasule road", "road_class": "Highway", "date": "2023-04-21"}}, {"type": "Feature", "geometry": {"type": "Point", "coordinates": [32.6489207, 0.37586995]}, "properties": {"incident_type": "Vehicle collision", "severity": "Serious", "road_name": "Kyaliwajala - Namugongo road", "road_class": "Secondary road", "date": "2023-05-10"}}, {"type": "Feature", "geometry": {"type": "Point", "coordinates": [32.71017722, 0.37473869]}, "properties": {"incident_type": "Single vehicle accident", "severity": "Minor", "road_name": "Bukerere road", "road_class": "Secondary road", "date": "2023-08-30"}}, {"type": "Feature", "geometry": {"type": "Point", "coordinates": [32.71533465, 0.36317749]}, "properties": {"incident_type": "Motorcycle crash", "severity": "Minor", "road_name": "Namilyango road", "road_class": "Secondary road", "date": "2023-08-20"}}, {"type": "Feature", "geometry": {"type": "Point", "coordinates": [32.77173104, 0.3140237]}, "properties": {"incident_type": "Rear-end collision", "severity": "Minor", "road_name": "Kyetume - Katosi road", "road_class": "Secondary road", "date": "2023-09-06"}}, {"type": "Feature", "geometry": {"type": "Point", "coordinates": [32.76780194, 0.38268557]}, "properties": {"incident_type": "Rear-end collision", "severity": "Serious", "road_name": "Kayunga road", "road_class": "Major road", "date": "2023-07-30"}}, {"type": "Feature", "geometry": {"type": "Point", "coordinates": [32.52694958, 0.3317342]}, "properties": {"incident_type": "Rear-end collision", "severity": "Fatal", "road_name": "Kampala Northern Bypass", "road_class": "Highway", "date": "2023-05-28"}}, {"type": "Feature", "geometry": {"type": "Point", "coordinates": [32.63167593, 0.36354614]}, "properties": {"incident_type": "Single vehicle accident", "severity": "Minor", "road_name": "Naalya road", "road_class": "Secondary road", "date": "2023-09-02"}}, {"type": "Feature", "geometry": {"type": "Point", "coordinates": [32.62387463, 0.36300162]}, "properties": {"incident_type": "Rollover", "severity": "Minor", "road_name": "Najeera road", "road_class": "Secondary road", "date": "2023-06-23"}}, {"type": "Feature", "geometry": {"type": "Point", "coordinates": [32.62703609, 0.3674264]}, "properties": {"incident_type": "Head-on collision", "severity": "Serious", "road_name": "Majwala road", "road_class": "Motorable track", "date": "2023-07-24"}}, {"type": "Feature", "geometry": {"type": "Point", "coordinates": [32.62428954, 0.36278332]}, "properties": {"incident_type": "Rollover", "severity": "Minor", "road_name": "Kiwatule road", "road_class": "Secondary road", "date": "2023-12-20"}}, {"type": "Feature", "geometry": {"type": "Point", "coordinates": [32.6065704, 0.28878649]}, "properties": {"incident_type": "Head-on collision", "severity": "Minor", "road_name": "Ggaba road", "road_class": "Secondary road", "date": "2023-06-22"}}, {"type": "Feature", "geometry": {"type": "Point", "coordinates": [32.56548888, 0.27726594]}, "properties": {"incident_type": "Rear-end collision", "severity": "Minor", "road_name": "Entebe road", "road_class": "Highway", "date": "2023-10-10"}}, {"type": "Feature", "geometry": {"type": "Point", "coordinates": [32.56274748, 0.28226429]}, "properties": {"incident_type": "Motorcycle crash", "severity": "Minor", "road_name": "Weraga road", "road_class": "Secondary road", "date": "2023-12-15"}}, {"type": "Feature", "geometry": {"type": "Point", "coordinates": [32.50495225, 0.32114265]}, "properties": {"incident_type": "Hit & run", "severity": "Serious", "road_name": "Mityana road", "road_class": "Highway", "date": "2023-05-27"}}, {"type": "Feature", "geometry": {"type": "Point", "coordinates": [32.45939602, 0.35566703]}, "properties": {"incident_type": "Rear-end collision", "severity": "Serious", "road_name": "Ssentema road", "road_class": "Secondary road", "date": "2023-07-16"}}, {"type": "Feature", "geometry": {"type": "Point", "coordinates": [32.57547098, 0.33616383]}, "properties": {"incident_type": "Rollover", "severity": "Serious", "road_name": "Binaisa road", "road_class": "Highway", "date": "2023-07-07"}}, {"type": "Feature", "geometry": {"type": "Point", "coordinates": [32.58109809, 0.33062144]}, "properties": {"incident_type": "Vehicle collision", "severity": "Serious", "road_name": "Yusuf Lule road", "road_class": "Major road", "date": "2023-04-04"}}, {"type": "Feature", "geometry": {"type": "Point", "coordinates": [32.61979483, 0.3003825]}, "properties": {"incident_type": "Hit & run", "severity": "Fatal", "road_name": "Bukasa road", "road_class": "Secondary road", "date": "2023-01-10"}}, {"type": "Feature", "geometry": {"type": "Point", "coordinates": [32.61788551, 0.2974993]}, "properties": {"incident_type": "Single vehicle accident", "severity": "Minor", "road_name": "Kironde road", "road_class": "Motorable track", "date": "2023-04-30"}}, {"type": "Feature", "geometry": {"type": "Point", "coordinates": [32.51540009, 0.27677993]}, "properties": {"incident_type": "Vehicle-bicycle collision", "severity": "Minor", "road_name": "Nakawuka road", "road_class": "Secondary road", "date": "2023-11-07"}}, {"type": "Feature", "geometry": {"type": "Point", "coordinates": [32.6485995, 0.30050189]}, "properties": {"incident_type": "Collision with pedestrian", "severity": "Minor", "road_name": "Port Bell road", "road_class": "Major road", "date": "2023-11-10"}}, {"type": "Feature", "geometry": {"type": "Point", "coordinates": [32.54648806, 0.31043839]}, "properties": {"incident_type": "Single vehicle accident", "severity": "Serious", "road_name": "Makamba road", "road_class": "Secondary road", "date": "2023-02-18"}}, {"type": "Feature", "geometry": {"type": "Point", "coordinates": [32.55443658, 0.35368344]}, "properties": {"incident_type": "Vehicle collision", "severity": "Minor", "road_name": "Kawaala road", "road_class": "Secondary road", "date": "2023-03-07"}}, {"type": "Feature", "geometry": {"type": "Point", "coordinates": [32.49639997, 0.478097]}, "properties": {"incident_type": "Rollover", "severity": "Serious", "road_name": "Semuto road", "road_class": "Major road", "date": "2023-03-20"}}, {"type": "Feature", "geometry": {"type": "Point", "coordinates": [32.54853174, 0.3353614]}, "properties": {"incident_type": "Side-swipe", "severity": "Fatal", "road_name": "Hoima road", "road_class": "Highway", "date": "2023-04-12"}}, {"type": "Feature", "geometry": {"type": "Point", "coordinates": [32.59891769, 0.34915362]}, "properties": {"incident_type": "Motorcycle crash", "severity": "Minor", "road_name": "Bukoto - Kisasi road", "road_class": "Secondary road", "date": "2023-07-04"}}, {"type": "Feature", "geometry": {"type": "Point", "coordinates": [32.60096428, 0.43402693]}, "properties": {"incident_type": "Single vehicle accident", "severity": "Serious", "road_name": "Gayaza - Kalagi road", "road_class": "Major road", "date": "2023-06-23"}}, {"type": "Feature", "geometry": {"type": "Point", "coordinates": [32.5848362, 0.32269324]}, "properties": {"incident_type": "Vehicle collision", "severity": "Minor", "road_name": "Sezibwa road", "road_class": "Secondary road", "date": "2023-09-04"}}, {"type": "Feature", "geometry": {"type": "Point", "coordinates": [32.58409868, 0.32286251]}, "properties": {"incident_type": "Motorcycle crash", "severity": "Serious", "road_name": "Mackinon road", "road_class": "Secondary road", "date": "2023-09-12"}}, {"type": "Feature", "geometry": {"type": "Point", "coordinates": [32.5724131, 0.31712448]}, "properties": {"incident_type": "Vehicle collision", "severity": "Serious", "road_name": "Kyaggwe road", "road_class": "Secondary road", "date": "2023-07-03"}}, {"type": "Feature", "geometry": {"type": "Point", "coordinates": [32.57649718, 0.33101071]}, "properties": {"incident_type": "Single vehicle accident", "severity": "Serious", "road_name": "Nakasero Hill road", "road_class": "Secondary road", "date": "2023-05-11"}}, {"type": "Feature", "geometry": {"type": "Point", "coordinates": [32.57898793, 0.32803605]}, "properties": {"incident_type": "Rear-end collision", "severity": "Serious", "road_name": "Akii Bua road", "road_class": "Secondary road", "date": "2023-10-11"}}, {"type": "Feature", "geometry": {"type": "Point", "coordinates": [32.57687554, 0.31712279]}, "properties": {"incident_type": "Side-swipe", "severity": "Serious", "road_name": "Buganda road", "road_class": "Secondary road", "date": "2023-12-13"}}, {"type": "Feature", "geometry": {"type": "Point", "coordinates": [32.57634684, 0.32628088]}, "properties": {"incident_type": "Motorcycle crash", "severity": "Minor", "road_name": "Wandegeya road", "road_class": "Secondary road", "date": "2023-11-23"}}, {"type": "Feature", "geometry": {"type": "Point", "coordinates": [32.57637862, 0.32214391]}, "properties": {"incident_type": "Motorcycle crash", "severity": "Fatal", "road_name": "Lumumba Avenue", "road_class": "Secondary road", "date": "2023-06-21"}}, {"type": "Feature", "geometry": {"type": "Point", "coordinates": [32.57675679, 0.32756697]}, "properties": {"incident_type": "Vehicle collision", "severity": "Fatal", "road_name": "Nakasero road", "road_class": "Secondary road", "date": "2023-04-05"}}, {"type": "Feature", "geometry": {"type": "Point", "coordinates": [32.63957078, 0.34053507]}, "properties": {"incident_type": "Motorcycle crash", "severity": "Minor", "road_name": "Kireka road", "road_class": "Secondary road", "date": "2023-11-22"}}, {"type": "Feature", "geometry": {"type": "Point", "coordinates": [32.47226634, 0.27927274]}, "properties": {"incident_type": "Hit & run", "severity": "Minor", "road_name": "Masaka road", "road_class": "Highway", "date": "2023-03-02"}}, {"type": "Feature", "geometry": {"type": "Point", "coordinates": [32.59727897, 0.32224777]}, "properties": {"incident_type": "Hit & run", "severity": "Minor", "road_name": "Ngabo road", "road_class": "Motorable track", "date": "2023-08-25"}}, {"type": "Feature", "geometry": {"type": "Point", "coordinates": [32.59738901, 0.3245358]}, "properties": {"incident_type": "Head-on collision", "severity": "Serious", "road_name": "K.A.R. Drive", "road_class": "Motorable track", "date": "2023-06-01"}}, {"type": "Feature", "geometry": {"type": "Point", "coordinates": [32.5923688, 0.3380947]}, "properties": {"incident_type": "Side-swipe", "severity": "Minor", "road_name": "Makenzie Vale road", "road_class": "Motorable track", "date": "2023-10-12"}}, {"type": "Feature", "geometry": {"type": "Point", "coordinates": [32.59540973, 0.34181603]}, "properties": {"incident_type": "Side-swipe", "severity": "Fatal", "road_name": "Lugogo Bypass", "road_class": "Major road", "date": "2023-06-19"}}, {"type": "Feature", "geometry": {"type": "Point", "coordinates": [32.58689912, 0.33898093]}, "properties": {"incident_type": "Collision with pedestrian", "severity": "Serious", "road_name": "Sturrock road", "road_class": "Motorable track", "date": "2023-10-01"}}, {"type": "Feature", "geometry": {"type": "Point", "coordinates": [32.58682219, 0.33799419]}, "properties": {"incident_type": "Single vehicle accident", "severity": "Fatal", "road_name": "Cooper road", "road_class": "Motorable track", "date": "2023-02-19"}}, {"type": "Feature", "geometry": {"type": "Point", "coordinates": [32.58851748, 0.340379]}, "properties": {"incident_type": "Motorcycle crash", "severity": "Minor", "road_name": "Bukoto road", "road_class": "Motorable track", "date": "2023-07-31"}}, {"type": "Feature", "geometry": {"type": "Point", "coordinates": [32.58885476, 0.33994766]}, "properties": {"incident_type": "Vehicle-bicycle collision", "severity": "Serious", "road_name": "Kanjokya road", "road_class": "Motorable track", "date": "2023-10-26"}}, {"type": "Feature", "geometry": {"type": "Point", "coordinates": [32.58979497, 0.34181221]}, "properties": {"incident_type": "Vehicle-bicycle collision", "severity": "Fatal", "road_name": "Musizi road", "road_class": "Motorable track", "date": "2023-08-17"}}, {"type": "Feature", "geometry": {"type": "Point", "coordinates": [32.57749302, 0.33510789]}, "properties": {"incident_type": "Hit & run", "severity": "Serious", "road_name": "Kira road", "road_class": "Major road", "date": "2023-06-25"}}, {"type": "Feature", "geometry": {"type": "Point", "coordinates": [32.59959616, 0.33501655]}, "properties": {"incident_type": "Rollover", "severity": "Fatal", "road_name": "Malcom X Avenue", "road_class": "Secondary road", "date": "2023-05-12"}}, {"type": "Feature", "geometry": {"type": "Point", "coordinates": [32.5906376, 0.34350007]}, "properties": {"incident_type": "Vehicle-bicycle collision", "severity": "Minor", "road_name": "Old Kira road", "road_class": "Secondary road", "date": "2023-02-17"}}, {"type": "Feature", "geometry": {"type": "Point", "coordinates": [32.58582591, 0.33828821]}, "properties": {"incident_type": "Collision with pedestrian", "severity": "Serious", "road_name": "John Babiha (Acacia) Avenue", "road_class": "Secondary road", "date": "2023-12-01"}}, {"type": "Feature", "geometry": {"type": "Point", "coordinates": [32.57656418, 0.27398638]}, "properties": {"incident_type": "Hit & run", "severity": "Serious", "road_name": "Busabala road", "road_class": "Secondary road", "date": "2023-10-23"}}, {"type": "Feature", "geometry": {"type": "Point", "coordinates": [32.45958625, 0.05358491]}, "properties": {"incident_type": "Hit & run", "severity": "Minor", "road_name": "Airport road", "road_class": "Major road", "date": "2023-08-18"}}, {"type": "Feature", "geometry": {"type": "Point", "coordinates": [32.55192096, 0.28499637]}, "properties": {"incident_type": "Collision with pedestrian", "severity": "Serious", "road_name": "Namasole road", "road_class": "Secondary road", "date": "2023-07-15"}}, {"type": "Feature", "geometry": {"type": "Point", "coordinates": [32.60821644, 0.32913575]}, "properties": {"incident_type": "Side-swipe", "severity": "Serious", "road_name": "Naggulu road", "road_class": "Secondary road", "date": "2023-11-10"}}, {"type": "Feature", "geometry": {"type": "Point", "coordinates": [32.60418253, 0.34118635]}, "properties": {"incident_type": "Side-swipe", "severity": "Serious", "road_name": "Bukoto Crescent", "road_class": "Motorable track", "date": "2023-04-20"}}, {"type": "Feature", "geometry": {"type": "Point", "coordinates": [32.60048866, 0.34283643]}, "properties": {"incident_type": "Side-swipe", "severity": "Serious", "road_name": "Naggulu Drive", "road_class": "Secondary road", "date": "2023-12-18"}}, {"type": "Feature", "geometry": {"type": "Point", "coordinates": [32.60745854, 0.34375192]}, "properties": {"incident_type": "Side-swipe", "severity": "Minor", "road_name": "Naggulu East road", "road_class": "Motorable track", "date": "2023-05-20"}}, {"type": "Feature", "geometry": {"type": "Point", "coordinates": [32.59409085, 0.32402969]}, "properties": {"incident_type": "Vehicle collision", "severity": "Minor", "road_name": "Coral Crescent", "road_class": "Motorable track", "date": "2023-07-20"}}, {"type": "Feature", "geometry": {"type": "Point", "coordinates": [32.59517742, 0.32291307]}, "properties": {"incident_type": "Rear-end collision", "severity": "Minor", "road_name": "Dundas road", "road_class": "Motorable track", "date": "2023-09-28"}}, {"type": "Feature", "geometry": {"type": "Point", "coordinates": [32.58965785, 0.32642911]}, "properties": {"incident_type": "Motorcycle crash", "severity": "Minor", "road_name": "Lower Kololo Terrace", "road_class": "Motorable track", "date": "2023-08-04"}}, {"type": "Feature", "geometry": {"type": "Point", "coordinates": [32.59362126, 0.32306217]}, "properties": {"incident_type": "Single vehicle accident", "severity": "Serious", "road_name": "Golf Course road", "road_class": "Motorable track", "date": "2023-10-30"}}, {"type": "Feature", "geometry": {"type": "Point", "coordinates": [32.60072116, 0.32519435]}, "properties": {"incident_type": "Motorcycle crash", "severity": "Serious", "road_name": "Archer road", "road_class": "Secondary road", "date": "2023-12-23"}}, {"type": "Feature", "geometry": {"type": "Point", "coordinates": [32.57820524, 0.31470787]}, "properties": {"incident_type": "Collision with pedestrian", "severity": "Minor", "road_name": "Kampala road", "road_class": "Highway", "date": "2023-11-11"}}, {"type": "Feature", "geometry": {"type": "Point", "coordinates": [32.58782307, 0.31221666]}, "properties": {"incident_type": "Single vehicle accident", "severity": "Minor", "road_name": "Station Aproach road", "road_class": "Secondary road", "date": "2023-11-20"}}, {"type": "Feature", "geometry": {"type": "Point", "coordinates": [32.58153395, 0.31110491]}, "properties": {"incident_type": "Single vehicle accident", "severity": "Minor", "road_name": "Nkrumah road", "road_class": "Secondary road", "date": "2023-05-01"}}, {"type": "Feature", "geometry": {"type": "Point", "coordinates": [32.55804845, 0.3228673]}, "properties": {"incident_type": "Collision with pedestrian", "severity": "Minor", "road_name": "Mutesa I road", "road_class": "Secondary road", "date": "2023-09-30"}}, {"type": "Feature", "geometry": {"type": "Point", "coordinates": [32.53946134, 0.2823716]}, "properties": {"incident_type": "Vehicle collision", "severity": "Minor", "road_name": "Mutundwe road", "road_class": "Motorable track", "date": "2023-03-25"}}, {"type": "Feature", "geometry": {"type": "Point", "coordinates": [32.55966953, 0.30838683]}, "properties": {"incident_type": "Rear-end collision", "severity": "Serious", "road_name": "Kabaka Anjagala", "road_class": "Secondary road", "date": "2023-04-14"}}, {"type": "Feature", "geometry": {"type": "Point", "coordinates": [32.56565793, 0.30366704]}, "properties": {"incident_type": "Vehicle-bicycle collision", "severity": "Minor", "road_name": "Lubiri Ring road", "road_class": "Secondary road", "date": "2023-07-15"}}, {"type": "Feature", "geometry": {"type": "Point", "coordinates": [32.59462992, 0.29751602]}, "properties": {"incident_type": "Rollover", "severity": "Minor", "road_name": "Nsambya road", "road_class": "Major road", "date": "2023-07-31"}}, {"type": "Feature", "geometry": {"type": "Point", "coordinates": [32.59646071, 0.31442642]}, "properties": {"incident_type": "Hit & run", "severity": "Minor", "road_name": "Eigth Street", "road_class": "Secondary road", "date": "2023-02-22"}}, {"type": "Feature", "geometry": {"type": "Point", "coordinates": [32.59236139, 0.31337356]}, "properties": {"incident_type": "Motorcycle crash", "severity": "Serious", "road_name": "Bypass road", "road_class": "Major road", "date": "2023-08-12"}}, {"type": "Feature", "geometry": {"type": "Point", "coordinates": [32.58766054, 0.30790691]}, "properties": {"incident_type": "Vehicle-bicycle collision", "severity": "Minor", "road_name": "Kibuli road", "road_class": "Secondary road", "date": "2023-02-15"}}, {"type": "Feature", "geometry": {"type": "Point", "coordinates": [32.61239558, 0.30438448]}, "properties": {"incident_type": "Vehicle collision", "severity": "Fatal", "road_name": "Kisugu road", "road_class": "Secondary road", "date": "2023-12-26"}}, {"type": "Feature", "geometry": {"type": "Point", "coordinates": [32.59752758, 0.31535187]}, "properties": {"incident_type": "Single vehicle accident", "severity": "Serious", "road_name": "Seventh Street", "road_class": "Secondary road", "date": "2023-05-30"}}, {"type": "Feature", "geometry": {"type": "Point", "coordinates": [32.66577634, 0.33889497]}, "properties": {"incident_type": "Vehicle collision", "severity": "Minor", "road_name": "Kirinya road", "road_class": "Secondary road", "date": "2023-08-21"}}, {"type": "Feature", "geometry": {"type": "Point", "coordinates": [32.63622639, 0.36065585]}, "properties": {"incident_type": "Collision with pedestrian", "severity": "Serious", "road_name": "Ndagire road", "road_class": "Secondary road", "date": "2023-10-07"}}, {"type": "Feature", "geometry": {"type": "Point", "coordinates": [32.64672908, 0.34837022]}, "properties": {"incident_type": "Collision with pedestrian", "severity": "Minor", "road_name": "Kamuli road", "road_class": "Secondary road", "date": "2023-10-24"}}, {"type": "Feature", "geometry": {"type": "Point", "coordinates": [32.61319185, 0.35607744]}, "properties": {"incident_type": "Vehicle collision", "severity": "Serious", "road_name": "Kisaasi road", "road_class": "Major road", "date": "2023-06-18"}}, {"type": "Feature", "geometry": {"type": "Point", "coordinates": [32.62240563, 0.36215261]}, "properties": {"incident_type": "Collision with pedestrian", "severity": "Serious", "road_name": "Kiwaatule road", "road_class": "Secondary road", "date": "2023-07-09"}}, {"type": "Feature", "geometry": {"type": "Point", "coordinates": [32.61678462, 0.34467549]}, "properties": {"incident_type": "Rear-end collision", "severity": "Serious", "road_name": "Ntinda road", "road_class": "Major road", "date": "2023-11-09"}}, {"type": "Feature", "geometry": {"type": "Point", "coordinates": [32.6124638, 0.35478197]}, "properties": {"incident_type": "Vehicle collision", "severity": "Fatal", "road_name": "Bukoto - Ntinda road", "road_class": "Major road", "date": "2023-01-20"}}, {"type": "Feature", "geometry": {"type": "Point", "coordinates": [32.59279639, 0.39081994]}, "properties": {"incident_type": "Single vehicle accident", "severity": "Minor", "road_name": "Kyanja road", "road_class": "Secondary road", "date": "2023-02-02"}}, {"type": "Feature", "geometry": {"type": "Point", "coordinates": [32.59618581, 0.37083742]}, "properties": {"incident_type": "Head-on collision", "severity": "Fatal", "road_name": "Bbuta road", "road_class": "Motorable track", "date": "2023-05-30"}}, {"type": "Feature", "geometry": {"type": "Point", "coordinates": [32.57077164, 0.34812945]}, "properties": {"incident_type": "Collision with pedestrian", "severity": "Serious", "road_name": "Gayaza - Kalagi rd", "road_class": "Major road", "date": "2023-01-09"}}, {"type": "Feature", "geometry": {"type": "Point", "coordinates": [32.58149259, 0.34400108]}, "properties": {"incident_type": "Side-swipe", "severity": "Minor", "road_name": "Mawanda road", "road_class": "Secondary road", "date": "2023-01-09"}}, {"type": "Feature", "geometry": {"type": "Point", "coordinates": [32.58198337, 0.33777568]}, "properties": {"incident_type": "Rear-end collision", "severity": "Fatal", "road_name": "Tufnell Drive", "road_class": "Secondary road", "date": "2023-07-08"}}, {"type": "Feature", "geometry": {"type": "Point", "coordinates": [32.58969603, 0.32866107]}, "properties": {"incident_type": "Single vehicle accident", "severity": "Minor", "road_name": "Upper Kololo Terrace", "road_class": "Secondary road", "date": "2023-02-25"}}, {"type": "Feature", "geometry": {"type": "Point", "coordinates": [32.59626466, 0.32974826]}, "properties": {"incident_type": "Collision with pedestrian", "severity": "Serious", "road_name": "Prince Charles Drive", "road_class": "Secondary road", "date": "2023-10-10"}}, {"type": "Feature", "geometry": {"type": "Point", "coordinates": [32.59873818, 0.33073359]}, "properties": {"incident_type": "Side-swipe", "severity": "Serious", "road_name": "Impala Avenue", "road_class": "Secondary road", "date": "2023-11-17"}}, {"type": "Feature", "geometry": {"type": "Point", "coordinates": [32.55721952, 0.33296123]}, "properties": {"incident_type": "Hit & run", "severity": "Minor", "road_name": "Kimera road", "road_class": "Motorable track", "date": "2023-10-27"}}, {"type": "Feature", "geometry": {"type": "Point", "coordinates": [32.617184, 0.35471596]}, "properties": {"incident_type": "Motorcycle crash", "severity": "Serious", "road_name": "Matyrs way", "road_class": "Motorable track", "date": "2023-01-23"}}, {"type": "Feature", "geometry": {"type": "Point", "coordinates": [32.62522239, 0.34835804]}, "properties": {"incident_type": "Vehicle-bicycle collision", "severity": "Serious", "road_name": "Kyambogo road", "road_class": "Motorable track", "date": "2023-10-20"}}, {"type": "Feature", "geometry": {"type": "Point", "coordinates": [32.62622561, 0.3601547]}, "properties": {"incident_type": "Rollover", "severity": "Fatal", "road_name": "Kaduyu road", "road_class": "Motorable track", "date": "2023-07-22"}}, {"type": "Feature", "geometry": {"type": "Point", "coordinates": [32.6238653, 0.36129452]}, "properties": {"incident_type": "Side-swipe", "severity": "Fatal", "road_name": "Sebowa road", "road_class": "Motorable track", "date": "2023-07-09"}}, {"type": "Feature", "geometry": {"type": "Point", "coordinates": [32.63161827, 0.358631]}, "properties": {"incident_type": "Rear-end collision", "severity": "Fatal", "road_name": "Kayondo road", "road_class": "Motorable track", "date": "2023-02-24"}}, {"type": "Feature", "geometry": {"type": "Point", "coordinates": [32.58273044, 0.32660514]}, "properties": {"incident_type": "Vehicle-bicycle collision", "severity": "Minor", "road_name": "Kafu road", "road_class": "Secondary road", "date": "2023-03-08"}}, {"type": "Feature", "geometry": {"type": "Point", "coordinates": [32.58599862, 0.31988497]}, "properties": {"incident_type": "Head-on collision", "severity": "Minor", "road_name": "Kintu road", "road_class": "Secondary road", "date": "2023-06-05"}}, {"type": "Feature", "geometry": {"type": "Point", "coordinates": [32.58284372, 0.31545852]}, "properties": {"incident_type": "Head-on collision", "severity": "Minor", "road_name": "Nile Avenue", "road_class": "Major road", "date": "2023-06-23"}}, {"type": "Feature", "geometry": {"type": "Point", "coordinates": [32.58564509, 0.32200233]}, "properties": {"incident_type": "Hit & run", "severity": "Minor", "road_name": "Kagera road", "road_class": "Secondary road", "date": "2023-08-06"}}, {"type": "Feature", "geometry": {"type": "Point", "coordinates": [32.58591771, 0.32317082]}, "properties": {"incident_type": "Single vehicle accident", "severity": "Minor", "road_name": "Katonga road", "road_class": "Secondary road", "date": "2023-03-27"}}, {"type": "Feature", "geometry": {"type": "Point", "coordinates": [32.57922984, 0.31440337]}, "properties": {"incident_type": "Side-swipe", "severity": "Fatal", "road_name": "The Square", "road_class": "Major road", "date": "2023-07-17"}}, {"type": "Feature", "geometry": {"type": "Point", "coordinates": [32.58137796, 0.31322099]}, "properties": {"incident_type": "Rear-end collision", "severity": "Minor", "road_name": "Speke road", "road_class": "Secondary road", "date": "2023-11-19"}}, {"type": "Feature", "geometry": {"type": "Point", "coordinates": [32.61506339, 0.34977517]}, "properties": {"incident_type": "Vehicle collision", "severity": "Minor", "road_name": "Muteesa II road", "road_class": "Motorable track", "date": "2023-07-17"}}, {"type": "Feature", "geometry": {"type": "Point", "coordinates": [32.58138606, 0.27579566]}, "properties": {"incident_type": "Hit & run", "severity": "Minor", "road_name": "Salaama road", "road_class": "Secondary road", "date": "2023-06-21"}}, {"type": "Feature", "geometry": {"type": "Point", "coordinates": [32.54355712, 0.3062442]}, "properties": {"incident_type": "Hit & run", "severity": "Serious", "road_name": "Kamanya road", "road_class": "Secondary road", "date": "2023-12-06"}}, {"type": "Feature", "geometry": {"type": "Point", "coordinates": [32.57577278, 0.34519243]}, "properties": {"incident_type": "Rollover", "severity": "Minor", "road_name": "Church road", "road_class": "Motorable track", "date": "2023-11-23"}}, {"type": "Feature", "geometry": {"type": "Point", "coordinates": [32.63563858, 0.31379265]}, "properties": {"incident_type": "Rollover", "severity": "Minor", "road_name": "Kitintale road", "road_class": "Motorable track", "date": "2023-09-21"}}, {"type": "Feature", "geometry": {"type": "Point", "coordinates": [32.55816838, 0.30758059]}, "properties": {"incident_type": "Vehicle-bicycle collision", "severity": "Fatal", "road_name": "Hamu Mukasa road", "road_class": "Motorable track", "date": "2023-11-01"}}, {"type": "Feature", "geometry": {"type": "Point", "coordinates": [32.55732658, 0.3095356]}, "properties": {"incident_type": "Rear-end collision", "severity": "Minor", "road_name": "Canon Apollo Kivebulaya road", "road_class": "Secondary road", "date": "2023-10-26"}}, {"type": "Feature", "geometry": {"type": "Point", "coordinates": [32.57709952, 0.35707719]}, "properties": {"incident_type": "Rollover", "severity": "Fatal", "road_name": "Kyebando Ring road", "road_class": "Secondary road", "date": "2023-01-23"}}, {"type": "Feature", "geometry": {"type": "Point", "coordinates": [32.57686269, 0.34412101]}, "properties": {"incident_type": "Hit & run", "severity": "Minor", "road_name": "Lower Mulago hill road", "road_class": "Secondary road", "date": "2023-12-24"}}, {"type": "Feature", "geometry": {"type": "Point", "coordinates": [32.5924692, 0.35286368]}, "properties": {"incident_type": "Head-on collision", "severity": "Fatal", "road_name": "Kyebando - Kisalosalo road", "road_class": "Secondary road", "date": "2023-02-07"}}, {"type": "Feature", "geometry": {"type": "Point", "coordinates": [32.59396361, 0.35328051]}, "properties": {"incident_type": "Collision with pedestrian", "severity": "Minor", "road_name": "Moyo Close", "road_class": "Secondary road", "date": "2023-08-27"}}, {"type": "Feature", "geometry": {"type": "Point", "coordinates": [32.57449139, 0.36020269]}, "properties": {"incident_type": "Vehicle-bicycle collision", "severity": "Serious", "road_name": "Erisa road", "road_class": "Secondary road", "date": "2023-06-15"}}, {"type": "Feature", "geometry": {"type": "Point", "coordinates": [32.57676167, 0.34464987]}, "properties": {"incident_type": "Hit & run", "severity": "Minor", "road_name": "Kisingiri Street", "road_class": "Secondary road", "date": "2023-07-22"}}, {"type": "Feature", "geometry": {"type": "Point", "coordinates": [32.60569222, 0.46512511]}, "properties": {"incident_type": "Hit & run", "severity": "Serious", "road_name": "Zirobwe road", "road_class": "Major road", "date": "2023-08-30"}}, {"type": "Feature", "geometry": {"type": "Point", "coordinates": [32.57553802, 0.39285103]}, "properties": {"incident_type": "Rear-end collision", "severity": "Serious", "road_name": "Kitezi road", "road_class": "Secondary road", "date": "2023-09-04"}}, {"type": "Feature", "geometry": {"type": "Point", "coordinates": [32.56912667, 0.44135103]}, "properties": {"incident_type": "Rear-end collision", "severity": "Serious", "road_name": "Kitagobwa road", "road_class": "Secondary road", "date": "2023-09-29"}}, {"type": "Feature", "geometry": {"type": "Point", "coordinates": [32.57344837, 0.3131798]}, "properties": {"incident_type": "Side-swipe", "severity": "Minor", "road_name": "Namirembe Road", "road_class": "Major road", "date": "2023-09-17"}}, {"type": "Feature", "geometry": {"type": "Point", "coordinates": [32.53880309, 0.30168444]}, "properties": {"incident_type": "Single vehicle accident", "severity": "Fatal", "road_name": "Wakaliga road", "road_class": "Major road", "date": "2023-07-14"}}, {"type": "Feature", "geometry": {"type": "Point", "coordinates": [32.56030744, 0.32445234]}, "properties": {"incident_type": "Motorcycle crash", "severity": "Minor", "road_name": "Balintuma road", "road_class": "Major road", "date": "2023-07-31"}}, {"type": "Feature", "geometry": {"type": "Point", "coordinates": [32.55393784, 0.30319308]}, "properties": {"incident_type": "Head-on collision", "severity": "Serious", "road_name": "Rubaga road", "road_class": "Secondary road", "date": "2023-10-29"}}, {"type": "Feature", "geometry": {"type": "Point", "coordinates": [32.55751971, 0.29459371]}, "properties": {"incident_type": "Rollover", "severity": "Serious", "road_name": "Nabunya road", "road_class": "Secondary road", "date": "2023-10-21"}}, {"type": "Feature", "geometry": {"type": "Point", "coordinates": [32.55702493, 0.29703558]}, "properties": {"incident_type": "Rollover", "severity": "Minor", "road_name": "Stensera road", "road_class": "Secondary road", "date": "2023-01-20"}}, {"type": "Feature", "geometry": {"type": "Point", "coordinates": [32.6139912, 0.26771152]}, "properties": {"incident_type": "Rear-end collision", "severity": "Minor", "road_name": "Lukuli road", "road_class": "Secondary road", "date": "2023-06-16"}}, {"type": "Feature", "geometry": {"type": "Point", "coordinates": [32.53952608, 0.29300026]}, "properties": {"incident_type": "Vehicle collision", "severity": "Minor", "road_name": "Nalukolongo road", "road_class": "Motorable track", "date": "2023-10-31"}}, {"type": "Feature", "geometry": {"type": "Point", "coordinates": [32.55950886, 0.31632334]}, "properties": {"incident_type": "Motorcycle crash", "severity": "Serious", "road_name": "Centenary road", "road_class": "Motorable track", "date": "2023-02-10"}}, {"type": "Feature", "geometry": {"type": "Point", "coordinates": [32.55938086, 0.31423106]}, "properties": {"incident_type": "Motorcycle crash", "severity": "Minor", "road_name": "Tucker road", "road_class": "Motorable track", "date": "2023-03-04"}}, {"type": "Feature", "geometry": {"type": "Point", "coordinates": [32.56058602, 0.32058724]}, "properties": {"incident_type": "Motorcycle crash", "severity": "Minor", "road_name": "Grace road", "road_class": "Motorable track", "date": "2023-06-09"}}, {"type": "Feature", "geometry": {"type": "Point", "coordinates": [32.56063427, 0.32256979]}, "properties": {"incident_type": "Collision with pedestrian", "severity": "Serious", "road_name": "Mudeka road", "road_class": "Motorable track", "date": "2023-12-04"}}, {"type": "Feature", "geometry": {"type": "Point", "coordinates": [32.56406349, 0.31589486]}, "properties": {"incident_type": "Rollover", "severity": "Fatal", "road_name": "Mufunya road", "road_class": "Motorable track", "date": "2023-12-29"}}, {"type": "Feature", "geometry": {"type": "Point", "coordinates": [32.56609268, 0.31787526]}, "properties": {"incident_type": "Rollover", "severity": "Minor", "road_name": "Nsalo road", "road_class": "Major road", "date": "2023-12-01"}}, {"type": "Feature", "geometry": {"type": "Point", "coordinates": [32.5658533, 0.31755085]}, "properties": {"incident_type": "Vehicle collision", "severity": "Serious", "road_name": "School road", "road_class": "Secondary road", "date": "2023-03-12"}}, {"type": "Feature", "geometry": {"type": "Point", "coordinates": [32.55895921, 0.30960449]}, "properties": {"incident_type": "Hit & run", "severity": "Minor", "road_name": "Kisingiri road", "road_class": "Secondary road", "date": "2023-09-03"}}, {"type": "Feature", "geometry": {"type": "Point", "coordinates": [32.56221433, 0.31236813]}, "properties": {"incident_type": "Side-swipe", "severity": "Serious", "road_name": "Butikiro road", "road_class": "Secondary road", "date": "2023-04-03"}}, {"type": "Feature", "geometry": {"type": "Point", "coordinates": [32.60775037, 0.34517773]}, "properties": {"incident_type": "Head-on collision", "severity": "Minor", "road_name": "Upper Naggulu East road", "road_class": "Secondary road", "date": "2023-04-10"}}, {"type": "Feature", "geometry": {"type": "Point", "coordinates": [32.60682503, 0.34161656]}, "properties": {"incident_type": "Single vehicle accident", "severity": "Serious", "road_name": "Naggulu Vale road", "road_class": "Motorable track", "date": "2023-02-27"}}, {"type": "Feature", "geometry": {"type": "Point", "coordinates": [32.6062477, 0.34618542]}, "properties": {"incident_type": "Single vehicle accident", "severity": "Serious", "road_name": "Naggulu Summit view road", "road_class": "Motorable track", "date": "2023-09-20"}}, {"type": "Feature", "geometry": {"type": "Point", "coordinates": [32.61149513, 0.35098318]}, "properties": {"incident_type": "Vehicle-bicycle collision", "severity": "Minor", "road_name": "Commercial road", "road_class": "Motorable track", "date": "2023-03-28"}}, {"type": "Feature", "geometry": {"type": "Point", "coordinates": [32.57178921, 0.31009374]}, "properties": {"incident_type": "Rollover", "severity": "Minor", "road_name": "Kisenyi lane", "road_class": "Motorable track", "date": "2023-01-18"}}, {"type": "Feature", "geometry": {"type": "Point", "coordinates": [32.57491947, 0.30160732]}, "properties": {"incident_type": "Single vehicle accident", "severity": "Minor", "road_name": "Mutebi road", "road_class": "Major road", "date": "2023-01-22"}}, {"type": "Feature", "geometry": {"type": "Point", "coordinates": [32.57625419, 0.30050172]}, "properties": {"incident_type": "Hit & run", "severity": "Minor", "road_name": "Katwe road", "road_class": "Major road", "date": "2023-12-18"}}, {"type": "Feature", "geometry": {"type": "Point", "coordinates": [32.56929107, 0.30919926]}, "properties": {"incident_type": "Rollover", "severity": "Minor", "road_name": "Mwanga II road", "road_class": "Secondary road", "date": "2023-05-26"}}, {"type": "Feature", "geometry": {"type": "Point", "coordinates": [32.57105765, 0.33319861]}, "properties": {"incident_type": "Vehicle collision", "severity": "Minor", "road_name": "Cassia Hill road", "road_class": "Secondary road", "date": "2023-06-06"}}, {"type": "Feature", "geometry": {"type": "Point", "coordinates": [32.57039425, 0.32831485]}, "properties": {"incident_type": "Collision with pedestrian", "severity": "Minor", "road_name": "Makerere Hill road", "road_class": "Major road", "date": "2023-03-23"}}, {"type": "Feature", "geometry": {"type": "Point", "coordinates": [32.53880975, 0.3375363]}, "properties": {"incident_type": "Hit & run", "severity": "Minor", "road_name": "Nakibinge road", "road_class": "Motorable track", "date": "2023-04-01"}}, {"type": "Feature", "geometry": {"type": "Point", "coordinates": [32.54535814, 0.33852786]}, "properties": {"incident_type": "Rollover", "severity": "Serious", "road_name": "Namungoona road", "road_class": "Motorable track", "date": "2023-07-13"}}, {"type": "Feature", "geometry": {"type": "Point", "coordinates": [32.60949165, 0.29853067]}, "properties": {"incident_type": "Rear-end collision", "severity": "Minor", "road_name": "Tank Hill road", "road_class": "Secondary road", "date": "2023-01-06"}}, {"type": "Feature", "geometry": {"type": "Point", "coordinates": [32.61564238, 0.29752155]}, "properties": {"incident_type": "Vehicle collision", "severity": "Serious", "road_name": "Nakibirango road", "road_class": "Motorable track", "date": "2023-10-01"}}, {"type": "Feature", "geometry": {"type": "Point", "coordinates": [32.5666036, 0.31968069]}, "properties": {"incident_type": "Side-swipe", "severity": "Fatal", "road_name": "Sir Apollo Kaggwa road", "road_class": "Major road", "date": "2023-03-01"}}, {"type": "Feature", "geometry": {"type": "Point", "coordinates": [32.56935355, 0.31652421]}, "properties": {"incident_type": "Vehicle-bicycle collision", "severity": "Serious", "road_name": "Matia Mulumba road", "road_class": "Secondary road", "date": "2023-07-13"}}, {"type": "Feature", "geometry": {"type": "Point", "coordinates": [32.56258185, 0.31915607]}, "properties": {"incident_type": "Side-swipe", "severity": "Minor", "road_name": "Kyaddondo road", "road_class": "Major road", "date": "2023-09-05"}}, {"type": "Feature", "geometry": {"type": "Point", "coordinates": [32.5535679, 0.31884241]}, "properties": {"incident_type": "Side-swipe", "severity": "Fatal", "road_name": "Kitakule road", "road_class": "Major road", "date": "2023-12-19"}}, {"type": "Feature", "geometry": {"type": "Point", "coordinates": [32.53262503, 0.31284015]}, "properties": {"incident_type": "Rear-end collision", "severity": "Minor", "road_name": "Kalema road", "road_class": "Secondary road", "date": "2023-01-26"}}, {"type": "Feature", "geometry": {"type": "Point", "coordinates": [32.56710181, 0.35323134]}, "properties": {"incident_type": "Vehicle collision", "severity": "Serious", "road_name": "Nabweru road", "road_class": "Secondary road", "date": "2023-02-26"}}, {"type": "Feature", "geometry": {"type": "Point", "coordinates": [32.59712222, 0.33053007]}, "properties": {"incident_type": "Single vehicle accident", "severity": "Minor", "road_name": "York Terrace", "road_class": "Motorable track", "date": "2023-09-26"}}, {"type": "Feature", "geometry": {"type": "Point", "coordinates": [32.59610676, 0.32826079]}, "properties": {"incident_type": "Rollover", "severity": "Minor", "road_name": "Ekobo Avenue", "road_class": "Motorable track", "date": "2023-05-05"}}, {"type": "Feature", "geometry": {"type": "Point", "coordinates": [32.59751737, 0.33475887]}, "properties": {"incident_type": "Collision with pedestrian", "severity": "Minor", "road_name": "Ibis Avenue", "road_class": "Motorable track", "date": "2023-05-14"}}, {"type": "Feature", "geometry": {"type": "Point", "coordinates": [32.60040627, 0.33447883]}, "properties": {"incident_type": "Motorcycle crash", "severity": "Serious", "road_name": "Mviri Lane", "road_class": "Motorable track", "date": "2023-05-24"}}, {"type": "Feature", "geometry": {"type": "Point", "coordinates": [32.59791912, 0.33007914]}, "properties": {"incident_type": "Vehicle-bicycle collision", "severity": "Minor", "road_name": "Kasozi road", "road_class": "Motorable track", "date": "2023-07-16"}}, {"type": "Feature", "geometry": {"type": "Point", "coordinates": [32.59500457, 0.33396557]}, "properties": {"incident_type": "Motorcycle crash", "severity": "Serious", "road_name": "Hill Lane", "road_class": "Motorable track", "date": "2023-01-18"}}, {"type": "Feature", "geometry": {"type": "Point", "coordinates": [32.5883169, 0.33219682]}, "properties": {"incident_type": "Vehicle-bicycle collision", "severity": "Fatal", "road_name": "Mabua road", "road_class": "Motorable track", "date": "2023-07-17"}}, {"type": "Feature", "geometry": {"type": "Point", "coordinates": [32.58969855, 0.33256243]}, "properties": {"incident_type": "Motorcycle crash", "severity": "Minor", "road_name": "Elizabeth Avenue", "road_class": "Motorable track", "date": "2023-10-01"}}, {"type": "Feature", "geometry": {"type": "Point", "coordinates": [32.59575061, 0.33323229]}, "properties": {"incident_type": "Side-swipe", "severity": "Minor", "road_name": "Summit View", "road_class": "Motorable track", "date": "2023-10-05"}}, {"type": "Feature", "geometry": {"type": "Point", "coordinates": [32.59101642, 0.33310379]}, "properties": {"incident_type": "Side-swipe", "severity": "Minor", "road_name": "Ridgeway Drive", "road_class": "Motorable track", "date": "2023-01-04"}}, {"type": "Feature", "geometry": {"type": "Point", "coordinates": [32.58986833, 0.33106037]}, "properties": {"incident_type": "Vehicle-bicycle collision", "severity": "Fatal", "road_name": "Nyanza Crescent", "road_class": "Motorable track", "date": "2023-02-20"}}, {"type": "Feature", "geometry": {"type": "Point", "coordinates": [32.5874118, 0.33694263]}, "properties": {"incident_type": "Rear-end collision", "severity": "Serious", "road_name": "Kololo Hill Drive", "road_class": "Motorable track", "date": "2023-05-03"}}, {"type": "Feature", "geometry": {"type": "Point", "coordinates": [32.59525202, 0.32018051]}, "properties": {"incident_type": "Side-swipe", "severity": "Fatal", "road_name": "Wampewo Avenue", "road_class": "Secondary road", "date": "2023-03-10"}}, {"type": "Feature", "geometry": {"type": "Point", "coordinates": [32.61003119, 0.3399895]}, "properties": {"incident_type": "Single vehicle accident", "severity": "Minor", "road_name": "Katalima road", "road_class": "Secondary road", "date": "2023-02-05"}}, {"type": "Feature", "geometry": {"type": "Point", "coordinates": [32.61370195, 0.35166748]}, "properties": {"incident_type": "Rollover", "severity": "Minor", "road_name": "Semawata road", "road_class": "Secondary road", "date": "2023-01-17"}}, {"type": "Feature", "geometry": {"type": "Point", "coordinates": [32.62453899, 0.35192457]}, "properties": {"incident_type": "Head-on collision", "severity": "Minor", "road_name": "ITEK road", "road_class": "Motorable track", "date": "2023-11-23"}}, {"type": "Feature", "geometry": {"type": "Point", "coordinates": [32.60909856, 0.33435679]}, "properties": {"incident_type": "Side-swipe", "severity": "Serious", "road_name": "Naggulu Avenue", "road_class": "Secondary road", "date": "2023-04-15"}}, {"type": "Feature", "geometry": {"type": "Point", "coordinates": [32.58210244, 0.31698506]}, "properties": {"incident_type": "Rollover", "severity": "Minor", "road_name": "Ternan Avenue", "road_class": "Secondary road", "date": "2023-02-03"}}, {"type": "Feature", "geometry": {"type": "Point", "coordinates": [32.56685508, 0.32687648]}, "properties": {"incident_type": "Side-swipe", "severity": "Serious", "road_name": "Kyadondo road", "road_class": "Secondary road", "date": "2023-03-31"}}, {"type": "Feature", "geometry": {"type": "Point", "coordinates": [32.57913525, 0.33146834]}, "properties": {"incident_type": "Hit & run", "severity": "Fatal", "road_name": "Lourdel road", "road_class": "Secondary road", "date": "2023-07-17"}}, {"type": "Feature", "geometry": {"type": "Point", "coordinates": [32.58862967, 0.31452049]}, "properties": {"incident_type": "Rear-end collision", "severity": "Minor", "road_name": "Siad Barre Avenue", "road_class": "Secondary road", "date": "2023-11-23"}}, {"type": "Feature", "geometry": {"type": "Point", "coordinates": [32.58582348, 0.31323376]}, "properties": {"incident_type": "Head-on collision", "severity": "Minor", "road_name": "Parliamentary Avenue", "road_class": "Secondary road", "date": "2023-01-28"}}, {"type": "Feature", "geometry": {"type": "Point", "coordinates": [32.58763832, 0.31343355]}, "properties": {"incident_type": "Side-swipe", "severity": "Serious", "road_name": "King George VI way", "road_class": "Secondary road", "date": "2023-01-07"}}, {"type": "Feature", "geometry": {"type": "Point", "coordinates": [32.58447334, 0.31460893]}, "properties": {"incident_type": "Rear-end collision", "severity": "Serious", "road_name": "Kimathi Avenue", "road_class": "Secondary road", "date": "2023-04-03"}}, {"type": "Feature", "geometry": {"type": "Point", "coordinates": [32.58216095, 0.31360008]}, "properties": {"incident_type": "Head-on collision", "severity": "Minor", "road_name": "Pilkington road", "road_class": "Secondary road", "date": "2023-11-16"}}, {"type": "Feature", "geometry": {"type": "Point", "coordinates": [32.58965822, 0.31535457]}, "properties": {"incident_type": "Rear-end collision", "severity": "Serious", "road_name": "Dewington road", "road_class": "Secondary road", "date": "2023-06-01"}}, {"type": "Feature", "geometry": {"type": "Point", "coordinates": [32.59407225, 0.31551606]}, "properties": {"incident_type": "Collision with pedestrian", "severity": "Serious", "road_name": "Access road", "road_class": "Major road", "date": "2023-04-01"}}, {"type": "Feature", "geometry": {"type": "Point", "coordinates": [32.56782483, 0.31374705]}, "properties": {"incident_type": "Vehicle collision", "severity": "Minor", "road_name": "Old Kampala road", "road_class": "Secondary road", "date": "2023-09-21"}}, {"type": "Feature", "geometry": {"type": "Point", "coordinates": [32.57047246, 0.31589788]}, "properties": {"incident_type": "Rollover", "severity": "Fatal", "road_name": "Martin road", "road_class": "Secondary road", "date": "2023-03-15"}}, {"type": "Feature", "geometry": {"type": "Point", "coordinates": [32.5721764, 0.31611192]}, "properties": {"incident_type": "Rear-end collision", "severity": "Minor", "road_name": "Mackay road", "road_class": "Secondary road", "date": "2023-01-08"}}, {"type": "Feature", "geometry": {"type": "Point", "coordinates": [32.56916396, 0.31794095]}, "properties": {"incident_type": "Rollover", "severity": "Serious", "road_name": "Ginnery road", "road_class": "Secondary road", "date": "2023-01-25"}}, {"type": "Feature", "geometry": {"type": "Point", "coordinates": [32.47726262, 0.05988476]}, "properties": {"incident_type": "Head-on collision", "severity": "Serious", "road_name": "Berkeley road", "road_class": "Secondary road", "date": "2023-12-19"}}, {"type": "Feature", "geometry": {"type": "Point", "coordinates": [32.5786114, 0.31279968]}, "properties": {"incident_type": "Collision with pedestrian", "severity": "Serious", "road_name": "Luwum Street", "road_class": "Major road", "date": "2023-03-22"}}, {"type": "Feature", "geometry": {"type": "Point", "coordinates": [32.57469468, 0.31668924]}, "properties": {"incident_type": "Head-on collision", "severity": "Minor", "road_name": "Ben Kiwanuka Street", "road_class": "Major road", "date": "2023-04-29"}}, {"type": "Feature", "geometry": {"type": "Point", "coordinates": [32.5772672, 0.30928431]}, "properties": {"incident_type": "Vehicle-bicycle collision", "severity": "Serious", "road_name": "Nakivubo Place road", "road_class": "Major road", "date": "2023-01-31"}}, {"type": "Feature", "geometry": {"type": "Point", "coordinates": [32.57274436, 0.32032419]}, "properties": {"incident_type": "Vehicle collision", "severity": "Serious", "road_name": "William Street", "road_class": "Major road", "date": "2023-05-22"}}, {"type": "Feature", "geometry": {"type": "Point", "coordinates": [32.57474069, 0.31406135]}, "properties": {"incident_type": "Vehicle collision", "severity": "Fatal", "road_name": "Nakivubo road", "road_class": "Secondary road", "date": "2023-03-10"}}, {"type": "Feature", "geometry": {"type": "Point", "coordinates": [32.57741878, 0.31420354]}, "properties": {"incident_type": "Side-swipe", "severity": "Minor", "road_name": "Wilson road", "road_class": "Secondary road", "date": "2023-10-17"}}, {"type": "Feature", "geometry": {"type": "Point", "coordinates": [32.57940303, 0.31187531]}, "properties": {"incident_type": "Hit & run", "severity": "Fatal", "road_name": "Dastur street", "road_class": "Secondary road", "date": "2023-09-17"}}, {"type": "Feature", "geometry": {"type": "Point", "coordinates": [32.57962889, 0.31158147]}, "properties": {"incident_type": "Vehicle collision", "severity": "Serious", "road_name": "Market Street", "road_class": "Secondary road", "date": "2023-05-31"}}, {"type": "Feature", "geometry": {"type": "Point", "coordinates": [32.57880583, 0.3111981]}, "properties": {"incident_type": "Side-swipe", "severity": "Minor", "road_name": "Sikh road", "road_class": "Secondary road", "date": "2023-08-06"}}, {"type": "Feature", "geometry": {"type": "Point", "coordinates": [32.57798633, 0.31006326]}, "properties": {"incident_type": "Hit & run", "severity": "Fatal", "road_name": "Buxton road", "road_class": "Secondary road", "date": "2023-07-25"}}, {"type": "Feature", "geometry": {"type": "Point", "coordinates": [32.57881246, 0.3107133]}, "properties": {"incident_type": "Head-on collision", "severity": "Serious", "road_name": "Snay Bin Amir street", "road_class": "Secondary road", "date": "2023-04-18"}}, {"type": "Feature", "geometry": {"type": "Point", "coordinates": [32.57978195, 0.31106405]}, "properties": {"incident_type": "Hit & run", "severity": "Serious", "road_name": "Market Square road", "road_class": "Secondary road", "date": "2023-07-11"}}, {"type": "Feature", "geometry": {"type": "Point", "coordinates": [32.58244893, 0.31095095]}, "properties": {"incident_type": "Rollover", "severity": "Fatal", "road_name": "Nasser road", "road_class": "Secondary road", "date": "2023-08-14"}}, {"type": "Feature", "geometry": {"type": "Point", "coordinates": [32.567536, 0.31091332]}, "properties": {"incident_type": "Vehicle-bicycle collision", "severity": "Fatal", "road_name": "Musajja Alumbwa road", "road_class": "Secondary road", "date": "2023-10-26"}}, {"type": "Feature", "geometry": {"type": "Point", "coordinates": [32.55688247, 0.30046703]}, "properties": {"incident_type": "Head-on collision", "severity": "Fatal", "road_name": "Kabusu road", "road_class": "Secondary road", "date": "2023-06-18"}}, {"type": "Feature", "geometry": {"type": "Point", "coordinates": [32.56922459, 0.30335886]}, "properties": {"incident_type": "Hit & run", "severity": "Minor", "road_name": "Ring road", "road_class": "Secondary road", "date": "2023-02-21"}}, {"type": "Feature", "geometry": {"type": "Point", "coordinates": [32.56475921, 0.29537866]}, "properties": {"incident_type": "Single vehicle accident", "severity": "Minor", "road_name": "Kalinda road", "road_class": "Secondary road", "date": "2023-10-01"}}, {"type": "Feature", "geometry": {"type": "Point", "coordinates": [32.61191784, 0.31935075]}, "properties": {"incident_type": "Single vehicle accident", "severity": "Minor", "road_name": "Fifth Street", "road_class": "Secondary road", "date": "2023-06-19"}}, {"type": "Feature", "geometry": {"type": "Point", "coordinates": [32.59880173, 0.31645997]}, "properties": {"incident_type": "Head-on collision", "severity": "Minor", "road_name": "Sixth street", "road_class": "Secondary road", "date": "2023-01-13"}}, {"type": "Feature", "geometry": {"type": "Point", "coordinates": [32.61257484, 0.30595195]}, "properties": {"incident_type": "Side-swipe", "severity": "Serious", "road_name": "Namuwongo road", "road_class": "Secondary road", "date": "2023-06-29"}}, {"type": "Feature", "geometry": {"type": "Point", "coordinates": [32.61422913, 0.31410336]}, "properties": {"incident_type": "Side-swipe", "severity": "Serious", "road_name": "Mulwana (Kibira) road", "road_class": "Secondary road", "date": "2023-11-23"}}, {"type": "Feature", "geometry": {"type": "Point", "coordinates": [32.61706671, 0.31759773]}, "properties": {"incident_type": "Hit & run", "severity": "Minor", "road_name": "Luthuli road", "road_class": "Secondary road", "date": "2023-03-10"}}, {"type": "Feature", "geometry": {"type": "Point", "coordinates": [32.62521673, 0.30865543]}, "properties": {"incident_type": "Vehicle collision", "severity": "Minor", "road_name": "Luthuli lane", "road_class": "Secondary road", "date": "2023-05-16"}}, {"type": "Feature", "geometry": {"type": "Point", "coordinates": [32.6246428, 0.30950855]}, "properties": {"incident_type": "Hit & run", "severity": "Serious", "road_name": "Mbuya road", "road_class": "Motorable track", "date": "2023-06-27"}}, {"type": "Feature", "geometry": {"type": "Point", "coordinates": [32.62177971, 0.30923659]}, "properties": {"incident_type": "Motorcycle crash", "severity": "Serious", "road_name": "Bazarabusa Drive", "road_class": "Motorable track", "date": "2023-10-01"}}, {"type": "Feature", "geometry": {"type": "Point", "coordinates": [32.62293803, 0.31912477]}, "properties": {"incident_type": "Vehicle-bicycle collision", "severity": "Minor", "road_name": "Spring road", "road_class": "Major road", "date": "2023-08-19"}}, {"type": "Feature", "geometry": {"type": "Point", "coordinates": [32.6130358, 0.25486984]}, "properties": {"incident_type": "Motorcycle crash", "severity": "Minor", "road_name": "Buziga Circular road", "road_class": "Motorable track", "date": "2023-01-01"}}, {"type": "Feature", "geometry": {"type": "Point", "coordinates": [32.62641268, 0.25215552]}, "properties": {"incident_type": "Rollover", "severity": "Minor", "road_name": "Munyonyo road", "road_class": "Secondary road", "date": "2023-10-25"}}, {"type": "Feature", "geometry": {"type": "Point", "coordinates": [32.55169186, 0.37704666]}, "properties": {"incident_type": "Vehicle-bicycle collision", "severity": "Minor", "road_name": "Kawempe - Lugoba road", "road_class": "Secondary road", "date": "2023-10-25"}}, {"type": "Feature", "geometry": {"type": "Point", "coordinates": [32.54486055, 0.33182556]}, "properties": {"incident_type": "Motorcycle crash", "severity": "Serious", "road_name": "Lubya Hill road", "road_class": "Motorable track", "date": "2023-11-01"}}, {"type": "Feature", "geometry": {"type": "Point", "coordinates": [32.54418658, 0.3280157]}, "properties": {"incident_type": "Rollover", "severity": "Fatal", "road_name": "Kibirango road", "road_class": "Motorable track", "date": "2023-06-17"}}, {"type": "Feature", "geometry": {"type": "Point", "coordinates": [32.54503734, 0.32315906]}, "properties": {"incident_type": "Rear-end collision", "severity": "Minor", "road_name": "Mapeera road", "road_class": "Secondary road", "date": "2023-10-28"}}, {"type": "Feature", "geometry": {"type": "Point", "coordinates": [32.55677283, 0.31948738]}, "properties": {"incident_type": "Motorcycle crash", "severity": "Minor", "road_name": "Nabulagala road", "road_class": "Secondary road", "date": "2023-05-23"}}, {"type": "Feature", "geometry": {"type": "Point", "coordinates": [32.56020138, 0.31601057]}, "properties": {"incident_type": "Vehicle collision", "severity": "Minor", "road_name": "Willis road", "road_class": "Major road", "date": "2023-01-13"}}, {"type": "Feature", "geometry": {"type": "Point", "coordinates": [32.54988849, 0.3165977]}, "properties": {"incident_type": "Single vehicle accident", "severity": "Minor", "road_name": "Kiweewa lane", "road_class": "Major road", "date": "2023-09-24"}}, {"type": "Feature", "geometry": {"type": "Point", "coordinates": [32.46558911, 0.0454047]}, "properties": {"incident_type": "Rollover", "severity": "Fatal", "road_name": "Mugwanya road", "road_class": "Motorable track", "date": "2023-07-13"}}, {"type": "Feature", "geometry": {"type": "Point", "coordinates": [32.55428391, 0.30360357]}, "properties": {"incident_type": "Rollover", "severity": "Fatal", "road_name": "Kaweesa road", "road_class": "Motorable track", "date": "2023-03-17"}}, {"type": "Feature", "geometry": {"type": "Point", "coordinates": [32.55265643, 0.29746283]}, "properties": {"incident_type": "Rear-end collision", "severity": "Minor", "road_name": "Gomotoka road", "road_class": "Motorable track", "date": "2023-06-23"}}, {"type": "Feature", "geometry": {"type": "Point", "coordinates": [32.55327465, 0.29676032]}, "properties": {"incident_type": "Head-on collision", "severity": "Serious", "road_name": "Michaud road", "road_class": "Motorable track", "date": "2023-03-21"}}, {"type": "Feature", "geometry": {"type": "Point", "coordinates": [32.55460555, 0.29888104]}, "properties": {"incident_type": "Hit & run", "severity": "Serious", "road_name": "Bazzeketta road", "road_class": "Motorable track", "date": "2023-08-26"}}, {"type": "Feature", "geometry": {"type": "Point", "coordinates": [32.55240534, 0.29924908]}, "properties": {"incident_type": "Rollover", "severity": "Fatal", "road_name": "Mutagwanya road", "road_class": "Motorable track", "date": "2023-11-08"}}, {"type": "Feature", "geometry": {"type": "Point", "coordinates": [32.54947842, 0.29761019]}, "properties": {"incident_type": "Single vehicle accident", "severity": "Minor", "road_name": "Naiga road", "road_class": "Motorable track", "date": "2023-12-30"}}, {"type": "Feature", "geometry": {"type": "Point", "coordinates": [32.56078793, 0.34130456]}, "properties": {"incident_type": "Collision with pedestrian", "severity": "Fatal", "road_name": "Nanfubambi road", "road_class": "Secondary road", "date": "2023-04-10"}}, {"type": "Feature", "geometry": {"type": "Point", "coordinates": [32.56179718, 0.32726145]}, "properties": {"incident_type": "Rollover", "severity": "Serious", "road_name": "Kiwuunya road", "road_class": "Secondary road", "date": "2023-04-13"}}, {"type": "Feature", "geometry": {"type": "Point", "coordinates": [32.55397693, 0.34332032]}, "properties": {"incident_type": "Single vehicle accident", "severity": "Fatal", "road_name": "Kawaala - Bwaise road", "road_class": "Motorable track", "date": "2023-11-17"}}, {"type": "Feature", "geometry": {"type": "Point", "coordinates": [32.56445968, 0.34548461]}, "properties": {"incident_type": "Side-swipe", "severity": "Minor", "road_name": "Muganzi Awongererwa road", "road_class": "Secondary road", "date": "2023-08-16"}}, {"type": "Feature", "geometry": {"type": "Point", "coordinates": [32.56968105, 0.33024751]}, "properties": {"incident_type": "Side-swipe", "severity": "Serious", "road_name": "Tennis Court road", "road_class": "Secondary road", "date": "2023-04-22"}}, {"type": "Feature", "geometry": {"type": "Point", "coordinates": [32.5685554, 0.33582119]}, "properties": {"incident_type": "Collision with pedestrian", "severity": "Minor", "road_name": "Pool road", "road_class": "Secondary road", "date": "2023-10-27"}}, {"type": "Feature", "geometry": {"type": "Point", "coordinates": [32.566024, 0.33477243]}, "properties": {"incident_type": "Motorcycle crash", "severity": "Minor", "road_name": "Link road", "road_class": "Secondary road", "date": "2023-06-23"}}, {"type": "Feature", "geometry": {"type": "Point", "coordinates": [32.56917488, 0.33706984]}, "properties": {"incident_type": "Rollover", "severity": "Serious", "road_name": "Northcote road", "road_class": "Secondary road", "date": "2023-05-20"}}, {"type": "Feature", "geometry": {"type": "Point", "coordinates": [32.57151292, 0.33491123]}, "properties": {"incident_type": "Head-on collision", "severity": "Fatal", "road_name": "Hall road", "road_class": "Secondary road", "date": "2023-12-08"}}, {"type": "Feature", "geometry": {"type": "Point", "coordinates": [32.56971496, 0.33213498]}, "properties": {"incident_type": "Rollover", "severity": "Minor", "road_name": "Lincoln Close", "road_class": "Motorable track", "date": "2023-09-22"}}, {"type": "Feature", "geometry": {"type": "Point", "coordinates": [32.56677921, 0.3382473]}, "properties": {"incident_type": "Vehicle collision", "severity": "Serious", "road_name": "Observatory road", "road_class": "Motorable track", "date": "2023-05-15"}}, {"type": "Feature", "geometry": {"type": "Point", "coordinates": [32.56812869, 0.3367256]}, "properties": {"incident_type": "Collision with pedestrian", "severity": "Minor", "road_name": "Livingstone road", "road_class": "Motorable track", "date": "2023-10-14"}}, {"type": "Feature", "geometry": {"type": "Point", "coordinates": [32.56890806, 0.32571903]}, "properties": {"incident_type": "Rollover", "severity": "Minor", "road_name": "LDC road", "road_class": "Secondary road", "date": "2023-11-02"}}, {"type": "Feature", "geometry": {"type": "Point", "coordinates": [32.57460364, 0.33193733]}, "properties": {"incident_type": "Motorcycle crash", "severity": "Minor", "road_name": "Nkiizi road", "road_class": "Secondary road", "date": "2023-08-13"}}, {"type": "Feature", "geometry": {"type": "Point", "coordinates": [32.55966405, 0.31716581]}, "properties": {"incident_type": "Motorcycle crash", "severity": "Serious", "road_name": "Bishop's way", "road_class": "Motorable track", "date": "2023-01-07"}}, {"type": "Feature", "geometry": {"type": "Point", "coordinates": [32.55844941, 0.31065857]}, "properties": {"incident_type": "Rollover", "severity": "Fatal", "road_name": "Albert Cook road", "road_class": "Major road", "date": "2023-01-13"}}, {"type": "Feature", "geometry": {"type": "Point", "coordinates": [32.57578222, 0.31580149]}, "properties": {"incident_type": "Hit & run", "severity": "Minor", "road_name": "Johnston Street", "road_class": "Major road", "date": "2023-01-02"}}, {"type": "Feature", "geometry": {"type": "Point", "coordinates": [32.56236342, 0.36063465]}, "properties": {"incident_type": "Side-swipe", "severity": "Minor", "road_name": "Kawempe - Mbogo road", "road_class": "Secondary road", "date": "2023-05-25"}}, {"type": "Feature", "geometry": {"type": "Point", "coordinates": [32.60660906, 0.36714574]}, "properties": {"incident_type": "Vehicle-bicycle collision", "severity": "Fatal", "road_name": "Kulambiro ring road", "road_class": "Secondary road", "date": "2023-12-06"}}, {"type": "Feature", "geometry": {"type": "Point", "coordinates": [32.56837039, 0.35442421]}, "properties": {"incident_type": "Collision with pedestrian", "severity": "Serious", "road_name": "Ttula road", "road_class": "Secondary road", "date": "2023-10-07"}}, {"type": "Feature", "geometry": {"type": "Point", "coordinates": [32.57340309, 0.36160862]}, "properties": {"incident_type": "Head-on collision", "severity": "Serious", "road_name": "Kawempe - Ttula road", "road_class": "Secondary road", "date": "2023-01-11"}}, {"type": "Feature", "geometry": {"type": "Point", "coordinates": [32.56241189, 0.33423119]}, "properties": {"incident_type": "Hit & run", "severity": "Serious", "road_name": "Kikoni lane", "road_class": "Secondary road", "date": "2023-04-15"}}, {"type": "Feature", "geometry": {"type": "Point", "coordinates": [32.61422003, 0.35816668]}, "properties": {"incident_type": "Rollover", "severity": "Fatal", "road_name": "Kalinabiri road", "road_class": "Motorable track", "date": "2023-10-17"}}, {"type": "Feature", "geometry": {"type": "Point", "coordinates": [32.61396881, 0.36600023]}, "properties": {"incident_type": "Side-swipe", "severity": "Fatal", "road_name": "Ntinda - Kigowa road", "road_class": "Secondary road", "date": "2023-03-29"}}, {"type": "Feature", "geometry": {"type": "Point", "coordinates": [32.60963385, 0.35609469]}, "properties": {"incident_type": "Head-on collision", "severity": "Serious", "road_name": "Wamala road", "road_class": "Motorable track", "date": "2023-11-11"}}, {"type": "Feature", "geometry": {"type": "Point", "coordinates": [32.60875176, 0.3561529]}, "properties": {"incident_type": "Side-swipe", "severity": "Minor", "road_name": "Magambo road", "road_class": "Secondary road", "date": "2023-12-10"}}, {"type": "Feature", "geometry": {"type": "Point", "coordinates": [32.60537078, 0.35184341]}, "properties": {"incident_type": "Rollover", "severity": "Minor", "road_name": "Namuli road", "road_class": "Motorable track", "date": "2023-06-22"}}, {"type": "Feature", "geometry": {"type": "Point", "coordinates": [32.60097425, 0.35094381]}, "properties": {"incident_type": "Vehicle-bicycle collision", "severity": "Serious", "road_name": "Bukoto - Kisalosalo road", "road_class": "Motorable track", "date": "2023-09-29"}}, {"type": "Feature", "geometry": {"type": "Point", "coordinates": [32.60076723, 0.35324847]}, "properties": {"incident_type": "Single vehicle accident", "severity": "Minor", "road_name": "Dr. Kiremerwa road", "road_class": "Motorable track", "date": "2023-02-24"}}, {"type": "Feature", "geometry": {"type": "Point", "coordinates": [32.60059546, 0.35754468]}, "properties": {"incident_type": "Single vehicle accident", "severity": "Serious", "road_name": "Valley road", "road_class": "Motorable track", "date": "2023-01-19"}}, {"type": "Feature", "geometry": {"type": "Point", "coordinates": [32.60166594, 0.3523868]}, "properties": {"incident_type": "Side-swipe", "severity": "Serious", "road_name": "Bukoto 14 road", "road_class": "Motorable track", "date": "2023-01-27"}}, {"type": "Feature", "geometry": {"type": "Point", "coordinates": [32.60369183, 0.35170456]}, "properties": {"incident_type": "Vehicle-bicycle collision", "severity": "Minor", "road_name": "Bukoto 11 road", "road_class": "Motorable track", "date": "2023-03-22"}}, {"type": "Feature", "geometry": {"type": "Point", "coordinates": [32.61004089, 0.35499414]}, "properties": {"incident_type": "Motorcycle crash", "severity": "Serious", "road_name": "A. Kiwanuka road", "road_class": "Motorable track", "date": "2023-03-12"}}, {"type": "Feature", "geometry": {"type": "Point", "coordinates": [32.60466597, 0.3542471]}, "properties": {"incident_type": "Hit & run", "severity": "Serious", "road_name": "Forebel road", "road_class": "Motorable track", "date": "2023-10-05"}}, {"type": "Feature", "geometry": {"type": "Point", "coordinates": [32.5988768, 0.35248861]}, "properties": {"incident_type": "Single vehicle accident", "severity": "Minor", "road_name": "Sserumaga road", "road_class": "Motorable track", "date": "2023-10-07"}}, {"type": "Feature", "geometry": {"type": "Point", "coordinates": [32.58440279, 0.33872897]}, "properties": {"incident_type": "Head-on collision", "severity": "Minor", "road_name": "Tagore Crescent", "road_class": "Motorable track", "date": "2023-08-25"}}, {"type": "Feature", "geometry": {"type": "Point", "coordinates": [32.57494238, 0.34102957]}, "properties": {"incident_type": "Rear-end collision", "severity": "Minor", "road_name": "Ddwaliro road", "road_class": "Secondary road", "date": "2023-11-15"}}, {"type": "Feature", "geometry": {"type": "Point", "coordinates": [32.57790443, 0.34216902]}, "properties": {"incident_type": "Single vehicle accident", "severity": "Minor", "road_name": "Upper Mulago hill road", "road_class": "Motorable track", "date": "2023-06-17"}}, {"type": "Feature", "geometry": {"type": "Point", "coordinates": [32.58138867, 0.34103027]}, "properties": {"incident_type": "Collision with pedestrian", "severity": "Minor", "road_name": "Mulago Hill road 1", "road_class": "Motorable track", "date": "2023-06-23"}}, {"type": "Feature", "geometry": {"type": "Point", "coordinates": [32.57863184, 0.33728722]}, "properties": {"incident_type": "Single vehicle accident", "severity": "Minor", "road_name": "Owen road", "road_class": "Motorable track", "date": "2023-07-13"}}, {"type": "Feature", "geometry": {"type": "Point", "coordinates": [32.5823138, 0.34226242]}, "properties": {"incident_type": "Single vehicle accident", "severity": "Minor", "road_name": "Upper Mawanda road", "road_class": "Motorable track", "date": "2023-10-06"}}, {"type": "Feature", "geometry": {"type": "Point", "coordinates": [32.57846858, 0.34042672]}, "properties": {"incident_type": "Collision with pedestrian", "severity": "Fatal", "road_name": "Mulago Hill road 2", "road_class": "Motorable track", "date": "2023-11-11"}}, {"type": "Feature", "geometry": {"type": "Point", "coordinates": [32.57544234, 0.34156701]}, "properties": {"incident_type": "Head-on collision", "severity": "Serious", "road_name": "Kyabakadde road", "road_class": "Secondary road", "date": "2023-06-08"}}, {"type": "Feature", "geometry": {"type": "Point", "coordinates": [32.57149683, 0.35355332]}, "properties": {"incident_type": "Rear-end collision", "severity": "Serious", "road_name": "Mambule road", "road_class": "Secondary road", "date": "2023-12-01"}}, {"type": "Feature", "geometry": {"type": "Point", "coordinates": [32.5643272, 0.33564086]}, "properties": {"incident_type": "Vehicle-bicycle collision", "severity": "Minor", "road_name": "Mansfield road", "road_class": "Secondary road", "date": "2023-05-18"}}, {"type": "Feature", "geometry": {"type": "Point", "coordinates": [32.56726183, 0.31773875]}, "properties": {"incident_type": "Rollover", "severity": "Serious", "road_name": "Boundary Close", "road_class": "Major road", "date": "2023-12-09"}}, {"type": "Feature", "geometry": {"type": "Point", "coordinates": [32.56677162, 0.33120496]}, "properties": {"incident_type": "Side-swipe", "severity": "Fatal", "road_name": "Mary Stuart road", "road_class": "Secondary road", "date": "2023-02-03"}}, {"type": "Feature", "geometry": {"type": "Point", "coordinates": [32.56659926, 0.33611364]}, "properties": {"incident_type": "Collision with pedestrian", "severity": "Minor", "road_name": "The Quarry road", "road_class": "Motorable track", "date": "2023-08-16"}}, {"type": "Feature", "geometry": {"type": "Point", "coordinates": [32.56701845, 0.33448069]}, "properties": {"incident_type": "Motorcycle crash", "severity": "Serious", "road_name": "University road", "road_class": "Secondary road", "date": "2023-08-26"}}, {"type": "Feature", "geometry": {"type": "Point", "coordinates": [32.54399802, 0.32694274]}, "properties": {"incident_type": "Vehicle collision", "severity": "Minor", "road_name": "Masiro road", "road_class": "Secondary road", "date": "2023-02-07"}}, {"type": "Feature", "geometry": {"type": "Point", "coordinates": [32.5691432, 0.32074858]}, "properties": {"incident_type": "Rollover", "severity": "Fatal", "road_name": "Gadafi road", "road_class": "Major road", "date": "2023-11-03"}}, {"type": "Feature", "geometry": {"type": "Point", "coordinates": [32.57093888, 0.32182708]}, "properties": {"incident_type": "Hit & run", "severity": "Serious", "road_name": "Mapabana road", "road_class": "Secondary road", "date": "2023-07-14"}}, {"type": "Feature", "geometry": {"type": "Point", "coordinates": [32.56693807, 0.31500513]}, "properties": {"incident_type": "Collision with pedestrian", "severity": "Minor", "road_name": "Fort road", "road_class": "Major road", "date": "2023-07-05"}}, {"type": "Feature", "geometry": {"type": "Point", "coordinates": [32.57288828, 0.31578754]}, "properties": {"incident_type": "Vehicle-bicycle collision", "severity": "Minor", "road_name": "Allen road", "road_class": "Major road", "date": "2023-09-18"}}, {"type": "Feature", "geometry": {"type": "Point", "coordinates": [32.57778939, 0.31309896]}, "properties": {"incident_type": "Rollover", "severity": "Fatal", "road_name": "Burton Street", "road_class": "Secondary road", "date": "2023-10-04"}}, {"type": "Feature", "geometry": {"type": "Point", "coordinates": [32.57523256, 0.3118781]}, "properties": {"incident_type": "Vehicle-bicycle collision", "severity": "Fatal", "road_name": "Channel Street", "road_class": "Secondary road", "date": "2023-08-24"}}, {"type": "Feature", "geometry": {"type": "Point", "coordinates": [32.5760608, 0.31174033]}, "properties": {"incident_type": "Rear-end collision", "severity": "Serious", "road_name": "Nakivubo Mews road", "road_class": "Secondary road", "date": "2023-02-13"}}, {"type": "Feature", "geometry": {"type": "Point", "coordinates": [32.58492394, 0.31425826]}, "properties": {"incident_type": "Hit & run", "severity": "Minor", "road_name": "Portal Avenue", "road_class": "Secondary road", "date": "2023-11-27"}}, {"type": "Feature", "geometry": {"type": "Point", "coordinates": [32.58882473, 0.31330854]}, "properties": {"incident_type": "Side-swipe", "severity": "Fatal", "road_name": "Station road", "road_class": "Secondary road", "date": "2023-07-25"}}, {"type": "Feature", "geometry": {"type": "Point", "coordinates": [32.60441731, 0.32029013]}, "properties": {"incident_type": "Rear-end collision", "severity": "Fatal", "road_name": "Old Port Bell road", "road_class": "Major road", "date": "2023-11-24"}}, {"type": "Feature", "geometry": {"type": "Point", "coordinates": [32.55815699, 0.30885412]}, "properties": {"incident_type": "Side-swipe", "severity": "Minor", "road_name": "Bulange way", "road_class": "Secondary road", "date": "2023-04-30"}}, {"type": "Feature", "geometry": {"type": "Point", "coordinates": [32.57367628, 0.34136217]}, "properties": {"incident_type": "Single vehicle accident", "severity": "Minor", "road_name": "Kafeero Zone road", "road_class": "Motorable track", "date": "2023-11-14"}}, {"type": "Feature", "geometry": {"type": "Point", "coordinates": [32.57714999, 0.3488188]}, "properties": {"incident_type": "Motorcycle crash", "severity": "Serious", "road_name": "Nsooba road", "road_class": "Motorable track", "date": "2023-07-23"}}, {"type": "Feature", "geometry": {"type": "Point", "coordinates": [32.47600981, 0.06763336]}, "properties": {"incident_type": "Motorcycle crash", "severity": "Minor", "road_name": "Manyago road", "road_class": "Motorable track", "date": "2023-06-12"}}, {"type": "Feature", "geometry": {"type": "Point", "coordinates": [32.48389084, 0.0718169]}, "properties": {"incident_type": "Rear-end collision", "severity": "Fatal", "road_name": "Dr. A. Lubega road", "road_class": "Motorable track", "date": "2023-05-20"}}, {"type": "Feature", "geometry": {"type": "Point", "coordinates": [32.48096044, 0.07310307]}, "properties": {"incident_type": "Rollover", "severity": "Minor", "road_name": "Middle lane", "road_class": "Motorable track", "date": "2023-11-20"}}, {"type": "Feature", "geometry": {"type": "Point", "coordinates": [32.48034515, 0.07401078]}, "properties": {"incident_type": "Rear-end collision", "severity": "Serious", "road_name": "Left lane", "road_class": "Motorable track", "date": "2023-09-23"}}, {"type": "Feature", "geometry": {"type": "Point", "coordinates": [32.47921112, 0.07078656]}, "properties": {"incident_type": "Head-on collision", "severity": "Fatal", "road_name": "Byatike road", "road_class": "Motorable track", "date": "2023-07-22"}}, {"type": "Feature", "geometry": {"type": "Point", "coordinates": [32.47748042, 0.06944987]}, "properties": {"incident_type": "Collision with pedestrian", "severity": "Minor", "road_name": "Kitumbu road", "road_class": "Motorable track", "date": "2023-02-10"}}, {"type": "Feature", "geometry": {"type": "Point", "coordinates": [32.48307232, 0.07252643]}, "properties": {"incident_type": "Side-swipe", "severity": "Serious", "road_name": "Ssese View road", "road_class": "Motorable track", "date": "2023-10-07"}}, {"type": "Feature", "geometry": {"type": "Point", "coordinates": [32.48037886, 0.07009416]}, "properties": {"incident_type": "Collision with pedestrian", "severity": "Fatal", "road_name": "Nambi road", "road_class": "Motorable track", "date": "2023-08-15"}}, {"type": "Feature", "geometry": {"type": "Point", "coordinates": [32.47413961, 0.05916036]}, "properties": {"incident_type": "Motorcycle crash", "severity": "Serious", "road_name": "Hill road", "road_class": "Motorable track", "date": "2023-02-02"}}, {"type": "Feature", "geometry": {"type": "Point", "coordinates": [32.47661004, 0.05982278]}, "properties": {"incident_type": "Vehicle collision", "severity": "Serious", "road_name": "Berkeley lane", "road_class": "Motorable track", "date": "2023-07-25"}}, {"type": "Feature", "geometry": {"type": "Point", "coordinates": [32.47603594, 0.05975592]}, "properties": {"incident_type": "Single vehicle accident", "severity": "Serious", "road_name": "Apolo Square", "road_class": "Motorable track", "date": "2023-10-04"}}, {"type": "Feature", "geometry": {"type": "Point", "coordinates": [32.47639731, 0.05806923]}, "properties": {"incident_type": "Collision with pedestrian", "severity": "Serious", "road_name": "Lugard Avenue", "road_class": "Motorable track", "date": "2023-10-25"}}, {"type": "Feature", "geometry": {"type": "Point", "coordinates": [32.47617345, 0.07003578]}, "properties": {"incident_type": "Hit & run", "severity": "Fatal", "road_name": "Portal road", "road_class": "Major road", "date": "2023-08-19"}}, {"type": "Feature", "geometry": {"type": "Point", "coordinates": [32.4788755, 0.05587718]}, "properties": {"incident_type": "Head-on collision", "severity": "Minor", "road_name": "Johnston road", "road_class": "Motorable track", "date": "2023-11-20"}}, {"type": "Feature", "geometry": {"type": "Point", "coordinates": [32.45889083, 0.05011807]}, "properties": {"incident_type": "Single vehicle accident", "severity": "Fatal", "road_name": "Bulime road", "road_class": "Motorable track", "date": "2023-12-16"}}, {"type": "Feature", "geometry": {"type": "Point", "coordinates": [32.46074828, 0.05152618]}, "properties": {"incident_type": "Motorcycle crash", "severity": "Minor", "road_name": "Queens road", "road_class": "Motorable track", "date": "2023-12-04"}}, {"type": "Feature", "geometry": {"type": "Point", "coordinates": [32.4618452, 0.04564381]}, "properties": {"incident_type": "Single vehicle accident", "severity": "Serious", "road_name": "Mugula road", "road_class": "Motorable track", "date": "2023-04-15"}}, {"type": "Feature", "geometry": {"type": "Point", "coordinates": [32.46346019, 0.04586149]}, "properties": {"incident_type": "Rollover", "severity": "Minor", "road_name": "Convert Close", "road_class": "Motorable track", "date": "2023-08-18"}}, {"type": "Feature", "geometry": {"type": "Point", "coordinates": [32.46087198, 0.04840021]}, "properties": {"incident_type": "Hit & run", "severity": "Serious", "road_name": "Combe road", "road_class": "Motorable track", "date": "2023-05-28"}}, {"type": "Feature", "geometry": {"type": "Point", "coordinates": [32.46389662, 0.05071548]}, "properties": {"incident_type": "Head-on collision", "severity": "Fatal", "road_name": "Gowers road", "road_class": "Motorable track", "date": "2023-02-01"}}, {"type": "Feature", "geometry": {"type": "Point", "coordinates": [32.4658105, 0.0501265]}, "properties": {"incident_type": "Rollover", "severity": "Minor", "road_name": "Circular road", "road_class": "Motorable track", "date": "2023-12-28"}}, {"type": "Feature", "geometry": {"type": "Point", "coordinates": [32.46203226, 0.04924449]}, "properties": {"incident_type": "Side-swipe", "severity": "Minor", "road_name": "Eden road", "road_class": "Motorable track", "date": "2023-11-22"}}, {"type": "Feature", "geometry": {"type": "Point", "coordinates": [32.46720876, 0.0465415]}, "properties": {"incident_type": "Head-on collision", "severity": "Minor", "road_name": "Bugonga road", "road_class": "Motorable track", "date": "2023-10-28"}}, {"type": "Feature", "geometry": {"type": "Point", "coordinates": [32.45971954, 0.04602128]}, "properties": {"incident_type": "Collision with pedestrian", "severity": "Serious", "road_name": "Kitaasa road", "road_class": "Motorable track", "date": "2023-04-09"}}, {"type": "Feature", "geometry": {"type": "Point", "coordinates": [32.47160589, 0.04929942]}, "properties": {"incident_type": "Motorcycle crash", "severity": "Minor", "road_name": "Khasim Kiwanuka road", "road_class": "Motorable track", "date": "2023-01-14"}}, {"type": "Feature", "geometry": {"type": "Point", "coordinates": [32.46285084, 0.03956545]}, "properties": {"incident_type": "Vehicle-bicycle collision", "severity": "Serious", "road_name": "Eric Magala road", "road_class": "Motorable track", "date": "2023-11-19"}}, {"type": "Feature", "geometry": {"type": "Point", "coordinates": [32.46390206, 0.04465729]}, "properties": {"incident_type": "Single vehicle accident", "severity": "Serious", "road_name": "Convert road", "road_class": "Motorable track", "date": "2023-11-06"}}, {"type": "Feature", "geometry": {"type": "Point", "coordinates": [32.46105603, 0.05040748]}, "properties": {"incident_type": "Rear-end collision", "severity": "Serious", "road_name": "Park road", "road_class": "Motorable track", "date": "2023-07-25"}}, {"type": "Feature", "geometry": {"type": "Point", "coordinates": [32.46170183, 0.06996705]}, "properties": {"incident_type": "Rear-end collision", "severity": "Minor", "road_name": "Nsamizi road", "road_class": "Secondary road", "date": "2023-02-22"}}, {"type": "Feature", "geometry": {"type": "Point", "coordinates": [32.46387558, 0.06216947]}, "properties": {"incident_type": "Rollover", "severity": "Minor", "road_name": "Uringi Crescent road", "road_class": "Secondary road", "date": "2023-08-25"}}, {"type": "Feature", "geometry": {"type": "Point", "coordinates": [32.45906822, 0.07256298]}, "properties": {"incident_type": "Collision with pedestrian", "severity": "Fatal", "road_name": "Nakiwogo road", "road_class": "Secondary road", "date": "2023-02-03"}}, {"type": "Feature", "geometry": {"type": "Point", "coordinates": [32.45529211, 0.06413391]}, "properties": {"incident_type": "Collision with pedestrian", "severity": "Minor", "road_name": "Kiwafu road", "road_class": "Secondary road", "date": "2023-06-29"}}, {"type": "Feature", "geometry": {"type": "Point", "coordinates": [32.45652384, 0.05506337]}, "properties": {"incident_type": "Side-swipe", "severity": "Serious", "road_name": "Queen's road", "road_class": "Motorable track", "date": "2023-07-09"}}, {"type": "Feature", "geometry": {"type": "Point", "coordinates": [32.45972515, 0.06008682]}, "properties": {"incident_type": "Rear-end collision", "severity": "Minor", "road_name": "Kitooro road", "road_class": "Secondary road", "date": "2023-01-10"}}, {"type": "Feature", "geometry": {"type": "Point", "coordinates": [32.46327956, 0.060748]}, "properties": {"incident_type": "Vehicle-bicycle collision", "severity": "Fatal", "road_name": "Tamale Ssali road", "road_class": "Secondary road", "date": "2023-05-04"}}, {"type": "Feature", "geometry": {"type": "Point", "coordinates": [32.46132783, 0.05813673]}, "properties": {"incident_type": "Head-on collision", "severity": "Minor", "road_name": "Gabunga road", "road_class": "Secondary road", "date": "2023-10-03"}}, {"type": "Feature", "geometry": {"type": "Point", "coordinates": [32.4623683, 0.05651551]}, "properties": {"incident_type": "Rollover", "severity": "Fatal", "road_name": "Fulu road", "road_class": "Secondary road", "date": "2023-01-09"}}, {"type": "Feature", "geometry": {"type": "Point", "coordinates": [32.46244325, 0.06134669]}, "properties": {"incident_type": "Hit & run", "severity": "Serious", "road_name": "Basudde Rise", "road_class": "Secondary road", "date": "2023-09-22"}}, {"type": "Feature", "geometry": {"type": "Point", "coordinates": [32.45604215, 0.07335242]}, "properties": {"incident_type": "Side-swipe", "severity": "Minor", "road_name": "Buwaya Close", "road_class": "Motorable track", "date": "2023-09-21"}}, {"type": "Feature", "geometry": {"type": "Point", "coordinates": [32.45648912, 0.07015291]}, "properties": {"incident_type": "Rollover", "severity": "Minor", "road_name": "Sserunkuma road", "road_class": "Motorable track", "date": "2023-08-01"}}, {"type": "Feature", "geometry": {"type": "Point", "coordinates": [32.4558491, 0.06944763]}, "properties": {"incident_type": "Single vehicle accident", "severity": "Serious", "road_name": "Njeru road", "road_class": "Motorable track", "date": "2023-08-24"}}, {"type": "Feature", "geometry": {"type": "Point", "coordinates": [32.45468679, 0.05144004]}, "properties": {"incident_type": "Motorcycle crash", "severity": "Minor", "road_name": "Buku road", "road_class": "Secondary road", "date": "2023-07-08"}}, {"type": "Feature", "geometry": {"type": "Point", "coordinates": [32.65397154, 0.384122708]}, "properties": {"incident_type": "Single vehicle accident", "severity": "Fatal", "road_name": "Kiwuunya road", "road_class": "Secondary road", "date": "2024-05-16"}}, {"type": "Feature", "geometry": {"type": "Point", "coordinates": [32.67386636, 0.310494347]}, "properties": {"incident_type": "Rollover", "severity": "Fatal", "road_name": "Kawempe - Ttula road", "road_class": "Secondary road", "date": "2022-06-30"}}, {"type": "Feature", "geometry": {"type": "Point", "coordinates": [32.51272104, 0.32826571]}, "properties": {"incident_type": "Hit & run", "severity": "Serious", "road_name": "Katalima road", "road_class": "Secondary road", "date": "2021-05-08"}}, {"type": "Feature", "geometry": {"type": "Point", "coordinates": [32.59755555, 0.364983761]}, "properties": {"incident_type": "Single vehicle accident", "severity": "Serious", "road_name": "Mulago Hill road 1", "road_class": "Motorable track", "date": "2021-07-09"}}, {"type": "Feature", "geometry": {"type": "Point", "coordinates": [32.58918302, 0.344507877]}, "properties": {"incident_type": "Motorcycle crash", "severity": "Fatal", "road_name": "Ternan Avenue", "road_class": "Secondary road", "date": "2022-10-09"}}, {"type": "Feature", "geometry": {"type": "Point", "coordinates": [32.65747497, 0.306755218]}, "properties": {"incident_type": "Rollover", "severity": "Minor", "road_name": "Market Street", "road_class": "Secondary road", "date": "2024-12-19"}}, {"type": "Feature", "geometry": {"type": "Point", "coordinates": [32.54834868, 0.339196193]}, "properties": {"incident_type": "Vehicle-bicycle collision", "severity": "Fatal", "road_name": "Kibirango road", "road_class": "Motorable track", "date": "2021-11-21"}}, {"type": "Feature", "geometry": {"type": "Point", "coordinates": [32.66842769, 0.377922039]}, "properties": {"incident_type": "Rollover", "severity": "Serious", "road_name": "Bazzeketta road", "road_class": "Motorable track", "date": "2021-02-12"}}, {"type": "Feature", "geometry": {"type": "Point", "coordinates": [32.67957087, 0.356081232]}, "properties": {"incident_type": "Rollover", "severity": "Fatal", "road_name": "Kitooro road", "road_class": "Secondary road", "date": "2022-02-26"}}, {"type": "Feature", "geometry": {"type": "Point", "coordinates": [32.50382454, 0.399403397]}, "properties": {"incident_type": "Vehicle collision", "severity": "Serious", "road_name": "Queen's road", "road_class": "Motorable track", "date": "2022-11-11"}}, {"type": "Feature", "geometry": {"type": "Point", "coordinates": [32.502799, 0.32761199]}, "properties": {"incident_type": "Rollover", "severity": "Serious", "road_name": "Zirobwe road", "road_class": "Major road", "date": "2020-10-14"}}, {"type": "Feature", "geometry": {"type": "Point", "coordinates": [32.68509508, 0.343370614]}, "properties": {"incident_type": "Hit & run", "severity": "Fatal", "road_name": "Malcom X Avenue", "road_class": "Secondary road", "date": "2021-09-06"}}, {"type": "Feature", "geometry": {"type": "Point", "coordinates": [32.56233564, 0.358391116]}, "properties": {"incident_type": "Rollover", "severity": "Serious", "road_name": "Kiwaatule road", "road_class": "Secondary road", "date": "2021-10-12"}}, {"type": "Feature", "geometry": {"type": "Point", "coordinates": [32.65425366, 0.307475631]}, "properties": {"incident_type": "Rollover", "severity": "Serious", "road_name": "Cooper road", "road_class": "Motorable track", "date": "2021-11-17"}}, {"type": "Feature", "geometry": {"type": "Point", "coordinates": [32.52151994, 0.395788068]}, "properties": {"incident_type": "Motorcycle crash", "severity": "Serious", "road_name": "Hill road", "road_class": "Motorable track", "date": "2021-01-12"}}, {"type": "Feature", "geometry": {"type": "Point", "coordinates": [32.64836797, 0.354104578]}, "properties": {"incident_type": "Single vehicle accident", "severity": "Minor", "road_name": "Mutesa I road", "road_class": "Secondary road", "date": "2022-11-27"}}, {"type": "Feature", "geometry": {"type": "Point", "coordinates": [32.58913238, 0.390214365]}, "properties": {"incident_type": "Rear-end collision", "severity": "Serious", "road_name": "Mviri Lane", "road_class": "Motorable track", "date": "2021-09-27"}}, {"type": "Feature", "geometry": {"type": "Point", "coordinates": [32.64245795, 0.363426052]}, "properties": {"incident_type": "Vehicle-bicycle collision", "severity": "Serious", "road_name": "Queens road", "road_class": "Motorable track", "date": "2022-08-24"}}, {"type": "Feature", "geometry": {"type": "Point", "coordinates": [32.66336205, 0.38476989]}, "properties": {"incident_type": "Side-swipe", "severity": "Minor", "road_name": "Archer road", "road_class": "Secondary road", "date": "2024-01-04"}}, {"type": "Feature", "geometry": {"type": "Point", "coordinates": [32.58164219, 0.356324252]}, "properties": {"incident_type": "Motorcycle crash", "severity": "Fatal", "road_name": "A. Kiwanuka road", "road_class": "Motorable track", "date": "2021-01-17"}}, {"type": "Feature", "geometry": {"type": "Point", "coordinates": [32.69119851, 0.322333703]}, "properties": {"incident_type": "Rear-end collision", "severity": "Serious", "road_name": "Old Kira road", "road_class": "Secondary road", "date": "2022-03-12"}}, {"type": "Feature", "geometry": {"type": "Point", "coordinates": [32.68101625, 0.327448144]}, "properties": {"incident_type": "Rear-end collision", "severity": "Minor", "road_name": "Nakibirango road", "road_class": "Motorable track", "date": "2020-04-19"}}, {"type": "Feature", "geometry": {"type": "Point", "coordinates": [32.62763672, 0.306956853]}, "properties": {"incident_type": "Motorcycle crash", "severity": "Fatal", "road_name": "Njeru road", "road_class": "Motorable track", "date": "2020-04-05"}}, {"type": "Feature", "geometry": {"type": "Point", "coordinates": [32.69712395, 0.332543434]}, "properties": {"incident_type": "Vehicle collision", "severity": "Fatal", "road_name": "Butikiro road", "road_class": "Secondary road", "date": "2024-12-16"}}, {"type": "Feature", "geometry": {"type": "Point", "coordinates": [32.68527683, 0.35835752]}, "properties": {"incident_type": "Rear-end collision", "severity": "Fatal", "road_name": "Mulago Hill road 2", "road_class": "Motorable track", "date": "2023-11-26"}}, {"type": "Feature", "geometry": {"type": "Point", "coordinates": [32.6220223, 0.393152403]}, "properties": {"incident_type": "Vehicle-bicycle collision", "severity": "Minor", "road_name": "Mackay road", "road_class": "Secondary road", "date": "2023-04-10"}}, {"type": "Feature", "geometry": {"type": "Point", "coordinates": [32.50187047, 0.341579723]}, "properties": {"incident_type": "Motorcycle crash", "severity": "Fatal", "road_name": "Sserunkuma road", "road_class": "Motorable track", "date": "2024-09-02"}}, {"type": "Feature", "geometry": {"type": "Point", "coordinates": [32.63847729, 0.359868572]}, "properties": {"incident_type": "Motorcycle crash", "severity": "Serious", "road_name": "Mabua road", "road_class": "Motorable track", "date": "2021-09-13"}}, {"type": "Feature", "geometry": {"type": "Point", "coordinates": [32.67381822, 0.324767856]}, "properties": {"incident_type": "Motorcycle crash", "severity": "Minor", "road_name": "Kyebando Ring road", "road_class": "Secondary road", "date": "2023-10-17"}}, {"type": "Feature", "geometry": {"type": "Point", "coordinates": [32.66245587, 0.391012867]}, "properties": {"incident_type": "Collision with pedestrian", "severity": "Fatal", "road_name": "Kisaasi road", "road_class": "Major road", "date": "2024-09-06"}}, {"type": "Feature", "geometry": {"type": "Point", "coordinates": [32.55728022, 0.384686552]}, "properties": {"incident_type": "Rear-end collision", "severity": "Serious", "road_name": "Zirobwe road", "road_class": "Major road", "date": "2023-10-03"}}, {"type": "Feature", "geometry": {"type": "Point", "coordinates": [32.68374172, 0.30371056]}, "properties": {"incident_type": "Vehicle collision", "severity": "Serious", "road_name": "Nkrumah road", "road_class": "Secondary road", "date": "2023-02-26"}}, {"type": "Feature", "geometry": {"type": "Point", "coordinates": [32.69565834, 0.369724056]}, "properties": {"incident_type": "Collision with pedestrian", "severity": "Serious", "road_name": "Mugwanya road", "road_class": "Motorable track", "date": "2021-06-25"}}, {"type": "Feature", "geometry": {"type": "Point", "coordinates": [32.50872079, 0.363545385]}, "properties": {"incident_type": "Vehicle-bicycle collision", "severity": "Serious", "road_name": "Church road", "road_class": "Motorable track", "date": "2024-10-25"}}, {"type": "Feature", "geometry": {"type": "Point", "coordinates": [32.64035751, 0.327697052]}, "properties": {"incident_type": "Vehicle collision", "severity": "Fatal", "road_name": "Upper Naggulu East road", "road_class": "Secondary road", "date": "2023-01-23"}}, {"type": "Feature", "geometry": {"type": "Point", "coordinates": [32.60420662, 0.321237938]}, "properties": {"incident_type": "Vehicle collision", "severity": "Fatal", "road_name": "Naggulu Avenue", "road_class": "Secondary road", "date": "2024-02-10"}}, {"type": "Feature", "geometry": {"type": "Point", "coordinates": [32.52961641, 0.362240583]}, "properties": {"incident_type": "Rollover", "severity": "Serious", "road_name": "Balintuma road", "road_class": "Major road", "date": "2022-02-22"}}, {"type": "Feature", "geometry": {"type": "Point", "coordinates": [32.50901478, 0.369239147]}, "properties": {"incident_type": "Head-on collision", "severity": "Serious", "road_name": "Mary Stuart road", "road_class": "Secondary road", "date": "2022-11-07"}}, {"type": "Feature", "geometry": {"type": "Point", "coordinates": [32.60814329, 0.323526852]}, "properties": {"incident_type": "Single vehicle accident", "severity": "Serious", "road_name": "Salaama road", "road_class": "Secondary road", "date": "2020-12-21"}}, {"type": "Feature", "geometry": {"type": "Point", "coordinates": [32.60238129, 0.353400433]}, "properties": {"incident_type": "Collision with pedestrian", "severity": "Fatal", "road_name": "Nile Avenue", "road_class": "Major road", "date": "2021-03-17"}}, {"type": "Feature", "geometry": {"type": "Point", "coordinates": [32.64498656, 0.330501848]}, "properties": {"incident_type": "Rollover", "severity": "Minor", "road_name": "Gadafi road", "road_class": "Major road", "date": "2020-10-06"}}, {"type": "Feature", "geometry": {"type": "Point", "coordinates": [32.67063954, 0.36928419]}, "properties": {"incident_type": "Motorcycle crash", "severity": "Fatal", "road_name": "Berkeley lane", "road_class": "Motorable track", "date": "2023-10-18"}}, {"type": "Feature", "geometry": {"type": "Point", "coordinates": [32.68412227, 0.339590012]}, "properties": {"incident_type": "Rollover", "severity": "Minor", "road_name": "Kitaasa road", "road_class": "Motorable track", "date": "2021-05-04"}}, {"type": "Feature", "geometry": {"type": "Point", "coordinates": [32.59351091, 0.32430447]}, "properties": {"incident_type": "Hit & run", "severity": "Fatal", "road_name": "Mutundwe road", "road_class": "Motorable track", "date": "2021-11-12"}}, {"type": "Feature", "geometry": {"type": "Point", "coordinates": [32.68638803, 0.334716203]}, "properties": {"incident_type": "Rear-end collision", "severity": "Fatal", "road_name": "Nkrumah road", "road_class": "Secondary road", "date": "2022-09-09"}}, {"type": "Feature", "geometry": {"type": "Point", "coordinates": [32.69999368, 0.34229611]}, "properties": {"incident_type": "Vehicle collision", "severity": "Serious", "road_name": "Sixth street", "road_class": "Secondary road", "date": "2022-06-02"}}, {"type": "Feature", "geometry": {"type": "Point", "coordinates": [32.67414314, 0.378735624]}, "properties": {"incident_type": "Single vehicle accident", "severity": "Fatal", "road_name": "Left lane", "road_class": "Motorable track", "date": "2024-10-22"}}, {"type": "Feature", "geometry": {"type": "Point", "coordinates": [32.50867999, 0.393205813]}, "properties": {"incident_type": "Collision with pedestrian", "severity": "Fatal", "road_name": "Sezibwa road", "road_class": "Secondary road", "date": "2024-11-15"}}, {"type": "Feature", "geometry": {"type": "Point", "coordinates": [32.51636862, 0.333325745]}, "properties": {"incident_type": "Vehicle-bicycle collision", "severity": "Fatal", "road_name": "Kyaggwe road", "road_class": "Secondary road", "date": "2022-09-08"}}, {"type": "Feature", "geometry": {"type": "Point", "coordinates": [32.67961284, 0.381863565]}, "properties": {"incident_type": "Head-on collision", "severity": "Minor", "road_name": "Malcom X Avenue", "road_class": "Secondary road", "date": "2024-12-21"}}, {"type": "Feature", "geometry": {"type": "Point", "coordinates": [32.55889794, 0.386187655]}, "properties": {"incident_type": "Collision with pedestrian", "severity": "Serious", "road_name": "Kyanja road", "road_class": "Secondary road", "date": "2021-11-03"}}, {"type": "Feature", "geometry": {"type": "Point", "coordinates": [32.57981481, 0.344935813]}, "properties": {"incident_type": "Vehicle collision", "severity": "Fatal", "road_name": "Lincoln Close", "road_class": "Motorable track", "date": "2021-06-25"}}, {"type": "Feature", "geometry": {"type": "Point", "coordinates": [32.64652447, 0.360809414]}, "properties": {"incident_type": "Vehicle collision", "severity": "Fatal", "road_name": "Nkrumah road", "road_class": "Secondary road", "date": "2022-11-13"}}, {"type": "Feature", "geometry": {"type": "Point", "coordinates": [32.67385054, 0.342635407]}, "properties": {"incident_type": "Motorcycle crash", "severity": "Fatal", "road_name": "Sikh road", "road_class": "Secondary road", "date": "2023-09-07"}}, {"type": "Feature", "geometry": {"type": "Point", "coordinates": [32.54533608, 0.315134546]}, "properties": {"incident_type": "Rollover", "severity": "Fatal", "road_name": "Ring road", "road_class": "Secondary road", "date": "2023-09-09"}}, {"type": "Feature", "geometry": {"type": "Point", "coordinates": [32.67593338, 0.39049237]}, "properties": {"incident_type": "Rollover", "severity": "Fatal", "road_name": "Nakiwogo road", "road_class": "Secondary road", "date": "2024-06-08"}}, {"type": "Feature", "geometry": {"type": "Point", "coordinates": [32.50107588, 0.387402422]}, "properties": {"incident_type": "Rear-end collision", "severity": "Minor", "road_name": "Mapeera road", "road_class": "Secondary road", "date": "2021-09-04"}}, {"type": "Feature", "geometry": {"type": "Point", "coordinates": [32.62532739, 0.351172681]}, "properties": {"incident_type": "Vehicle collision", "severity": "Fatal", "road_name": "Kiwafu road", "road_class": "Secondary road", "date": "2020-05-16"}}, {"type": "Feature", "geometry": {"type": "Point", "coordinates": [32.68519596, 0.310857954]}, "properties": {"incident_type": "Rear-end collision", "severity": "Fatal", "road_name": "Makamba road", "road_class": "Secondary road", "date": "2022-02-26"}}, {"type": "Feature", "geometry": {"type": "Point", "coordinates": [32.67190466, 0.314423048]}, "properties": {"incident_type": "Vehicle-bicycle collision", "severity": "Serious", "road_name": "Kibuli road", "road_class": "Secondary road", "date": "2023-07-13"}}, {"type": "Feature", "geometry": {"type": "Point", "coordinates": [32.68290229, 0.372142571]}, "properties": {"incident_type": "Collision with pedestrian", "severity": "Minor", "road_name": "Nabunya road", "road_class": "Secondary road", "date": "2020-06-12"}}, {"type": "Feature", "geometry": {"type": "Point", "coordinates": [32.58014757, 0.399499898]}, "properties": {"incident_type": "Motorcycle crash", "severity": "Minor", "road_name": "Buku road", "road_class": "Secondary road", "date": "2022-03-07"}}, {"type": "Feature", "geometry": {"type": "Point", "coordinates": [32.63124343, 0.313231397]}, "properties": {"incident_type": "Rollover", "severity": "Fatal", "road_name": "Seventh Street", "road_class": "Secondary road", "date": "2023-03-05"}}, {"type": "Feature", "geometry": {"type": "Point", "coordinates": [32.5601573, 0.306203504]}, "properties": {"incident_type": "Collision with pedestrian", "severity": "Fatal", "road_name": "Weraga road", "road_class": "Secondary road", "date": "2022-01-22"}}, {"type": "Feature", "geometry": {"type": "Point", "coordinates": [32.58691722, 0.336422503]}, "properties": {"incident_type": "Head-on collision", "severity": "Minor", "road_name": "Mambule road", "road_class": "Secondary road", "date": "2020-06-15"}}, {"type": "Feature", "geometry": {"type": "Point", "coordinates": [32.56186407, 0.382734357]}, "properties": {"incident_type": "Collision with pedestrian", "severity": "Minor", "road_name": "William Street", "road_class": "Major road", "date": "2020-10-30"}}, {"type": "Feature", "geometry": {"type": "Point", "coordinates": [32.54574924, 0.315568945]}, "properties": {"incident_type": "Motorcycle crash", "severity": "Fatal", "road_name": "Kalinabiri road", "road_class": "Motorable track", "date": "2023-06-24"}}, {"type": "Feature", "geometry": {"type": "Point", "coordinates": [32.67451262, 0.300338113]}, "properties": {"incident_type": "Single vehicle accident", "severity": "Serious", "road_name": "Nakasero Hill road", "road_class": "Secondary road", "date": "2023-01-12"}}, {"type": "Feature", "geometry": {"type": "Point", "coordinates": [32.56722627, 0.307227684]}, "properties": {"incident_type": "Rear-end collision", "severity": "Minor", "road_name": "Sturrock road", "road_class": "Motorable track", "date": "2024-05-15"}}, {"type": "Feature", "geometry": {"type": "Point", "coordinates": [32.68108784, 0.376152767]}, "properties": {"incident_type": "Head-on collision", "severity": "Serious", "road_name": "Bbuta road", "road_class": "Motorable track", "date": "2022-11-08"}}, {"type": "Feature", "geometry": {"type": "Point", "coordinates": [32.64334597, 0.336333314]}, "properties": {"incident_type": "Hit & run", "severity": "Serious", "road_name": "Namirembe Road", "road_class": "Major road", "date": "2024-08-05"}}, {"type": "Feature", "geometry": {"type": "Point", "coordinates": [32.5328681, 0.316775937]}, "properties": {"incident_type": "Vehicle-bicycle collision", "severity": "Serious", "road_name": "Mudeka road", "road_class": "Motorable track", "date": "2024-07-20"}}, {"type": "Feature", "geometry": {"type": "Point", "coordinates": [32.52181213, 0.358972628]}, "properties": {"incident_type": "Vehicle collision", "severity": "Serious", "road_name": "LDC road", "road_class": "Secondary road", "date": "2020-10-25"}}, {"type": "Feature", "geometry": {"type": "Point", "coordinates": [32.64615673, 0.318252584]}, "properties": {"incident_type": "Hit & run", "severity": "Fatal", "road_name": "Kireka road", "road_class": "Secondary road", "date": "2021-01-21"}}, {"type": "Feature", "geometry": {"type": "Point", "coordinates": [32.66032974, 0.324270687]}, "properties": {"incident_type": "Motorcycle crash", "severity": "Serious", "road_name": "Entebe road", "road_class": "Highway", "date": "2022-01-02"}}, {"type": "Feature", "geometry": {"type": "Point", "coordinates": [32.68676583, 0.344324677]}, "properties": {"incident_type": "Rollover", "severity": "Fatal", "road_name": "Ntinda - Kigowa road", "road_class": "Secondary road", "date": "2023-12-09"}}, {"type": "Feature", "geometry": {"type": "Point", "coordinates": [32.59152406, 0.362037912]}, "properties": {"incident_type": "Rear-end collision", "severity": "Minor", "road_name": "Mawanda road", "road_class": "Secondary road", "date": "2020-07-19"}}, {"type": "Feature", "geometry": {"type": "Point", "coordinates": [32.6448145, 0.318121918]}, "properties": {"incident_type": "Vehicle-bicycle collision", "severity": "Serious", "road_name": "Naalya road", "road_class": "Secondary road", "date": "2022-03-31"}}, {"type": "Feature", "geometry": {"type": "Point", "coordinates": [32.51105414, 0.370489088]}, "properties": {"incident_type": "Single vehicle accident", "severity": "Serious", "road_name": "Katalima road", "road_class": "Secondary road", "date": "2024-08-19"}}, {"type": "Feature", "geometry": {"type": "Point", "coordinates": [32.52033499, 0.348406298]}, "properties": {"incident_type": "Hit & run", "severity": "Minor", "road_name": "Naggulu Drive", "road_class": "Secondary road", "date": "2024-12-12"}}, {"type": "Feature", "geometry": {"type": "Point", "coordinates": [32.52482072, 0.308042659]}, "properties": {"incident_type": "Side-swipe", "severity": "Minor", "road_name": "Mugula road", "road_class": "Motorable track", "date": "2020-01-14"}}, {"type": "Feature", "geometry": {"type": "Point", "coordinates": [32.61698249, 0.362962322]}, "properties": {"incident_type": "Side-swipe", "severity": "Fatal", "road_name": "School road", "road_class": "Secondary road", "date": "2020-05-03"}}, {"type": "Feature", "geometry": {"type": "Point", "coordinates": [32.64313179, 0.306098459]}, "properties": {"incident_type": "Side-swipe", "severity": "Serious", "road_name": "Pool road", "road_class": "Secondary road", "date": "2020-02-15"}}, {"type": "Feature", "geometry": {"type": "Point", "coordinates": [32.69468058, 0.352847519]}, "properties": {"incident_type": "Vehicle-bicycle collision", "severity": "Serious", "road_name": "Bukoto - Kisalosalo road", "road_class": "Motorable track", "date": "2023-07-13"}}, {"type": "Feature", "geometry": {"type": "Point", "coordinates": [32.69145129, 0.308711357]}, "properties": {"incident_type": "Side-swipe", "severity": "Fatal", "road_name": "Katwe road", "road_class": "Major road", "date": "2022-12-29"}}, {"type": "Feature", "geometry": {"type": "Point", "coordinates": [32.5329816, 0.393088653]}, "properties": {"incident_type": "Head-on collision", "severity": "Minor", "road_name": "Tagore Crescent", "road_class": "Motorable track", "date": "2021-07-13"}}, {"type": "Feature", "geometry": {"type": "Point", "coordinates": [32.52537729, 0.323505471]}, "properties": {"incident_type": "Rollover", "severity": "Minor", "road_name": "Katonga road", "road_class": "Secondary road", "date": "2022-08-08"}}, {"type": "Feature", "geometry": {"type": "Point", "coordinates": [32.53633075, 0.350156239]}, "properties": {"incident_type": "Motorcycle crash", "severity": "Minor", "road_name": "Parliamentary Avenue", "road_class": "Secondary road", "date": "2022-02-15"}}, {"type": "Feature", "geometry": {"type": "Point", "coordinates": [32.65081686, 0.319941707]}, "properties": {"incident_type": "Motorcycle crash", "severity": "Minor", "road_name": "Kitagobwa road", "road_class": "Secondary road", "date": "2024-06-30"}}, {"type": "Feature", "geometry": {"type": "Point", "coordinates": [32.64930024, 0.31732517]}, "properties": {"incident_type": "Hit & run", "severity": "Fatal", "road_name": "Kaduyu road", "road_class": "Motorable track", "date": "2024-01-13"}}, {"type": "Feature", "geometry": {"type": "Point", "coordinates": [32.69202704, 0.326679255]}, "properties": {"incident_type": "Motorcycle crash", "severity": "Minor", "road_name": "Kawaala - Bwaise road", "road_class": "Motorable track", "date": "2023-05-07"}}, {"type": "Feature", "geometry": {"type": "Point", "coordinates": [32.50771806, 0.398441509]}, "properties": {"incident_type": "Vehicle-bicycle collision", "severity": "Fatal", "road_name": "York Terrace", "road_class": "Motorable track", "date": "2023-09-27"}}, {"type": "Feature", "geometry": {"type": "Point", "coordinates": [32.57962427, 0.326460163]}, "properties": {"incident_type": "Vehicle collision", "severity": "Fatal", "road_name": "University road", "road_class": "Secondary road", "date": "2021-06-28"}}, {"type": "Feature", "geometry": {"type": "Point", "coordinates": [32.64820404, 0.381221004]}, "properties": {"incident_type": "Vehicle-bicycle collision", "severity": "Minor", "road_name": "Fulu road", "road_class": "Secondary road", "date": "2023-10-31"}}, {"type": "Feature", "geometry": {"type": "Point", "coordinates": [32.55127322, 0.374844281]}, "properties": {"incident_type": "Vehicle-bicycle collision", "severity": "Serious", "road_name": "Uringi Crescent road", "road_class": "Secondary road", "date": "2021-10-05"}}, {"type": "Feature", "geometry": {"type": "Point", "coordinates": [32.5599877, 0.318261267]}, "properties": {"incident_type": "Hit & run", "severity": "Fatal", "road_name": "Mapabana road", "road_class": "Secondary road", "date": "2023-05-05"}}, {"type": "Feature", "geometry": {"type": "Point", "coordinates": [32.51211728, 0.314482158]}, "properties": {"incident_type": "Motorcycle crash", "severity": "Fatal", "road_name": "Hoima road", "road_class": "Highway", "date": "2021-03-15"}}, {"type": "Feature", "geometry": {"type": "Point", "coordinates": [32.55493865, 0.366318061]}, "properties": {"incident_type": "Side-swipe", "severity": "Minor", "road_name": "Bukoto - Ntinda road", "road_class": "Major road", "date": "2024-06-19"}}, {"type": "Feature", "geometry": {"type": "Point", "coordinates": [32.52728775, 0.392183501]}, "properties": {"incident_type": "Head-on collision", "severity": "Serious", "road_name": "Hill Lane", "road_class": "Motorable track", "date": "2021-08-07"}}, {"type": "Feature", "geometry": {"type": "Point", "coordinates": [32.68213853, 0.340445506]}, "properties": {"incident_type": "Hit & run", "severity": "Minor", "road_name": "Mackay road", "road_class": "Secondary road", "date": "2023-02-20"}}, {"type": "Feature", "geometry": {"type": "Point", "coordinates": [32.55853764, 0.320617277]}, "properties": {"incident_type": "Vehicle-bicycle collision", "severity": "Fatal", "road_name": "A. Kiwanuka road", "road_class": "Motorable track", "date": "2021-11-12"}}, {"type": "Feature", "geometry": {"type": "Point", "coordinates": [32.55105024, 0.346112672]}, "properties": {"incident_type": "Collision with pedestrian", "severity": "Fatal", "road_name": "Lower Mulago hill road", "road_class": "Secondary road", "date": "2023-04-05"}}, {"type": "Feature", "geometry": {"type": "Point", "coordinates": [32.55863874, 0.334650865]}, "properties": {"incident_type": "Vehicle collision", "severity": "Minor", "road_name": "Nakibirango road", "road_class": "Motorable track", "date": "2020-04-05"}}, {"type": "Feature", "geometry": {"type": "Point", "coordinates": [32.61940523, 0.356529329]}, "properties": {"incident_type": "Side-swipe", "severity": "Fatal", "road_name": "Katalima road", "road_class": "Secondary road", "date": "2021-07-25"}}, {"type": "Feature", "geometry": {"type": "Point", "coordinates": [32.69080598, 0.370619534]}, "properties": {"incident_type": "Vehicle-bicycle collision", "severity": "Serious", "road_name": "Wilson road", "road_class": "Secondary road", "date": "2023-11-23"}}, {"type": "Feature", "geometry": {"type": "Point", "coordinates": [32.52225567, 0.325011654]}, "properties": {"incident_type": "Single vehicle accident", "severity": "Serious", "road_name": "Bugonga road", "road_class": "Motorable track", "date": "2023-03-07"}}, {"type": "Feature", "geometry": {"type": "Point", "coordinates": [32.63478472, 0.338666992]}, "properties": {"incident_type": "Vehicle-bicycle collision", "severity": "Minor", "road_name": "Mansfield road", "road_class": "Secondary road", "date": "2020-08-29"}}, {"type": "Feature", "geometry": {"type": "Point", "coordinates": [32.51601548, 0.328866137]}, "properties": {"incident_type": "Single vehicle accident", "severity": "Fatal", "road_name": "Mabua road", "road_class": "Motorable track", "date": "2020-06-17"}}, {"type": "Feature", "geometry": {"type": "Point", "coordinates": [32.65400602, 0.301613045]}, "properties": {"incident_type": "Head-on collision", "severity": "Fatal", "road_name": "Kirinya road", "road_class": "Secondary road", "date": "2021-01-04"}}, {"type": "Feature", "geometry": {"type": "Point", "coordinates": [32.63288662, 0.353853031]}, "properties": {"incident_type": "Single vehicle accident", "severity": "Serious", "road_name": "Sturrock road", "road_class": "Motorable track", "date": "2022-06-11"}}, {"type": "Feature", "geometry": {"type": "Point", "coordinates": [32.53394679, 0.371032825]}, "properties": {"incident_type": "Head-on collision", "severity": "Minor", "road_name": "Lugard Avenue", "road_class": "Motorable track", "date": "2021-01-16"}}, {"type": "Feature", "geometry": {"type": "Point", "coordinates": [32.57075974, 0.353298632]}, "properties": {"incident_type": "Hit & run", "severity": "Minor", "road_name": "Left lane", "road_class": "Motorable track", "date": "2024-02-11"}}, {"type": "Feature", "geometry": {"type": "Point", "coordinates": [32.56899843, 0.309750992]}, "properties": {"incident_type": "Rollover", "severity": "Minor", "road_name": "Kyabakadde road", "road_class": "Secondary road", "date": "2023-12-14"}}, {"type": "Feature", "geometry": {"type": "Point", "coordinates": [32.61424686, 0.328718057]}, "properties": {"incident_type": "Rollover", "severity": "Minor", "road_name": "Nkrumah road", "road_class": "Secondary road", "date": "2020-07-02"}}, {"type": "Feature", "geometry": {"type": "Point", "coordinates": [32.50279805, 0.319930038]}, "properties": {"incident_type": "Collision with pedestrian", "severity": "Minor", "road_name": "Ternan Avenue", "road_class": "Secondary road", "date": "2020-06-15"}}, {"type": "Feature", "geometry": {"type": "Point", "coordinates": [32.6307387, 0.367274715]}, "properties": {"incident_type": "Vehicle collision", "severity": "Fatal", "road_name": "Mambule road", "road_class": "Secondary road", "date": "2024-07-24"}}, {"type": "Feature", "geometry": {"type": "Point", "coordinates": [32.60653041, 0.391263767]}, "properties": {"incident_type": "Collision with pedestrian", "severity": "Fatal", "road_name": "Kawempe - Lugoba road", "road_class": "Secondary road", "date": "2023-06-22"}}, {"type": "Feature", "geometry": {"type": "Point", "coordinates": [32.54233737, 0.392741649]}, "properties": {"incident_type": "Hit & run", "severity": "Minor", "road_name": "Mityana road", "road_class": "Highway", "date": "2023-05-23"}}, {"type": "Feature", "geometry": {"type": "Point", "coordinates": [32.57401526, 0.359873275]}, "properties": {"incident_type": "Vehicle-bicycle collision", "severity": "Serious", "road_name": "Berkeley lane", "road_class": "Motorable track", "date": "2023-07-14"}}, {"type": "Feature", "geometry": {"type": "Point", "coordinates": [32.56386567, 0.300353537]}, "properties": {"incident_type": "Collision with pedestrian", "severity": "Minor", "road_name": "Lower Kololo Terrace", "road_class": "Motorable track", "date": "2023-05-04"}}, {"type": "Feature", "geometry": {"type": "Point", "coordinates": [32.60246682, 0.361299485]}, "properties": {"incident_type": "Head-on collision", "severity": "Minor", "road_name": "Kaduyu road", "road_class": "Motorable track", "date": "2023-06-16"}}, {"type": "Feature", "geometry": {"type": "Point", "coordinates": [32.50011734, 0.331778833]}, "properties": {"incident_type": "Hit & run", "severity": "Serious", "road_name": "Nsalo road", "road_class": "Major road", "date": "2020-08-04"}}, {"type": "Feature", "geometry": {"type": "Point", "coordinates": [32.69777961, 0.396697344]}, "properties": {"incident_type": "Rollover", "severity": "Fatal", "road_name": "Kitakule road", "road_class": "Major road", "date": "2023-12-27"}}, {"type": "Feature", "geometry": {"type": "Point", "coordinates": [32.56656954, 0.343393644]}, "properties": {"incident_type": "Rear-end collision", "severity": "Serious", "road_name": "Stensera road", "road_class": "Secondary road", "date": "2023-06-27"}}, {"type": "Feature", "geometry": {"type": "Point", "coordinates": [32.50712084, 0.350621778]}, "properties": {"incident_type": "Side-swipe", "severity": "Fatal", "road_name": "Kitooro road", "road_class": "Secondary road", "date": "2022-03-27"}}, {"type": "Feature", "geometry": {"type": "Point", "coordinates": [32.51991466, 0.359526765]}, "properties": {"incident_type": "Vehicle collision", "severity": "Fatal", "road_name": "Namilyango road", "road_class": "Secondary road", "date": "2021-02-15"}}, {"type": "Feature", "geometry": {"type": "Point", "coordinates": [32.54460823, 0.362774959]}, "properties": {"incident_type": "Head-on collision", "severity": "Serious", "road_name": "Bukoto 11 road", "road_class": "Motorable track", "date": "2023-06-21"}}, {"type": "Feature", "geometry": {"type": "Point", "coordinates": [32.66142246, 0.36258207]}, "properties": {"incident_type": "Head-on collision", "severity": "Minor", "road_name": "Bukoto 11 road", "road_class": "Motorable track", "date": "2021-07-30"}}, {"type": "Feature", "geometry": {"type": "Point", "coordinates": [32.69565598, 0.340995568]}, "properties": {"incident_type": "Vehicle-bicycle collision", "severity": "Serious", "road_name": "Kitagobwa road", "road_class": "Secondary road", "date": "2024-08-17"}}, {"type": "Feature", "geometry": {"type": "Point", "coordinates": [32.53850874, 0.373964456]}, "properties": {"incident_type": "Vehicle collision", "severity": "Minor", "road_name": "Namasole road", "road_class": "Secondary road", "date": "2021-09-20"}}, {"type": "Feature", "geometry": {"type": "Point", "coordinates": [32.64381269, 0.367172979]}, "properties": {"incident_type": "Single vehicle accident", "severity": "Minor", "road_name": "Kitagobwa road", "road_class": "Secondary road", "date": "2023-06-14"}}, {"type": "Feature", "geometry": {"type": "Point", "coordinates": [32.67546312, 0.302286464]}, "properties": {"incident_type": "Rollover", "severity": "Fatal", "road_name": "Naggulu Summit view road", "road_class": "Motorable track", "date": "2020-01-04"}}, {"type": "Feature", "geometry": {"type": "Point", "coordinates": [32.58608727, 0.367142512]}, "properties": {"incident_type": "Hit & run", "severity": "Fatal", "road_name": "Spring road", "road_class": "Major road", "date": "2021-12-14"}}, {"type": "Feature", "geometry": {"type": "Point", "coordinates": [32.50025763, 0.326033556]}, "properties": {"incident_type": "Collision with pedestrian", "severity": "Fatal", "road_name": "Makenzie Vale road", "road_class": "Motorable track", "date": "2023-07-22"}}, {"type": "Feature", "geometry": {"type": "Point", "coordinates": [32.58970608, 0.345933554]}, "properties": {"incident_type": "Collision with pedestrian", "severity": "Fatal", "road_name": "Namuwongo road", "road_class": "Secondary road", "date": "2021-02-16"}}, {"type": "Feature", "geometry": {"type": "Point", "coordinates": [32.58056432, 0.339239331]}, "properties": {"incident_type": "Rollover", "severity": "Fatal", "road_name": "Mulago Hill road 1", "road_class": "Motorable track", "date": "2023-03-26"}}, {"type": "Feature", "geometry": {"type": "Point", "coordinates": [32.57966056, 0.325601747]}, "properties": {"incident_type": "Single vehicle accident", "severity": "Serious", "road_name": "Jinja road", "road_class": "Highway", "date": "2020-10-23"}}, {"type": "Feature", "geometry": {"type": "Point", "coordinates": [32.50840414, 0.386114232]}, "properties": {"incident_type": "Collision with pedestrian", "severity": "Serious", "road_name": "Kampala road", "road_class": "Highway", "date": "2024-09-18"}}, {"type": "Feature", "geometry": {"type": "Point", "coordinates": [32.65486656, 0.352896701]}, "properties": {"incident_type": "Vehicle-bicycle collision", "severity": "Fatal", "road_name": "Nkrumah road", "road_class": "Secondary road", "date": "2024-02-05"}}, {"type": "Feature", "geometry": {"type": "Point", "coordinates": [32.5232956, 0.351107183]}, "properties": {"incident_type": "Side-swipe", "severity": "Minor", "road_name": "Ekobo Avenue", "road_class": "Motorable track", "date": "2022-12-03"}}, {"type": "Feature", "geometry": {"type": "Point", "coordinates": [32.55996915, 0.381358064]}, "properties": {"incident_type": "Collision with pedestrian", "severity": "Fatal", "road_name": "Munyonyo road", "road_class": "Secondary road", "date": "2024-05-09"}}, {"type": "Feature", "geometry": {"type": "Point", "coordinates": [32.54578849, 0.352427195]}, "properties": {"incident_type": "Vehicle-bicycle collision", "severity": "Serious", "road_name": "Nakiwogo road", "road_class": "Secondary road", "date": "2021-09-13"}}, {"type": "Feature", "geometry": {"type": "Point", "coordinates": [32.63240973, 0.346267142]}, "properties": {"incident_type": "Rollover", "severity": "Minor", "road_name": "Kyabakadde road", "road_class": "Secondary road", "date": "2022-10-22"}}, {"type": "Feature", "geometry": {"type": "Point", "coordinates": [32.6826508, 0.378784949]}, "properties": {"incident_type": "Vehicle collision", "severity": "Fatal", "road_name": "Erisa road", "road_class": "Secondary road", "date": "2022-01-15"}}, {"type": "Feature", "geometry": {"type": "Point", "coordinates": [32.59870227, 0.334873563]}, "properties": {"incident_type": "Rollover", "severity": "Fatal", "road_name": "Bukoto - Kisasi road", "road_class": "Secondary road", "date": "2023-05-22"}}, {"type": "Feature", "geometry": {"type": "Point", "coordinates": [32.68905107, 0.319988458]}, "properties": {"incident_type": "Rollover", "severity": "Fatal", "road_name": "Golf Course road", "road_class": "Motorable track", "date": "2021-10-10"}}, {"type": "Feature", "geometry": {"type": "Point", "coordinates": [32.62957644, 0.392847439]}, "properties": {"incident_type": "Vehicle collision", "severity": "Fatal", "road_name": "Nyanza Crescent", "road_class": "Motorable track", "date": "2020-09-28"}}, {"type": "Feature", "geometry": {"type": "Point", "coordinates": [32.50579104, 0.399857212]}, "properties": {"incident_type": "Motorcycle crash", "severity": "Serious", "road_name": "Left lane", "road_class": "Motorable track", "date": "2022-02-05"}}, {"type": "Feature", "geometry": {"type": "Point", "coordinates": [32.59766284, 0.311652947]}, "properties": {"incident_type": "Vehicle-bicycle collision", "severity": "Minor", "road_name": "Wilson road", "road_class": "Secondary road", "date": "2022-06-23"}}, {"type": "Feature", "geometry": {"type": "Point", "coordinates": [32.64411688, 0.354870179]}, "properties": {"incident_type": "Hit & run", "severity": "Fatal", "road_name": "Queen's road", "road_class": "Motorable track", "date": "2022-10-17"}}, {"type": "Feature", "geometry": {"type": "Point", "coordinates": [32.54676078, 0.355270285]}, "properties": {"incident_type": "Side-swipe", "severity": "Fatal", "road_name": "Circular road", "road_class": "Motorable track", "date": "2022-01-09"}}, {"type": "Feature", "geometry": {"type": "Point", "coordinates": [32.68760431, 0.308372374]}, "properties": {"incident_type": "Head-on collision", "severity": "Minor", "road_name": "Namilyango road", "road_class": "Secondary road", "date": "2024-06-09"}}, {"type": "Feature", "geometry": {"type": "Point", "coordinates": [32.64493875, 0.359999013]}, "properties": {"incident_type": "Vehicle collision", "severity": "Fatal", "road_name": "Kiwaatule road", "road_class": "Secondary road", "date": "2024-07-18"}}, {"type": "Feature", "geometry": {"type": "Point", "coordinates": [32.61523451, 0.361417169]}, "properties": {"incident_type": "Side-swipe", "severity": "Serious", "road_name": "Willis road", "road_class": "Major road", "date": "2021-04-17"}}, {"type": "Feature", "geometry": {"type": "Point", "coordinates": [32.50518657, 0.340776427]}, "properties": {"incident_type": "Hit & run", "severity": "Serious", "road_name": "Kikoni lane", "road_class": "Secondary road", "date": "2023-11-02"}}, {"type": "Feature", "geometry": {"type": "Point", "coordinates": [32.58461835, 0.37954657]}, "properties": {"incident_type": "Vehicle collision", "severity": "Minor", "road_name": "Portal road", "road_class": "Major road", "date": "2021-03-21"}}, {"type": "Feature", "geometry": {"type": "Point", "coordinates": [32.61277359, 0.354857538]}, "properties": {"incident_type": "Collision with pedestrian", "severity": "Minor", "road_name": "Bombo road", "road_class": "Highway", "date": "2020-07-10"}}, {"type": "Feature", "geometry": {"type": "Point", "coordinates": [32.5969269, 0.346643316]}, "properties": {"incident_type": "Hit & run", "severity": "Serious", "road_name": "Berkeley lane", "road_class": "Motorable track", "date": "2024-09-08"}}, {"type": "Feature", "geometry": {"type": "Point", "coordinates": [32.51755222, 0.336268726]}, "properties": {"incident_type": "Single vehicle accident", "severity": "Serious", "road_name": "Luwum Street", "road_class": "Major road", "date": "2022-11-11"}}, {"type": "Feature", "geometry": {"type": "Point", "coordinates": [32.55729214, 0.359331759]}, "properties": {"incident_type": "Hit & run", "severity": "Minor", "road_name": "Mary Stuart road", "road_class": "Secondary road", "date": "2020-07-05"}}, {"type": "Feature", "geometry": {"type": "Point", "coordinates": [32.63275353, 0.308284429]}, "properties": {"incident_type": "Hit & run", "severity": "Serious", "road_name": "Balintuma road", "road_class": "Major road", "date": "2023-08-08"}}, {"type": "Feature", "geometry": {"type": "Point", "coordinates": [32.54070724, 0.340208092]}, "properties": {"incident_type": "Rear-end collision", "severity": "Fatal", "road_name": "Namuli road", "road_class": "Motorable track", "date": "2021-07-04"}}, {"type": "Feature", "geometry": {"type": "Point", "coordinates": [32.63606616, 0.32403067]}, "properties": {"incident_type": "Rollover", "severity": "Fatal", "road_name": "Livingstone road", "road_class": "Motorable track", "date": "2024-07-25"}}, {"type": "Feature", "geometry": {"type": "Point", "coordinates": [32.55642683, 0.352689512]}, "properties": {"incident_type": "Rear-end collision", "severity": "Serious", "road_name": "Market Street", "road_class": "Secondary road", "date": "2024-10-31"}}, {"type": "Feature", "geometry": {"type": "Point", "coordinates": [32.55721316, 0.346971673]}, "properties": {"incident_type": "Collision with pedestrian", "severity": "Serious", "road_name": "Katonga road", "road_class": "Secondary road", "date": "2023-10-06"}}, {"type": "Feature", "geometry": {"type": "Point", "coordinates": [32.59020154, 0.306179251]}, "properties": {"incident_type": "Side-swipe", "severity": "Fatal", "road_name": "Kyambogo road", "road_class": "Motorable track", "date": "2022-07-14"}}, {"type": "Feature", "geometry": {"type": "Point", "coordinates": [32.64405126, 0.329639923]}, "properties": {"incident_type": "Vehicle collision", "severity": "Fatal", "road_name": "Bukoto - Kisasi road", "road_class": "Secondary road", "date": "2020-06-24"}}, {"type": "Feature", "geometry": {"type": "Point", "coordinates": [32.53748933, 0.330060924]}, "properties": {"incident_type": "Rear-end collision", "severity": "Fatal", "road_name": "Luthuli lane", "road_class": "Secondary road", "date": "2022-05-16"}}, {"type": "Feature", "geometry": {"type": "Point", "coordinates": [32.60907056, 0.375298926]}, "properties": {"incident_type": "Collision with pedestrian", "severity": "Minor", "road_name": "Bazzeketta road", "road_class": "Motorable track", "date": "2021-11-11"}}, {"type": "Feature", "geometry": {"type": "Point", "coordinates": [32.60345112, 0.333301069]}, "properties": {"incident_type": "Motorcycle crash", "severity": "Serious", "road_name": "Kisaasi road", "road_class": "Major road", "date": "2022-12-24"}}, {"type": "Feature", "geometry": {"type": "Point", "coordinates": [32.54246953, 0.3054519]}, "properties": {"incident_type": "Single vehicle accident", "severity": "Serious", "road_name": "Ndagire road", "road_class": "Secondary road", "date": "2021-12-21"}}, {"type": "Feature", "geometry": {"type": "Point", "coordinates": [32.61604226, 0.323535151]}, "properties": {"incident_type": "Rear-end collision", "severity": "Minor", "road_name": "Binaisa road", "road_class": "Highway", "date": "2020-01-04"}}, {"type": "Feature", "geometry": {"type": "Point", "coordinates": [32.56976002, 0.300642076]}, "properties": {"incident_type": "Collision with pedestrian", "severity": "Fatal", "road_name": "Kyaliwajala - Namugongo road", "road_class": "Secondary road", "date": "2022-06-21"}}, {"type": "Feature", "geometry": {"type": "Point", "coordinates": [32.57941067, 0.300828829]}, "properties": {"incident_type": "Hit & run", "severity": "Fatal", "road_name": "Ekobo Avenue", "road_class": "Motorable track", "date": "2021-03-16"}}, {"type": "Feature", "geometry": {"type": "Point", "coordinates": [32.58335392, 0.354917704]}, "properties": {"incident_type": "Vehicle-bicycle collision", "severity": "Serious", "road_name": "Moyo Close", "road_class": "Secondary road", "date": "2020-08-19"}}, {"type": "Feature", "geometry": {"type": "Point", "coordinates": [32.63063097, 0.311983364]}, "properties": {"incident_type": "Hit & run", "severity": "Serious", "road_name": "Naggulu Vale road", "road_class": "Motorable track", "date": "2024-08-11"}}, {"type": "Feature", "geometry": {"type": "Point", "coordinates": [32.65775706, 0.369309479]}, "properties": {"incident_type": "Single vehicle accident", "severity": "Minor", "road_name": "Kololo Hill Drive", "road_class": "Motorable track", "date": "2021-07-04"}}, {"type": "Feature", "geometry": {"type": "Point", "coordinates": [32.67453859, 0.333613407]}, "properties": {"incident_type": "Single vehicle accident", "severity": "Minor", "road_name": "Kamuli road", "road_class": "Secondary road", "date": "2020-02-07"}}, {"type": "Feature", "geometry": {"type": "Point", "coordinates": [32.66222334, 0.387145012]}, "properties": {"incident_type": "Rear-end collision", "severity": "Serious", "road_name": "Middle lane", "road_class": "Motorable track", "date": "2023-06-29"}}, {"type": "Feature", "geometry": {"type": "Point", "coordinates": [32.5326458, 0.337079509]}, "properties": {"incident_type": "Rollover", "severity": "Minor", "road_name": "Fort road", "road_class": "Major road", "date": "2021-04-28"}}, {"type": "Feature", "geometry": {"type": "Point", "coordinates": [32.50066385, 0.337167106]}, "properties": {"incident_type": "Vehicle-bicycle collision", "severity": "Serious", "road_name": "Canon Apollo Kivebulaya road", "road_class": "Secondary road", "date": "2020-06-13"}}, {"type": "Feature", "geometry": {"type": "Point", "coordinates": [32.6230962, 0.330569645]}, "properties": {"incident_type": "Rear-end collision", "severity": "Fatal", "road_name": "Gowers road", "road_class": "Motorable track", "date": "2023-10-27"}}, {"type": "Feature", "geometry": {"type": "Point", "coordinates": [32.50256031, 0.392028983]}, "properties": {"incident_type": "Rear-end collision", "severity": "Fatal", "road_name": "Nile Avenue", "road_class": "Major road", "date": "2024-07-31"}}, {"type": "Feature", "geometry": {"type": "Point", "coordinates": [32.66170576, 0.340493385]}, "properties": {"incident_type": "Hit & run", "severity": "Fatal", "road_name": "Malcom X Avenue", "road_class": "Secondary road", "date": "2020-10-07"}}, {"type": "Feature", "geometry": {"type": "Point", "coordinates": [32.61041562, 0.361541693]}, "properties": {"incident_type": "Single vehicle accident", "severity": "Serious", "road_name": "Bishop's way", "road_class": "Motorable track", "date": "2020-09-06"}}, {"type": "Feature", "geometry": {"type": "Point", "coordinates": [32.57044979, 0.392737161]}, "properties": {"incident_type": "Vehicle-bicycle collision", "severity": "Fatal", "road_name": "Buziga Circular road", "road_class": "Motorable track", "date": "2020-12-19"}}, {"type": "Feature", "geometry": {"type": "Point", "coordinates": [32.6245141, 0.323317646]}, "properties": {"incident_type": "Rear-end collision", "severity": "Minor", "road_name": "Mutundwe road", "road_class": "Motorable track", "date": "2021-07-12"}}, {"type": "Feature", "geometry": {"type": "Point", "coordinates": [32.64392735, 0.319538566]}, "properties": {"incident_type": "Rear-end collision", "severity": "Fatal", "road_name": "Muganzi Awongererwa road", "road_class": "Secondary road", "date": "2021-07-18"}}, {"type": "Feature", "geometry": {"type": "Point", "coordinates": [32.6069444, 0.372596435]}, "properties": {"incident_type": "Hit & run", "severity": "Minor", "road_name": "Butikiro road", "road_class": "Secondary road", "date": "2024-08-05"}}, {"type": "Feature", "geometry": {"type": "Point", "coordinates": [32.62401937, 0.31833732]}, "properties": {"incident_type": "Rollover", "severity": "Fatal", "road_name": "Naggulu Avenue", "road_class": "Secondary road", "date": "2023-03-25"}}, {"type": "Feature", "geometry": {"type": "Point", "coordinates": [32.55418555, 0.31014038]}, "properties": {"incident_type": "Rollover", "severity": "Serious", "road_name": "Kagera road", "road_class": "Secondary road", "date": "2023-10-09"}}, {"type": "Feature", "geometry": {"type": "Point", "coordinates": [32.68329718, 0.394860668]}, "properties": {"incident_type": "Rollover", "severity": "Minor", "road_name": "Lourdel road", "road_class": "Secondary road", "date": "2022-03-08"}}, {"type": "Feature", "geometry": {"type": "Point", "coordinates": [32.56213744, 0.352465305]}, "properties": {"incident_type": "Collision with pedestrian", "severity": "Serious", "road_name": "Mulago Hill road 1", "road_class": "Motorable track", "date": "2022-05-29"}}, {"type": "Feature", "geometry": {"type": "Point", "coordinates": [32.50008456, 0.358272521]}, "properties": {"incident_type": "Hit & run", "severity": "Fatal", "road_name": "Tamale Ssali road", "road_class": "Secondary road", "date": "2024-11-05"}}, {"type": "Feature", "geometry": {"type": "Point", "coordinates": [32.62432985, 0.337383385]}, "properties": {"incident_type": "Side-swipe", "severity": "Fatal", "road_name": "Berkeley road", "road_class": "Secondary road", "date": "2024-06-13"}}, {"type": "Feature", "geometry": {"type": "Point", "coordinates": [32.53967463, 0.309264252]}, "properties": {"incident_type": "Collision with pedestrian", "severity": "Minor", "road_name": "Akii Bua road", "road_class": "Secondary road", "date": "2023-10-27"}}, {"type": "Feature", "geometry": {"type": "Point", "coordinates": [32.65275039, 0.399720708]}, "properties": {"incident_type": "Rollover", "severity": "Fatal", "road_name": "Mugwanya road", "road_class": "Motorable track", "date": "2024-10-04"}}, {"type": "Feature", "geometry": {"type": "Point", "coordinates": [32.56774234, 0.369406848]}, "properties": {"incident_type": "Rollover", "severity": "Minor", "road_name": "Kawempe - Lugoba road", "road_class": "Secondary road", "date": "2023-04-10"}}, {"type": "Feature", "geometry": {"type": "Point", "coordinates": [32.59643782, 0.38621474]}, "properties": {"incident_type": "Hit & run", "severity": "Minor", "road_name": "Park road", "road_class": "Motorable track", "date": "2021-02-26"}}, {"type": "Feature", "geometry": {"type": "Point", "coordinates": [32.59934073, 0.397760766]}, "properties": {"incident_type": "Hit & run", "severity": "Fatal", "road_name": "Manyago road", "road_class": "Motorable track", "date": "2023-03-25"}}, {"type": "Feature", "geometry": {"type": "Point", "coordinates": [32.62605126, 0.339931351]}, "properties": {"incident_type": "Hit & run", "severity": "Fatal", "road_name": "Nsooba road", "road_class": "Motorable track", "date": "2023-08-09"}}, {"type": "Feature", "geometry": {"type": "Point", "coordinates": [32.69441905, 0.365084096]}, "properties": {"incident_type": "Side-swipe", "severity": "Serious", "road_name": "Berkeley road", "road_class": "Secondary road", "date": "2022-07-01"}}, {"type": "Feature", "geometry": {"type": "Point", "coordinates": [32.50950797, 0.35201758]}, "properties": {"incident_type": "Side-swipe", "severity": "Minor", "road_name": "Wandegeya road", "road_class": "Secondary road", "date": "2022-10-06"}}, {"type": "Feature", "geometry": {"type": "Point", "coordinates": [32.56370311, 0.314471539]}, "properties": {"incident_type": "Head-on collision", "severity": "Serious", "road_name": "A. Kiwanuka road", "road_class": "Motorable track", "date": "2020-10-17"}}, {"type": "Feature", "geometry": {"type": "Point", "coordinates": [32.52188732, 0.374929089]}, "properties": {"incident_type": "Side-swipe", "severity": "Fatal", "road_name": "Ssese View road", "road_class": "Motorable track", "date": "2024-05-04"}}, {"type": "Feature", "geometry": {"type": "Point", "coordinates": [32.65746845, 0.337572736]}, "properties": {"incident_type": "Motorcycle crash", "severity": "Serious", "road_name": "Old Kampala road", "road_class": "Secondary road", "date": "2020-12-26"}}, {"type": "Feature", "geometry": {"type": "Point", "coordinates": [32.69578207, 0.380930102]}, "properties": {"incident_type": "Rear-end collision", "severity": "Serious", "road_name": "Kitagobwa road", "road_class": "Secondary road", "date": "2020-07-02"}}, {"type": "Feature", "geometry": {"type": "Point", "coordinates": [32.66010365, 0.349481605]}, "properties": {"incident_type": "Collision with pedestrian", "severity": "Fatal", "road_name": "Convert Close", "road_class": "Motorable track", "date": "2020-12-22"}}, {"type": "Feature", "geometry": {"type": "Point", "coordinates": [32.66900847, 0.360365642]}, "properties": {"incident_type": "Vehicle-bicycle collision", "severity": "Minor", "road_name": "Bugonga road", "road_class": "Motorable track", "date": "2021-03-24"}}, {"type": "Feature", "geometry": {"type": "Point", "coordinates": [32.51238409, 0.383452736]}, "properties": {"incident_type": "Motorcycle crash", "severity": "Fatal", "road_name": "Matyrs way", "road_class": "Motorable track", "date": "2022-08-26"}}, {"type": "Feature", "geometry": {"type": "Point", "coordinates": [32.57287687, 0.365228344]}, "properties": {"incident_type": "Collision with pedestrian", "severity": "Minor", "road_name": "Kabaka Anjagala", "road_class": "Secondary road", "date": "2023-05-06"}}, {"type": "Feature", "geometry": {"type": "Point", "coordinates": [32.5001427, 0.399134991]}, "properties": {"incident_type": "Side-swipe", "severity": "Serious", "road_name": "Kawempe - Mbogo road", "road_class": "Secondary road", "date": "2024-12-03"}}, {"type": "Feature", "geometry": {"type": "Point", "coordinates": [32.5581463, 0.347343987]}, "properties": {"incident_type": "Hit & run", "severity": "Fatal", "road_name": "Lugard Avenue", "road_class": "Motorable track", "date": "2020-05-19"}}, {"type": "Feature", "geometry": {"type": "Point", "coordinates": [32.69554837, 0.374493081]}, "properties": {"incident_type": "Rollover", "severity": "Minor", "road_name": "Northcote road", "road_class": "Secondary road", "date": "2022-10-09"}}, {"type": "Feature", "geometry": {"type": "Point", "coordinates": [32.50007816, 0.388651685]}, "properties": {"incident_type": "Vehicle-bicycle collision", "severity": "Minor", "road_name": "Upper Kololo Terrace", "road_class": "Secondary road", "date": "2021-11-26"}}, {"type": "Feature", "geometry": {"type": "Point", "coordinates": [32.55819281, 0.366705291]}, "properties": {"incident_type": "Rear-end collision", "severity": "Serious", "road_name": "Kulambiro ring road", "road_class": "Secondary road", "date": "2021-02-09"}}, {"type": "Feature", "geometry": {"type": "Point", "coordinates": [32.62723236, 0.313641042]}, "properties": {"incident_type": "Collision with pedestrian", "severity": "Minor", "road_name": "Bazzeketta road", "road_class": "Motorable track", "date": "2020-12-31"}}, {"type": "Feature", "geometry": {"type": "Point", "coordinates": [32.67024522, 0.395784232]}, "properties": {"incident_type": "Head-on collision", "severity": "Serious", "road_name": "Kyabakadde road", "road_class": "Secondary road", "date": "2022-04-11"}}, {"type": "Feature", "geometry": {"type": "Point", "coordinates": [32.63845584, 0.309300877]}, "properties": {"incident_type": "Head-on collision", "severity": "Fatal", "road_name": "Naggulu Summit view road", "road_class": "Motorable track", "date": "2024-09-29"}}, {"type": "Feature", "geometry": {"type": "Point", "coordinates": [32.63291689, 0.313754089]}, "properties": {"incident_type": "Vehicle collision", "severity": "Fatal", "road_name": "Salaama road", "road_class": "Secondary road", "date": "2022-05-01"}}, {"type": "Feature", "geometry": {"type": "Point", "coordinates": [32.55812693, 0.331780679]}, "properties": {"incident_type": "Side-swipe", "severity": "Fatal", "road_name": "Convert road", "road_class": "Motorable track", "date": "2020-12-10"}}, {"type": "Feature", "geometry": {"type": "Point", "coordinates": [32.66819365, 0.303764075]}, "properties": {"incident_type": "Hit & run", "severity": "Minor", "road_name": "Mackay road", "road_class": "Secondary road", "date": "2021-08-16"}}, {"type": "Feature", "geometry": {"type": "Point", "coordinates": [32.63326443, 0.321081969]}, "properties": {"incident_type": "Single vehicle accident", "severity": "Fatal", "road_name": "Bukasa road", "road_class": "Secondary road", "date": "2022-07-02"}}, {"type": "Feature", "geometry": {"type": "Point", "coordinates": [32.65529343, 0.378687215]}, "properties": {"incident_type": "Vehicle collision", "severity": "Serious", "road_name": "Butikiro road", "road_class": "Secondary road", "date": "2020-01-16"}}, {"type": "Feature", "geometry": {"type": "Point", "coordinates": [32.56682623, 0.332797166]}, "properties": {"incident_type": "Rear-end collision", "severity": "Fatal", "road_name": "Kaduyu road", "road_class": "Motorable track", "date": "2023-06-19"}}, {"type": "Feature", "geometry": {"type": "Point", "coordinates": [32.57329354, 0.373510671]}, "properties": {"incident_type": "Single vehicle accident", "severity": "Serious", "road_name": "Kayondo road", "road_class": "Motorable track", "date": "2020-10-17"}}, {"type": "Feature", "geometry": {"type": "Point", "coordinates": [32.64676452, 0.31753464]}, "properties": {"incident_type": "Rollover", "severity": "Minor", "road_name": "Pool road", "road_class": "Secondary road", "date": "2023-06-07"}}, {"type": "Feature", "geometry": {"type": "Point", "coordinates": [32.66745786, 0.316070256]}, "properties": {"incident_type": "Side-swipe", "severity": "Fatal", "road_name": "Kyetume - Katosi road", "road_class": "Secondary road", "date": "2021-10-18"}}, {"type": "Feature", "geometry": {"type": "Point", "coordinates": [32.60841569, 0.369876335]}, "properties": {"incident_type": "Vehicle-bicycle collision", "severity": "Fatal", "road_name": "Prince Charles Drive", "road_class": "Secondary road", "date": "2022-04-27"}}, {"type": "Feature", "geometry": {"type": "Point", "coordinates": [32.66971325, 0.309957338]}, "properties": {"incident_type": "Vehicle-bicycle collision", "severity": "Minor", "road_name": "Tamale Ssali road", "road_class": "Secondary road", "date": "2020-01-13"}}, {"type": "Feature", "geometry": {"type": "Point", "coordinates": [32.65113318, 0.37884695]}, "properties": {"incident_type": "Vehicle collision", "severity": "Minor", "road_name": "Nkrumah road", "road_class": "Secondary road", "date": "2020-05-27"}}, {"type": "Feature", "geometry": {"type": "Point", "coordinates": [32.59072497, 0.341339128]}, "properties": {"incident_type": "Hit & run", "severity": "Serious", "road_name": "Sikh road", "road_class": "Secondary road", "date": "2024-09-13"}}, {"type": "Feature", "geometry": {"type": "Point", "coordinates": [32.5333308, 0.30547086]}, "properties": {"incident_type": "Vehicle collision", "severity": "Minor", "road_name": "Namasole road", "road_class": "Secondary road", "date": "2022-07-02"}}, {"type": "Feature", "geometry": {"type": "Point", "coordinates": [32.66232716, 0.391769654]}, "properties": {"incident_type": "Collision with pedestrian", "severity": "Serious", "road_name": "Nabweru road", "road_class": "Secondary road", "date": "2024-10-09"}}, {"type": "Feature", "geometry": {"type": "Point", "coordinates": [32.50183838, 0.325484699]}, "properties": {"incident_type": "Side-swipe", "severity": "Minor", "road_name": "Nsambya road", "road_class": "Major road", "date": "2020-07-16"}}, {"type": "Feature", "geometry": {"type": "Point", "coordinates": [32.55311567, 0.36333503]}, "properties": {"incident_type": "Head-on collision", "severity": "Serious", "road_name": "Basudde Rise", "road_class": "Secondary road", "date": "2020-06-20"}}, {"type": "Feature", "geometry": {"type": "Point", "coordinates": [32.53432227, 0.355879013]}, "properties": {"incident_type": "Rollover", "severity": "Serious", "road_name": "Sturrock road", "road_class": "Motorable track", "date": "2020-08-30"}}, {"type": "Feature", "geometry": {"type": "Point", "coordinates": [32.57092889, 0.370501344]}, "properties": {"incident_type": "Motorcycle crash", "severity": "Serious", "road_name": "Willis road", "road_class": "Major road", "date": "2023-08-04"}}, {"type": "Feature", "geometry": {"type": "Point", "coordinates": [32.52219733, 0.310218662]}, "properties": {"incident_type": "Collision with pedestrian", "severity": "Serious", "road_name": "Mackinon road", "road_class": "Secondary road", "date": "2024-06-23"}}, {"type": "Feature", "geometry": {"type": "Point", "coordinates": [32.67466461, 0.320159362]}, "properties": {"incident_type": "Single vehicle accident", "severity": "Fatal", "road_name": "Kamanya road", "road_class": "Secondary road", "date": "2022-11-04"}}, {"type": "Feature", "geometry": {"type": "Point", "coordinates": [32.66190764, 0.31103931]}, "properties": {"incident_type": "Single vehicle accident", "severity": "Serious", "road_name": "Kalema road", "road_class": "Secondary road", "date": "2023-09-11"}}, {"type": "Feature", "geometry": {"type": "Point", "coordinates": [32.65683792, 0.304274332]}, "properties": {"incident_type": "Vehicle-bicycle collision", "severity": "Serious", "road_name": "University road", "road_class": "Secondary road", "date": "2020-01-21"}}, {"type": "Feature", "geometry": {"type": "Point", "coordinates": [32.64670433, 0.334154043]}, "properties": {"incident_type": "Head-on collision", "severity": "Fatal", "road_name": "Lukuli road", "road_class": "Secondary road", "date": "2021-01-14"}}, {"type": "Feature", "geometry": {"type": "Point", "coordinates": [32.60314513, 0.327903777]}, "properties": {"incident_type": "Vehicle-bicycle collision", "severity": "Minor", "road_name": "Access road", "road_class": "Major road", "date": "2024-08-18"}}, {"type": "Feature", "geometry": {"type": "Point", "coordinates": [32.69488183, 0.36316123]}, "properties": {"incident_type": "Hit & run", "severity": "Minor", "road_name": "Nsamizi road", "road_class": "Secondary road", "date": "2021-04-26"}}, {"type": "Feature", "geometry": {"type": "Point", "coordinates": [32.6658571, 0.362906993]}, "properties": {"incident_type": "Rollover", "severity": "Serious", "road_name": "Kimera road", "road_class": "Motorable track", "date": "2023-02-22"}}, {"type": "Feature", "geometry": {"type": "Point", "coordinates": [32.65679555, 0.322850284]}, "properties": {"incident_type": "Collision with pedestrian", "severity": "Serious", "road_name": "Upper Mawanda road", "road_class": "Motorable track", "date": "2024-10-04"}}, {"type": "Feature", "geometry": {"type": "Point", "coordinates": [32.63620521, 0.303717515]}, "properties": {"incident_type": "Rollover", "severity": "Fatal", "road_name": "Bazarabusa Drive", "road_class": "Motorable track", "date": "2020-07-04"}}, {"type": "Feature", "geometry": {"type": "Point", "coordinates": [32.67831006, 0.356767046]}, "properties": {"incident_type": "Rear-end collision", "severity": "Serious", "road_name": "Naiga road", "road_class": "Motorable track", "date": "2022-03-09"}}, {"type": "Feature", "geometry": {"type": "Point", "coordinates": [32.67443661, 0.394799516]}, "properties": {"incident_type": "Rollover", "severity": "Serious", "road_name": "The Quarry road", "road_class": "Motorable track", "date": "2024-11-19"}}, {"type": "Feature", "geometry": {"type": "Point", "coordinates": [32.60280031, 0.382869198]}, "properties": {"incident_type": "Vehicle-bicycle collision", "severity": "Minor", "road_name": "Bukoto 11 road", "road_class": "Motorable track", "date": "2024-12-15"}}, {"type": "Feature", "geometry": {"type": "Point", "coordinates": [32.63985382, 0.35320967]}, "properties": {"incident_type": "Rear-end collision", "severity": "Fatal", "road_name": "Balintuma road", "road_class": "Major road", "date": "2024-11-24"}}, {"type": "Feature", "geometry": {"type": "Point", "coordinates": [32.6652881, 0.373463546]}, "properties": {"incident_type": "Rear-end collision", "severity": "Fatal", "road_name": "Kitumbu road", "road_class": "Motorable track", "date": "2023-06-13"}}, {"type": "Feature", "geometry": {"type": "Point", "coordinates": [32.67889876, 0.383792799]}, "properties": {"incident_type": "Vehicle collision", "severity": "Serious", "road_name": "Naggulu Vale road", "road_class": "Motorable track", "date": "2020-12-01"}}, {"type": "Feature", "geometry": {"type": "Point", "coordinates": [32.57701535, 0.30078764]}, "properties": {"incident_type": "Rollover", "severity": "Minor", "road_name": "Lumumba Avenue", "road_class": "Secondary road", "date": "2024-11-01"}}, {"type": "Feature", "geometry": {"type": "Point", "coordinates": [32.6776072, 0.322941658]}, "properties": {"incident_type": "Motorcycle crash", "severity": "Fatal", "road_name": "Kitezi road", "road_class": "Secondary road", "date": "2023-02-10"}}, {"type": "Feature", "geometry": {"type": "Point", "coordinates": [32.60261907, 0.336133861]}, "properties": {"incident_type": "Hit & run", "severity": "Minor", "road_name": "Binaisa road", "road_class": "Highway", "date": "2023-08-16"}}, {"type": "Feature", "geometry": {"type": "Point", "coordinates": [32.63461389, 0.302693]}, "properties": {"incident_type": "Vehicle collision", "severity": "Fatal", "road_name": "Nakibirango road", "road_class": "Motorable track", "date": "2020-05-11"}}, {"type": "Feature", "geometry": {"type": "Point", "coordinates": [32.67671566, 0.375135693]}, "properties": {"incident_type": "Motorcycle crash", "severity": "Serious", "road_name": "Fulu road", "road_class": "Secondary road", "date": "2024-07-30"}}, {"type": "Feature", "geometry": {"type": "Point", "coordinates": [32.51243399, 0.359130347]}, "properties": {"incident_type": "Vehicle-bicycle collision", "severity": "Minor", "road_name": "Buganda road", "road_class": "Secondary road", "date": "2023-08-01"}}, {"type": "Feature", "geometry": {"type": "Point", "coordinates": [32.59446389, 0.31795974]}, "properties": {"incident_type": "Rollover", "severity": "Fatal", "road_name": "Ring road", "road_class": "Secondary road", "date": "2020-12-23"}}, {"type": "Feature", "geometry": {"type": "Point", "coordinates": [32.63961357, 0.303224464]}, "properties": {"incident_type": "Vehicle collision", "severity": "Serious", "road_name": "Ginnery road", "road_class": "Secondary road", "date": "2022-11-17"}}, {"type": "Feature", "geometry": {"type": "Point", "coordinates": [32.62233628, 0.390360874]}, "properties": {"incident_type": "Hit & run", "severity": "Serious", "road_name": "Musizi road", "road_class": "Motorable track", "date": "2020-05-23"}}, {"type": "Feature", "geometry": {"type": "Point", "coordinates": [32.5646194, 0.361599687]}, "properties": {"incident_type": "Rear-end collision", "severity": "Fatal", "road_name": "Kyaddondo road", "road_class": "Major road", "date": "2022-04-20"}}, {"type": "Feature", "geometry": {"type": "Point", "coordinates": [32.62140073, 0.320653528]}, "properties": {"incident_type": "Rollover", "severity": "Minor", "road_name": "Port Bell road", "road_class": "Major road", "date": "2024-10-26"}}, {"type": "Feature", "geometry": {"type": "Point", "coordinates": [32.52647295, 0.362041598]}, "properties": {"incident_type": "Vehicle collision", "severity": "Fatal", "road_name": "Mudeka road", "road_class": "Motorable track", "date": "2023-08-26"}}, {"type": "Feature", "geometry": {"type": "Point", "coordinates": [32.58914214, 0.31599595]}, "properties": {"incident_type": "Collision with pedestrian", "severity": "Minor", "road_name": "Grace road", "road_class": "Motorable track", "date": "2022-12-20"}}, {"type": "Feature", "geometry": {"type": "Point", "coordinates": [32.5815131, 0.314887112]}, "properties": {"incident_type": "Vehicle collision", "severity": "Serious", "road_name": "Tennis Court road", "road_class": "Secondary road", "date": "2020-05-05"}}, {"type": "Feature", "geometry": {"type": "Point", "coordinates": [32.6807678, 0.386842329]}, "properties": {"incident_type": "Motorcycle crash", "severity": "Fatal", "road_name": "Kabusu road", "road_class": "Secondary road", "date": "2021-05-10"}}, {"type": "Feature", "geometry": {"type": "Point", "coordinates": [32.56081331, 0.304920047]}, "properties": {"incident_type": "Collision with pedestrian", "severity": "Fatal", "road_name": "Johnston road", "road_class": "Motorable track", "date": "2022-08-13"}}, {"type": "Feature", "geometry": {"type": "Point", "coordinates": [32.64402834, 0.311839194]}, "properties": {"incident_type": "Vehicle collision", "severity": "Fatal", "road_name": "ITEK road", "road_class": "Motorable track", "date": "2021-11-13"}}, {"type": "Feature", "geometry": {"type": "Point", "coordinates": [32.57690461, 0.343495583]}, "properties": {"incident_type": "Head-on collision", "severity": "Fatal", "road_name": "Golf Course road", "road_class": "Motorable track", "date": "2021-11-11"}}, {"type": "Feature", "geometry": {"type": "Point", "coordinates": [32.58648845, 0.330439204]}, "properties": {"incident_type": "Rear-end collision", "severity": "Fatal", "road_name": "Kampala Northern Bypass", "road_class": "Highway", "date": "2024-08-31"}}, {"type": "Feature", "geometry": {"type": "Point", "coordinates": [32.58354551, 0.308011252]}, "properties": {"incident_type": "Single vehicle accident", "severity": "Minor", "road_name": "Kiwafu road", "road_class": "Secondary road", "date": "2021-09-22"}}, {"type": "Feature", "geometry": {"type": "Point", "coordinates": [32.50060144, 0.358847477]}, "properties": {"incident_type": "Vehicle-bicycle collision", "severity": "Serious", "road_name": "Kiwafu road", "road_class": "Secondary road", "date": "2020-08-14"}}, {"type": "Feature", "geometry": {"type": "Point", "coordinates": [32.6892119, 0.377967687]}, "properties": {"incident_type": "Side-swipe", "severity": "Serious", "road_name": "Portal Avenue", "road_class": "Secondary road", "date": "2021-11-30"}}, {"type": "Feature", "geometry": {"type": "Point", "coordinates": [32.65394153, 0.315216559]}, "properties": {"incident_type": "Rear-end collision", "severity": "Fatal", "road_name": "Ssentema road", "road_class": "Secondary road", "date": "2023-10-26"}}, {"type": "Feature", "geometry": {"type": "Point", "coordinates": [32.59926832, 0.324236444]}, "properties": {"incident_type": "Rear-end collision", "severity": "Fatal", "road_name": "Burton Street", "road_class": "Secondary road", "date": "2024-04-08"}}, {"type": "Feature", "geometry": {"type": "Point", "coordinates": [32.52132875, 0.305940069]}, "properties": {"incident_type": "Single vehicle accident", "severity": "Minor", "road_name": "Mugula road", "road_class": "Motorable track", "date": "2020-09-13"}}, {"type": "Feature", "geometry": {"type": "Point", "coordinates": [32.58243811, 0.32478635]}, "properties": {"incident_type": "Rollover", "severity": "Serious", "road_name": "Nakibirango road", "road_class": "Motorable track", "date": "2022-01-05"}}, {"type": "Feature", "geometry": {"type": "Point", "coordinates": [32.60288677, 0.321293361]}, "properties": {"incident_type": "Head-on collision", "severity": "Minor", "road_name": "Commercial road", "road_class": "Motorable track", "date": "2021-06-15"}}, {"type": "Feature", "geometry": {"type": "Point", "coordinates": [32.67448126, 0.349811854]}, "properties": {"incident_type": "Rollover", "severity": "Minor", "road_name": "Kintu road", "road_class": "Secondary road", "date": "2022-06-18"}}, {"type": "Feature", "geometry": {"type": "Point", "coordinates": [32.65726485, 0.390345154]}, "properties": {"incident_type": "Hit & run", "severity": "Minor", "road_name": "Namirembe Road", "road_class": "Major road", "date": "2021-03-19"}}, {"type": "Feature", "geometry": {"type": "Point", "coordinates": [32.64061043, 0.369454179]}, "properties": {"incident_type": "Vehicle-bicycle collision", "severity": "Fatal", "road_name": "Nambi road", "road_class": "Motorable track", "date": "2024-12-31"}}, {"type": "Feature", "geometry": {"type": "Point", "coordinates": [32.62409561, 0.343237861]}, "properties": {"incident_type": "Rear-end collision", "severity": "Minor", "road_name": "Kisingiri road", "road_class": "Secondary road", "date": "2022-12-19"}}, {"type": "Feature", "geometry": {"type": "Point", "coordinates": [32.62503896, 0.368830067]}, "properties": {"incident_type": "Collision with pedestrian", "severity": "Serious", "road_name": "Kawempe - Lugoba road", "road_class": "Secondary road", "date": "2021-07-04"}}, {"type": "Feature", "geometry": {"type": "Point", "coordinates": [32.69673266, 0.346434733]}, "properties": {"incident_type": "Collision with pedestrian", "severity": "Serious", "road_name": "Kalema road", "road_class": "Secondary road", "date": "2023-05-26"}}, {"type": "Feature", "geometry": {"type": "Point", "coordinates": [32.66978819, 0.382116118]}, "properties": {"incident_type": "Collision with pedestrian", "severity": "Serious", "road_name": "Boundary Close", "road_class": "Major road", "date": "2021-12-24"}}, {"type": "Feature", "geometry": {"type": "Point", "coordinates": [32.52612267, 0.33085845]}, "properties": {"incident_type": "Side-swipe", "severity": "Minor", "road_name": "Kalema road", "road_class": "Secondary road", "date": "2020-04-23"}}, {"type": "Feature", "geometry": {"type": "Point", "coordinates": [32.56702983, 0.36716124]}, "properties": {"incident_type": "Hit & run", "severity": "Serious", "road_name": "Fulu road", "road_class": "Secondary road", "date": "2024-10-14"}}, {"type": "Feature", "geometry": {"type": "Point", "coordinates": [32.54290713, 0.359308501]}, "properties": {"incident_type": "Hit & run", "severity": "Fatal", "road_name": "Makamba road", "road_class": "Secondary road", "date": "2022-04-09"}}, {"type": "Feature", "geometry": {"type": "Point", "coordinates": [32.6254111, 0.375492133]}, "properties": {"incident_type": "Rollover", "severity": "Serious", "road_name": "Dastur street", "road_class": "Secondary road", "date": "2023-05-04"}}, {"type": "Feature", "geometry": {"type": "Point", "coordinates": [32.52646921, 0.320802627]}, "properties": {"incident_type": "Motorcycle crash", "severity": "Minor", "road_name": "Busabala road", "road_class": "Secondary road", "date": "2021-08-17"}}, {"type": "Feature", "geometry": {"type": "Point", "coordinates": [32.58419825, 0.399982752]}, "properties": {"incident_type": "Collision with pedestrian", "severity": "Fatal", "road_name": "Access road", "road_class": "Major road", "date": "2021-08-11"}}, {"type": "Feature", "geometry": {"type": "Point", "coordinates": [32.55039829, 0.36240381]}, "properties": {"incident_type": "Hit & run", "severity": "Serious", "road_name": "Kabusu road", "road_class": "Secondary road", "date": "2024-06-17"}}, {"type": "Feature", "geometry": {"type": "Point", "coordinates": [32.66236992, 0.397598009]}, "properties": {"incident_type": "Motorcycle crash", "severity": "Serious", "road_name": "Albert Cook road", "road_class": "Major road", "date": "2020-04-16"}}, {"type": "Feature", "geometry": {"type": "Point", "coordinates": [32.60995232, 0.321548217]}, "properties": {"incident_type": "Vehicle collision", "severity": "Serious", "road_name": "Naggulu Avenue", "road_class": "Secondary road", "date": "2021-04-10"}}, {"type": "Feature", "geometry": {"type": "Point", "coordinates": [32.60072657, 0.346871759]}, "properties": {"incident_type": "Single vehicle accident", "severity": "Fatal", "road_name": "Circular road", "road_class": "Motorable track", "date": "2023-11-08"}}, {"type": "Feature", "geometry": {"type": "Point", "coordinates": [32.5040699, 0.335453714]}, "properties": {"incident_type": "Side-swipe", "severity": "Fatal", "road_name": "Kanjokya road", "road_class": "Motorable track", "date": "2022-04-16"}}, {"type": "Feature", "geometry": {"type": "Point", "coordinates": [32.65655954, 0.398700123]}, "properties": {"incident_type": "Vehicle collision", "severity": "Minor", "road_name": "Naggulu Avenue", "road_class": "Secondary road", "date": "2024-01-27"}}, {"type": "Feature", "geometry": {"type": "Point", "coordinates": [32.61993569, 0.345917341]}, "properties": {"incident_type": "Rear-end collision", "severity": "Minor", "road_name": "Sserumaga road", "road_class": "Motorable track", "date": "2022-09-13"}}, {"type": "Feature", "geometry": {"type": "Point", "coordinates": [32.53541533, 0.39505896]}, "properties": {"incident_type": "Single vehicle accident", "severity": "Serious", "road_name": "K.A.R. Drive", "road_class": "Motorable track", "date": "2023-10-23"}}, {"type": "Feature", "geometry": {"type": "Point", "coordinates": [32.64637598, 0.341813662]}, "properties": {"incident_type": "Rollover", "severity": "Serious", "road_name": "Kisenyi lane", "road_class": "Motorable track", "date": "2023-05-15"}}, {"type": "Feature", "geometry": {"type": "Point", "coordinates": [32.68005396, 0.349629217]}, "properties": {"incident_type": "Side-swipe", "severity": "Serious", "road_name": "Ben Kiwanuka Street", "road_class": "Major road", "date": "2022-12-31"}}, {"type": "Feature", "geometry": {"type": "Point", "coordinates": [32.63415188, 0.330415531]}, "properties": {"incident_type": "Vehicle-bicycle collision", "severity": "Fatal", "road_name": "Khasim Kiwanuka road", "road_class": "Motorable track", "date": "2021-12-21"}}, {"type": "Feature", "geometry": {"type": "Point", "coordinates": [32.51032671, 0.338616472]}, "properties": {"incident_type": "Rollover", "severity": "Fatal", "road_name": "Naggulu Vale road", "road_class": "Motorable track", "date": "2021-01-11"}}, {"type": "Feature", "geometry": {"type": "Point", "coordinates": [32.56845077, 0.356061679]}, "properties": {"incident_type": "Hit & run", "severity": "Fatal", "road_name": "Munyonyo road", "road_class": "Secondary road", "date": "2023-06-26"}}, {"type": "Feature", "geometry": {"type": "Point", "coordinates": [32.66880133, 0.364312726]}, "properties": {"incident_type": "Rear-end collision", "severity": "Minor", "road_name": "Owen road", "road_class": "Motorable track", "date": "2021-02-07"}}, {"type": "Feature", "geometry": {"type": "Point", "coordinates": [32.6052792, 0.3988953]}, "properties": {"incident_type": "Rollover", "severity": "Fatal", "road_name": "Market Street", "road_class": "Secondary road", "date": "2021-01-28"}}, {"type": "Feature", "geometry": {"type": "Point", "coordinates": [32.67271627, 0.368106748]}, "properties": {"incident_type": "Collision with pedestrian", "severity": "Minor", "road_name": "Burton Street", "road_class": "Secondary road", "date": "2024-08-30"}}, {"type": "Feature", "geometry": {"type": "Point", "coordinates": [32.5677044, 0.396331471]}, "properties": {"incident_type": "Side-swipe", "severity": "Fatal", "road_name": "Northcote road", "road_class": "Secondary road", "date": "2020-05-18"}}, {"type": "Feature", "geometry": {"type": "Point", "coordinates": [32.67099996, 0.307117036]}, "properties": {"incident_type": "Motorcycle crash", "severity": "Serious", "road_name": "Fulu road", "road_class": "Secondary road", "date": "2023-12-17"}}, {"type": "Feature", "geometry": {"type": "Point", "coordinates": [32.65211134, 0.359325277]}, "properties": {"incident_type": "Rollover", "severity": "Minor", "road_name": "Nkiizi road", "road_class": "Secondary road", "date": "2021-12-25"}}, {"type": "Feature", "geometry": {"type": "Point", "coordinates": [32.65564579, 0.310401934]}, "properties": {"incident_type": "Rear-end collision", "severity": "Fatal", "road_name": "Tagore Crescent", "road_class": "Motorable track", "date": "2021-02-16"}}, {"type": "Feature", "geometry": {"type": "Point", "coordinates": [32.68201161, 0.375494248]}, "properties": {"incident_type": "Side-swipe", "severity": "Serious", "road_name": "Kalema road", "road_class": "Secondary road", "date": "2024-08-20"}}, {"type": "Feature", "geometry": {"type": "Point", "coordinates": [32.6788412, 0.300277849]}, "properties": {"incident_type": "Collision with pedestrian", "severity": "Serious", "road_name": "Kaduyu road", "road_class": "Motorable track", "date": "2023-05-03"}}, {"type": "Feature", "geometry": {"type": "Point", "coordinates": [32.67197238, 0.371706781]}, "properties": {"incident_type": "Vehicle collision", "severity": "Serious", "road_name": "Busabala road", "road_class": "Secondary road", "date": "2024-02-24"}}, {"type": "Feature", "geometry": {"type": "Point", "coordinates": [32.62940748, 0.398776598]}, "properties": {"incident_type": "Rollover", "severity": "Minor", "road_name": "Mugula road", "road_class": "Motorable track", "date": "2024-02-16"}}, {"type": "Feature", "geometry": {"type": "Point", "coordinates": [32.52147604, 0.309715217]}, "properties": {"incident_type": "Vehicle-bicycle collision", "severity": "Serious", "road_name": "Dundas road", "road_class": "Motorable track", "date": "2022-08-19"}}, {"type": "Feature", "geometry": {"type": "Point", "coordinates": [32.57851991, 0.37989439]}, "properties": {"incident_type": "Rear-end collision", "severity": "Serious", "road_name": "Combe road", "road_class": "Motorable track", "date": "2020-06-05"}}, {"type": "Feature", "geometry": {"type": "Point", "coordinates": [32.62203314, 0.399622538]}, "properties": {"incident_type": "Vehicle collision", "severity": "Minor", "road_name": "Kabusu road", "road_class": "Secondary road", "date": "2024-04-21"}}, {"type": "Feature", "geometry": {"type": "Point", "coordinates": [32.69607352, 0.30925281]}, "properties": {"incident_type": "Motorcycle crash", "severity": "Minor", "road_name": "Snay Bin Amir street", "road_class": "Secondary road", "date": "2024-03-06"}}, {"type": "Feature", "geometry": {"type": "Point", "coordinates": [32.69919884, 0.364099833]}, "properties": {"incident_type": "Side-swipe", "severity": "Minor", "road_name": "Access road", "road_class": "Major road", "date": "2024-07-25"}}, {"type": "Feature", "geometry": {"type": "Point", "coordinates": [32.66163472, 0.375245824]}, "properties": {"incident_type": "Single vehicle accident", "severity": "Serious", "road_name": "Dr. Kiremerwa road", "road_class": "Motorable track", "date": "2020-08-08"}}, {"type": "Feature", "geometry": {"type": "Point", "coordinates": [32.61456888, 0.341092665]}, "properties": {"incident_type": "Vehicle-bicycle collision", "severity": "Fatal", "road_name": "Middle lane", "road_class": "Motorable track", "date": "2020-07-12"}}, {"type": "Feature", "geometry": {"type": "Point", "coordinates": [32.68058461, 0.344326034]}, "properties": {"incident_type": "Single vehicle accident", "severity": "Fatal", "road_name": "Mapeera road", "road_class": "Secondary road", "date": "2020-05-19"}}, {"type": "Feature", "geometry": {"type": "Point", "coordinates": [32.52086097, 0.377942809]}, "properties": {"incident_type": "Vehicle-bicycle collision", "severity": "Fatal", "road_name": "Naggulu Vale road", "road_class": "Motorable track", "date": "2024-04-06"}}, {"type": "Feature", "geometry": {"type": "Point", "coordinates": [32.57344966, 0.394658842]}, "properties": {"incident_type": "Vehicle-bicycle collision", "severity": "Fatal", "road_name": "Muganzi Awongererwa road", "road_class": "Secondary road", "date": "2024-02-23"}}, {"type": "Feature", "geometry": {"type": "Point", "coordinates": [32.55467223, 0.327894991]}, "properties": {"incident_type": "Rear-end collision", "severity": "Minor", "road_name": "Tank Hill road", "road_class": "Secondary road", "date": "2020-09-06"}}, {"type": "Feature", "geometry": {"type": "Point", "coordinates": [32.59066268, 0.336237422]}, "properties": {"incident_type": "Single vehicle accident", "severity": "Fatal", "road_name": "Owen road", "road_class": "Motorable track", "date": "2022-08-24"}}, {"type": "Feature", "geometry": {"type": "Point", "coordinates": [32.62960386, 0.314417994]}, "properties": {"incident_type": "Hit & run", "severity": "Fatal", "road_name": "Naggulu Summit view road", "road_class": "Motorable track", "date": "2023-06-03"}}, {"type": "Feature", "geometry": {"type": "Point", "coordinates": [32.63974812, 0.311404486]}, "properties": {"incident_type": "Collision with pedestrian", "severity": "Minor", "road_name": "Kaweesa road", "road_class": "Motorable track", "date": "2021-03-01"}}, {"type": "Feature", "geometry": {"type": "Point", "coordinates": [32.59414452, 0.310786307]}, "properties": {"incident_type": "Vehicle-bicycle collision", "severity": "Minor", "road_name": "Kironde road", "road_class": "Motorable track", "date": "2023-05-13"}}, {"type": "Feature", "geometry": {"type": "Point", "coordinates": [32.6466769, 0.379466496]}, "properties": {"incident_type": "Vehicle collision", "severity": "Minor", "road_name": "Albert Cook road", "road_class": "Major road", "date": "2021-07-29"}}, {"type": "Feature", "geometry": {"type": "Point", "coordinates": [32.58324095, 0.304878095]}, "properties": {"incident_type": "Vehicle-bicycle collision", "severity": "Fatal", "road_name": "Semuto road", "road_class": "Major road", "date": "2022-06-14"}}, {"type": "Feature", "geometry": {"type": "Point", "coordinates": [32.64419204, 0.365886527]}, "properties": {"incident_type": "Vehicle-bicycle collision", "severity": "Minor", "road_name": "Nsalo road", "road_class": "Major road", "date": "2020-07-31"}}, {"type": "Feature", "geometry": {"type": "Point", "coordinates": [32.5368296, 0.381055444]}, "properties": {"incident_type": "Motorcycle crash", "severity": "Fatal", "road_name": "Buziga Circular road", "road_class": "Motorable track", "date": "2023-09-05"}}, {"type": "Feature", "geometry": {"type": "Point", "coordinates": [32.60420007, 0.382877396]}, "properties": {"incident_type": "Single vehicle accident", "severity": "Fatal", "road_name": "Mugwanya road", "road_class": "Motorable track", "date": "2024-01-07"}}, {"type": "Feature", "geometry": {"type": "Point", "coordinates": [32.57150917, 0.331908056]}, "properties": {"incident_type": "Single vehicle accident", "severity": "Minor", "road_name": "Wamala road", "road_class": "Motorable track", "date": "2021-02-15"}}, {"type": "Feature", "geometry": {"type": "Point", "coordinates": [32.50367543, 0.312259552]}, "properties": {"incident_type": "Vehicle-bicycle collision", "severity": "Minor", "road_name": "Upper Naggulu East road", "road_class": "Secondary road", "date": "2024-08-26"}}, {"type": "Feature", "geometry": {"type": "Point", "coordinates": [32.58916946, 0.31109708]}, "properties": {"incident_type": "Vehicle collision", "severity": "Minor", "road_name": "Kawempe - Ttula road", "road_class": "Secondary road", "date": "2022-08-29"}}, {"type": "Feature", "geometry": {"type": "Point", "coordinates": [32.65293083, 0.333091271]}, "properties": {"incident_type": "Motorcycle crash", "severity": "Minor", "road_name": "Moyo Close", "road_class": "Secondary road", "date": "2023-06-16"}}, {"type": "Feature", "geometry": {"type": "Point", "coordinates": [32.58135753, 0.389690292]}, "properties": {"incident_type": "Motorcycle crash", "severity": "Fatal", "road_name": "Pilkington road", "road_class": "Secondary road", "date": "2020-03-26"}}, {"type": "Feature", "geometry": {"type": "Point", "coordinates": [32.60472057, 0.310938045]}, "properties": {"incident_type": "Vehicle collision", "severity": "Minor", "road_name": "Namuwongo road", "road_class": "Secondary road", "date": "2021-10-10"}}, {"type": "Feature", "geometry": {"type": "Point", "coordinates": [32.62542259, 0.376694619]}, "properties": {"incident_type": "Hit & run", "severity": "Minor", "road_name": "Centenary road", "road_class": "Motorable track", "date": "2020-07-17"}}, {"type": "Feature", "geometry": {"type": "Point", "coordinates": [32.54819366, 0.393513943]}, "properties": {"incident_type": "Motorcycle crash", "severity": "Serious", "road_name": "Byatike road", "road_class": "Motorable track", "date": "2022-12-13"}}, {"type": "Feature", "geometry": {"type": "Point", "coordinates": [32.59279049, 0.315517083]}, "properties": {"incident_type": "Rear-end collision", "severity": "Fatal", "road_name": "Kanjokya road", "road_class": "Motorable track", "date": "2022-06-10"}}, {"type": "Feature", "geometry": {"type": "Point", "coordinates": [32.58339662, 0.379335482]}, "properties": {"incident_type": "Vehicle collision", "severity": "Serious", "road_name": "Kitaasa road", "road_class": "Motorable track", "date": "2022-01-20"}}, {"type": "Feature", "geometry": {"type": "Point", "coordinates": [32.59583364, 0.313538565]}, "properties": {"incident_type": "Vehicle collision", "severity": "Serious", "road_name": "Ndagire road", "road_class": "Secondary road", "date": "2021-04-15"}}, {"type": "Feature", "geometry": {"type": "Point", "coordinates": [32.54191698, 0.396961506]}, "properties": {"incident_type": "Single vehicle accident", "severity": "Fatal", "road_name": "Mawanda road", "road_class": "Secondary road", "date": "2023-11-03"}}, {"type": "Feature", "geometry": {"type": "Point", "coordinates": [32.50099646, 0.392003718]}, "properties": {"incident_type": "Vehicle-bicycle collision", "severity": "Serious", "road_name": "Portal road", "road_class": "Major road", "date": "2024-10-05"}}, {"type": "Feature", "geometry": {"type": "Point", "coordinates": [32.62891308, 0.39858946]}, "properties": {"incident_type": "Rear-end collision", "severity": "Serious", "road_name": "Kyaggwe road", "road_class": "Secondary road", "date": "2024-12-18"}}, {"type": "Feature", "geometry": {"type": "Point", "coordinates": [32.57230163, 0.352361043]}, "properties": {"incident_type": "Head-on collision", "severity": "Minor", "road_name": "Kawaala - Bwaise road", "road_class": "Motorable track", "date": "2024-08-16"}}, {"type": "Feature", "geometry": {"type": "Point", "coordinates": [32.64159403, 0.337450882]}, "properties": {"incident_type": "Single vehicle accident", "severity": "Fatal", "road_name": "Lubya Hill road", "road_class": "Motorable track", "date": "2021-12-11"}}, {"type": "Feature", "geometry": {"type": "Point", "coordinates": [32.62092374, 0.37870666]}, "properties": {"incident_type": "Motorcycle crash", "severity": "Fatal", "road_name": "Kampala Northern Bypass", "road_class": "Highway", "date": "2024-10-06"}}, {"type": "Feature", "geometry": {"type": "Point", "coordinates": [32.69920128, 0.390598131]}, "properties": {"incident_type": "Side-swipe", "severity": "Serious", "road_name": "Wilson road", "road_class": "Secondary road", "date": "2020-01-17"}}, {"type": "Feature", "geometry": {"type": "Point", "coordinates": [32.68766515, 0.347641391]}, "properties": {"incident_type": "Vehicle-bicycle collision", "severity": "Serious", "road_name": "University road", "road_class": "Secondary road", "date": "2021-06-28"}}, {"type": "Feature", "geometry": {"type": "Point", "coordinates": [32.60376612, 0.389008021]}, "properties": {"incident_type": "Motorcycle crash", "severity": "Fatal", "road_name": "Bukoto - Ntinda road", "road_class": "Major road", "date": "2023-06-08"}}, {"type": "Feature", "geometry": {"type": "Point", "coordinates": [32.67050876, 0.386935462]}, "properties": {"incident_type": "Collision with pedestrian", "severity": "Serious", "road_name": "Mugwanya road", "road_class": "Motorable track", "date": "2024-09-02"}}, {"type": "Feature", "geometry": {"type": "Point", "coordinates": [32.56885112, 0.334208291]}, "properties": {"incident_type": "Rollover", "severity": "Minor", "road_name": "Makerere Hill road", "road_class": "Major road", "date": "2021-10-05"}}, {"type": "Feature", "geometry": {"type": "Point", "coordinates": [32.62391009, 0.361917408]}, "properties": {"incident_type": "Motorcycle crash", "severity": "Fatal", "road_name": "Naalya road", "road_class": "Secondary road", "date": "2023-10-04"}}, {"type": "Feature", "geometry": {"type": "Point", "coordinates": [32.65463395, 0.343299324]}, "properties": {"incident_type": "Rollover", "severity": "Serious", "road_name": "Station Aproach road", "road_class": "Secondary road", "date": "2023-05-03"}}, {"type": "Feature", "geometry": {"type": "Point", "coordinates": [32.65925523, 0.352383573]}, "properties": {"incident_type": "Rear-end collision", "severity": "Minor", "road_name": "Mawanda road", "road_class": "Secondary road", "date": "2024-03-18"}}, {"type": "Feature", "geometry": {"type": "Point", "coordinates": [32.5359112, 0.318416472]}, "properties": {"incident_type": "Single vehicle accident", "severity": "Serious", "road_name": "Snay Bin Amir street", "road_class": "Secondary road", "date": "2023-08-11"}}, {"type": "Feature", "geometry": {"type": "Point", "coordinates": [32.68799813, 0.321208125]}, "properties": {"incident_type": "Collision with pedestrian", "severity": "Serious", "road_name": "Wilson road", "road_class": "Secondary road", "date": "2021-08-15"}}, {"type": "Feature", "geometry": {"type": "Point", "coordinates": [32.57325066, 0.305590745]}, "properties": {"incident_type": "Collision with pedestrian", "severity": "Fatal", "road_name": "Kimera road", "road_class": "Motorable track", "date": "2022-11-03"}}, {"type": "Feature", "geometry": {"type": "Point", "coordinates": [32.53022687, 0.363500047]}, "properties": {"incident_type": "Vehicle collision", "severity": "Minor", "road_name": "Kulambiro ring road", "road_class": "Secondary road", "date": "2024-04-09"}}, {"type": "Feature", "geometry": {"type": "Point", "coordinates": [32.67588331, 0.319729444]}, "properties": {"incident_type": "Collision with pedestrian", "severity": "Serious", "road_name": "Luthuli lane", "road_class": "Secondary road", "date": "2023-10-29"}}, {"type": "Feature", "geometry": {"type": "Point", "coordinates": [32.5629382, 0.301703407]}, "properties": {"incident_type": "Collision with pedestrian", "severity": "Serious", "road_name": "Bazarabusa Drive", "road_class": "Motorable track", "date": "2024-01-25"}}, {"type": "Feature", "geometry": {"type": "Point", "coordinates": [32.58367149, 0.387765364]}, "properties": {"incident_type": "Vehicle-bicycle collision", "severity": "Fatal", "road_name": "Sebowa road", "road_class": "Motorable track", "date": "2023-12-24"}}, {"type": "Feature", "geometry": {"type": "Point", "coordinates": [32.6025959, 0.321060042]}, "properties": {"incident_type": "Single vehicle accident", "severity": "Serious", "road_name": "Mary Stuart road", "road_class": "Secondary road", "date": "2023-12-20"}}, {"type": "Feature", "geometry": {"type": "Point", "coordinates": [32.53541007, 0.38776447]}, "properties": {"incident_type": "Side-swipe", "severity": "Minor", "road_name": "Kyambogo road", "road_class": "Motorable track", "date": "2024-10-19"}}, {"type": "Feature", "geometry": {"type": "Point", "coordinates": [32.5993005, 0.330228374]}, "properties": {"incident_type": "Vehicle collision", "severity": "Serious", "road_name": "Ggaba road", "road_class": "Secondary road", "date": "2021-01-30"}}, {"type": "Feature", "geometry": {"type": "Point", "coordinates": [32.56682087, 0.338616165]}, "properties": {"incident_type": "Motorcycle crash", "severity": "Serious", "road_name": "Nabweru road", "road_class": "Secondary road", "date": "2022-11-15"}}, {"type": "Feature", "geometry": {"type": "Point", "coordinates": [32.50597944, 0.318111347]}, "properties": {"incident_type": "Side-swipe", "severity": "Fatal", "road_name": "Munyonyo road", "road_class": "Secondary road", "date": "2021-05-14"}}, {"type": "Feature", "geometry": {"type": "Point", "coordinates": [32.66517011, 0.320515091]}, "properties": {"incident_type": "Side-swipe", "severity": "Minor", "road_name": "Northcote road", "road_class": "Secondary road", "date": "2020-04-22"}}, {"type": "Feature", "geometry": {"type": "Point", "coordinates": [32.56128702, 0.310694469]}, "properties": {"incident_type": "Side-swipe", "severity": "Fatal", "road_name": "Nakawuka road", "road_class": "Secondary road", "date": "2022-04-12"}}, {"type": "Feature", "geometry": {"type": "Point", "coordinates": [32.69072132, 0.3132711]}, "properties": {"incident_type": "Side-swipe", "severity": "Serious", "road_name": "Naggulu Avenue", "road_class": "Secondary road", "date": "2020-03-20"}}, {"type": "Feature", "geometry": {"type": "Point", "coordinates": [32.59109245, 0.379882386]}, "properties": {"incident_type": "Rear-end collision", "severity": "Fatal", "road_name": "Lubiri Ring road", "road_class": "Secondary road", "date": "2020-05-08"}}, {"type": "Feature", "geometry": {"type": "Point", "coordinates": [32.50069408, 0.365983296]}, "properties": {"incident_type": "Motorcycle crash", "severity": "Serious", "road_name": "Bukoto - Kisasi road", "road_class": "Secondary road", "date": "2023-01-07"}}, {"type": "Feature", "geometry": {"type": "Point", "coordinates": [32.52553139, 0.385735091]}, "properties": {"incident_type": "Vehicle-bicycle collision", "severity": "Fatal", "road_name": "Market Square road", "road_class": "Secondary road", "date": "2020-02-05"}}, {"type": "Feature", "geometry": {"type": "Point", "coordinates": [32.68786419, 0.392502899]}, "properties": {"incident_type": "Motorcycle crash", "severity": "Serious", "road_name": "Butikiro road", "road_class": "Secondary road", "date": "2022-01-08"}}, {"type": "Feature", "geometry": {"type": "Point", "coordinates": [32.53740532, 0.381880851]}, "properties": {"incident_type": "Motorcycle crash", "severity": "Minor", "road_name": "Kitagobwa road", "road_class": "Secondary road", "date": "2021-02-11"}}, {"type": "Feature", "geometry": {"type": "Point", "coordinates": [32.5315515, 0.384902315]}, "properties": {"incident_type": "Side-swipe", "severity": "Minor", "road_name": "Nakivubo Mews road", "road_class": "Secondary road", "date": "2022-03-08"}}, {"type": "Feature", "geometry": {"type": "Point", "coordinates": [32.60509749, 0.384245848]}, "properties": {"incident_type": "Vehicle collision", "severity": "Minor", "road_name": "Mary Stuart road", "road_class": "Secondary road", "date": "2024-01-27"}}, {"type": "Feature", "geometry": {"type": "Point", "coordinates": [32.67890098, 0.375727132]}, "properties": {"incident_type": "Single vehicle accident", "severity": "Serious", "road_name": "Gomotoka road", "road_class": "Motorable track", "date": "2020-05-03"}}, {"type": "Feature", "geometry": {"type": "Point", "coordinates": [32.53685497, 0.398483221]}, "properties": {"incident_type": "Motorcycle crash", "severity": "Serious", "road_name": "Fort road", "road_class": "Major road", "date": "2023-05-20"}}, {"type": "Feature", "geometry": {"type": "Point", "coordinates": [32.50334832, 0.308725346]}, "properties": {"incident_type": "Head-on collision", "severity": "Serious", "road_name": "Buwaya Close", "road_class": "Motorable track", "date": "2020-12-25"}}, {"type": "Feature", "geometry": {"type": "Point", "coordinates": [32.69307318, 0.315928822]}, "properties": {"incident_type": "Rollover", "severity": "Fatal", "road_name": "Bulime road", "road_class": "Motorable track", "date": "2020-02-01"}}, {"type": "Feature", "geometry": {"type": "Point", "coordinates": [32.69235737, 0.360647581]}, "properties": {"incident_type": "Head-on collision", "severity": "Minor", "road_name": "Mawanda road", "road_class": "Secondary road", "date": "2023-12-29"}}, {"type": "Feature", "geometry": {"type": "Point", "coordinates": [32.51116807, 0.322702666]}, "properties": {"incident_type": "Vehicle collision", "severity": "Serious", "road_name": "Nkiizi road", "road_class": "Secondary road", "date": "2020-04-04"}}, {"type": "Feature", "geometry": {"type": "Point", "coordinates": [32.5147208, 0.330304051]}, "properties": {"incident_type": "Single vehicle accident", "severity": "Fatal", "road_name": "Namilyango road", "road_class": "Secondary road", "date": "2020-10-16"}}, {"type": "Feature", "geometry": {"type": "Point", "coordinates": [32.69127863, 0.369865569]}, "properties": {"incident_type": "Side-swipe", "severity": "Serious", "road_name": "Kyebando Ring road", "road_class": "Secondary road", "date": "2022-04-05"}}, {"type": "Feature", "geometry": {"type": "Point", "coordinates": [32.65206273, 0.382769304]}, "properties": {"incident_type": "Head-on collision", "severity": "Fatal", "road_name": "Lower Kololo Terrace", "road_class": "Motorable track", "date": "2022-12-09"}}, {"type": "Feature", "geometry": {"type": "Point", "coordinates": [32.64479972, 0.334177001]}, "properties": {"incident_type": "Rollover", "severity": "Minor", "road_name": "Nakivubo Place road", "road_class": "Major road", "date": "2022-11-20"}}, {"type": "Feature", "geometry": {"type": "Point", "coordinates": [32.68287987, 0.39973133]}, "properties": {"incident_type": "Rear-end collision", "severity": "Fatal", "road_name": "Mbuya road", "road_class": "Motorable track", "date": "2021-07-29"}}, {"type": "Feature", "geometry": {"type": "Point", "coordinates": [32.67408459, 0.330554373]}, "properties": {"incident_type": "Vehicle-bicycle collision", "severity": "Fatal", "road_name": "Bulange way", "road_class": "Secondary road", "date": "2023-12-13"}}, {"type": "Feature", "geometry": {"type": "Point", "coordinates": [32.69346183, 0.305990478]}, "properties": {"incident_type": "Single vehicle accident", "severity": "Minor", "road_name": "Bukoto 11 road", "road_class": "Motorable track", "date": "2020-04-29"}}, {"type": "Feature", "geometry": {"type": "Point", "coordinates": [32.57840805, 0.399470667]}, "properties": {"incident_type": "Rear-end collision", "severity": "Serious", "road_name": "Gowers road", "road_class": "Motorable track", "date": "2020-07-28"}}, {"type": "Feature", "geometry": {"type": "Point", "coordinates": [32.54594019, 0.389457988]}, "properties": {"incident_type": "Collision with pedestrian", "severity": "Minor", "road_name": "Kiwatule road", "road_class": "Secondary road", "date": "2023-08-30"}}, {"type": "Feature", "geometry": {"type": "Point", "coordinates": [32.67682427, 0.353037956]}, "properties": {"incident_type": "Hit & run", "severity": "Serious", "road_name": "Nkrumah road", "road_class": "Secondary road", "date": "2023-12-24"}}, {"type": "Feature", "geometry": {"type": "Point", "coordinates": [32.65967093, 0.307628525]}, "properties": {"incident_type": "Rear-end collision", "severity": "Serious", "road_name": "Moyo Close", "road_class": "Secondary road", "date": "2024-04-03"}}, {"type": "Feature", "geometry": {"type": "Point", "coordinates": [32.63584056, 0.324946028]}, "properties": {"incident_type": "Head-on collision", "severity": "Fatal", "road_name": "Kyaggwe road", "road_class": "Secondary road", "date": "2023-10-15"}}, {"type": "Feature", "geometry": {"type": "Point", "coordinates": [32.51581065, 0.394031525]}, "properties": {"incident_type": "Vehicle-bicycle collision", "severity": "Serious", "road_name": "Queens road", "road_class": "Motorable track", "date": "2023-06-17"}}, {"type": "Feature", "geometry": {"type": "Point", "coordinates": [32.59999822, 0.322214725]}, "properties": {"incident_type": "Single vehicle accident", "severity": "Minor", "road_name": "Makenzie Vale road", "road_class": "Motorable track", "date": "2023-12-15"}}, {"type": "Feature", "geometry": {"type": "Point", "coordinates": [32.69793176, 0.376046804]}, "properties": {"incident_type": "Single vehicle accident", "severity": "Minor", "road_name": "Muganzi Awongererwa road", "road_class": "Secondary road", "date": "2023-09-13"}}, {"type": "Feature", "geometry": {"type": "Point", "coordinates": [32.59294765, 0.305618238]}, "properties": {"incident_type": "Collision with pedestrian", "severity": "Minor", "road_name": "Balintuma road", "road_class": "Major road", "date": "2020-12-13"}}, {"type": "Feature", "geometry": {"type": "Point", "coordinates": [32.66333282, 0.304046642]}, "properties": {"incident_type": "Rollover", "severity": "Fatal", "road_name": "Mutesa I road", "road_class": "Secondary road", "date": "2023-04-28"}}, {"type": "Feature", "geometry": {"type": "Point", "coordinates": [32.55645331, 0.300436564]}, "properties": {"incident_type": "Single vehicle accident", "severity": "Fatal", "road_name": "Majwala road", "road_class": "Motorable track", "date": "2021-12-17"}}, {"type": "Feature", "geometry": {"type": "Point", "coordinates": [32.57283699, 0.38795846]}, "properties": {"incident_type": "Single vehicle accident", "severity": "Fatal", "road_name": "Kalinda road", "road_class": "Secondary road", "date": "2021-09-11"}}, {"type": "Feature", "geometry": {"type": "Point", "coordinates": [32.54047669, 0.394551574]}, "properties": {"incident_type": "Collision with pedestrian", "severity": "Serious", "road_name": "Kawempe - Mbogo road", "road_class": "Secondary road", "date": "2022-08-07"}}, {"type": "Feature", "geometry": {"type": "Point", "coordinates": [32.65109775, 0.362612772]}, "properties": {"incident_type": "Single vehicle accident", "severity": "Fatal", "road_name": "Mambule road", "road_class": "Secondary road", "date": "2022-11-20"}}, {"type": "Feature", "geometry": {"type": "Point", "coordinates": [32.63704642, 0.374323576]}, "properties": {"incident_type": "Collision with pedestrian", "severity": "Minor", "road_name": "Wakaliga road", "road_class": "Major road", "date": "2020-04-04"}}, {"type": "Feature", "geometry": {"type": "Point", "coordinates": [32.61313356, 0.302777244]}, "properties": {"incident_type": "Rollover", "severity": "Minor", "road_name": "Middle lane", "road_class": "Motorable track", "date": "2022-03-05"}}, {"type": "Feature", "geometry": {"type": "Point", "coordinates": [32.69762086, 0.315727799]}, "properties": {"incident_type": "Collision with pedestrian", "severity": "Minor", "road_name": "Kitezi road", "road_class": "Secondary road", "date": "2024-05-10"}}, {"type": "Feature", "geometry": {"type": "Point", "coordinates": [32.54537436, 0.366480478]}, "properties": {"incident_type": "Collision with pedestrian", "severity": "Fatal", "road_name": "Busabala road", "road_class": "Secondary road", "date": "2023-12-24"}}, {"type": "Feature", "geometry": {"type": "Point", "coordinates": [32.62205731, 0.332412293]}, "properties": {"incident_type": "Rollover", "severity": "Fatal", "road_name": "Katalima road", "road_class": "Secondary road", "date": "2020-09-03"}}, {"type": "Feature", "geometry": {"type": "Point", "coordinates": [32.57531882, 0.300233298]}, "properties": {"incident_type": "Motorcycle crash", "severity": "Minor", "road_name": "Kayunga road", "road_class": "Major road", "date": "2023-05-14"}}, {"type": "Feature", "geometry": {"type": "Point", "coordinates": [32.5872706, 0.362300084]}, "properties": {"incident_type": "Motorcycle crash", "severity": "Minor", "road_name": "Buganda road", "road_class": "Secondary road", "date": "2023-07-24"}}, {"type": "Feature", "geometry": {"type": "Point", "coordinates": [32.51325606, 0.388268481]}, "properties": {"incident_type": "Motorcycle crash", "severity": "Fatal", "road_name": "Uringi Crescent road", "road_class": "Secondary road", "date": "2020-08-24"}}, {"type": "Feature", "geometry": {"type": "Point", "coordinates": [32.52272975, 0.348031578]}, "properties": {"incident_type": "Side-swipe", "severity": "Minor", "road_name": "Mansfield road", "road_class": "Secondary road", "date": "2024-05-03"}}, {"type": "Feature", "geometry": {"type": "Point", "coordinates": [32.60410718, 0.335147087]}, "properties": {"incident_type": "Motorcycle crash", "severity": "Fatal", "road_name": "Dastur street", "road_class": "Secondary road", "date": "2024-04-09"}}, {"type": "Feature", "geometry": {"type": "Point", "coordinates": [32.54553286, 0.357950178]}, "properties": {"incident_type": "Rear-end collision", "severity": "Fatal", "road_name": "Station road", "road_class": "Secondary road", "date": "2021-05-13"}}, {"type": "Feature", "geometry": {"type": "Point", "coordinates": [32.67036448, 0.364231406]}, "properties": {"incident_type": "Single vehicle accident", "severity": "Serious", "road_name": "Portal road", "road_class": "Major road", "date": "2020-10-16"}}, {"type": "Feature", "geometry": {"type": "Point", "coordinates": [32.63094062, 0.30150176]}, "properties": {"incident_type": "Vehicle collision", "severity": "Serious", "road_name": "Kyanja road", "road_class": "Secondary road", "date": "2023-06-05"}}, {"type": "Feature", "geometry": {"type": "Point", "coordinates": [32.64674182, 0.352949027]}, "properties": {"incident_type": "Hit & run", "severity": "Fatal", "road_name": "Kisugu road", "road_class": "Secondary road", "date": "2020-11-21"}}, {"type": "Feature", "geometry": {"type": "Point", "coordinates": [32.61278305, 0.347817328]}, "properties": {"incident_type": "Side-swipe", "severity": "Fatal", "road_name": "Sir Apollo Kaggwa road", "road_class": "Major road", "date": "2022-12-30"}}, {"type": "Feature", "geometry": {"type": "Point", "coordinates": [32.58845415, 0.354609617]}, "properties": {"incident_type": "Hit & run", "severity": "Serious", "road_name": "William Street", "road_class": "Major road", "date": "2020-04-26"}}, {"type": "Feature", "geometry": {"type": "Point", "coordinates": [32.69726607, 0.361000333]}, "properties": {"incident_type": "Vehicle-bicycle collision", "severity": "Serious", "road_name": "Makerere Hill road", "road_class": "Major road", "date": "2024-01-04"}}, {"type": "Feature", "geometry": {"type": "Point", "coordinates": [32.64000078, 0.332840908]}, "properties": {"incident_type": "Side-swipe", "severity": "Serious", "road_name": "Kalema road", "road_class": "Secondary road", "date": "2020-11-13"}}, {"type": "Feature", "geometry": {"type": "Point", "coordinates": [32.54315837, 0.367284085]}, "properties": {"incident_type": "Motorcycle crash", "severity": "Minor", "road_name": "Northcote road", "road_class": "Secondary road", "date": "2024-08-04"}}, {"type": "Feature", "geometry": {"type": "Point", "coordinates": [32.68378785, 0.39452189]}, "properties": {"incident_type": "Rear-end collision", "severity": "Serious", "road_name": "Lukuli road", "road_class": "Secondary road", "date": "2023-07-16"}}, {"type": "Feature", "geometry": {"type": "Point", "coordinates": [32.51634917, 0.343335487]}, "properties": {"incident_type": "Rear-end collision", "severity": "Minor", "road_name": "Bukoto Crescent", "road_class": "Motorable track", "date": "2023-10-29"}}, {"type": "Feature", "geometry": {"type": "Point", "coordinates": [32.56162177, 0.395011009]}, "properties": {"incident_type": "Rear-end collision", "severity": "Minor", "road_name": "Kyebando Ring road", "road_class": "Secondary road", "date": "2023-08-17"}}, {"type": "Feature", "geometry": {"type": "Point", "coordinates": [32.65369032, 0.356648504]}, "properties": {"incident_type": "Head-on collision", "severity": "Fatal", "road_name": "Siad Barre Avenue", "road_class": "Secondary road", "date": "2020-01-19"}}, {"type": "Feature", "geometry": {"type": "Point", "coordinates": [32.6545446, 0.338476917]}, "properties": {"incident_type": "Motorcycle crash", "severity": "Minor", "road_name": "Kironde road", "road_class": "Motorable track", "date": "2020-05-09"}}, {"type": "Feature", "geometry": {"type": "Point", "coordinates": [32.59842122, 0.378584151]}, "properties": {"incident_type": "Head-on collision", "severity": "Fatal", "road_name": "Wandegeya road", "road_class": "Secondary road", "date": "2023-01-23"}}, {"type": "Feature", "geometry": {"type": "Point", "coordinates": [32.58931587, 0.326242918]}, "properties": {"incident_type": "Collision with pedestrian", "severity": "Minor", "road_name": "Kyebando Ring road", "road_class": "Secondary road", "date": "2024-12-27"}}, {"type": "Feature", "geometry": {"type": "Point", "coordinates": [32.50303214, 0.370269186]}, "properties": {"incident_type": "Collision with pedestrian", "severity": "Fatal", "road_name": "Kaweesa road", "road_class": "Motorable track", "date": "2024-07-31"}}, {"type": "Feature", "geometry": {"type": "Point", "coordinates": [32.54553004, 0.306900502]}, "properties": {"incident_type": "Vehicle collision", "severity": "Minor", "road_name": "Ben Kiwanuka Street", "road_class": "Major road", "date": "2022-01-02"}}, {"type": "Feature", "geometry": {"type": "Point", "coordinates": [32.58048815, 0.358747329]}, "properties": {"incident_type": "Collision with pedestrian", "severity": "Fatal", "road_name": "Circular road", "road_class": "Motorable track", "date": "2020-07-20"}}, {"type": "Feature", "geometry": {"type": "Point", "coordinates": [32.69390311, 0.396847968]}, "properties": {"incident_type": "Head-on collision", "severity": "Minor", "road_name": "Balintuma road", "road_class": "Major road", "date": "2023-06-06"}}, {"type": "Feature", "geometry": {"type": "Point", "coordinates": [32.56619975, 0.384196196]}, "properties": {"incident_type": "Head-on collision", "severity": "Serious", "road_name": "Mackay road", "road_class": "Secondary road", "date": "2021-11-25"}}, {"type": "Feature", "geometry": {"type": "Point", "coordinates": [32.5472126, 0.325997758]}, "properties": {"incident_type": "Collision with pedestrian", "severity": "Serious", "road_name": "Naggulu Avenue", "road_class": "Secondary road", "date": "2021-09-15"}}, {"type": "Feature", "geometry": {"type": "Point", "coordinates": [32.57209321, 0.313480604]}, "properties": {"incident_type": "Head-on collision", "severity": "Fatal", "road_name": "Balintuma road", "road_class": "Major road", "date": "2023-03-24"}}, {"type": "Feature", "geometry": {"type": "Point", "coordinates": [32.55133839, 0.386573991]}, "properties": {"incident_type": "Motorcycle crash", "severity": "Serious", "road_name": "Queens road", "road_class": "Motorable track", "date": "2024-11-15"}}, {"type": "Feature", "geometry": {"type": "Point", "coordinates": [32.59402164, 0.347499598]}, "properties": {"incident_type": "Hit & run", "severity": "Minor", "road_name": "John Babiha (Acacia) Avenue", "road_class": "Secondary road", "date": "2024-08-28"}}, {"type": "Feature", "geometry": {"type": "Point", "coordinates": [32.57536269, 0.33673916]}, "properties": {"incident_type": "Motorcycle crash", "severity": "Serious", "road_name": "Kyebando Ring road", "road_class": "Secondary road", "date": "2022-02-17"}}, {"type": "Feature", "geometry": {"type": "Point", "coordinates": [32.64339008, 0.360713563]}, "properties": {"incident_type": "Vehicle-bicycle collision", "severity": "Serious", "road_name": "Summit View", "road_class": "Motorable track", "date": "2021-03-24"}}, {"type": "Feature", "geometry": {"type": "Point", "coordinates": [32.58727149, 0.311762057]}, "properties": {"incident_type": "Head-on collision", "severity": "Serious", "road_name": "Kabusu road", "road_class": "Secondary road", "date": "2023-09-19"}}, {"type": "Feature", "geometry": {"type": "Point", "coordinates": [32.51335983, 0.31512369]}, "properties": {"incident_type": "Single vehicle accident", "severity": "Serious", "road_name": "Tennis Court road", "road_class": "Secondary road", "date": "2020-04-07"}}, {"type": "Feature", "geometry": {"type": "Point", "coordinates": [32.55978959, 0.362953763]}, "properties": {"incident_type": "Hit & run", "severity": "Fatal", "road_name": "University road", "road_class": "Secondary road", "date": "2021-05-19"}}, {"type": "Feature", "geometry": {"type": "Point", "coordinates": [32.5100807, 0.356033547]}, "properties": {"incident_type": "Collision with pedestrian", "severity": "Fatal", "road_name": "Centenary road", "road_class": "Motorable track", "date": "2022-06-19"}}, {"type": "Feature", "geometry": {"type": "Point", "coordinates": [32.66491659, 0.300739959]}, "properties": {"incident_type": "Motorcycle crash", "severity": "Serious", "road_name": "Bukoto road", "road_class": "Motorable track", "date": "2023-04-01"}}, {"type": "Feature", "geometry": {"type": "Point", "coordinates": [32.66762471, 0.379180576]}, "properties": {"incident_type": "Head-on collision", "severity": "Fatal", "road_name": "Bazzeketta road", "road_class": "Motorable track", "date": "2021-01-30"}}, {"type": "Feature", "geometry": {"type": "Point", "coordinates": [32.65581333, 0.340338671]}, "properties": {"incident_type": "Head-on collision", "severity": "Serious", "road_name": "University road", "road_class": "Secondary road", "date": "2023-10-17"}}, {"type": "Feature", "geometry": {"type": "Point", "coordinates": [32.61083793, 0.3249882]}, "properties": {"incident_type": "Side-swipe", "severity": "Serious", "road_name": "William Street", "road_class": "Major road", "date": "2020-10-27"}}, {"type": "Feature", "geometry": {"type": "Point", "coordinates": [32.54990226, 0.373355029]}, "properties": {"incident_type": "Head-on collision", "severity": "Minor", "road_name": "Kawempe - Lugoba road", "road_class": "Secondary road", "date": "2024-03-23"}}, {"type": "Feature", "geometry": {"type": "Point", "coordinates": [32.65012236, 0.370689146]}, "properties": {"incident_type": "Side-swipe", "severity": "Serious", "road_name": "Lincoln Close", "road_class": "Motorable track", "date": "2022-03-22"}}, {"type": "Feature", "geometry": {"type": "Point", "coordinates": [32.5449849, 0.37123697]}, "properties": {"incident_type": "Hit & run", "severity": "Serious", "road_name": "Mulago Hill road 2", "road_class": "Motorable track", "date": "2024-05-12"}}, {"type": "Feature", "geometry": {"type": "Point", "coordinates": [32.50770624, 0.373293721]}, "properties": {"incident_type": "Rear-end collision", "severity": "Fatal", "road_name": "School road", "road_class": "Secondary road", "date": "2023-02-03"}}, {"type": "Feature", "geometry": {"type": "Point", "coordinates": [32.61118654, 0.354493865]}, "properties": {"incident_type": "Vehicle-bicycle collision", "severity": "Serious", "road_name": "Kawempe - Lugoba road", "road_class": "Secondary road", "date": "2021-02-15"}}, {"type": "Feature", "geometry": {"type": "Point", "coordinates": [32.63946315, 0.354687797]}, "properties": {"incident_type": "Hit & run", "severity": "Fatal", "road_name": "Masiro road", "road_class": "Secondary road", "date": "2020-07-02"}}, {"type": "Feature", "geometry": {"type": "Point", "coordinates": [32.53822732, 0.322310002]}, "properties": {"incident_type": "Side-swipe", "severity": "Serious", "road_name": "Semawata road", "road_class": "Secondary road", "date": "2020-11-06"}}, {"type": "Feature", "geometry": {"type": "Point", "coordinates": [32.62367095, 0.354730745]}, "properties": {"incident_type": "Collision with pedestrian", "severity": "Minor", "road_name": "Bukasa road", "road_class": "Secondary road", "date": "2021-12-04"}}, {"type": "Feature", "geometry": {"type": "Point", "coordinates": [32.51355781, 0.338694029]}, "properties": {"incident_type": "Motorcycle crash", "severity": "Minor", "road_name": "Johnston Street", "road_class": "Major road", "date": "2024-09-19"}}, {"type": "Feature", "geometry": {"type": "Point", "coordinates": [32.62271451, 0.353934129]}, "properties": {"incident_type": "Motorcycle crash", "severity": "Fatal", "road_name": "Parliamentary Avenue", "road_class": "Secondary road", "date": "2021-05-13"}}, {"type": "Feature", "geometry": {"type": "Point", "coordinates": [32.55530414, 0.37518038]}, "properties": {"incident_type": "Head-on collision", "severity": "Fatal", "road_name": "Kireka road", "road_class": "Secondary road", "date": "2023-05-18"}}, {"type": "Feature", "geometry": {"type": "Point", "coordinates": [32.51649953, 0.328110597]}, "properties": {"incident_type": "Single vehicle accident", "severity": "Serious", "road_name": "Kiweewa lane", "road_class": "Major road", "date": "2024-08-02"}}, {"type": "Feature", "geometry": {"type": "Point", "coordinates": [32.54014292, 0.391788318]}, "properties": {"incident_type": "Vehicle-bicycle collision", "severity": "Serious", "road_name": "Lincoln Close", "road_class": "Motorable track", "date": "2022-04-23"}}, {"type": "Feature", "geometry": {"type": "Point", "coordinates": [32.50621556, 0.378821503]}, "properties": {"incident_type": "Rollover", "severity": "Fatal", "road_name": "Lower Mulago hill road", "road_class": "Secondary road", "date": "2022-06-19"}}, {"type": "Feature", "geometry": {"type": "Point", "coordinates": [32.61913278, 0.326092599]}, "properties": {"incident_type": "Rear-end collision", "severity": "Fatal", "road_name": "Johnston Street", "road_class": "Major road", "date": "2021-11-01"}}, {"type": "Feature", "geometry": {"type": "Point", "coordinates": [32.61851894, 0.351221018]}, "properties": {"incident_type": "Collision with pedestrian", "severity": "Minor", "road_name": "Kisingiri Street", "road_class": "Secondary road", "date": "2021-04-27"}}, {"type": "Feature", "geometry": {"type": "Point", "coordinates": [32.54171069, 0.324311769]}, "properties": {"incident_type": "Side-swipe", "severity": "Fatal", "road_name": "Mudeka road", "road_class": "Motorable track", "date": "2020-03-03"}}, {"type": "Feature", "geometry": {"type": "Point", "coordinates": [32.52879143, 0.312531806]}, "properties": {"incident_type": "Head-on collision", "severity": "Serious", "road_name": "Queen's road", "road_class": "Motorable track", "date": "2022-03-23"}}, {"type": "Feature", "geometry": {"type": "Point", "coordinates": [32.60892604, 0.373188861]}, "properties": {"incident_type": "Rear-end collision", "severity": "Fatal", "road_name": "Kyebando Ring road", "road_class": "Secondary road", "date": "2023-04-22"}}, {"type": "Feature", "geometry": {"type": "Point", "coordinates": [32.53102681, 0.350181391]}, "properties": {"incident_type": "Hit & run", "severity": "Fatal", "road_name": "Masaka road", "road_class": "Highway", "date": "2022-09-16"}}, {"type": "Feature", "geometry": {"type": "Point", "coordinates": [32.5004496, 0.397025363]}, "properties": {"incident_type": "Rollover", "severity": "Serious", "road_name": "Luthuli road", "road_class": "Secondary road", "date": "2023-03-26"}}, {"type": "Feature", "geometry": {"type": "Point", "coordinates": [32.51188582, 0.318016176]}, "properties": {"incident_type": "Hit & run", "severity": "Minor", "road_name": "Lukuli road", "road_class": "Secondary road", "date": "2021-12-29"}}, {"type": "Feature", "geometry": {"type": "Point", "coordinates": [32.6984535, 0.393907241]}, "properties": {"incident_type": "Collision with pedestrian", "severity": "Minor", "road_name": "Kagera road", "road_class": "Secondary road", "date": "2021-07-31"}}, {"type": "Feature", "geometry": {"type": "Point", "coordinates": [32.53391163, 0.320808277]}, "properties": {"incident_type": "Head-on collision", "severity": "Serious", "road_name": "Mwanga II road", "road_class": "Secondary road", "date": "2023-07-01"}}, {"type": "Feature", "geometry": {"type": "Point", "coordinates": [32.5710945, 0.314446912]}, "properties": {"incident_type": "Rollover", "severity": "Fatal", "road_name": "Nsambya road", "road_class": "Major road", "date": "2023-04-21"}}, {"type": "Feature", "geometry": {"type": "Point", "coordinates": [32.69359114, 0.385413156]}, "properties": {"incident_type": "Single vehicle accident", "severity": "Fatal", "road_name": "Kira road", "road_class": "Major road", "date": "2023-12-27"}}, {"type": "Feature", "geometry": {"type": "Point", "coordinates": [32.67292684, 0.358812703]}, "properties": {"incident_type": "Single vehicle accident", "severity": "Fatal", "road_name": "Nkiizi road", "road_class": "Secondary road", "date": "2023-01-22"}}, {"type": "Feature", "geometry": {"type": "Point", "coordinates": [32.65583224, 0.389929687]}, "properties": {"incident_type": "Single vehicle accident", "severity": "Minor", "road_name": "Old Kampala road", "road_class": "Secondary road", "date": "2022-08-13"}}, {"type": "Feature", "geometry": {"type": "Point", "coordinates": [32.66750434, 0.329139424]}, "properties": {"incident_type": "Motorcycle crash", "severity": "Serious", "road_name": "Mviri Lane", "road_class": "Motorable track", "date": "2020-03-17"}}, {"type": "Feature", "geometry": {"type": "Point", "coordinates": [32.55748094, 0.382469371]}, "properties": {"incident_type": "Rollover", "severity": "Fatal", "road_name": "Tufnell Drive", "road_class": "Secondary road", "date": "2020-07-18"}}, {"type": "Feature", "geometry": {"type": "Point", "coordinates": [32.60926583, 0.369817343]}, "properties": {"incident_type": "Head-on collision", "severity": "Fatal", "road_name": "Kulambiro ring road", "road_class": "Secondary road", "date": "2021-08-11"}}, {"type": "Feature", "geometry": {"type": "Point", "coordinates": [32.57424717, 0.392948336]}, "properties": {"incident_type": "Head-on collision", "severity": "Minor", "road_name": "Bukoto - Ntinda road", "road_class": "Major road", "date": "2022-10-22"}}, {"type": "Feature", "geometry": {"type": "Point", "coordinates": [32.63080134, 0.346102387]}, "properties": {"incident_type": "Rollover", "severity": "Minor", "road_name": "Kireka road", "road_class": "Secondary road", "date": "2024-07-30"}}, {"type": "Feature", "geometry": {"type": "Point", "coordinates": [32.52129377, 0.337125904]}, "properties": {"incident_type": "Collision with pedestrian", "severity": "Serious", "road_name": "Kira road", "road_class": "Major road", "date": "2024-12-21"}}, {"type": "Feature", "geometry": {"type": "Point", "coordinates": [32.5968998, 0.361102789]}, "properties": {"incident_type": "Motorcycle crash", "severity": "Minor", "road_name": "Fort road", "road_class": "Major road", "date": "2024-09-01"}}, {"type": "Feature", "geometry": {"type": "Point", "coordinates": [32.68765371, 0.331319768]}, "properties": {"incident_type": "Side-swipe", "severity": "Serious", "road_name": "Salaama road", "road_class": "Secondary road", "date": "2020-08-06"}}, {"type": "Feature", "geometry": {"type": "Point", "coordinates": [32.50046453, 0.325693356]}, "properties": {"incident_type": "Collision with pedestrian", "severity": "Minor", "road_name": "Willis road", "road_class": "Major road", "date": "2023-03-25"}}, {"type": "Feature", "geometry": {"type": "Point", "coordinates": [32.57165367, 0.364655406]}, "properties": {"incident_type": "Head-on collision", "severity": "Serious", "road_name": "Kalinda road", "road_class": "Secondary road", "date": "2022-06-24"}}, {"type": "Feature", "geometry": {"type": "Point", "coordinates": [32.68531763, 0.318737846]}, "properties": {"incident_type": "Collision with pedestrian", "severity": "Serious", "road_name": "Grace road", "road_class": "Motorable track", "date": "2020-01-02"}}, {"type": "Feature", "geometry": {"type": "Point", "coordinates": [32.63599791, 0.37506268]}, "properties": {"incident_type": "Rear-end collision", "severity": "Minor", "road_name": "Bugonga road", "road_class": "Motorable track", "date": "2024-02-10"}}, {"type": "Feature", "geometry": {"type": "Point", "coordinates": [32.56611628, 0.37177275]}, "properties": {"incident_type": "Rear-end collision", "severity": "Minor", "road_name": "Kaduyu road", "road_class": "Motorable track", "date": "2023-09-14"}}, {"type": "Feature", "geometry": {"type": "Point", "coordinates": [32.55330843, 0.33920636]}, "properties": {"incident_type": "Rollover", "severity": "Fatal", "road_name": "Mbuya road", "road_class": "Motorable track", "date": "2022-06-11"}}, {"type": "Feature", "geometry": {"type": "Point", "coordinates": [32.58426993, 0.366679994]}, "properties": {"incident_type": "Head-on collision", "severity": "Fatal", "road_name": "Semuto road", "road_class": "Major road", "date": "2024-08-09"}}]}