{
  "type": "FeatureCollection",
  "name": "maintenance_regions",
  "crs": {
    "type": "name",
    "properties": {
      "name": "urn:ogc:def:crs:OGC:1.3:CRS84"
    }
  },
  "features": [
    {
      "type": "Feature",
      "properties": {
        "Region": 6.0,
        "Region Nam": "North Eastern",
        "Shape Length": 1306047.25,
        "Shape Area": 40828960930.12
      },
      "geometry": {
        "type": "Polygon",
        "coordinates": [
          [
            [
              34.063488149993624,
              4.09137545969306
            ],
            [
              34.080207745876955,
              4.083074292638841
            ],
            [
              34.09197642619216,
              4.045290808062791
            ],
            [
              34.088836725340954,
              4.034312369316863
            ],
            [
              34.05958161487656,
              4.025063775885728
            ],
            [
              34.06124096310644,
              4.007027933418513
            ],
            [
              34.08162706516123,
              3.999874577548769
            ],
            [
              34.106712158347534,
              3.973850624994077
            ],
            [
              34.13515105684985,
              3.958573522166832
            ],
            [
              34.1202013082646,
              3.898979082531773
            ],
            [
              34.09200638231198,
              3.882503485224432
            ],
            [
              34.08921833416524,
              3.858544317648792
            ],
            [
              34.21632358679593,
              3.878478766152111
            ],
            [
              34.226157888877246,
              3.848307137327489
            ],
            [
              34.22615837306918,
              3.827768945465559
            ],
            [
              34.18028232329922,
              3.828587176950386
            ],
            [
              34.153934567132744,
              3.804164027469136
            ],
            [
              34.15434638540168,
              3.797275559345916
            ],
            [
              34.18939945267852,
              3.792327123319087
            ],
            [
              34.19113160127734,
              3.780308952785187
            ],
            [
              34.166084597557436,
              3.770884773888647
            ],
            [
              34.1725654644286,
              3.764627020771239
            ],
            [
              34.22192389358461,
              3.781437279269052
            ],
            [
              34.22784427999044,
              3.771136962299035
            ],
            [
              34.24631140542691,
              3.781196682886869
            ],
            [
              34.268009197815154,
              3.744315021021324
            ],
            [
              34.30851770776131,
              3.709358710744616
            ],
            [
              34.30334074193178,
              3.683060535780848
            ],
            [
              34.32498165209792,
              3.724353754154334
            ],
            [
              34.37068928571845,
              3.732011964333511
            ],
            [
              34.40054708219517,
              3.703124152441039
            ],
            [
              34.403892641875196,
              3.689815826231824
            ],
            [
              34.46379860670203,
              3.666536009840892
            ],
            [
              34.453914803855284,
              3.608714603638329
            ],
            [
              34.451759390654146,
              3.515760287348414
            ],
            [
              34.42427070670315,
              3.488484728881025
            ],
            [
              34.38953375926976,
              3.488887910493707
            ],
            [
              34.41744229332664,
              3.447487729554071
            ],
            [
              34.41974613156891,
              3.430657986237416
            ],
            [
              34.40213763384734,
              3.41105901364095
            ],
            [
              34.40139764663205,
              3.368287608732747
            ],
            [
              34.43000769755219,
              3.340098477729597
            ],
            [
              34.44850555076126,
              3.279848271185835
            ],
            [
              34.456207289189,
              3.179751504736511
            ],
            [
              34.48351699998928,
              3.161774569999755
            ],
            [
              34.495506387386655,
              3.138451446067331
            ],
            [
              34.511924924580605,
              3.146231470400583
            ],
            [
              34.54653916933274,
              3.133035879519359
            ],
            [
              34.57371118546794,
              3.096238195779548
            ],
            [
              34.57664883904209,
              3.018353541016638
            ],
            [
              34.587795295885904,
              2.999050537342246
            ],
            [
              34.59920134338891,
              2.922097623815138
            ],
            [
              34.63987734421979,
              2.904031748003326
            ],
            [
              34.65386204796667,
              2.865086935410475
            ],
            [
              34.69310002389412,
              2.860438708577727
            ],
            [
              34.702453738078226,
              2.874857625640361
            ],
            [
              34.737045533931386,
              2.852711178015234
            ],
            [
              34.75077068384998,
              2.823006332753679
            ],
            [
              34.7650259736352,
              2.822345415901531
            ],
            [
              34.78371419512431,
              2.753085862804097
            ],
            [
              34.77613443353911,
              2.695257495109641
            ],
            [
              34.8517721187279,
              2.581506301609622
            ],
            [
              34.8685724102732,
              2.568312202017386
            ],
            [
              34.87902065246072,
              2.56996849496629
            ],
            [
              34.880977430186235,
              2.586458727898252
            ],
            [
              34.89433649776194,
              2.590327752305034
            ],
            [
              34.91305180615179,
              2.514068617318482
            ],
            [
              34.93391806221755,
              2.513141908562613
            ],
            [
              34.9548110494512,
              2.467299441867273
            ],
            [
              34.93168664256022,
              2.428402683355903
            ],
            [
              34.91616835023163,
              2.422207302262195
            ],
            [
              34.91429538711876,
              2.39388154893139
            ],
            [
              34.98119754366769,
              2.051724856137032
            ],
            [
              34.98488228294449,
              1.982796603837517
            ],
            [
              35.0202710964571,
              1.920845217423058
            ],
            [
              35.02352512679283,
              1.87933283264592
            ],
            [
              34.99168761500811,
              1.663762712252795
            ],
            [
              34.94408822821392,
              1.575423626812827
            ],
            [
              34.906402647098666,
              1.550599588329069
            ],
            [
              34.890079467868766,
              1.553056894185013
            ],
            [
              34.86426538464287,
              1.525860190335752
            ],
            [
              34.84229681667179,
              1.451316813019103
            ],
            [
              34.847080126370805,
              1.435965131332977
            ],
            [
              34.76657469613449,
              1.416790043072466
            ],
            [
              34.796314557289136,
              1.377847179764901
            ],
            [
              34.79896170109028,
              1.348404317160111
            ],
            [
              34.782489676407685,
              1.369057826595516
            ],
            [
              34.77759551100936,
              1.393727208468022
            ],
            [
              34.71865075251971,
              1.44233082701758
            ],
            [
              34.719921213774924,
              1.466913798959355
            ],
            [
              34.72579930480225,
              1.469611142248713
            ],
            [
              34.711284658818094,
              1.478411078625685
            ],
            [
              34.71152119870715,
              1.498925450725676
            ],
            [
              34.701961568202044,
              1.501292421348687
            ],
            [
              34.70006558665832,
              1.523725769540476
            ],
            [
              34.659145568361986,
              1.523369664955118
            ],
            [
              34.655364995014025,
              1.533324941466848
            ],
            [
              34.63089001870408,
              1.545497423173591
            ],
            [
              34.61768332875679,
              1.576254078185696
            ],
            [
              34.60099029156484,
              1.575755518612773
            ],
            [
              34.58574699330764,
              1.585733887280194
            ],
            [
              34.56865664024869,
              1.580215494522435
            ],
            [
              34.545345228370074,
              1.598229534432821
            ],
            [
              34.49930211261852,
              1.595028361019209
            ],
            [
              34.49523148224847,
              1.602008405489084
            ],
            [
              34.48635097809817,
              1.5863599258102
            ],
            [
              34.471679831218495,
              1.587771260048278
            ],
            [
              34.45377723675098,
              1.570941119363883
            ],
            [
              34.43664930985863,
              1.570374774660931
            ],
            [
              34.41899874942221,
              1.552824467740751
            ],
            [
              34.395664479012886,
              1.564225608770756
            ],
            [
              34.36227060545569,
              1.558624190921524
            ],
            [
              34.34755308215115,
              1.567703981961025
            ],
            [
              34.328224084285026,
              1.550958569112593
            ],
            [
              34.299472567572266,
              1.554746582148756
            ],
            [
              34.27724865887156,
              1.546497335824474
            ],
            [
              34.260154918265656,
              1.561674267631205
            ],
            [
              34.22984295424253,
              1.56164605664038
            ],
            [
              34.226993308616755,
              1.473337585446489
            ],
            [
              34.23921177000484,
              1.450443429400287
            ],
            [
              34.25997557950065,
              1.440006500650257
            ],
            [
              34.27484138411587,
              1.395006347656043
            ],
            [
              34.244240009857656,
              1.34556846928025
            ],
            [
              34.24747062650381,
              1.318230384022242
            ],
            [
              34.23999397085198,
              1.30689232067934
            ],
            [
              34.245914288985894,
              1.288839175875105
            ],
            [
              34.20415880423764,
              1.232046730154873
            ],
            [
              34.19074269903129,
              1.201873259761626
            ],
            [
              34.19156244766067,
              1.17234490599007
            ],
            [
              34.182044886158636,
              1.161450972311675
            ],
            [
              34.160110455964954,
              1.16544103647592
            ],
            [
              34.14685465332442,
              1.159383223154924
            ],
            [
              34.102035495740736,
              1.18673002297349
            ],
            [
              34.0484963099474,
              1.201107247922874
            ],
            [
              34.03533168720652,
              1.213195029499814
            ],
            [
              34.006736903154646,
              1.207590897072655
            ],
            [
              33.98081583237507,
              1.224011612460392
            ],
            [
              33.935547025770845,
              1.229936967679107
            ],
            [
              33.918170670684994,
              1.256448564147435
            ],
            [
              33.90061176625532,
              1.267523631716915
            ],
            [
              33.86067943213914,
              1.268740459192266
            ],
            [
              33.80654528674326,
              1.318845194356319
            ],
            [
              33.75337987826154,
              1.313213324499679
            ],
            [
              33.729500019657635,
              1.343778052371377
            ],
            [
              33.69863104266618,
              1.339691609493772
            ],
            [
              33.67199717308169,
              1.314196235325169
            ],
            [
              33.57645045862758,
              1.308983872841821
            ],
            [
              33.5579911817718,
              1.33945458014177
            ],
            [
              33.545589724577155,
              1.317731554887567
            ],
            [
              33.521904117670296,
              1.308792036476328
            ],
            [
              33.480869469852145,
              1.330221917396771
            ],
            [
              33.439056429145325,
              1.320852804070584
            ],
            [
              33.42757808432995,
              1.340002044340346
            ],
            [
              33.395355494427314,
              1.333764156201284
            ],
            [
              33.37830364585639,
              1.364992395157213
            ],
            [
              33.33980155813161,
              1.373692533202219
            ],
            [
              33.30555713540892,
              1.373748927595851
            ],
            [
              33.24750501664743,
              1.334286943556404
            ],
            [
              33.15134822933443,
              1.355943513795061
            ],
            [
              33.063560531687216,
              1.437470405063142
            ],
            [
              33.01477445513137,
              1.461383801087006
            ],
            [
              32.9735793116096,
              1.468754700601548
            ],
            [
              32.97478854369501,
              1.557841199953721
            ],
            [
              32.96706013338816,
              1.612598964719456
            ],
            [
              32.94581999131466,
              1.642192472868705
            ],
            [
              32.99708548363169,
              1.672136636339939
            ],
            [
              33.000083890268506,
              1.712203396010172
            ],
            [
              33.04640568408246,
              1.708058005395431
            ],
            [
              33.0837060155016,
              1.73194578201993
            ],
            [
              33.08404166112606,
              1.748748802395613
            ],
            [
              33.10379799655595,
              1.777103086491945
            ],
            [
              33.11442951841763,
              1.854702159036244
            ],
            [
              33.142265285343264,
              1.857106416636397
            ],
            [
              33.14676668484149,
              1.871422465128105
            ],
            [
              33.165897292472074,
              1.874526755103344
            ],
            [
              33.200794212789575,
              1.908175836056466
            ],
            [
              33.22102385616966,
              1.910306504757944
            ],
            [
              33.24195507121023,
              1.924037898638797
            ],
            [
              33.249221645951394,
              1.952037805848954
            ],
            [
              33.271244222434,
              1.957434416166375
            ],
            [
              33.29030964381597,
              2.039202608586882
            ],
            [
              33.32400538903786,
              2.0523398586696
            ],
            [
              33.34870891921396,
              2.030582330392245
            ],
            [
              33.363842125339815,
              2.027463680687034
            ],
            [
              33.36351030384356,
              2.041425643479044
            ],
            [
              33.34743514766695,
              2.063199380389368
            ],
            [
              33.366379026092666,
              2.105690827169334
            ],
            [
              33.40212991456368,
              2.123405302567729
            ],
            [
              33.41580173419882,
              2.142691282352378
            ],
            [
              33.4371907792172,
              2.111571309841994
            ],
            [
              33.4550473961118,
              2.127547654685684
            ],
            [
              33.47852333443471,
              2.197477976468175
            ],
            [
              33.44355381946244,
              2.22805232664356
            ],
            [
              33.44116218796914,
              2.241166846421784
            ],
            [
              33.44464868613075,
              2.24641844455041
            ],
            [
              33.49189355728961,
              2.231054275623289
            ],
            [
              33.509132376712216,
              2.252036506528643
            ],
            [
              33.539608178171804,
              2.270843136934816
            ],
            [
              33.54916381297051,
              2.287461078891432
            ],
            [
              33.53783424803082,
              2.357336499489517
            ],
            [
              33.5614815417908,
              2.353077120255479
            ],
            [
              33.56866077333691,
              2.33459472899332
            ],
            [
              33.58391571286186,
              2.327256935124021
            ],
            [
              33.612960868179734,
              2.334073666368795
            ],
            [
              33.65723826259536,
              2.393527382128867
            ],
            [
              33.64978434420168,
              2.475337269061672
            ],
            [
              33.59397895238995,
              2.510330869163236
            ],
            [
              33.57500462646601,
              2.5418819529533
            ],
            [
              33.55291727426491,
              2.559607257982751
            ],
            [
              33.53283682847708,
              2.603892739490856
            ],
            [
              33.538562938033074,
              2.623239398432709
            ],
            [
              33.527969191227406,
              2.628439072780262
            ],
            [
              33.52138896799084,
              2.671827479761195
            ],
            [
              33.538261467915326,
              2.717135710102633
            ],
            [
              33.60378294172034,
              2.787672749295127
            ],
            [
              33.60441953643968,
              2.870333893786227
            ],
            [
              33.57729714144413,
              2.880641114890724
            ],
            [
              33.57029328709262,
              2.934789635207573
            ],
            [
              33.580505124138384,
              2.954637834632862
            ],
            [
              33.57094584936613,
              2.996512594945415
            ],
            [
              33.55039983730929,
              3.281180994599929
            ],
            [
              33.58319068169771,
              3.272602556536232
            ],
            [
              33.59803025101507,
              3.276224254964776
            ],
            [
              33.64634317502931,
              3.243686632788811
            ],
            [
              33.68661093108943,
              3.241244034408594
            ],
            [
              33.71481700962632,
              3.287909880982656
            ],
            [
              33.726394510482784,
              3.292761091548405
            ],
            [
              33.729000342560646,
              3.333593218327804
            ],
            [
              33.74242791835486,
              3.376154462936713
            ],
            [
              33.721714194427726,
              3.40358173840651
            ],
            [
              33.721038978439346,
              3.417792306983773
            ],
            [
              33.663768962608636,
              3.478497578980257
            ],
            [
              33.66849537481416,
              3.501534353294935
            ],
            [
              33.6507110705033,
              3.539428916422234
            ],
            [
              33.65414417999091,
              3.549868369686193
            ],
            [
              33.60243579308599,
              3.591293189350224
            ],
            [
              33.51235583109061,
              3.749258159270945
            ],
            [
              33.98848315993753,
              4.23123473982807
            ],
            [
              34.04753091566438,
              4.17629952374784
            ],
            [
              34.066555254393464,
              4.1407453718438
            ],
            [
              34.05023939643314,
              4.118896656999349
            ],
            [
              34.063488149993624,
              4.09137545969306
            ]
          ]
        ]
      }
    },
    {
      "type": "Feature",
      "properties": {
        "Region": 1.0,
        "Region Nam": "Central",
        "Shape Length": 1258469.7,
        "Shape Area": 57783263982.07
      },
      "geometry": {
        "type": "Polygon",
        "coordinates": [
          [
            [
              32.21314234772514,
              1.674593513504847
            ],
            [
              32.30184921235083,
              1.65279365743365
            ],
            [
              32.32696539083923,
              1.61858428704429
            ],
            [
              32.37708661453724,
              1.595191060101054
            ],
            [
              32.41202941361297,
              1.589652103046304
            ],
            [
              32.496814832884475,
              1.538151185695233
            ],
            [
              32.51037225296649,
              1.521447724332668
            ],
            [
              32.531135439929805,
              1.515065466520485
            ],
            [
              32.56248852262114,
              1.520632353134227
            ],
            [
              32.58433527005656,
              1.479602943433793
            ],
            [
              32.626285532016276,
              1.437805698973621
            ],
            [
              32.65191280429061,
              1.436844594807821
            ],
            [
              32.82014837262228,
              1.474394467422337
            ],
            [
              32.833236608919606,
              1.372315512202056
            ],
            [
              32.841686131041016,
              1.362035561901649
            ],
            [
              32.836155036750036,
              1.351907339878455
            ],
            [
              32.84861005599348,
              1.33624781320025
            ],
            [
              32.842895647892384,
              1.319763617442621
            ],
            [
              32.858570116824694,
              1.295282040383246
            ],
            [
              32.88123695963917,
              1.293390379228479
            ],
            [
              32.88785557866761,
              1.276331159085682
            ],
            [
              32.89968102262731,
              1.27964579958765
            ],
            [
              32.94305028137614,
              1.195813595764736
            ],
            [
              32.95432288504202,
              1.136067048001985
            ],
            [
              32.934028720166644,
              1.083334047951446
            ],
            [
              32.93108745806002,
              1.012710584980129
            ],
            [
              32.947864650326096,
              0.963411732002358
            ],
            [
              32.94671617848986,
              0.943640755184465
            ],
            [
              32.96195230819109,
              0.935609183611227
            ],
            [
              32.96506123994718,
              0.913209437694648
            ],
            [
              33.00084694711859,
              0.877443565472182
            ],
            [
              33.00714116114175,
              0.849018231526863
            ],
            [
              33.029270051441614,
              0.826418744753694
            ],
            [
              33.04066842823041,
              0.771765892172485
            ],
            [
              33.04866794110684,
              0.765825131419267
            ],
            [
              33.046619516357744,
              0.731638952016692
            ],
            [
              33.057376777206386,
              0.692536228994438
            ],
            [
              33.04404434557715,
              0.647737888512849
            ],
            [
              33.05454639954515,
              0.62425485957233
            ],
            [
              33.05025105021689,
              0.595534654296771
            ],
            [
              33.072353349486036,
              0.580844952497918
            ],
            [
              33.082775231509856,
              0.547408365616457
            ],
            [
              33.136940011253564,
              0.50365170770413
            ],
            [
              33.13586812977845,
              0.495895674630719
            ],
            [
              33.151271874331904,
              0.488469471981797
            ],
            [
              33.154132890832535,
              0.478122202053729
            ],
            [
              33.16238392749694,
              0.481041940649883
            ],
            [
              33.19132606850964,
              0.434666547740651
            ],
            [
              33.19669349065415,
              0.410537386748886
            ],
            [
              33.280056194111296,
              0.390299994748982
            ],
            [
              33.29055419847399,
              0.3798483917719
            ],
            [
              33.29037471508022,
              0.352703362595139
            ],
            [
              33.299186918522835,
              0.336907866756365
            ],
            [
              33.3433911523451,
              0.332898643641803
            ],
            [
              33.38668848478576,
              0.310281146868614
            ],
            [
              33.396797406341015,
              0.279096295809492
            ],
            [
              33.42257299765529,
              0.250692580048997
            ],
            [
              33.41711024988607,
              0.232761193436295
            ],
            [
              33.42614353231336,
              0.215776993312832
            ],
            [
              33.425949301277576,
              0.177500836130799
            ],
            [
              33.52235812621492,
              0.120275080951464
            ],
            [
              33.522811921858796,
              -0.025403909838158
            ],
            [
              33.426132094064855,
              -0.025332412033416
            ],
            [
              33.426246527753975,
              -1.002635968914752
            ],
            [
              31.271226883031563,
              -0.999982040325265
            ],
            [
              31.264509073826083,
              -0.984318414603651
            ],
            [
              31.27089686535235,
              -0.949518108711183
            ],
            [
              31.209939817744207,
              -0.90147731326406
            ],
            [
              31.199573376146457,
              -0.880810780588066
            ],
            [
              31.22757901628895,
              -0.851064994594979
            ],
            [
              31.221147589996033,
              -0.837719374358264
            ],
            [
              31.192218718896726,
              -0.821836755314917
            ],
            [
              31.19912147684616,
              -0.756327432424952
            ],
            [
              31.144584801761347,
              -0.697139243384862
            ],
            [
              31.09277903388633,
              -0.672045699143369
            ],
            [
              31.098688176978094,
              -0.621020848717423
            ],
            [
              31.12474620400759,
              -0.588620309865302
            ],
            [
              31.124652789099517,
              -0.573948599393767
            ],
            [
              31.15247143323751,
              -0.521413076969575
            ],
            [
              31.15308004453743,
              -0.441417823097378
            ],
            [
              31.130846109739846,
              -0.418183473112856
            ],
            [
              31.0745850277373,
              -0.275522784668231
            ],
            [
              31.070529940018332,
              -0.210098589380391
            ],
            [
              31.098510673471225,
              -0.125115926524912
            ],
            [
              31.09833901709853,
              -0.054674497097796
            ],
            [
              31.075323162626475,
              -0.023648359388795
            ],
            [
              31.03870953485156,
              -0.035203902977826
            ],
            [
              31.024795644400175,
              -0.031457980081521
            ],
            [
              31.02756496357153,
              -0.011754665616033
            ],
            [
              31.05919069483307,
              0.018030097448096
            ],
            [
              31.05687893165338,
              0.059120352467075
            ],
            [
              31.042484314964234,
              0.085042104096595
            ],
            [
              31.056743629201918,
              0.116898752222024
            ],
            [
              31.047449035841588,
              0.121615769508544
            ],
            [
              31.046558400254856,
              0.146898731461517
            ],
            [
              31.01625811792365,
              0.168734545181931
            ],
            [
              31.012519998057726,
              0.191195001410474
            ],
            [
              31.02751742203177,
              0.20875353382275
            ],
            [
              31.024837482536228,
              0.230329420819155
            ],
            [
              31.10762034413873,
              0.295724226747015
            ],
            [
              31.118455965029586,
              0.319423938705607
            ],
            [
              31.138839725176435,
              0.336234338645226
            ],
            [
              31.14306634170734,
              0.353592808086869
            ],
            [
              31.123241354328474,
              0.381522471352713
            ],
            [
              31.11384199943974,
              0.411815765175045
            ],
            [
              31.118305219640057,
              0.428384518778221
            ],
            [
              31.141490878158688,
              0.452808427562737
            ],
            [
              31.142221369283135,
              0.507169395951467
            ],
            [
              31.202148347501062,
              0.507116971426851
            ],
            [
              31.24823938567808,
              0.527400177505643
            ],
            [
              31.241739260723836,
              0.538807940131442
            ],
            [
              31.256853150376138,
              0.562710824734601
            ],
            [
              31.25564004026362,
              0.602920663925216
            ],
            [
              31.215633283421113,
              0.631855141074733
            ],
            [
              31.23741335160792,
              0.641940799229039
            ],
            [
              31.263225695695404,
              0.680154555401833
            ],
            [
              31.273212390676488,
              0.682161280470373
            ],
            [
              31.27416034596488,
              0.696339952800301
            ],
            [
              31.28959841065377,
              0.714303037742279
            ],
            [
              31.288251960010392,
              0.739040686701073
            ],
            [
              31.37328535741945,
              0.703762010868383
            ],
            [
              31.38257220999696,
              0.707451725474247
            ],
            [
              31.39243702425522,
              0.733163487679442
            ],
            [
              31.40779289129897,
              0.74420784931466
            ],
            [
              31.403366180428417,
              0.803008736448814
            ],
            [
              31.444028865531855,
              0.826282594979349
            ],
            [
              31.437511464178034,
              0.85046553584531
            ],
            [
              31.4497090406341,
              0.865622856976989
            ],
            [
              31.57354159324252,
              0.854494921390849
            ],
            [
              31.619493628807433,
              0.827967358847625
            ],
            [
              31.627990611620227,
              0.833143387341453
            ],
            [
              31.65476801671577,
              0.816888441542081
            ],
            [
              31.66594112028581,
              0.8219627122084
            ],
            [
              31.704122508555834,
              0.793016340768662
            ],
            [
              31.74820339111316,
              0.804614674497404
            ],
            [
              31.76660737217165,
              0.80128657073341
            ],
            [
              31.783641800612592,
              0.789863577385729
            ],
            [
              31.794700767835927,
              0.762422749571556
            ],
            [
              31.820388878512883,
              0.776868396879556
            ],
            [
              31.8343104657296,
              0.76070071002771
            ],
            [
              31.87062275813406,
              0.753214007065531
            ],
            [
              31.882442553487277,
              0.743010773444986
            ],
            [
              31.900054807963375,
              0.747514643164049
            ],
            [
              31.91401091024994,
              0.736773822481106
            ],
            [
              31.888833984987084,
              0.706282887956448
            ],
            [
              31.90530005383936,
              0.696020273177066
            ],
            [
              31.902448518158227,
              0.687269326591992
            ],
            [
              31.922718083567855,
              0.65476819951701
            ],
            [
              31.936759949811233,
              0.637806980450756
            ],
            [
              31.986770616050602,
              0.634130721372796
            ],
            [
              32.01059730516947,
              0.60798708675275
            ],
            [
              32.01303869973624,
              0.630444249152408
            ],
            [
              32.032745389771975,
              0.653790165031061
            ],
            [
              32.05006422662851,
              0.653388965800621
            ],
            [
              32.075656756559226,
              0.67447557573171
            ],
            [
              32.120361329536856,
              0.685030790211526
            ],
            [
              32.13834763531076,
              0.697406322384586
            ],
            [
              32.17483134693264,
              0.683775485062305
            ],
            [
              32.186653015273244,
              0.690911189977686
            ],
            [
              32.21192176003622,
              0.783483852244321
            ],
            [
              32.20981986576475,
              0.807683649022064
            ],
            [
              32.19419088212854,
              0.818062767730109
            ],
            [
              32.17330925229502,
              0.865730905683656
            ],
            [
              32.147617490864754,
              0.888495065878162
            ],
            [
              32.12128444191608,
              0.899976754328173
            ],
            [
              32.05926143632383,
              0.905998822271968
            ],
            [
              32.0151290030456,
              0.92909328285701
            ],
            [
              31.997987789171884,
              0.991151465588032
            ],
            [
              32.001838731149306,
              1.02020764363
            ],
            [
              31.9091510622921,
              1.108625345114407
            ],
            [
              31.91366203693292,
              1.156996311371975
            ],
            [
              31.89926142578591,
              1.175349974369343
            ],
            [
              31.91006478188671,
              1.204989034688637
            ],
            [
              31.871448411389796,
              1.272093111406659
            ],
            [
              31.860427855229723,
              1.277170136220813
            ],
            [
              31.841543168594676,
              1.32941007436571
            ],
            [
              31.821388184197858,
              1.35932291450597
            ],
            [
              31.836917942622748,
              1.362744304727711
            ],
            [
              31.859520042956387,
              1.383477636525433
            ],
            [
              31.877929633095516,
              1.418595952738582
            ],
            [
              31.901382572750535,
              1.429850770007299
            ],
            [
              31.912279076061466,
              1.448033539108284
            ],
            [
              31.930273043566384,
              1.445923211768372
            ],
            [
              31.932298736447233,
              1.453655442335106
            ],
            [
              31.9752081889246,
              1.466100509790661
            ],
            [
              31.971870403265058,
              1.504374974313122
            ],
            [
              31.987995248853256,
              1.507164803106872
            ],
            [
              31.98835938634356,
              1.528000160423385
            ],
            [
              31.99982464899351,
              1.527333893193501
            ],
            [
              32.0007171027704,
              1.542839338739734
            ],
            [
              32.008613545646064,
              1.534659874127387
            ],
            [
              32.04597849378192,
              1.542615144843204
            ],
            [
              32.05686559442677,
              1.571738769410784
            ],
            [
              32.08943572634316,
              1.591025869402006
            ],
            [
              32.084053194535564,
              1.610712068960906
            ],
            [
              32.09083951285785,
              1.622584841647191
            ],
            [
              32.083568611830266,
              1.6362564371957
            ],
            [
              32.09281910868991,
              1.646314568467039
            ],
            [
              32.14196381965664,
              1.67053584607105
            ],
            [
              32.21314234772514,
              1.674593513504847
            ]
          ]
        ]
      }
    },
    {
      "type": "Feature",
      "properties": {
        "Region": 5.0,
        "Region Nam": "Eastern",
        "Shape Length": 1143778.93,
        "Shape Area": 26816153903.48
      },
      "geometry": {
        "type": "Polygon",
        "coordinates": [
          [
            [
              34.49547565152923,
              1.601751578742235
            ],
            [
              34.49930211261852,
              1.595028361019209
            ],
            [
              34.545345228370074,
              1.598229534432821
            ],
            [
              34.56865664024869,
              1.580215494522435
            ],
            [
              34.58574699330764,
              1.585733887280194
            ],
            [
              34.60099029156484,
              1.575755518612773
            ],
            [
              34.61768332875679,
              1.576254078185696
            ],
            [
              34.63089001870408,
              1.545497423173591
            ],
            [
              34.655364995014025,
              1.533324941466848
            ],
            [
              34.659145568361986,
              1.523369664955118
            ],
            [
              34.70006558665832,
              1.523725769540476
            ],
            [
              34.701961568202044,
              1.501292421348687
            ],
            [
              34.71152119870715,
              1.498925450725676
            ],
            [
              34.711284658818094,
              1.478411078625685
            ],
            [
              34.72579930480225,
              1.469611142248713
            ],
            [
              34.719921213774924,
              1.466913798959355
            ],
            [
              34.71865075251971,
              1.44233082701758
            ],
            [
              34.77759551100936,
              1.393727208468022
            ],
            [
              34.782890039360176,
              1.36829873055797
            ],
            [
              34.82959740267048,
              1.307294752811792
            ],
            [
              34.83190161910348,
              1.268411557903458
            ],
            [
              34.79505528544913,
              1.219501370565607
            ],
            [
              34.66969324776324,
              1.205038689760264
            ],
            [
              34.648937426985285,
              1.175925834917778
            ],
            [
              34.57992951251084,
              1.147284094159825
            ],
            [
              34.57531358859369,
              1.099460592755611
            ],
            [
              34.52309020382454,
              1.099275972649519
            ],
            [
              34.49990097001108,
              1.059409910372378
            ],
            [
              34.480396430558685,
              0.937294048000114
            ],
            [
              34.45117954879951,
              0.897451878243464
            ],
            [
              34.447136088873535,
              0.860568952603329
            ],
            [
              34.415054458113744,
              0.839898706096149
            ],
            [
              34.406829853478236,
              0.825729657640484
            ],
            [
              34.41382232258183,
              0.807894947707839
            ],
            [
              34.3856239938109,
              0.800987273256057
            ],
            [
              34.384216096605456,
              0.790720692543811
            ],
            [
              34.37730771430404,
              0.794001090927023
            ],
            [
              34.36193462475964,
              0.774368096227239
            ],
            [
              34.31490296154695,
              0.761402490167532
            ],
            [
              34.30780385523257,
              0.718511165854619
            ],
            [
              34.314155476992276,
              0.697426955158081
            ],
            [
              34.27826332125632,
              0.679001102697735
            ],
            [
              34.277377861762226,
              0.64000830622001
            ],
            [
              34.2358702177093,
              0.625544487831138
            ],
            [
              34.200233561704756,
              0.625811830281618
            ],
            [
              34.186656941031885,
              0.604326443936994
            ],
            [
              34.17530430825395,
              0.605765519576708
            ],
            [
              34.15357599650225,
              0.584842863096922
            ],
            [
              34.13812630222367,
              0.583254064859907
            ],
            [
              34.11706153464982,
              0.520727708717794
            ],
            [
              34.123386551904055,
              0.516442910445508
            ],
            [
              34.11735144973811,
              0.508356605030019
            ],
            [
              34.11965164800684,
              0.481324300830321
            ],
            [
              34.089328899708725,
              0.453833731637412
            ],
            [
              34.08971424013468,
              0.424007613922236
            ],
            [
              34.108753398371014,
              0.375901397934632
            ],
            [
              34.0992355089839,
              0.346820488061031
            ],
            [
              34.072193255389784,
              0.322571265368038
            ],
            [
              34.057132593613,
              0.321854138141962
            ],
            [
              34.06093957743032,
              0.310742792398503
            ],
            [
              34.05184540000652,
              0.306736579991096
            ],
            [
              34.048392965062185,
              0.291556472263522
            ],
            [
              34.04095481389837,
              0.292072120108163
            ],
            [
              34.042633039325615,
              0.276097684517677
            ],
            [
              34.02418134514913,
              0.267200392049649
            ],
            [
              34.02230444651701,
              0.253341840703932
            ],
            [
              33.911243654629615,
              0.104494118403947
            ],
            [
              33.98151784870162,
              -0.134952687102507
            ],
            [
              33.9320830286105,
              -0.444077836692671
            ],
            [
              33.932155579247784,
              -1.002646811716445
            ],
            [
              33.426246527753975,
              -1.002635968914752
            ],
            [
              33.426132094064855,
              -0.025332412033416
            ],
            [
              33.522811921858796,
              -0.025403909838158
            ],
            [
              33.52235812621492,
              0.120275080951464
            ],
            [
              33.425949301277576,
              0.177500836130799
            ],
            [
              33.42614353231336,
              0.215776993312832
            ],
            [
              33.41711024988607,
              0.232761193436295
            ],
            [
              33.42257299765529,
              0.250692580048997
            ],
            [
              33.396797406341015,
              0.279096295809492
            ],
            [
              33.38668848478576,
              0.310281146868614
            ],
            [
              33.3433911523451,
              0.332898643641803
            ],
            [
              33.299186918522835,
              0.336907866756365
            ],
            [
              33.29037471508022,
              0.352703362595139
            ],
            [
              33.29055419847399,
              0.3798483917719
            ],
            [
              33.280056194111296,
              0.390299994748982
            ],
            [
              33.19669349065415,
              0.410537386748886
            ],
            [
              33.19132606850964,
              0.434666547740651
            ],
            [
              33.16238392749694,
              0.481041940649883
            ],
            [
              33.154132890832535,
              0.478122202053729
            ],
            [
              33.151271874331904,
              0.488469471981797
            ],
            [
              33.13586812977845,
              0.495895674630719
            ],
            [
              33.136940011253564,
              0.50365170770413
            ],
            [
              33.082775231509856,
              0.547408365616457
            ],
            [
              33.072353349486036,
              0.580844952497918
            ],
            [
              33.05025105021689,
              0.595534654296771
            ],
            [
              33.05454639954515,
              0.62425485957233
            ],
            [
              33.04404434557715,
              0.647737888512849
            ],
            [
              33.057376777206386,
              0.692536228994438
            ],
            [
              33.046619516357744,
              0.731638952016692
            ],
            [
              33.04866794110684,
              0.765825131419267
            ],
            [
              33.04066842823041,
              0.771765892172485
            ],
            [
              33.029270051441614,
              0.826418744753694
            ],
            [
              33.00714116114175,
              0.849018231526863
            ],
            [
              33.00084694711859,
              0.877443565472182
            ],
            [
              32.96506123994718,
              0.913209437694648
            ],
            [
              32.96195230819109,
              0.935609183611227
            ],
            [
              32.94671617848986,
              0.943640755184465
            ],
            [
              32.947864650326096,
              0.963411732002358
            ],
            [
              32.93108745806002,
              1.012710584980129
            ],
            [
              32.934028720166644,
              1.083334047951446
            ],
            [
              32.95432288504202,
              1.136067048001985
            ],
            [
              32.94305028137614,
              1.195813595764736
            ],
            [
              32.89968102262731,
              1.27964579958765
            ],
            [
              32.88785557866761,
              1.276331159085682
            ],
            [
              32.88123695963917,
              1.293390379228479
            ],
            [
              32.858570116824694,
              1.295282040383246
            ],
            [
              32.842895647892384,
              1.319763617442621
            ],
            [
              32.84861005599348,
              1.33624781320025
            ],
            [
              32.836155036750036,
              1.351907339878455
            ],
            [
              32.841686131041016,
              1.362035561901649
            ],
            [
              32.833236608919606,
              1.372315512202056
            ],
            [
              32.82014837262228,
              1.474394467422337
            ],
            [
              32.89550775704112,
              1.481264847610474
            ],
            [
              32.973323888234965,
              1.477129154669797
            ],
            [
              32.97452917941125,
              1.467895787273771
            ],
            [
              33.01477445513137,
              1.461383801087006
            ],
            [
              33.063560531687216,
              1.437470405063142
            ],
            [
              33.15134822933443,
              1.355943513795061
            ],
            [
              33.24750501664743,
              1.334286943556404
            ],
            [
              33.31282416110436,
              1.376268760405702
            ],
            [
              33.37597681882767,
              1.366520028589821
            ],
            [
              33.395355494427314,
              1.333764156201284
            ],
            [
              33.42757808432995,
              1.340002044340346
            ],
            [
              33.439056429145325,
              1.320852804070584
            ],
            [
              33.480869469852145,
              1.330221917396771
            ],
            [
              33.51775359832541,
              1.308980112577273
            ],
            [
              33.545589724577155,
              1.317731554887567
            ],
            [
              33.5579911817718,
              1.33945458014177
            ],
            [
              33.57645045862758,
              1.308983872841821
            ],
            [
              33.67199717308169,
              1.314196235325169
            ],
            [
              33.69863104266618,
              1.339691609493772
            ],
            [
              33.729500019657635,
              1.343778052371377
            ],
            [
              33.75337987826154,
              1.313213324499679
            ],
            [
              33.80654528674326,
              1.318845194356319
            ],
            [
              33.86067943213914,
              1.268740459192266
            ],
            [
              33.90061176625532,
              1.267523631716915
            ],
            [
              33.918170670684994,
              1.256448564147435
            ],
            [
              33.935547025770845,
              1.229936967679107
            ],
            [
              33.98081583237507,
              1.224011612460392
            ],
            [
              34.006736903154646,
              1.207590897072655
            ],
            [
              34.03533168720652,
              1.213195029499814
            ],
            [
              34.0504113851825,
              1.200291519640278
            ],
            [
              34.102035495740736,
              1.18673002297349
            ],
            [
              34.14656820303821,
              1.159396010749501
            ],
            [
              34.160110455964954,
              1.16544103647592
            ],
            [
              34.16993310150716,
              1.16032113980283
            ],
            [
              34.19156244766067,
              1.17234490599007
            ],
            [
              34.19074269903129,
              1.201873259761626
            ],
            [
              34.20415880423764,
              1.232046730154873
            ],
            [
              34.245914288985894,
              1.288839175875105
            ],
            [
              34.23999397085198,
              1.30689232067934
            ],
            [
              34.24747062650381,
              1.318230384022242
            ],
            [
              34.244240009857656,
              1.34556846928025
            ],
            [
              34.268451830094996,
              1.376757743841998
            ],
            [
              34.264942058381024,
              1.382553298698339
            ],
            [
              34.275977962257734,
              1.400692304129841
            ],
            [
              34.26274487172256,
              1.419499977057343
            ],
            [
              34.25997557950065,
              1.440006500650257
            ],
            [
              34.23921177000484,
              1.450443429400287
            ],
            [
              34.226993308616755,
              1.473337585446489
            ],
            [
              34.22984295424253,
              1.56164605664038
            ],
            [
              34.260154918265656,
              1.561674267631205
            ],
            [
              34.27724865887156,
              1.546497335824474
            ],
            [
              34.299472567572266,
              1.554746582148756
            ],
            [
              34.328224084285026,
              1.550958569112593
            ],
            [
              34.34755308215115,
              1.567703981961025
            ],
            [
              34.36227060545569,
              1.558624190921524
            ],
            [
              34.395664479012886,
              1.564225608770756
            ],
            [
              34.41899874942221,
              1.552824467740751
            ],
            [
              34.43664930985863,
              1.570374774660931
            ],
            [
              34.45377723675098,
              1.570941119363883
            ],
            [
              34.471679831218495,
              1.587771260048278
            ],
            [
              34.48635097809817,
              1.5863599258102
            ],
            [
              34.49547565152923,
              1.601751578742235
            ]
          ]
        ]
      }
    },
    {
      "type": "Feature",
      "properties": {
        "Region": 4.0,
        "Region Nam": "North",
        "Shape Length": 1436778.69,
        "Shape Area": 58360458181.18
      },
      "geometry": {
        "type": "Polygon",
        "coordinates": [
          [
            [
              33.51305407988286,
              3.746945813581887
            ],
            [
              33.60243579308599,
              3.591293189350224
            ],
            [
              33.65414417999091,
              3.549868369686193
            ],
            [
              33.6507110705033,
              3.539428916422234
            ],
            [
              33.66849537481416,
              3.501534353294935
            ],
            [
              33.663768962608636,
              3.478497578980257
            ],
            [
              33.721038978439346,
              3.417792306983773
            ],
            [
              33.721714194427726,
              3.40358173840651
            ],
            [
              33.74242791835486,
              3.376154462936713
            ],
            [
              33.729000342560646,
              3.333593218327804
            ],
            [
              33.726394510482784,
              3.292761091548405
            ],
            [
              33.71481700962632,
              3.287909880982656
            ],
            [
              33.68661093108943,
              3.241244034408594
            ],
            [
              33.64634317502931,
              3.243686632788811
            ],
            [
              33.59803025101507,
              3.276224254964776
            ],
            [
              33.58319068169771,
              3.272602556536232
            ],
            [
              33.55039983730929,
              3.281180994599929
            ],
            [
              33.57094584936613,
              2.996512594945415
            ],
            [
              33.580505124138384,
              2.954637834632862
            ],
            [
              33.57029328709262,
              2.934789635207573
            ],
            [
              33.57729714144413,
              2.880641114890724
            ],
            [
              33.60441953643968,
              2.870333893786227
            ],
            [
              33.60378294172034,
              2.787672749295127
            ],
            [
              33.538261467915326,
              2.717135710102633
            ],
            [
              33.52138896799084,
              2.671827479761195
            ],
            [
              33.527969191227406,
              2.628439072780262
            ],
            [
              33.538562938033074,
              2.623239398432709
            ],
            [
              33.53283682847708,
              2.603892739490856
            ],
            [
              33.55291727426491,
              2.559607257982751
            ],
            [
              33.57500462646601,
              2.5418819529533
            ],
            [
              33.59397895238995,
              2.510330869163236
            ],
            [
              33.64978434420168,
              2.475337269061672
            ],
            [
              33.65723826259536,
              2.393527382128867
            ],
            [
              33.612960868179734,
              2.334073666368795
            ],
            [
              33.58391571286186,
              2.327256935124021
            ],
            [
              33.56866077333691,
              2.33459472899332
            ],
            [
              33.5614815417908,
              2.353077120255479
            ],
            [
              33.53783424803082,
              2.357336499489517
            ],
            [
              33.54916381297051,
              2.287461078891432
            ],
            [
              33.539608178171804,
              2.270843136934816
            ],
            [
              33.509132376712216,
              2.252036506528643
            ],
            [
              33.49189355728961,
              2.231054275623289
            ],
            [
              33.44464868613075,
              2.24641844455041
            ],
            [
              33.44116218796914,
              2.241166846421784
            ],
            [
              33.44355381946244,
              2.22805232664356
            ],
            [
              33.47852333443471,
              2.197477976468175
            ],
            [
              33.4550473961118,
              2.127547654685684
            ],
            [
              33.4371907792172,
              2.111571309841994
            ],
            [
              33.41580173419882,
              2.142691282352378
            ],
            [
              33.40212991456368,
              2.123405302567729
            ],
            [
              33.366379026092666,
              2.105690827169334
            ],
            [
              33.34743514766695,
              2.063199380389368
            ],
            [
              33.36351030384356,
              2.041425643479044
            ],
            [
              33.363842125339815,
              2.027463680687034
            ],
            [
              33.34870891921396,
              2.030582330392245
            ],
            [
              33.32400538903786,
              2.0523398586696
            ],
            [
              33.29030964381597,
              2.039202608586882
            ],
            [
              33.271244222434,
              1.957434416166375
            ],
            [
              33.249221645951394,
              1.952037805848954
            ],
            [
              33.24195507121023,
              1.924037898638797
            ],
            [
              33.22102385616966,
              1.910306504757944
            ],
            [
              33.200794212789575,
              1.908175836056466
            ],
            [
              33.165897292472074,
              1.874526755103344
            ],
            [
              33.14676668484149,
              1.871422465128105
            ],
            [
              33.142265285343264,
              1.857106416636397
            ],
            [
              33.11442951841763,
              1.854702159036244
            ],
            [
              33.10379799655595,
              1.777103086491945
            ],
            [
              33.08404166112606,
              1.748748802395613
            ],
            [
              33.0837060155016,
              1.73194578201993
            ],
            [
              33.04640568408246,
              1.708058005395431
            ],
            [
              33.000083890268506,
              1.712203396010172
            ],
            [
              32.99708548363169,
              1.672136636339939
            ],
            [
              32.94581999131466,
              1.642192472868705
            ],
            [
              32.96706013338816,
              1.612598964719456
            ],
            [
              32.97478854369501,
              1.557841199953721
            ],
            [
              32.973323888234965,
              1.477129154669797
            ],
            [
              32.84840384322844,
              1.478843056728776
            ],
            [
              32.62893663379457,
              1.437257691667593
            ],
            [
              32.58433527005656,
              1.479602943433793
            ],
            [
              32.56248852262114,
              1.520632353134227
            ],
            [
              32.531135439929805,
              1.515065466520485
            ],
            [
              32.51037225296649,
              1.521447724332668
            ],
            [
              32.496814832884475,
              1.538151185695233
            ],
            [
              32.41202941361297,
              1.589652103046304
            ],
            [
              32.37708661453724,
              1.595191060101054
            ],
            [
              32.32696539083923,
              1.61858428704429
            ],
            [
              32.3096505263329,
              1.647767378345526
            ],
            [
              32.28702547584035,
              1.659447542227171
            ],
            [
              32.18449010652935,
              1.674594457230975
            ],
            [
              32.14130767400344,
              1.670343323734724
            ],
            [
              32.09592064281964,
              1.647607064836895
            ],
            [
              32.10139859637165,
              1.68164491298452
            ],
            [
              32.0963324134779,
              1.702858904969934
            ],
            [
              32.10778810907003,
              1.739545417448433
            ],
            [
              32.151550341229786,
              1.761115966955894
            ],
            [
              32.166183478593176,
              1.77700910056308
            ],
            [
              32.206226315370735,
              1.781659451241415
            ],
            [
              32.21793752955893,
              1.793544213852757
            ],
            [
              32.23674011736351,
              1.789967205780228
            ],
            [
              32.26845920065105,
              1.805731105903283
            ],
            [
              32.27787789357294,
              1.81407331420192
            ],
            [
              32.278850575887844,
              1.838108701644539
            ],
            [
              32.30215841426827,
              1.837958843678656
            ],
            [
              32.343315241049915,
              1.859603747573161
            ],
            [
              32.34217458994654,
              1.92262863895932
            ],
            [
              32.36388408109475,
              1.950953391568988
            ],
            [
              32.35842131625756,
              1.957393948232153
            ],
            [
              32.337436698169974,
              1.956183957894533
            ],
            [
              32.333603066728095,
              1.963756407637681
            ],
            [
              32.35287094322228,
              2.074986396704085
            ],
            [
              32.329040522501735,
              2.105517469735698
            ],
            [
              32.33251964279988,
              2.12403238340762
            ],
            [
              32.31893547088871,
              2.139705292655393
            ],
            [
              32.3165397358912,
              2.194948606091419
            ],
            [
              32.28377900931931,
              2.238336128458927
            ],
            [
              32.2612420152842,
              2.253459350745693
            ],
            [
              32.24335864656041,
              2.242619238554402
            ],
            [
              32.21631249607461,
              2.24310246802668
            ],
            [
              32.18581785604516,
              2.217359691736604
            ],
            [
              32.151206876669086,
              2.223416053721353
            ],
            [
              32.13173680467582,
              2.241423539323804
            ],
            [
              32.096000706965974,
              2.251844359870661
            ],
            [
              32.05220028293193,
              2.282985667011751
            ],
            [
              32.02563488563333,
              2.276847157588874
            ],
            [
              32.01354221623277,
              2.306358653261065
            ],
            [
              31.980140750114835,
              2.318047822823304
            ],
            [
              31.97953795540636,
              2.326618214792368
            ],
            [
              31.967079253968574,
              2.325687840557277
            ],
            [
              31.955408072302703,
              2.340986534224006
            ],
            [
              31.942174789528007,
              2.339397502970219
            ],
            [
              31.944751680582378,
              2.344742890498329
            ],
            [
              31.935876918463364,
              2.344048682657685
            ],
            [
              31.918485513003247,
              2.365673730704361
            ],
            [
              31.869831107010132,
              2.359465170881736
            ],
            [
              31.856733210230253,
              2.366910630807671
            ],
            [
              31.85079007668479,
              2.359222720065633
            ],
            [
              31.832492727447132,
              2.369420419348107
            ],
            [
              31.785112460412012,
              2.340522796120521
            ],
            [
              31.74202925848731,
              2.29614156019126
            ],
            [
              31.699159739717576,
              2.289076432087717
            ],
            [
              31.69600117873697,
              2.276323396260767
            ],
            [
              31.666414122808796,
              2.273946751523672
            ],
            [
              31.64629557857147,
              2.258713630671433
            ],
            [
              31.636736040592833,
              2.258899942807756
            ],
            [
              31.622850498276886,
              2.274764821255414
            ],
            [
              31.60504155497437,
              2.271445499425931
            ],
            [
              31.579500151759756,
              2.284548433888983
            ],
            [
              31.556814066133548,
              2.28527776706273
            ],
            [
              31.52557195322756,
              2.257231923096275
            ],
            [
              31.492254210992407,
              2.247897034905729
            ],
            [
              31.465589387259836,
              2.225903532220847
            ],
            [
              31.428462889729655,
              2.237529509951303
            ],
            [
              31.3911875611198,
              2.236434948045533
            ],
            [
              31.33991239394716,
              2.254796637845093
            ],
            [
              31.304714189463105,
              2.154555681585405
            ],
            [
              31.25017368036868,
              2.196494032626069
            ],
            [
              31.204095984868555,
              2.217911848689736
            ],
            [
              31.20363413223491,
              2.293364129615977
            ],
            [
              31.1682967867982,
              2.276003930022803
            ],
            [
              31.142166170503856,
              2.280774891583186
            ],
            [
              31.131717759433055,
              2.261969766241377
            ],
            [
              31.113830638446345,
              2.270249552820315
            ],
            [
              31.07012745883842,
              2.302464550341433
            ],
            [
              31.085111567983322,
              2.30866920699808
            ],
            [
              31.069921495805005,
              2.33113785724472
            ],
            [
              31.073017154952787,
              2.343830714702005
            ],
            [
              31.027509606688792,
              2.38431891624894
            ],
            [
              31.012939491532467,
              2.387308762331577
            ],
            [
              31.008237770420838,
              2.398283057895439
            ],
            [
              30.981077119770596,
              2.404472074174336
            ],
            [
              30.95416442030841,
              2.397991938233605
            ],
            [
              30.942175025724513,
              2.37288748837833
            ],
            [
              30.94930470170798,
              2.361062370359215
            ],
            [
              30.941783801333436,
              2.340955073652566
            ],
            [
              30.933445025316928,
              2.332191845879641
            ],
            [
              30.91333589722041,
              2.338336875947892
            ],
            [
              30.90842250518004,
              2.32935043148377
            ],
            [
              30.881849225164853,
              2.338711987212943
            ],
            [
              30.876790900733173,
              2.361195148011436
            ],
            [
              30.84840199347643,
              2.382492322863525
            ],
            [
              30.833717351206218,
              2.424112943782068
            ],
            [
              30.806539575073383,
              2.422576121577476
            ],
            [
              30.779540986788604,
              2.436341813320867
            ],
            [
              30.752391786963273,
              2.418115208268966
            ],
            [
              30.740896190901168,
              2.451525353963808
            ],
            [
              30.74747276158777,
              2.489277331804261
            ],
            [
              30.758993144863517,
              2.494901200920484
            ],
            [
              30.76302335913062,
              2.507272088383158
            ],
            [
              30.75168796322636,
              2.585462742580701
            ],
            [
              30.779819429492363,
              2.602051095650891
            ],
            [
              30.791456180530044,
              2.631722640223074
            ],
            [
              30.787403073596245,
              2.642953208097245
            ],
            [
              30.808416331771692,
              2.682576959405842
            ],
            [
              30.807720237139506,
              2.701949886495997
            ],
            [
              30.826917697393515,
              2.726809107476143
            ],
            [
              30.82339481925956,
              2.746498497303764
            ],
            [
              30.8363610068491,
              2.753111440623309
            ],
            [
              30.83773990553887,
              2.763987736154862
            ],
            [
              30.85916327967583,
              2.770383294168829
            ],
            [
              30.884857209639183,
              2.812551107999359
            ],
            [
              30.89063252082164,
              2.855647731885667
            ],
            [
              30.886747464422978,
              2.878600080216481
            ],
            [
              30.857643110127846,
              2.926021787548798
            ],
            [
              30.857912027096383,
              2.959250924985587
            ],
            [
              30.838176749973346,
              2.970351654503855
            ],
            [
              30.8197250872379,
              3.003679949690187
            ],
            [
              30.803134901756092,
              3.004088947749869
            ],
            [
              30.782789252635165,
              3.018550020654446
            ],
            [
              30.768547037828892,
              3.049373379995484
            ],
            [
              30.794666365893384,
              3.065791846553001
            ],
            [
              30.802532229218485,
              3.132512497674342
            ],
            [
              30.83024595462285,
              3.201900700961732
            ],
            [
              30.83006661226459,
              3.223816995407773
            ],
            [
              30.84230044831877,
              3.238248933695593
            ],
            [
              30.838741301603527,
              3.261369510440007
            ],
            [
              30.870674114758426,
              3.277447026307286
            ],
            [
              30.875457656222785,
              3.303013467031183
            ],
            [
              30.893260985054738,
              3.31189706792465
            ],
            [
              30.88808454384131,
              3.338947146662573
            ],
            [
              30.938510964767232,
              3.401723382271198
            ],
            [
              30.935760606336586,
              3.441580644534858
            ],
            [
              30.943800015191414,
              3.466133115159852
            ],
            [
              30.937837521154925,
              3.505754992299055
            ],
            [
              30.91271584228207,
              3.50587470551425
            ],
            [
              30.89325514151382,
              3.499036686935609
            ],
            [
              30.878894795552775,
              3.481637209934201
            ],
            [
              30.861755363038277,
              3.482985458713914
            ],
            [
              30.909124260995167,
              3.593968553457731
            ],
            [
              30.94913488239005,
              3.633099143592315
            ],
            [
              30.94797712107546,
              3.65340878584848
            ],
            [
              30.955890756807374,
              3.668555194602498
            ],
            [
              30.96728905364613,
              3.672928480708692
            ],
            [
              30.978725438154584,
              3.699591049775842
            ],
            [
              30.99965083570539,
              3.709085930509779
            ],
            [
              31.020557400076235,
              3.692850911970035
            ],
            [
              31.030481453735884,
              3.696494836004372
            ],
            [
              31.06028743359043,
              3.718869216090608
            ],
            [
              31.058832262543138,
              3.733282052242392
            ],
            [
              31.069354913982288,
              3.742541541998716
            ],
            [
              31.100362683380098,
              3.735725230470433
            ],
            [
              31.104709786448502,
              3.749994582301795
            ],
            [
              31.153066641673405,
              3.777465506383026
            ],
            [
              31.16547792913218,
              3.794273389922072
            ],
            [
              31.28678883438126,
              3.794492812768485
            ],
            [
              31.343017635424044,
              3.756215586464803
            ],
            [
              31.5338152616856,
              3.657895619489577
            ],
            [
              31.55385580341016,
              3.680900937829452
            ],
            [
              31.597110754234023,
              3.70114820442517
            ],
            [
              31.61769091844134,
              3.7291260544061
            ],
            [
              31.641065657055904,
              3.728830248735046
            ],
            [
              31.687988357319604,
              3.707895052567154
            ],
            [
              31.70355030507605,
              3.711828255730721
            ],
            [
              31.72477537252079,
              3.734289722979605
            ],
            [
              31.72995203471977,
              3.752906825742178
            ],
            [
              31.737558209469288,
              3.747421523135845
            ],
            [
              31.801797940975778,
              3.799385305608496
            ],
            [
              31.79800794070725,
              3.821815571912818
            ],
            [
              31.8199787975857,
              3.821974514101307
            ],
            [
              31.87528034860905,
              3.778403487695849
            ],
            [
              31.9586507452383,
              3.657661606338638
            ],
            [
              31.95254899795973,
              3.624934095877719
            ],
            [
              31.957725500258597,
              3.586512465359908
            ],
            [
              32.03787625945105,
              3.585118241845107
            ],
            [
              32.05337532244269,
              3.591140903836045
            ],
            [
              32.086654644631444,
              3.559728084539075
            ],
            [
              32.08516304420446,
              3.529923813665724
            ],
            [
              32.20248029841517,
              3.50495700273484
            ],
            [
              32.207077071148795,
              3.544359199101531
            ],
            [
              32.218570825664585,
              3.561453352525508
            ],
            [
              32.20808801091501,
              3.591521678091058
            ],
            [
              32.19578545643654,
              3.596160065249502
            ],
            [
              32.41547394607774,
              3.742972902808039
            ],
            [
              32.71962348501945,
              3.765144862927158
            ],
            [
              32.90152355261502,
              3.812763709783446
            ],
            [
              33.028530040870095,
              3.890816535678363
            ],
            [
              33.179271805680735,
              3.776152894655439
            ],
            [
              33.51305407988286,
              3.746945813581887
            ]
          ]
        ]
      }
    },
    {
      "type": "Feature",
      "properties": {
        "Region": 2.0,
        "Region Nam": "Southern",
        "Shape Length": 998938.66,
        "Shape Area": 26345667467.4
      },
      "geometry": {
        "type": "Polygon",
        "coordinates": [
          [
            [
              30.13205728212586,
              0.478714318507282
            ],
            [
              30.139087707745144,
              0.458107326776216
            ],
            [
              30.175889974543217,
              0.42468232631524
            ],
            [
              30.180183453579055,
              0.387321971185013
            ],
            [
              30.214139979727896,
              0.371410673394361
            ],
            [
              30.218910151565893,
              0.356307451307525
            ],
            [
              30.238863045566482,
              0.342414403158808
            ],
            [
              30.282941846727304,
              0.339303931937105
            ],
            [
              30.297628357493306,
              0.28484469122541
            ],
            [
              30.287488866268923,
              0.260854771939364
            ],
            [
              30.287391740420414,
              0.212115748048467
            ],
            [
              30.2653332573776,
              0.177707991131647
            ],
            [
              30.270294164906566,
              0.112431118563422
            ],
            [
              30.259773197808606,
              0.080667287187123
            ],
            [
              30.294787330304384,
              0.07361117615015
            ],
            [
              30.3859919210517,
              0.102311841943313
            ],
            [
              30.426603056332535,
              0.164705282221521
            ],
            [
              30.450462012936413,
              0.17911028952611
            ],
            [
              30.45588518542576,
              0.16338013606485
            ],
            [
              30.46899829697161,
              0.156494507971067
            ],
            [
              30.51460881462507,
              0.142150966135951
            ],
            [
              30.54557989682668,
              0.142756035305216
            ],
            [
              30.60989950383329,
              0.169942439790225
            ],
            [
              30.625953722077227,
              0.167310590425503
            ],
            [
              30.642917571682954,
              0.181177212048702
            ],
            [
              30.64575193966066,
              0.196426637521576
            ],
            [
              30.65634922582856,
              0.19575020019265
            ],
            [
              30.670255644991684,
              0.211211662766295
            ],
            [
              30.701656372529072,
              0.202886333200758
            ],
            [
              30.714834230149055,
              0.206919729558323
            ],
            [
              30.7293949094016,
              0.196203179313048
            ],
            [
              30.74718664008496,
              0.201584705818578
            ],
            [
              30.763296121786837,
              0.194568101391258
            ],
            [
              30.79092024203825,
              0.211441527507538
            ],
            [
              30.84352489427186,
              0.199519665005897
            ],
            [
              30.888591030168197,
              0.24580460141625
            ],
            [
              30.90355644896526,
              0.272359947925707
            ],
            [
              30.97982021768631,
              0.342705943478538
            ],
            [
              30.98473022487465,
              0.370193306506898
            ],
            [
              30.9749059821279,
              0.400305689892989
            ],
            [
              30.978703284801362,
              0.419444815108781
            ],
            [
              30.993909353279925,
              0.429017935493369
            ],
            [
              31.012912323783347,
              0.458687732163168
            ],
            [
              31.050967267888925,
              0.481873020930193
            ],
            [
              31.14037527657701,
              0.465299151853731
            ],
            [
              31.141269515306373,
              0.452329834482832
            ],
            [
              31.118305219640057,
              0.428384518778221
            ],
            [
              31.11384199943974,
              0.411815766073352
            ],
            [
              31.123241355226803,
              0.381522471352713
            ],
            [
              31.14306634170734,
              0.353592808086869
            ],
            [
              31.138839726074764,
              0.336234338645226
            ],
            [
              31.118455965029586,
              0.319423938705607
            ],
            [
              31.10762034413873,
              0.295724226747015
            ],
            [
              31.024837482536228,
              0.230329419920865
            ],
            [
              31.02751742203177,
              0.20875353382275
            ],
            [
              31.01331907016421,
              0.198280287537625
            ],
            [
              31.016000703882384,
              0.169186352686198
            ],
            [
              31.046558399356528,
              0.146898731461517
            ],
            [
              31.047449035841588,
              0.121615769508544
            ],
            [
              31.056743629201918,
              0.116898752222024
            ],
            [
              31.042484314065906,
              0.085042103198299
            ],
            [
              31.05687893165338,
              0.059120352467075
            ],
            [
              31.05919069483307,
              0.018030097448096
            ],
            [
              31.02880104540249,
              -0.010180648383862
            ],
            [
              31.023654854956245,
              -0.02668456953445
            ],
            [
              31.02693735739492,
              -0.035614399746611
            ],
            [
              31.036075722049212,
              -0.035395253080172
            ],
            [
              31.075323162626475,
              -0.023648359388795
            ],
            [
              31.09826662725966,
              -0.054256416861888
            ],
            [
              31.09851067436952,
              -0.125115926524912
            ],
            [
              31.070529940018332,
              -0.210098589380391
            ],
            [
              31.075424144044195,
              -0.22139077350186
            ],
            [
              31.068544453034633,
              -0.242069937082122
            ],
            [
              31.089656739690376,
              -0.323121993064496
            ],
            [
              31.103241099349443,
              -0.339368802637631
            ],
            [
              31.13125239079337,
              -0.418980332962766
            ],
            [
              31.15308004453743,
              -0.441417823097378
            ],
            [
              31.15247143323751,
              -0.521413077867868
            ],
            [
              31.12465278820119,
              -0.573948599393767
            ],
            [
              31.12474620400759,
              -0.588620309865302
            ],
            [
              31.100261722623646,
              -0.617168491315535
            ],
            [
              31.091247544667457,
              -0.667637156159243
            ],
            [
              31.14458480086301,
              -0.697139242486631
            ],
            [
              31.199121475947862,
              -0.756327431526699
            ],
            [
              31.192218717998397,
              -0.821836755314917
            ],
            [
              31.221147589996033,
              -0.837719374358264
            ],
            [
              31.22757901628895,
              -0.851064994594979
            ],
            [
              31.199573376146457,
              -0.880810780588066
            ],
            [
              31.20993981684591,
              -0.90147731326406
            ],
            [
              31.27089686535235,
              -0.949518107812976
            ],
            [
              31.264509073826083,
              -0.984318415501849
            ],
            [
              31.271226883031563,
              -0.999982040325265
            ],
            [
              30.799327942193294,
              -0.998698929255892
            ],
            [
              30.766613043175628,
              -0.985282020817632
            ],
            [
              30.736608562592757,
              -1.006760554796924
            ],
            [
              30.69865224003066,
              -1.015023340681981
            ],
            [
              30.649753548874152,
              -1.065664534359302
            ],
            [
              30.585336657017216,
              -1.06072759867132
            ],
            [
              30.52705187549545,
              -1.075711984928077
            ],
            [
              30.44741440197821,
              -1.047669866282334
            ],
            [
              30.428068081000156,
              -1.064555262662416
            ],
            [
              30.40222170783139,
              -1.061227952640102
            ],
            [
              30.391382264608993,
              -1.068907886878226
            ],
            [
              30.376781405510403,
              -1.061245919456685
            ],
            [
              30.372961070033025,
              -1.069586284230178
            ],
            [
              30.357841450925868,
              -1.060570726704978
            ],
            [
              30.3394870775323,
              -1.096446002297535
            ],
            [
              30.344482445333895,
              -1.131919741380597
            ],
            [
              30.30711550203982,
              -1.144916144463515
            ],
            [
              30.292016958307507,
              -1.189591643975143
            ],
            [
              30.278179249483802,
              -1.198155312399667
            ],
            [
              30.275424990568187,
              -1.210130885829366
            ],
            [
              30.25406266414132,
              -1.220202545227388
            ],
            [
              30.21076969302137,
              -1.276248815685708
            ],
            [
              30.197990416096328,
              -1.273343460762429
            ],
            [
              30.191575934724632,
              -1.281602252010382
            ],
            [
              30.187147075083924,
              -1.270863355645738
            ],
            [
              30.169698729909516,
              -1.274242071358377
            ],
            [
              30.174438517131318,
              -1.301376948504564
            ],
            [
              30.16190729020908,
              -1.317901765755082
            ],
            [
              30.169551894886425,
              -1.345542437893427
            ],
            [
              30.14417275256492,
              -1.351104983120111
            ],
            [
              30.128191028364416,
              -1.363899882915234
            ],
            [
              30.119403800781633,
              -1.38519403421605
            ],
            [
              30.10402292374206,
              -1.372342975702216
            ],
            [
              30.073194442803587,
              -1.37846186368306
            ],
            [
              30.06932076716129,
              -1.391733811583653
            ],
            [
              30.0516376670503,
              -1.401903535542139
            ],
            [
              30.052406340167572,
              -1.43126598921589
            ],
            [
              30.021253499139576,
              -1.412762275138435
            ],
            [
              29.97808845799757,
              -1.458733451380646
            ],
            [
              29.915212652061662,
              -1.480859275219899
            ],
            [
              29.89268690493392,
              -1.449332720032258
            ],
            [
              29.880420707071604,
              -1.355592765097813
            ],
            [
              29.861282386506016,
              -1.360336764870437
            ],
            [
              29.840709661247597,
              -1.332540999930863
            ],
            [
              29.842063867945114,
              -1.320416964769399
            ],
            [
              29.824171006723752,
              -1.30884472239344
            ],
            [
              29.818994514306354,
              -1.327733060761681
            ],
            [
              29.81006439350794,
              -1.329520726895547
            ],
            [
              29.796531644756882,
              -1.350125796928951
            ],
            [
              29.796461057836822,
              -1.372486840935991
            ],
            [
              29.775783532422388,
              -1.36557115278736
            ],
            [
              29.757249849908217,
              -1.345254078254305
            ],
            [
              29.728668258514585,
              -1.341573812951392
            ],
            [
              29.690900756435322,
              -1.36257196318325
            ],
            [
              29.676723441315083,
              -1.383395556237563
            ],
            [
              29.59141536514327,
              -1.389651108122743
            ],
            [
              29.608226724831173,
              -1.318712971327914
            ],
            [
              29.59363740638903,
              -1.273259533928096
            ],
            [
              29.608675010209083,
              -1.222265246281748
            ],
            [
              29.573415758014978,
              -1.186900261209301
            ],
            [
              29.586513503877914,
              -1.156238955958537
            ],
            [
              29.576814680317817,
              -1.12962984635458
            ],
            [
              29.590494149107613,
              -1.05441419789627
            ],
            [
              29.58614924870829,
              -0.982622791594362
            ],
            [
              29.597841259610654,
              -0.98768331076895
            ],
            [
              29.602060288072355,
              -0.980579957756606
            ],
            [
              29.59387395705785,
              -0.973265320237388
            ],
            [
              29.587228733523965,
              -0.942859694153529
            ],
            [
              29.593072909556078,
              -0.931558350027075
            ],
            [
              29.58213996249236,
              -0.9063599842826
            ],
            [
              29.638320941721027,
              -0.900467568245837
            ],
            [
              29.627718014133155,
              -0.872874228567838
            ],
            [
              29.640975957459005,
              -0.83057172066407
            ],
            [
              29.626537361948493,
              -0.793228622872913
            ],
            [
              29.632144938802746,
              -0.74247465991534
            ],
            [
              29.626508759589843,
              -0.707650172442475
            ],
            [
              29.66402818112362,
              -0.625336016546289
            ],
            [
              29.64993477404083,
              -0.596451974115937
            ],
            [
              29.66950038905109,
              -0.592265487811205
            ],
            [
              29.6838551025753,
              -0.566385018190586
            ],
            [
              29.66982086033375,
              -0.556949463637937
            ],
            [
              29.667764665157428,
              -0.545163819394224
            ],
            [
              29.6745777173426,
              -0.523036102674265
            ],
            [
              29.66892820533424,
              -0.502253523954198
            ],
            [
              29.677040110029132,
              -0.494940090639511
            ],
            [
              29.671644184340675,
              -0.475503473714549
            ],
            [
              29.651676187863483,
              -0.464110528487975
            ],
            [
              29.729213796403496,
              -0.078459346230363
            ],
            [
              29.728523186884427,
              -0.040913413100363
            ],
            [
              29.744718533154426,
              -0.028854471407822
            ],
            [
              29.73259360704869,
              -0.021075474118455
            ],
            [
              29.723207503208698,
              0.011132609243637
            ],
            [
              29.728284840483347,
              0.01721944879091
            ],
            [
              29.716074036334714,
              0.034826589069393
            ],
            [
              29.717958502374813,
              0.075012824393864
            ],
            [
              29.735296227208515,
              0.088984616685188
            ],
            [
              29.73582453091868,
              0.124407618280737
            ],
            [
              29.768087366244345,
              0.148597475049987
            ],
            [
              29.77028458614047,
              0.164056595254884
            ],
            [
              29.789789185780013,
              0.169490213690463
            ],
            [
              29.815410571394303,
              0.163124568200564
            ],
            [
              29.823980377932223,
              0.171799349836128
            ],
            [
              29.872924817591215,
              0.385212614933563
            ],
            [
              29.915824945555947,
              0.438621782451048
            ],
            [
              29.921018542794677,
              0.421124128130892
            ],
            [
              29.958257666603618,
              0.40199836994556
            ],
            [
              29.994426819654073,
              0.430642721134732
            ],
            [
              30.001018536834707,
              0.426943189598623
            ],
            [
              30.02903562600547,
              0.438787240089613
            ],
            [
              30.03783034733434,
              0.455129625649308
            ],
            [
              30.06792638241432,
              0.473738941205268
            ],
            [
              30.13205728212586,
              0.478714318507282
            ]
          ]
        ]
      }
    },
    {
      "type": "Feature",
      "properties": {
        "Region": 3.0,
        "Region Nam": "Western",
        "Shape Length": 1264644.74,
        "Shape Area": 34485168944.7
      },
      "geometry": {
        "type": "Polygon",
        "coordinates": [
          [
            [
              31.83794790152018,
              2.366009569521924
            ],
            [
              31.85079007668479,
              2.359222720065633
            ],
            [
              31.856733210230253,
              2.366910630807671
            ],
            [
              31.869831107010132,
              2.359465170881736
            ],
            [
              31.918485513003247,
              2.365673730704361
            ],
            [
              31.935876918463364,
              2.344048682657685
            ],
            [
              31.944751680582378,
              2.344742890498329
            ],
            [
              31.942174789528007,
              2.339397502970219
            ],
            [
              31.955408072302703,
              2.340986534224006
            ],
            [
              31.967079253968574,
              2.325687840557277
            ],
            [
              31.97953795540636,
              2.326618214792368
            ],
            [
              31.980140750114835,
              2.318047822823304
            ],
            [
              32.01354221623277,
              2.306358653261065
            ],
            [
              32.02563488563333,
              2.276847157588874
            ],
            [
              32.05220028293193,
              2.282985667011751
            ],
            [
              32.096000706965974,
              2.251844359870661
            ],
            [
              32.13173680467582,
              2.241423539323804
            ],
            [
              32.151206876669086,
              2.223416053721353
            ],
            [
              32.18581785604516,
              2.217359691736604
            ],
            [
              32.21631249607461,
              2.24310246802668
            ],
            [
              32.24335864656041,
              2.242619238554402
            ],
            [
              32.2612420152842,
              2.253459350745693
            ],
            [
              32.28377900931931,
              2.238336128458927
            ],
            [
              32.3165397358912,
              2.194948606091419
            ],
            [
              32.31893547088871,
              2.139705292655393
            ],
            [
              32.33251964279988,
              2.12403238340762
            ],
            [
              32.329040522501735,
              2.105517469735698
            ],
            [
              32.35287094322228,
              2.074986396704085
            ],
            [
              32.333603066728095,
              1.963756407637681
            ],
            [
              32.337436698169974,
              1.956183957894533
            ],
            [
              32.35842131625756,
              1.957393948232153
            ],
            [
              32.36388408109475,
              1.950953391568988
            ],
            [
              32.34217458994654,
              1.92262863895932
            ],
            [
              32.3412779724783,
              1.855068617892143
            ],
            [
              32.29911036403392,
              1.837111235107524
            ],
            [
              32.278850575887844,
              1.838108701644539
            ],
            [
              32.271823980684914,
              1.807581641201176
            ],
            [
              32.23674011736351,
              1.789967205780228
            ],
            [
              32.21793752955893,
              1.793544213852757
            ],
            [
              32.206226315370735,
              1.781659451241415
            ],
            [
              32.166183478593176,
              1.77700910056308
            ],
            [
              32.151550341229786,
              1.761115966955894
            ],
            [
              32.1072882073942,
              1.739081866870318
            ],
            [
              32.0963324134779,
              1.702858904969934
            ],
            [
              32.10139859637165,
              1.68164491298452
            ],
            [
              32.095744980859095,
              1.64783256367821
            ],
            [
              32.083568611830266,
              1.6362564371957
            ],
            [
              32.09083951285785,
              1.622584841647191
            ],
            [
              32.084053194535564,
              1.610712068960906
            ],
            [
              32.08943572634316,
              1.591025869402006
            ],
            [
              32.05686559442677,
              1.571738769410784
            ],
            [
              32.04597849378192,
              1.542615144843204
            ],
            [
              32.008613545646064,
              1.534659874127387
            ],
            [
              32.0007171027704,
              1.542839338739734
            ],
            [
              31.99982464899351,
              1.527333893193501
            ],
            [
              31.98835938634356,
              1.528000160423385
            ],
            [
              31.987995248853256,
              1.507164803106872
            ],
            [
              31.971870403265058,
              1.504374974313122
            ],
            [
              31.9752081889246,
              1.466100509790661
            ],
            [
              31.932298736447233,
              1.453655442335106
            ],
            [
              31.930273043566384,
              1.445923211768372
            ],
            [
              31.912279076061466,
              1.448033539108284
            ],
            [
              31.901382572750535,
              1.429850770007299
            ],
            [
              31.877929633095516,
              1.418595952738582
            ],
            [
              31.859520042956387,
              1.383477636525433
            ],
            [
              31.836917942622748,
              1.362744304727711
            ],
            [
              31.821388184197858,
              1.35932291450597
            ],
            [
              31.841543168594676,
              1.32941007436571
            ],
            [
              31.860427855229723,
              1.277170136220813
            ],
            [
              31.871448411389796,
              1.272093111406659
            ],
            [
              31.91006478188671,
              1.204989034688637
            ],
            [
              31.89926142578591,
              1.175349974369343
            ],
            [
              31.91366203693292,
              1.156996311371975
            ],
            [
              31.9091510622921,
              1.108625345114407
            ],
            [
              32.001838731149306,
              1.02020764363
            ],
            [
              31.997987789171884,
              0.991151465588032
            ],
            [
              32.0151290030456,
              0.92909328285701
            ],
            [
              32.05926143632383,
              0.905998822271968
            ],
            [
              32.12128444191608,
              0.899976754328173
            ],
            [
              32.147617490864754,
              0.888495065878162
            ],
            [
              32.17330925229502,
              0.865730905683656
            ],
            [
              32.19419088212854,
              0.818062767730109
            ],
            [
              32.20981986576475,
              0.807683649022064
            ],
            [
              32.21192176003622,
              0.783483852244321
            ],
            [
              32.18929671673021,
              0.694259417363728
            ],
            [
              32.17483134693264,
              0.683775485062305
            ],
            [
              32.1376649327628,
              0.69729851726452
            ],
            [
              32.120361329536856,
              0.685030790211526
            ],
            [
              32.07417670846682,
              0.673776471626342
            ],
            [
              32.04978929903246,
              0.653272418766474
            ],
            [
              32.03414535575182,
              0.654683998736624
            ],
            [
              32.01303869973624,
              0.630444249152408
            ],
            [
              32.01059730516947,
              0.60798708675275
            ],
            [
              31.986770616050602,
              0.634130721372796
            ],
            [
              31.936759949811233,
              0.637806980450756
            ],
            [
              31.922718083567855,
              0.65476819951701
            ],
            [
              31.902448518158227,
              0.687269326591992
            ],
            [
              31.90530005383936,
              0.696020273177066
            ],
            [
              31.888833984987084,
              0.706282887956448
            ],
            [
              31.91401091024994,
              0.736773822481106
            ],
            [
              31.900054807963375,
              0.747514643164049
            ],
            [
              31.882442553487277,
              0.743010773444986
            ],
            [
              31.87062275813406,
              0.753214007065531
            ],
            [
              31.8343104657296,
              0.76070071002771
            ],
            [
              31.820388878512883,
              0.776868396879556
            ],
            [
              31.794700767835927,
              0.762422749571556
            ],
            [
              31.783641800612592,
              0.789863577385729
            ],
            [
              31.76660737217165,
              0.80128657073341
            ],
            [
              31.74820339111316,
              0.804614674497404
            ],
            [
              31.704122508555834,
              0.793016340768662
            ],
            [
              31.66594112028581,
              0.8219627122084
            ],
            [
              31.65476801671577,
              0.816888441542081
            ],
            [
              31.627990611620227,
              0.833143387341453
            ],
            [
              31.619493628807433,
              0.827967358847625
            ],
            [
              31.57354159324252,
              0.854494921390849
            ],
            [
              31.4497090406341,
              0.865622856976989
            ],
            [
              31.437511464178034,
              0.85046553584531
            ],
            [
              31.444028865531855,
              0.826282594979349
            ],
            [
              31.403366180428417,
              0.803008736448814
            ],
            [
              31.40779289129897,
              0.74420784931466
            ],
            [
              31.39243702425522,
              0.733163487679442
            ],
            [
              31.38257220999696,
              0.707451725474247
            ],
            [
              31.37328535741945,
              0.703762010868383
            ],
            [
              31.288251960010392,
              0.739040686701073
            ],
            [
              31.28959841065377,
              0.714303037742279
            ],
            [
              31.27416034596488,
              0.696339952800301
            ],
            [
              31.273212390676488,
              0.682161280470373
            ],
            [
              31.263225695695404,
              0.680154555401833
            ],
            [
              31.23741335160792,
              0.641940799229039
            ],
            [
              31.215633283421113,
              0.631855141074733
            ],
            [
              31.25564004026362,
              0.602920663925216
            ],
            [
              31.256853150376138,
              0.562710824734601
            ],
            [
              31.241739260723836,
              0.538807940131442
            ],
            [
              31.24866675108965,
              0.528048582719468
            ],
            [
              31.202148347501062,
              0.507116971426851
            ],
            [
              31.142412166059582,
              0.507447239367342
            ],
            [
              31.141490878158688,
              0.452808427562737
            ],
            [
              31.118305219640057,
              0.428384518778221
            ],
            [
              31.11384199943974,
              0.411815765175045
            ],
            [
              31.123241354328474,
              0.381522471352713
            ],
            [
              31.14306634170734,
              0.353592808086869
            ],
            [
              31.138839725176435,
              0.336234338645226
            ],
            [
              31.118455965029586,
              0.319423938705607
            ],
            [
              31.10762034413873,
              0.295724226747015
            ],
            [
              31.023111364327885,
              0.228345987103634
            ],
            [
              31.027784458826382,
              0.209690871063285
            ],
            [
              31.019468348202775,
              0.197359147959123
            ],
            [
              30.977626936902656,
              0.192473350793482
            ],
            [
              30.911424601197734,
              0.206847916906004
            ],
            [
              30.89477354227901,
              0.199375274275237
            ],
            [
              30.8313751719693,
              0.197797119870156
            ],
            [
              30.79092024203825,
              0.211441528405862
            ],
            [
              30.761690100247183,
              0.194415915082534
            ],
            [
              30.668945329080614,
              0.210790316229318
            ],
            [
              30.65634922582856,
              0.19575020019265
            ],
            [
              30.645751938762324,
              0.196426638419867
            ],
            [
              30.642917571682954,
              0.181177212048702
            ],
            [
              30.625953722077227,
              0.167310590425503
            ],
            [
              30.60989950473162,
              0.169942439790225
            ],
            [
              30.5499457917525,
              0.146878006497723
            ],
            [
              30.52886203289522,
              0.122942240395775
            ],
            [
              30.507085774463537,
              0.118796064648858
            ],
            [
              30.494485828218664,
              0.097572979112129
            ],
            [
              30.48292551123528,
              0.094819725698854
            ],
            [
              30.470273961268944,
              0.104830443491946
            ],
            [
              30.45358468083152,
              0.096046750809611
            ],
            [
              30.45222277108039,
              0.061751885677671
            ],
            [
              30.427812504013623,
              0.04619069855943
            ],
            [
              30.427957620559567,
              0.037377933326983
            ],
            [
              30.386425022206375,
              -0.001317197904352
            ],
            [
              30.409851132777085,
              -0.048428231387694
            ],
            [
              30.42135806018821,
              -0.12902886778555
            ],
            [
              30.465723040344027,
              -0.152277253721494
            ],
            [
              30.432428372235254,
              -0.180123047895837
            ],
            [
              30.39886091272416,
              -0.178329691477707
            ],
            [
              30.377437631113672,
              -0.144165598958534
            ],
            [
              30.356010360983305,
              -0.151914023911094
            ],
            [
              30.347820344181212,
              -0.140384301549032
            ],
            [
              30.337217308795484,
              -0.142414047735521
            ],
            [
              30.27554900838304,
              -0.112729758411517
            ],
            [
              30.238533009022696,
              -0.125398060630311
            ],
            [
              30.21172709319668,
              -0.100730247180678
            ],
            [
              30.270294165804902,
              0.112431118563422
            ],
            [
              30.263750062029256,
              0.134478566589251
            ],
            [
              30.265714621860106,
              0.179610051310952
            ],
            [
              30.289812022781373,
              0.224548076289344
            ],
            [
              30.287488865370626,
              0.260854771939364
            ],
            [
              30.294752109158722,
              0.265243321040134
            ],
            [
              30.2976550473387,
              0.285176291226737
            ],
            [
              30.282941847625633,
              0.339303931937105
            ],
            [
              30.238863045566482,
              0.342414404057122
            ],
            [
              30.218910150667565,
              0.356307451307525
            ],
            [
              30.214139979727896,
              0.371410673394361
            ],
            [
              30.180183453579055,
              0.387321970286704
            ],
            [
              30.183263732670827,
              0.403887377865256
            ],
            [
              30.17557710121124,
              0.425273227244218
            ],
            [
              30.13908770864344,
              0.458107326776216
            ],
            [
              30.127885799695505,
              0.482250511092312
            ],
            [
              30.09713559705257,
              0.472385362753867
            ],
            [
              30.06792638241432,
              0.473738940307002
            ],
            [
              30.03783034733434,
              0.455129625649308
            ],
            [
              30.029035626903767,
              0.438787240089613
            ],
            [
              30.001018536834707,
              0.426943188700318
            ],
            [
              29.994426819654073,
              0.430642721134732
            ],
            [
              29.958257666603618,
              0.40199836994556
            ],
            [
              29.918565833048564,
              0.425478293497204
            ],
            [
              29.915824945555947,
              0.438621782451048
            ],
            [
              29.979991885676665,
              0.518519374057078
            ],
            [
              29.975267421018653,
              0.541894048585628
            ],
            [
              29.981449116560874,
              0.557636191390223
            ],
            [
              29.96971699857603,
              0.565900284876636
            ],
            [
              29.972650584578584,
              0.598790428388797
            ],
            [
              29.95515066532709,
              0.642550439425368
            ],
            [
              29.971767484958736,
              0.692798881680324
            ],
            [
              29.96706772756429,
              0.714616082567316
            ],
            [
              29.97668074943832,
              0.747088294081519
            ],
            [
              29.96290976208403,
              0.777931964456362
            ],
            [
              29.985584344783003,
              0.837894969035508
            ],
            [
              29.99964134494399,
              0.839793888455597
            ],
            [
              29.996673610384235,
              0.849434855829262
            ],
            [
              30.009433762176865,
              0.847528335012825
            ],
            [
              30.034679500187114,
              0.859390500198089
            ],
            [
              30.034761485829808,
              0.867704327062783
            ],
            [
              30.039916928025153,
              0.863333084699153
            ],
            [
              30.059413861442067,
              0.871431611538724
            ],
            [
              30.061334696674756,
              0.862608737574698
            ],
            [
              30.065534538918605,
              0.878542530569527
            ],
            [
              30.09625808944539,
              0.883155437135298
            ],
            [
              30.10413174745221,
              0.893722744389621
            ],
            [
              30.118259468382217,
              0.894413046176032
            ],
            [
              30.12595935807713,
              0.886355196902459
            ],
            [
              30.13312337575557,
              0.891533050439801
            ],
            [
              30.135282551999452,
              0.882754044769374
            ],
            [
              30.15635681656248,
              0.88581529134259
            ],
            [
              30.151395888372242,
              0.892461129412324
            ],
            [
              30.16357044819408,
              0.900568757251453
            ],
            [
              30.16076284102867,
              0.910644425694401
            ],
            [
              30.16916468057478,
              0.905829131066615
            ],
            [
              30.17351731187546,
              0.91314009207155
            ],
            [
              30.167268750235056,
              0.91963692637564
            ],
            [
              30.177358706558024,
              0.943979180090105
            ],
            [
              30.172660850897042,
              0.94614714335195
            ],
            [
              30.183212288849482,
              0.943683505599794
            ],
            [
              30.18128965878286,
              0.954539106634075
            ],
            [
              30.189123228571805,
              0.947891089333386
            ],
            [
              30.18459326085092,
              0.95775226172758
            ],
            [
              30.19236379944963,
              0.957758701748315
            ],
            [
              30.183660603871797,
              0.962070811164073
            ],
            [
              30.193315472865006,
              0.96362185236917
            ],
            [
              30.190061562903523,
              0.971557919118676
            ],
            [
              30.200794220693158,
              0.964853951743744
            ],
            [
              30.200319320928305,
              0.977637008975451
            ],
            [
              30.214937178847034,
              0.974555674202283
            ],
            [
              30.20843890172732,
              0.980205995347593
            ],
            [
              30.21358683939678,
              0.989007983177691
            ],
            [
              30.224538904406323,
              0.985854395627248
            ],
            [
              30.222272878050983,
              0.995095044038468
            ],
            [
              30.233117966286645,
              1.001519733184032
            ],
            [
              30.22235109076954,
              1.003515215648447
            ],
            [
              30.228576644758878,
              1.043508742700871
            ],
            [
              30.2203711679507,
              1.045744773619432
            ],
            [
              30.220932043674754,
              1.054432832087558
            ],
            [
              30.228708194947394,
              1.055442104161378
            ],
            [
              30.22629365551601,
              1.078079572473353
            ],
            [
              30.242675779499923,
              1.106292455527815
            ],
            [
              30.236459705431784,
              1.134368020557728
            ],
            [
              30.26279451956998,
              1.146006325012049
            ],
            [
              30.26799583962519,
              1.161907405002603
            ],
            [
              30.29067800051191,
              1.173591324008178
            ],
            [
              30.29950903443952,
              1.162286171789543
            ],
            [
              30.30932232851961,
              1.167062790157763
            ],
            [
              30.312135714547242,
              1.152171716577066
            ],
            [
              30.321947136538284,
              1.157432070680745
            ],
            [
              30.336631819232664,
              1.151111069026343
            ],
            [
              30.340852769190743,
              1.177003290539219
            ],
            [
              30.35995677770577,
              1.202273986357286
            ],
            [
              30.39036362897574,
              1.187477099215205
            ],
            [
              30.476188668525563,
              1.209880941331432
            ],
            [
              30.721950595794922,
              1.513752127635346
            ],
            [
              31.028064755652917,
              1.748013920329334
            ],
            [
              31.223709056078643,
              1.998020825089657
            ],
            [
              31.304693077257316,
              2.113860923485892
            ],
            [
              31.304714189463105,
              2.154555681585405
            ],
            [
              31.33991239394716,
              2.254796637845093
            ],
            [
              31.3911875611198,
              2.236434948045533
            ],
            [
              31.428462889729655,
              2.237529509951303
            ],
            [
              31.465589387259836,
              2.225903532220847
            ],
            [
              31.492254210992407,
              2.247897034905729
            ],
            [
              31.52557195322756,
              2.257231923096275
            ],
            [
              31.556814066133548,
              2.28527776706273
            ],
            [
              31.579500151759756,
              2.284548433888983
            ],
            [
              31.60504155497437,
              2.271445499425931
            ],
            [
              31.622850498276886,
              2.274764821255414
            ],
            [
              31.636736040592833,
              2.258899942807756
            ],
            [
              31.64629557857147,
              2.258713630671433
            ],
            [
              31.666414122808796,
              2.273946751523672
            ],
            [
              31.69600117873697,
              2.276323396260767
            ],
            [
              31.699159739717576,
              2.289076432087717
            ],
            [
              31.74202925848731,
              2.29614156019126
            ],
            [
              31.806432781616206,
              2.356452359893484
            ],
            [
              31.83794790152018,
              2.366009569521924
            ]
          ]
        ]
      }
    }
  ]
}