{
  "type": "FeatureCollection",
  "features": [
    {
      "type": "Feature",
      "geometry": {
        "type": "Point",
        "coordinates": [
          32.63,
          -0.41
        ]
      },
      "properties": {
        "Culvert_Number": "C001",
        "Link_Number": "C194_Link02",
        "Culvert_Structure_Type": "Concrete pipe culvert",
        "Span_Diameter_m": 1.2,
        "Cell_Count": 9,
        "Maintenance_Station": "Kampala",
        "Maintenance_Region": "Central",
        "Scour_Risk_Rating": 12.0,
        "Hydraulic_Capacity_Ratio": 1.2
      }
    },
    {
      "type": "Feature",
      "geometry": {
        "type": "Point",
        "coordinates": [
          32.25,
          -0.41
        ]
      },
      "properties": {
        "Culvert_Number": "C002",
        "Link_Number": "C187_Link01",
        "Culvert_Structure_Type": "Box culvert (in situ concrete)",
        "Span_Diameter_m": 2.5,
        "Cell_Count": 2,
        "Maintenance_Station": "Kampala",
        "Maintenance_Region": "Central",
        "Scour_Risk_Rating": 13.0,
        "Hydraulic_Capacity_Ratio": 1.4
      }
    },
    {
      "type": "Feature",
      "geometry": {
        "type": "Point",
        "coordinates": [
          32.25,
          -0.41
        ]
      },
      "properties": {
        "Culvert_Number": "C003",
        "Link_Number": "C187_Link01",
        "Culvert_Structure_Type": "Box culvert (in situ concrete)",
        "Span_Diameter_m": 2.5,
        "Cell_Count": 2,
        "Maintenance_Station": "Kampala",
        "Maintenance_Region": "Central",
        "Scour_Risk_Rating": 14.0,
        "Hydraulic_Capacity_Ratio": 1.6
      }
    },
    {
      "type": "Feature",
      "geometry": {
        "type": "Point",
        "coordinates": [
          32.89,
          -0.79
        ]
      },
      "properties": {
        "Culvert_Number": "C004",
        "Link_Number": "C300_Link01",
        "Culvert_Structure_Type": "Corrugated metal pipe culvert",
        "Span_Diameter_m": 1.6,
        "Cell_Count": 6,
        "Maintenance_Station": "Kampala",
        "Maintenance_Region": "Central",
        "Scour_Risk_Rating": 15.0,
        "Hydraulic_Capacity_Ratio": 1.8
      }
    },
    {
      "type": "Feature",
      "geometry": {
        "type": "Point",
        "coordinates": [
          32.94,
          -0.63
        ]
      },
      "properties": {
        "Culvert_Number": "C005",
        "Link_Number": "C041_Link01",
        "Culvert_Structure_Type": "Corrugated metal pipe culvert",
        "Span_Diameter_m": 1.8,
        "Cell_Count": 4,
        "Maintenance_Station": "Kampala",
        "Maintenance_Region": "Central",
        "Scour_Risk_Rating": 16.0,
        "Hydraulic_Capacity_Ratio": 1.2
      }
    },
    {
      "type": "Feature",
      "geometry": {
        "type": "Point",
        "coordinates": [
          32.28,
          -0.54
        ]
      },
      "properties": {
        "Culvert_Number": "C006",
        "Link_Number": "C186_Link01",
        "Culvert_Structure_Type": "Corrugated metal pipe culvert",
        "Span_Diameter_m": 2.8,
        "Cell_Count": 1,
        "Maintenance_Station": "Luwero",
        "Maintenance_Region": "Central",
        "Scour_Risk_Rating": 17.0,
        "Hydraulic_Capacity_Ratio": 1.4
      }
    },
    {
      "type": "Feature",
      "geometry": {
        "type": "Point",
        "coordinates": [
          32.28,
          -0.54
        ]
      },
      "properties": {
        "Culvert_Number": "C007",
        "Link_Number": "C186_Link01",
        "Culvert_Structure_Type": "Corrugated metal pipe culvert",
        "Span_Diameter_m": 2.8,
        "Cell_Count": 1,
        "Maintenance_Station": "Luwero",
        "Maintenance_Region": "Central",
        "Scour_Risk_Rating": 18.0,
        "Hydraulic_Capacity_Ratio": 1.6
      }
    },
    {
      "type": "Feature",
      "geometry": {
        "type": "Point",
        "coordinates": [
          32.28,
          -0.54
        ]
      },
      "properties": {
        "Culvert_Number": "C008",
        "Link_Number": "C186_Link01",
        "Culvert_Structure_Type": "Corrugated metal pipe culvert",
        "Span_Diameter_m": 2.8,
        "Cell_Count": 1,
        "Maintenance_Station": "Luwero",
        "Maintenance_Region": "Central",
        "Scour_Risk_Rating": 19.0,
        "Hydraulic_Capacity_Ratio": 1.8
      }
    },
    {
      "type": "Feature",
      "geometry": {
        "type": "Point",
        "coordinates": [
          32.28,
          -0.54
        ]
      },
      "properties": {
        "Culvert_Number": "C009",
        "Link_Number": "C186_Link01",
        "Culvert_Structure_Type": "Corrugated metal pipe culvert",
        "Span_Diameter_m": 2.8,
        "Cell_Count": 1,
        "Maintenance_Station": "Luwero",
        "Maintenance_Region": "Central",
        "Scour_Risk_Rating": 20.0,
        "Hydraulic_Capacity_Ratio": 1.2
      }
    },
    {
      "type": "Feature",
      "geometry": {
        "type": "Point",
        "coordinates": [
          32.28,
          -0.54
        ]
      },
      "properties": {
        "Culvert_Number": "C010",
        "Link_Number": "C186_Link01",
        "Culvert_Structure_Type": "Corrugated metal pipe culvert",
        "Span_Diameter_m": 2.8,
        "Cell_Count": 3,
        "Maintenance_Station": "Luwero",
        "Maintenance_Region": "Central",
        "Scour_Risk_Rating": 21.0,
        "Hydraulic_Capacity_Ratio": 1.4
      }
    },
    {
      "type": "Feature",
      "geometry": {
        "type": "Point",
        "coordinates": [
          32.37,
          -1.14
        ]
      },
      "properties": {
        "Culvert_Number": "C011",
        "Link_Number": "C317_Link01",
        "Culvert_Structure_Type": "Corrugated metal pipe culvert",
        "Span_Diameter_m": 2.8,
        "Cell_Count": 6,
        "Maintenance_Station": "Luwero",
        "Maintenance_Region": "Central",
        "Scour_Risk_Rating": 22.0,
        "Hydraulic_Capacity_Ratio": 1.6
      }
    },
    {
      "type": "Feature",
      "geometry": {
        "type": "Point",
        "coordinates": [
          31.92,
          -0.25
        ]
      },
      "properties": {
        "Culvert_Number": "C012",
        "Link_Number": "C262_Link01",
        "Culvert_Structure_Type": "Concrete pipe culvert",
        "Span_Diameter_m": 1.2,
        "Cell_Count": 4,
        "Maintenance_Station": "Mpigi",
        "Maintenance_Region": "Central",
        "Scour_Risk_Rating": 23.0,
        "Hydraulic_Capacity_Ratio": 1.8
      }
    },
    {
      "type": "Feature",
      "geometry": {
        "type": "Point",
        "coordinates": [
          31.92,
          -0.25
        ]
      },
      "properties": {
        "Culvert_Number": "C013",
        "Link_Number": "C262_Link01",
        "Culvert_Structure_Type": "Concrete pipe culvert",
        "Span_Diameter_m": 1.2,
        "Cell_Count": 4,
        "Maintenance_Station": "Mpigi",
        "Maintenance_Region": "Central",
        "Scour_Risk_Rating": 24.0,
        "Hydraulic_Capacity_Ratio": 1.2
      }
    },
    {
      "type": "Feature",
      "geometry": {
        "type": "Point",
        "coordinates": [
          31.92,
          -0.25
        ]
      },
      "properties": {
        "Culvert_Number": "C014",
        "Link_Number": "C262_Link01",
        "Culvert_Structure_Type": "Concrete pipe culvert",
        "Span_Diameter_m": 1.2,
        "Cell_Count": 4,
        "Maintenance_Station": "Mpigi",
        "Maintenance_Region": "Central",
        "Scour_Risk_Rating": 25.0,
        "Hydraulic_Capacity_Ratio": 1.4
      }
    },
    {
      "type": "Feature",
      "geometry": {
        "type": "Point",
        "coordinates": [
          32.85,
          -0.39
        ]
      },
      "properties": {
        "Culvert_Number": "C015",
        "Link_Number": "A001_Link02",
        "Culvert_Structure_Type": "Box culvert (in situ concrete)",
        "Span_Diameter_m": 8.0,
        "Cell_Count": 1,
        "Maintenance_Station": "Kampala",
        "Maintenance_Region": "Central",
        "Scour_Risk_Rating": 26.0,
        "Hydraulic_Capacity_Ratio": 1.6
      }
    },
    {
      "type": "Feature",
      "geometry": {
        "type": "Point",
        "coordinates": [
          32.42,
          -0.33
        ]
      },
      "properties": {
        "Culvert_Number": "C016",
        "Link_Number": "A005_Link01",
        "Culvert_Structure_Type": "Box culvert (in situ concrete)",
        "Span_Diameter_m": 2.5,
        "Cell_Count": 1,
        "Maintenance_Station": "Mpigi",
        "Maintenance_Region": "Central",
        "Scour_Risk_Rating": 27.0,
        "Hydraulic_Capacity_Ratio": 1.8
      }
    },
    {
      "type": "Feature",
      "geometry": {
        "type": "Point",
        "coordinates": [
          32.42,
          -0.33
        ]
      },
      "properties": {
        "Culvert_Number": "C017",
        "Link_Number": "A005_Link01",
        "Culvert_Structure_Type": "Box culvert (in situ concrete)",
        "Span_Diameter_m": 2.5,
        "Cell_Count": 1,
        "Maintenance_Station": "Mpigi",
        "Maintenance_Region": "Central",
        "Scour_Risk_Rating": 28.0,
        "Hydraulic_Capacity_Ratio": 1.2
      }
    },
    {
      "type": "Feature",
      "geometry": {
        "type": "Point",
        "coordinates": [
          32.51,
          -0.31
        ]
      },
      "properties": {
        "Culvert_Number": "C018",
        "Link_Number": "A005_Link01",
        "Culvert_Structure_Type": "Box culvert (in situ concrete)",
        "Span_Diameter_m": 2.0,
        "Cell_Count": 3,
        "Maintenance_Station": "Mpigi",
        "Maintenance_Region": "Central",
        "Scour_Risk_Rating": 29.0,
        "Hydraulic_Capacity_Ratio": 1.4
      }
    },
    {
      "type": "Feature",
      "geometry": {
        "type": "Point",
        "coordinates": [
          31.17,
          -0.22
        ]
      },
      "properties": {
        "Culvert_Number": "C019",
        "Link_Number": "B103_Link03",
        "Culvert_Structure_Type": "Corrugated metal pipe culvert",
        "Span_Diameter_m": 1.8,
        "Cell_Count": 2,
        "Maintenance_Station": "Mubende",
        "Maintenance_Region": "Central",
        "Scour_Risk_Rating": 30.0,
        "Hydraulic_Capacity_Ratio": 1.6
      }
    },
    {
      "type": "Feature",
      "geometry": {
        "type": "Point",
        "coordinates": [
          31.17,
          -0.22
        ]
      },
      "properties": {
        "Culvert_Number": "C020",
        "Link_Number": "B103_Link03",
        "Culvert_Structure_Type": "Corrugated metal pipe culvert",
        "Span_Diameter_m": 1.8,
        "Cell_Count": 2,
        "Maintenance_Station": "Mubende",
        "Maintenance_Region": "Central",
        "Scour_Risk_Rating": 31.0,
        "Hydraulic_Capacity_Ratio": 1.8
      }
    },
    {
      "type": "Feature",
      "geometry": {
        "type": "Point",
        "coordinates": [
          31.17,
          -0.22
        ]
      },
      "properties": {
        "Culvert_Number": "C021",
        "Link_Number": "B103_Link03",
        "Culvert_Structure_Type": "Corrugated metal pipe culvert",
        "Span_Diameter_m": 1.8,
        "Cell_Count": 2,
        "Maintenance_Station": "Mubende",
        "Maintenance_Region": "Central",
        "Scour_Risk_Rating": 32.0,
        "Hydraulic_Capacity_Ratio": 1.2
      }
    },
    {
      "type": "Feature",
      "geometry": {
        "type": "Point",
        "coordinates": [
          30.5,
          0.98
        ]
      },
      "properties": {
        "Culvert_Number": "C150",
        "Link_Number": "C419_Link01",
        "Culvert_Structure_Type": "Corrugated metal pipe culvert",
        "Span_Diameter_m": 1.8,
        "Cell_Count": 7,
        "Maintenance_Station": "Mbarara",
        "Maintenance_Region": "Southern",
        "Scour_Risk_Rating": 33.0,
        "Hydraulic_Capacity_Ratio": 1.4
      }
    },
    {
      "type": "Feature",
      "geometry": {
        "type": "Point",
        "coordinates": [
          30.23,
          0.12
        ]
      },
      "properties": {
        "Culvert_Number": "C151",
        "Link_Number": "C450_Link03",
        "Culvert_Structure_Type": "Corrugated metal pipe culvert",
        "Span_Diameter_m": 2.5,
        "Cell_Count": 3,
        "Maintenance_Station": "Ibanda",
        "Maintenance_Region": "Southern",
        "Scour_Risk_Rating": 34.0,
        "Hydraulic_Capacity_Ratio": 1.6
      }
    },
    {
      "type": "Feature",
      "geometry": {
        "type": "Point",
        "coordinates": [
          30.14,
          0.67
        ]
      },
      "properties": {
        "Culvert_Number": "C152",
        "Link_Number": "C447_Link02",
        "Culvert_Structure_Type": "Box culvert (in situ concrete)",
        "Span_Diameter_m": 2.3,
        "Cell_Count": 3,
        "Maintenance_Station": "Kabale",
        "Maintenance_Region": "Southern",
        "Scour_Risk_Rating": 35.0,
        "Hydraulic_Capacity_Ratio": 1.8
      }
    },
    {
      "type": "Feature",
      "geometry": {
        "type": "Point",
        "coordinates": [
          30.74,
          0.73
        ]
      },
      "properties": {
        "Culvert_Number": "C153",
        "Link_Number": "C364_Link01",
        "Culvert_Structure_Type": "Corrugated metal pipe culvert",
        "Span_Diameter_m": 3.0,
        "Cell_Count": 5,
        "Maintenance_Station": "Mbarara",
        "Maintenance_Region": "Southern",
        "Scour_Risk_Rating": 36.0,
        "Hydraulic_Capacity_Ratio": 1.2
      }
    },
    {
      "type": "Feature",
      "geometry": {
        "type": "Point",
        "coordinates": [
          30.73,
          1.0
        ]
      },
      "properties": {
        "Culvert_Number": "C154",
        "Link_Number": "C364_Link01",
        "Culvert_Structure_Type": "Corrugated metal pipe culvert",
        "Span_Diameter_m": 3.0,
        "Cell_Count": 5,
        "Maintenance_Station": "Mbarara",
        "Maintenance_Region": "Southern",
        "Scour_Risk_Rating": 37.0,
        "Hydraulic_Capacity_Ratio": 1.4
      }
    },
    {
      "type": "Feature",
      "geometry": {
        "type": "Point",
        "coordinates": [
          30.75,
          0.74
        ]
      },
      "properties": {
        "Culvert_Number": "C155",
        "Link_Number": "C364_Link01",
        "Culvert_Structure_Type": "Corrugated metal pipe culvert",
        "Span_Diameter_m": 3.0,
        "Cell_Count": 4,
        "Maintenance_Station": "Mbarara",
        "Maintenance_Region": "Southern",
        "Scour_Risk_Rating": 38.0,
        "Hydraulic_Capacity_Ratio": 1.6
      }
    },
    {
      "type": "Feature",
      "geometry": {
        "type": "Point",
        "coordinates": [
          30.33,
          0.26
        ]
      },
      "properties": {
        "Culvert_Number": "C156",
        "Link_Number": "C416_Link02",
        "Culvert_Structure_Type": "Corrugated metal pipe culvert",
        "Span_Diameter_m": 1.2,
        "Cell_Count": 4,
        "Maintenance_Station": "Ibanda",
        "Maintenance_Region": "Southern",
        "Scour_Risk_Rating": 39.0,
        "Hydraulic_Capacity_Ratio": 1.8
      }
    },
    {
      "type": "Feature",
      "geometry": {
        "type": "Point",
        "coordinates": [
          30.36,
          0.1
        ]
      },
      "properties": {
        "Culvert_Number": "C158",
        "Link_Number": "C373_Link02",
        "Culvert_Structure_Type": "Box culvert (in situ concrete)",
        "Span_Diameter_m": 2.0,
        "Cell_Count": 1,
        "Maintenance_Station": "Ibanda",
        "Maintenance_Region": "Southern",
        "Scour_Risk_Rating": 40.0,
        "Hydraulic_Capacity_Ratio": 1.2
      }
    },
    {
      "type": "Feature",
      "geometry": {
        "type": "Point",
        "coordinates": [
          30.63,
          -0.08
        ]
      },
      "properties": {
        "Culvert_Number": "C159",
        "Link_Number": "C357_Link01",
        "Culvert_Structure_Type": "Corrugated metal pipe culvert",
        "Span_Diameter_m": 2.4,
        "Cell_Count": 2,
        "Maintenance_Station": "Ibanda",
        "Maintenance_Region": "Southern",
        "Scour_Risk_Rating": 41.0,
        "Hydraulic_Capacity_Ratio": 1.4
      }
    },
    {
      "type": "Feature",
      "geometry": {
        "type": "Point",
        "coordinates": [
          30.66,
          -0.1
        ]
      },
      "properties": {
        "Culvert_Number": "C160",
        "Link_Number": "C357_Link01",
        "Culvert_Structure_Type": "Corrugated metal pipe culvert",
        "Span_Diameter_m": 2.1,
        "Cell_Count": 5,
        "Maintenance_Station": "Ibanda",
        "Maintenance_Region": "Southern",
        "Scour_Risk_Rating": 42.0,
        "Hydraulic_Capacity_Ratio": 1.6
      }
    },
    {
      "type": "Feature",
      "geometry": {
        "type": "Point",
        "coordinates": [
          30.91,
          -0.13
        ]
      },
      "properties": {
        "Culvert_Number": "C161",
        "Link_Number": "C357_Link02",
        "Culvert_Structure_Type": "Corrugated metal pipe culvert",
        "Span_Diameter_m": 2.1,
        "Cell_Count": 4,
        "Maintenance_Station": "Ibanda",
        "Maintenance_Region": "Southern",
        "Scour_Risk_Rating": 43.0,
        "Hydraulic_Capacity_Ratio": 1.8
      }
    },
    {
      "type": "Feature",
      "geometry": {
        "type": "Point",
        "coordinates": [
          30.89,
          0.09
        ]
      },
      "properties": {
        "Culvert_Number": "C162",
        "Link_Number": "C356_Link02",
        "Culvert_Structure_Type": "Box culvert (in situ concrete)",
        "Span_Diameter_m": 2.7,
        "Cell_Count": 2,
        "Maintenance_Station": "Ibanda",
        "Maintenance_Region": "Southern",
        "Scour_Risk_Rating": 44.0,
        "Hydraulic_Capacity_Ratio": 1.2
      }
    },
    {
      "type": "Feature",
      "geometry": {
        "type": "Point",
        "coordinates": [
          31.05,
          -0.12
        ]
      },
      "properties": {
        "Culvert_Number": "C163",
        "Link_Number": "C357_Link02",
        "Culvert_Structure_Type": "Box culvert (in situ concrete)",
        "Span_Diameter_m": 2.2,
        "Cell_Count": 1,
        "Maintenance_Station": "Ibanda",
        "Maintenance_Region": "Southern",
        "Scour_Risk_Rating": 45.0,
        "Hydraulic_Capacity_Ratio": 1.4
      }
    },
    {
      "type": "Feature",
      "geometry": {
        "type": "Point",
        "coordinates": [
          30.78,
          -0.01
        ]
      },
      "properties": {
        "Culvert_Number": "C164",
        "Link_Number": "C356_Link02",
        "Culvert_Structure_Type": "Corrugated metal pipe culvert",
        "Span_Diameter_m": 1.8,
        "Cell_Count": 4,
        "Maintenance_Station": "Ibanda",
        "Maintenance_Region": "Southern",
        "Scour_Risk_Rating": 46.0,
        "Hydraulic_Capacity_Ratio": 1.6
      }
    },
    {
      "type": "Feature",
      "geometry": {
        "type": "Point",
        "coordinates": [
          30.74,
          0.07
        ]
      },
      "properties": {
        "Culvert_Number": "C165",
        "Link_Number": "C356_Link01",
        "Culvert_Structure_Type": "Box culvert (in situ concrete)",
        "Span_Diameter_m": 2.8,
        "Cell_Count": 1,
        "Maintenance_Station": "Ibanda",
        "Maintenance_Region": "Southern",
        "Scour_Risk_Rating": 47.0,
        "Hydraulic_Capacity_Ratio": 1.8
      }
    },
    {
      "type": "Feature",
      "geometry": {
        "type": "Point",
        "coordinates": [
          30.0,
          1.3
        ]
      },
      "properties": {
        "Culvert_Number": "C166",
        "Link_Number": "A002_Link11",
        "Culvert_Structure_Type": "Box culvert (in situ concrete)",
        "Span_Diameter_m": 2.0,
        "Cell_Count": 2,
        "Maintenance_Station": "Kabale",
        "Maintenance_Region": "Southern",
        "Scour_Risk_Rating": 48.0,
        "Hydraulic_Capacity_Ratio": 1.2
      }
    },
    {
      "type": "Feature",
      "geometry": {
        "type": "Point",
        "coordinates": [
          30.0,
          1.29
        ]
      },
      "properties": {
        "Culvert_Number": "C167",
        "Link_Number": "A002_Link11",
        "Culvert_Structure_Type": "Box culvert (in situ concrete)",
        "Span_Diameter_m": 2.0,
        "Cell_Count": 2,
        "Maintenance_Station": "Kabale",
        "Maintenance_Region": "Southern",
        "Scour_Risk_Rating": 49.0,
        "Hydraulic_Capacity_Ratio": 1.4
      }
    },
    {
      "type": "Feature",
      "geometry": {
        "type": "Point",
        "coordinates": [
          30.01,
          1.42
        ]
      },
      "properties": {
        "Culvert_Number": "C168",
        "Link_Number": "A002_Link11",
        "Culvert_Structure_Type": "Box culvert (in situ concrete)",
        "Span_Diameter_m": 4.0,
        "Cell_Count": 3,
        "Maintenance_Station": "Kabale",
        "Maintenance_Region": "Southern",
        "Scour_Risk_Rating": 50.0,
        "Hydraulic_Capacity_Ratio": 1.6
      }
    },
    {
      "type": "Feature",
      "geometry": {
        "type": "Point",
        "coordinates": [
          29.98,
          1.25
        ]
      },
      "properties": {
        "Culvert_Number": "C169",
        "Link_Number": "B153_Link01",
        "Culvert_Structure_Type": "Box culvert (in situ concrete)",
        "Span_Diameter_m": 2.0,
        "Cell_Count": 3,
        "Maintenance_Station": "Kabale",
        "Maintenance_Region": "Southern",
        "Scour_Risk_Rating": 51.0,
        "Hydraulic_Capacity_Ratio": 1.8
      }
    },
    {
      "type": "Feature",
      "geometry": {
        "type": "Point",
        "coordinates": [
          30.19,
          1.03
        ]
      },
      "properties": {
        "Culvert_Number": "C170",
        "Link_Number": "A002_Link10",
        "Culvert_Structure_Type": "Corrugated metal pipe culvert",
        "Span_Diameter_m": 1.8,
        "Cell_Count": 6,
        "Maintenance_Station": "Kabale",
        "Maintenance_Region": "Southern",
        "Scour_Risk_Rating": 52.0,
        "Hydraulic_Capacity_Ratio": 1.2
      }
    },
    {
      "type": "Feature",
      "geometry": {
        "type": "Point",
        "coordinates": [
          30.16,
          0.68
        ]
      },
      "properties": {
        "Culvert_Number": "C171",
        "Link_Number": "B152_Link02",
        "Culvert_Structure_Type": "Box culvert (in situ concrete)",
        "Span_Diameter_m": 2.0,
        "Cell_Count": 2,
        "Maintenance_Station": "Kabale",
        "Maintenance_Region": "Southern",
        "Scour_Risk_Rating": 53.0,
        "Hydraulic_Capacity_Ratio": 1.4
      }
    },
    {
      "type": "Feature",
      "geometry": {
        "type": "Point",
        "coordinates": [
          29.95,
          1.0
        ]
      },
      "properties": {
        "Culvert_Number": "C172",
        "Link_Number": "C411_Link01",
        "Culvert_Structure_Type": "Corrugated metal pipe culvert",
        "Span_Diameter_m": 2.8,
        "Cell_Count": 2,
        "Maintenance_Station": "Kabale",
        "Maintenance_Region": "Southern",
        "Scour_Risk_Rating": 54.0,
        "Hydraulic_Capacity_Ratio": 1.6
      }
    },
    {
      "type": "Feature",
      "geometry": {
        "type": "Point",
        "coordinates": [
          29.75,
          0.7
        ]
      },
      "properties": {
        "Culvert_Number": "C173",
        "Link_Number": "C446_Link01",
        "Culvert_Structure_Type": "Box culvert (in situ concrete)",
        "Span_Diameter_m": 5.0,
        "Cell_Count": 1,
        "Maintenance_Station": "Kabale",
        "Maintenance_Region": "Southern",
        "Scour_Risk_Rating": 55.0,
        "Hydraulic_Capacity_Ratio": 1.8
      }
    },
    {
      "type": "Feature",
      "geometry": {
        "type": "Point",
        "coordinates": [
          29.95,
          0.65
        ]
      },
      "properties": {
        "Culvert_Number": "C174",
        "Link_Number": "C452_Link01",
        "Culvert_Structure_Type": "Corrugated metal pipe culvert",
        "Span_Diameter_m": 1.5,
        "Cell_Count": 8,
        "Maintenance_Station": "Kabale",
        "Maintenance_Region": "Southern",
        "Scour_Risk_Rating": 56.0,
        "Hydraulic_Capacity_Ratio": 1.2
      }
    },
    {
      "type": "Feature",
      "geometry": {
        "type": "Point",
        "coordinates": [
          29.99,
          1.26
        ]
      },
      "properties": {
        "Culvert_Number": "C175",
        "Link_Number": "A002_Link11",
        "Culvert_Structure_Type": "Box culvert (in situ concrete)",
        "Span_Diameter_m": 3.0,
        "Cell_Count": 2,
        "Maintenance_Station": "Kabale",
        "Maintenance_Region": "Southern",
        "Scour_Risk_Rating": 57.0,
        "Hydraulic_Capacity_Ratio": 1.4
      }
    },
    {
      "type": "Feature",
      "geometry": {
        "type": "Point",
        "coordinates": [
          30.01,
          1.26
        ]
      },
      "properties": {
        "Culvert_Number": "C176",
        "Link_Number": "A002_Link10",
        "Culvert_Structure_Type": "Box culvert (in situ concrete)",
        "Span_Diameter_m": 2.5,
        "Cell_Count": 3,
        "Maintenance_Station": "Kabale",
        "Maintenance_Region": "Southern",
        "Scour_Risk_Rating": 58.0,
        "Hydraulic_Capacity_Ratio": 1.6
      }
    },
    {
      "type": "Feature",
      "geometry": {
        "type": "Point",
        "coordinates": [
          29.93,
          0.8
        ]
      },
      "properties": {
        "Culvert_Number": "C177",
        "Link_Number": "C410_Link02",
        "Culvert_Structure_Type": "Box culvert (in situ concrete)",
        "Span_Diameter_m": 3.0,
        "Cell_Count": 2,
        "Maintenance_Station": "Kabale",
        "Maintenance_Region": "Southern",
        "Scour_Risk_Rating": 59.0,
        "Hydraulic_Capacity_Ratio": 1.8
      }
    },
    {
      "type": "Feature",
      "geometry": {
        "type": "Point",
        "coordinates": [
          30.09,
          -0.32
        ]
      },
      "properties": {
        "Culvert_Number": "C178",
        "Link_Number": "C510_Link01",
        "Culvert_Structure_Type": "Box culvert (in situ concrete)",
        "Span_Diameter_m": 2.6,
        "Cell_Count": 4,
        "Maintenance_Station": "Kasese",
        "Maintenance_Region": "Southern",
        "Scour_Risk_Rating": 60.0,
        "Hydraulic_Capacity_Ratio": 1.2
      }
    },
    {
      "type": "Feature",
      "geometry": {
        "type": "Point",
        "coordinates": [
          30.07,
          -0.19
        ]
      },
      "properties": {
        "Culvert_Number": "C179",
        "Link_Number": "C511_Link01",
        "Culvert_Structure_Type": "Box culvert (in situ concrete)",
        "Span_Diameter_m": 3.0,
        "Cell_Count": 1,
        "Maintenance_Station": "Kasese",
        "Maintenance_Region": "Southern",
        "Scour_Risk_Rating": 61.0,
        "Hydraulic_Capacity_Ratio": 1.4
      }
    },
    {
      "type": "Feature",
      "geometry": {
        "type": "Point",
        "coordinates": [
          30.01,
          -0.2
        ]
      },
      "properties": {
        "Culvert_Number": "C180",
        "Link_Number": "C511_Link01",
        "Culvert_Structure_Type": "Box culvert (in situ concrete)",
        "Span_Diameter_m": 2.6,
        "Cell_Count": 1,
        "Maintenance_Station": "Kasese",
        "Maintenance_Region": "Southern",
        "Scour_Risk_Rating": 62.0,
        "Hydraulic_Capacity_Ratio": 1.6
      }
    },
    {
      "type": "Feature",
      "geometry": {
        "type": "Point",
        "coordinates": [
          30.02,
          -0.19
        ]
      },
      "properties": {
        "Culvert_Number": "C181",
        "Link_Number": "C511_Link01",
        "Culvert_Structure_Type": "Box culvert (in situ concrete)",
        "Span_Diameter_m": 3.2,
        "Cell_Count": 1,
        "Maintenance_Station": "Kasese",
        "Maintenance_Region": "Southern",
        "Scour_Risk_Rating": 63.0,
        "Hydraulic_Capacity_Ratio": 1.8
      }
    },
    {
      "type": "Feature",
      "geometry": {
        "type": "Point",
        "coordinates": [
          30.02,
          -0.19
        ]
      },
      "properties": {
        "Culvert_Number": "C182",
        "Link_Number": "C511_Link01",
        "Culvert_Structure_Type": "Box culvert (in situ concrete)",
        "Span_Diameter_m": 3.0,
        "Cell_Count": 1,
        "Maintenance_Station": "Kasese",
        "Maintenance_Region": "Southern",
        "Scour_Risk_Rating": 64.0,
        "Hydraulic_Capacity_Ratio": 1.2
      }
    },
    {
      "type": "Feature",
      "geometry": {
        "type": "Point",
        "coordinates": [
          30.03,
          -0.18
        ]
      },
      "properties": {
        "Culvert_Number": "C183",
        "Link_Number": "C511_Link01",
        "Culvert_Structure_Type": "Box culvert (in situ concrete)",
        "Span_Diameter_m": 2.0,
        "Cell_Count": 1,
        "Maintenance_Station": "Kasese",
        "Maintenance_Region": "Southern",
        "Scour_Risk_Rating": 65.0,
        "Hydraulic_Capacity_Ratio": 1.4
      }
    },
    {
      "type": "Feature",
      "geometry": {
        "type": "Point",
        "coordinates": [
          30.05,
          -0.19
        ]
      },
      "properties": {
        "Culvert_Number": "C184",
        "Link_Number": "C511_Link01",
        "Culvert_Structure_Type": "Box culvert (in situ concrete)",
        "Span_Diameter_m": 3.0,
        "Cell_Count": 1,
        "Maintenance_Station": "Kasese",
        "Maintenance_Region": "Southern",
        "Scour_Risk_Rating": 66.0,
        "Hydraulic_Capacity_Ratio": 1.6
      }
    },
    {
      "type": "Feature",
      "geometry": {
        "type": "Point",
        "coordinates": [
          29.76,
          -0.03
        ]
      },
      "properties": {
        "Culvert_Number": "C185",
        "Link_Number": "A005_Link15",
        "Culvert_Structure_Type": "Corrugated metal pipe culvert",
        "Span_Diameter_m": 1.8,
        "Cell_Count": 5,
        "Maintenance_Station": "Kasese",
        "Maintenance_Region": "Southern",
        "Scour_Risk_Rating": 12.0,
        "Hydraulic_Capacity_Ratio": 1.8
      }
    },
    {
      "type": "Feature",
      "geometry": {
        "type": "Point",
        "coordinates": [
          29.96,
          -0.01
        ]
      },
      "properties": {
        "Culvert_Number": "C186",
        "Link_Number": "A005_Link15",
        "Culvert_Structure_Type": "Box culvert (in situ concrete)",
        "Span_Diameter_m": 2.0,
        "Cell_Count": 1,
        "Maintenance_Station": "Kasese",
        "Maintenance_Region": "Southern",
        "Scour_Risk_Rating": 13.0,
        "Hydraulic_Capacity_Ratio": 1.2
      }
    },
    {
      "type": "Feature",
      "geometry": {
        "type": "Point",
        "coordinates": [
          29.9,
          -0.01
        ]
      },
      "properties": {
        "Culvert_Number": "C187",
        "Link_Number": "A005_Link15",
        "Culvert_Structure_Type": "Box culvert (in situ concrete)",
        "Span_Diameter_m": 4.0,
        "Cell_Count": 5,
        "Maintenance_Station": "Kasese",
        "Maintenance_Region": "Southern",
        "Scour_Risk_Rating": 14.0,
        "Hydraulic_Capacity_Ratio": 1.4
      }
    },
    {
      "type": "Feature",
      "geometry": {
        "type": "Point",
        "coordinates": [
          29.87,
          -0.0
        ]
      },
      "properties": {
        "Culvert_Number": "C188",
        "Link_Number": "A005_Link15",
        "Culvert_Structure_Type": "Box culvert (in situ concrete)",
        "Span_Diameter_m": 4.0,
        "Cell_Count": 3,
        "Maintenance_Station": "Kasese",
        "Maintenance_Region": "Southern",
        "Scour_Risk_Rating": 15.0,
        "Hydraulic_Capacity_Ratio": 1.6
      }
    },
    {
      "type": "Feature",
      "geometry": {
        "type": "Point",
        "coordinates": [
          29.82,
          0.01
        ]
      },
      "properties": {
        "Culvert_Number": "C189",
        "Link_Number": "A005_Link15",
        "Culvert_Structure_Type": "Box culvert (in situ concrete)",
        "Span_Diameter_m": 2.5,
        "Cell_Count": 2,
        "Maintenance_Station": "Kasese",
        "Maintenance_Region": "Southern",
        "Scour_Risk_Rating": 16.0,
        "Hydraulic_Capacity_Ratio": 1.8
      }
    },
    {
      "type": "Feature",
      "geometry": {
        "type": "Point",
        "coordinates": [
          29.76,
          0.01
        ]
      },
      "properties": {
        "Culvert_Number": "C190",
        "Link_Number": "A005_Link15",
        "Culvert_Structure_Type": "Box culvert (in situ concrete)",
        "Span_Diameter_m": 2.0,
        "Cell_Count": 2,
        "Maintenance_Station": "Kasese",
        "Maintenance_Region": "Southern",
        "Scour_Risk_Rating": 17.0,
        "Hydraulic_Capacity_Ratio": 1.2
      }
    },
    {
      "type": "Feature",
      "geometry": {
        "type": "Point",
        "coordinates": [
          29.83,
          0.01
        ]
      },
      "properties": {
        "Culvert_Number": "C191",
        "Link_Number": "A005_Link15",
        "Culvert_Structure_Type": "Box culvert (in situ concrete)",
        "Span_Diameter_m": 3.0,
        "Cell_Count": 1,
        "Maintenance_Station": "Kasese",
        "Maintenance_Region": "Southern",
        "Scour_Risk_Rating": 18.0,
        "Hydraulic_Capacity_Ratio": 1.4
      }
    },
    {
      "type": "Feature",
      "geometry": {
        "type": "Point",
        "coordinates": [
          29.76,
          -0.03
        ]
      },
      "properties": {
        "Culvert_Number": "C192",
        "Link_Number": "A005_Link15",
        "Culvert_Structure_Type": "Box culvert (in situ concrete)",
        "Span_Diameter_m": 2.8,
        "Cell_Count": 1,
        "Maintenance_Station": "Kasese",
        "Maintenance_Region": "Southern",
        "Scour_Risk_Rating": 19.0,
        "Hydraulic_Capacity_Ratio": 1.6
      }
    },
    {
      "type": "Feature",
      "geometry": {
        "type": "Point",
        "coordinates": [
          29.95,
          -0.12
        ]
      },
      "properties": {
        "Culvert_Number": "C193",
        "Link_Number": "C513_Link02",
        "Culvert_Structure_Type": "Box culvert (in situ concrete)",
        "Span_Diameter_m": 1.0,
        "Cell_Count": 5,
        "Maintenance_Station": "Kasese",
        "Maintenance_Region": "Southern",
        "Scour_Risk_Rating": 20.0,
        "Hydraulic_Capacity_Ratio": 1.8
      }
    },
    {
      "type": "Feature",
      "geometry": {
        "type": "Point",
        "coordinates": [
          29.92,
          -0.09
        ]
      },
      "properties": {
        "Culvert_Number": "C194",
        "Link_Number": "C513_Link02",
        "Culvert_Structure_Type": "Concrete pipe culvert",
        "Span_Diameter_m": 1.5,
        "Cell_Count": 5,
        "Maintenance_Station": "Kasese",
        "Maintenance_Region": "Southern",
        "Scour_Risk_Rating": 21.0,
        "Hydraulic_Capacity_Ratio": 1.2
      }
    },
    {
      "type": "Feature",
      "geometry": {
        "type": "Point",
        "coordinates": [
          30.04,
          -0.34
        ]
      },
      "properties": {
        "Culvert_Number": "C195",
        "Link_Number": "C519_Link01",
        "Culvert_Structure_Type": "Box culvert (in situ concrete)",
        "Span_Diameter_m": 4.0,
        "Cell_Count": 1,
        "Maintenance_Station": "Kasese",
        "Maintenance_Region": "Southern",
        "Scour_Risk_Rating": 22.0,
        "Hydraulic_Capacity_Ratio": 1.4
      }
    },
    {
      "type": "Feature",
      "geometry": {
        "type": "Point",
        "coordinates": [
          29.95,
          -0.12
        ]
      },
      "properties": {
        "Culvert_Number": "C196",
        "Link_Number": "C513_Link02",
        "Culvert_Structure_Type": "Corrugated metal pipe culvert",
        "Span_Diameter_m": 2.5,
        "Cell_Count": 3,
        "Maintenance_Station": "Kasese",
        "Maintenance_Region": "Southern",
        "Scour_Risk_Rating": 23.0,
        "Hydraulic_Capacity_Ratio": 1.6
      }
    },
    {
      "type": "Feature",
      "geometry": {
        "type": "Point",
        "coordinates": [
          30.09,
          -0.33
        ]
      },
      "properties": {
        "Culvert_Number": "C197",
        "Link_Number": "C510_Link01",
        "Culvert_Structure_Type": "Corrugated metal pipe culvert",
        "Span_Diameter_m": 1.2,
        "Cell_Count": 2,
        "Maintenance_Station": "Kasese",
        "Maintenance_Region": "Southern",
        "Scour_Risk_Rating": 24.0,
        "Hydraulic_Capacity_Ratio": 1.8
      }
    },
    {
      "type": "Feature",
      "geometry": {
        "type": "Point",
        "coordinates": [
          30.09,
          -0.32
        ]
      },
      "properties": {
        "Culvert_Number": "C198",
        "Link_Number": "C519_Link01",
        "Culvert_Structure_Type": "Concrete pipe culvert",
        "Span_Diameter_m": 2.0,
        "Cell_Count": 3,
        "Maintenance_Station": "Kasese",
        "Maintenance_Region": "Southern",
        "Scour_Risk_Rating": 25.0,
        "Hydraulic_Capacity_Ratio": 1.2
      }
    },
    {
      "type": "Feature",
      "geometry": {
        "type": "Point",
        "coordinates": [
          30.19,
          1.12
        ]
      },
      "properties": {
        "Culvert_Number": "C199",
        "Link_Number": "C422_Link01",
        "Culvert_Structure_Type": "Corrugated metal pipe culvert",
        "Span_Diameter_m": 1.8,
        "Cell_Count": 2,
        "Maintenance_Station": "Kabale",
        "Maintenance_Region": "Southern",
        "Scour_Risk_Rating": 26.0,
        "Hydraulic_Capacity_Ratio": 1.4
      }
    },
    {
      "type": "Feature",
      "geometry": {
        "type": "Point",
        "coordinates": [
          29.83,
          1.21
        ]
      },
      "properties": {
        "Culvert_Number": "C200",
        "Link_Number": "B153_Link01",
        "Culvert_Structure_Type": "Corrugated metal pipe culvert",
        "Span_Diameter_m": 1.2,
        "Cell_Count": 5,
        "Maintenance_Station": "Kabale",
        "Maintenance_Region": "Southern",
        "Scour_Risk_Rating": 27.0,
        "Hydraulic_Capacity_Ratio": 1.6
      }
    },
    {
      "type": "Feature",
      "geometry": {
        "type": "Point",
        "coordinates": [
          29.89,
          0.77
        ]
      },
      "properties": {
        "Culvert_Number": "C201",
        "Link_Number": "C445_Link01",
        "Culvert_Structure_Type": "Corrugated metal pipe culvert",
        "Span_Diameter_m": 1.5,
        "Cell_Count": 3,
        "Maintenance_Station": "Kabale",
        "Maintenance_Region": "Southern",
        "Scour_Risk_Rating": 28.0,
        "Hydraulic_Capacity_Ratio": 1.8
      }
    },
    {
      "type": "Feature",
      "geometry": {
        "type": "Point",
        "coordinates": [
          30.0,
          0.85
        ]
      },
      "properties": {
        "Culvert_Number": "C202",
        "Link_Number": "C410_Link02",
        "Culvert_Structure_Type": "Box culvert (in situ concrete)",
        "Span_Diameter_m": 3.5,
        "Cell_Count": 1,
        "Maintenance_Station": "Kabale",
        "Maintenance_Region": "Southern",
        "Scour_Risk_Rating": 29.0,
        "Hydraulic_Capacity_Ratio": 1.2
      }
    },
    {
      "type": "Feature",
      "geometry": {
        "type": "Point",
        "coordinates": [
          30.0,
          0.85
        ]
      },
      "properties": {
        "Culvert_Number": "C203",
        "Link_Number": "C410_Link02",
        "Culvert_Structure_Type": "Box culvert (in situ concrete)",
        "Span_Diameter_m": 3.5,
        "Cell_Count": 1,
        "Maintenance_Station": "Kabale",
        "Maintenance_Region": "Southern",
        "Scour_Risk_Rating": 30.0,
        "Hydraulic_Capacity_Ratio": 1.4
      }
    },
    {
      "type": "Feature",
      "geometry": {
        "type": "Point",
        "coordinates": [
          30.24,
          0.91
        ]
      },
      "properties": {
        "Culvert_Number": "C204",
        "Link_Number": "A002_Link09",
        "Culvert_Structure_Type": "Box culvert (in situ concrete)",
        "Span_Diameter_m": 2.5,
        "Cell_Count": 2,
        "Maintenance_Station": "Kabale",
        "Maintenance_Region": "Southern",
        "Scour_Risk_Rating": 31.0,
        "Hydraulic_Capacity_Ratio": 1.6
      }
    },
    {
      "type": "Feature",
      "geometry": {
        "type": "Point",
        "coordinates": [
          30.22,
          0.86
        ]
      },
      "properties": {
        "Culvert_Number": "C205",
        "Link_Number": "B152_Link01",
        "Culvert_Structure_Type": "Concrete pipe culvert",
        "Span_Diameter_m": 1.8,
        "Cell_Count": 2,
        "Maintenance_Station": "Kabale",
        "Maintenance_Region": "Southern",
        "Scour_Risk_Rating": 32.0,
        "Hydraulic_Capacity_Ratio": 1.8
      }
    },
    {
      "type": "Feature",
      "geometry": {
        "type": "Point",
        "coordinates": [
          30.38,
          0.72
        ]
      },
      "properties": {
        "Culvert_Number": "C207",
        "Link_Number": "A002_Link08",
        "Culvert_Structure_Type": "Box culvert (in situ concrete)",
        "Span_Diameter_m": 3.0,
        "Cell_Count": 3,
        "Maintenance_Station": "Mbarara",
        "Maintenance_Region": "Southern",
        "Scour_Risk_Rating": 33.0,
        "Hydraulic_Capacity_Ratio": 1.2
      }
    },
    {
      "type": "Feature",
      "geometry": {
        "type": "Point",
        "coordinates": [
          30.88,
          -0.13
        ]
      },
      "properties": {
        "Culvert_Number": "C208",
        "Link_Number": "C357_Link01",
        "Culvert_Structure_Type": "Corrugated metal pipe culvert",
        "Span_Diameter_m": 1.5,
        "Cell_Count": 3,
        "Maintenance_Station": "Ibanda",
        "Maintenance_Region": "Southern",
        "Scour_Risk_Rating": 34.0,
        "Hydraulic_Capacity_Ratio": 1.4
      }
    },
    {
      "type": "Feature",
      "geometry": {
        "type": "Point",
        "coordinates": [
          187376.3,
          633301.1
        ]
      },
      "properties": {
        "Culvert_Number": "C352",
        "Link_Number": "A005_Link11",
        "Culvert_Structure_Type": "Box culvert (in situ concrete)",
        "Span_Diameter_m": 7.3,
        "Cell_Count": 3,
        "Maintenance_Station": "Fort Portal",
        "Maintenance_Region": "Western",
        "Scour_Risk_Rating": 35.0,
        "Hydraulic_Capacity_Ratio": 1.6
      }
    },
    {
      "type": "Feature",
      "geometry": {
        "type": "Point",
        "coordinates": [
          184855.0,
          60082.63
        ]
      },
      "properties": {
        "Culvert_Number": "C353",
        "Link_Number": "A005_Link11",
        "Culvert_Structure_Type": "Box culvert (in situ concrete)",
        "Span_Diameter_m": 3.0,
        "Cell_Count": 3,
        "Maintenance_Station": "Fort Portal",
        "Maintenance_Region": "Western",
        "Scour_Risk_Rating": 36.0,
        "Hydraulic_Capacity_Ratio": 1.8
      }
    },
    {
      "type": "Feature",
      "geometry": {
        "type": "Point",
        "coordinates": [
          185303.1,
          58207.6
        ]
      },
      "properties": {
        "Culvert_Number": "C354",
        "Link_Number": "A005_Link11",
        "Culvert_Structure_Type": "Box culvert (in situ concrete)",
        "Span_Diameter_m": 2.5,
        "Cell_Count": 1,
        "Maintenance_Station": "Fort Portal",
        "Maintenance_Region": "Western",
        "Scour_Risk_Rating": 37.0,
        "Hydraulic_Capacity_Ratio": 1.2
      }
    },
    {
      "type": "Feature",
      "geometry": {
        "type": "Point",
        "coordinates": [
          186812.7,
          54195.7
        ]
      },
      "properties": {
        "Culvert_Number": "C355",
        "Link_Number": "A005_Link11",
        "Culvert_Structure_Type": "Box culvert (in situ concrete)",
        "Span_Diameter_m": 2.2,
        "Cell_Count": 2,
        "Maintenance_Station": "Fort Portal",
        "Maintenance_Region": "Western",
        "Scour_Risk_Rating": 38.0,
        "Hydraulic_Capacity_Ratio": 1.4
      }
    },
    {
      "type": "Feature",
      "geometry": {
        "type": "Point",
        "coordinates": [
          185513.3,
          31911.9
        ]
      },
      "properties": {
        "Culvert_Number": "C356",
        "Link_Number": "A005_Link12",
        "Culvert_Structure_Type": "Box culvert (in situ concrete)",
        "Span_Diameter_m": 3.2,
        "Cell_Count": 3,
        "Maintenance_Station": "Kasese",
        "Maintenance_Region": "Southern",
        "Scour_Risk_Rating": 39.0,
        "Hydraulic_Capacity_Ratio": 1.6
      }
    },
    {
      "type": "Feature",
      "geometry": {
        "type": "Point",
        "coordinates": [
          179053.3,
          25780.09
        ]
      },
      "properties": {
        "Culvert_Number": "C357",
        "Link_Number": "A005_Link13",
        "Culvert_Structure_Type": "Box culvert (in situ concrete)",
        "Span_Diameter_m": 2.3,
        "Cell_Count": 2,
        "Maintenance_Station": "Kasese",
        "Maintenance_Region": "Southern",
        "Scour_Risk_Rating": 40.0,
        "Hydraulic_Capacity_Ratio": 1.8
      }
    },
    {
      "type": "Feature",
      "geometry": {
        "type": "Point",
        "coordinates": [
          170867.8,
          9781.02
        ]
      },
      "properties": {
        "Culvert_Number": "C359",
        "Link_Number": "A005_Link14",
        "Culvert_Structure_Type": "Box culvert (in situ concrete)",
        "Span_Diameter_m": 3.0,
        "Cell_Count": 2,
        "Maintenance_Station": "Kasese",
        "Maintenance_Region": "Southern",
        "Scour_Risk_Rating": 41.0,
        "Hydraulic_Capacity_Ratio": 1.2
      }
    },
    {
      "type": "Feature",
      "geometry": {
        "type": "Point",
        "coordinates": [
          191911.5,
          73304.09
        ]
      },
      "properties": {
        "Culvert_Number": "C363",
        "Link_Number": "C540_Link01",
        "Culvert_Structure_Type": "Box culvert (in situ concrete)",
        "Span_Diameter_m": 3.2,
        "Cell_Count": 1,
        "Maintenance_Station": "Fort Portal",
        "Maintenance_Region": "Western",
        "Scour_Risk_Rating": 42.0,
        "Hydraulic_Capacity_Ratio": 1.4
      }
    },
    {
      "type": "Feature",
      "geometry": {
        "type": "Point",
        "coordinates": [
          188003.7,
          74802.7
        ]
      },
      "properties": {
        "Culvert_Number": "C364",
        "Link_Number": "C540_Link01",
        "Culvert_Structure_Type": "Box culvert (in situ concrete)",
        "Span_Diameter_m": 2.0,
        "Cell_Count": 2,
        "Maintenance_Station": "Fort Portal",
        "Maintenance_Region": "Western",
        "Scour_Risk_Rating": 43.0,
        "Hydraulic_Capacity_Ratio": 1.6
      }
    },
    {
      "type": "Feature",
      "geometry": {
        "type": "Point",
        "coordinates": [
          188936.6,
          84097.1
        ]
      },
      "properties": {
        "Culvert_Number": "C365",
        "Link_Number": "C540_Link01",
        "Culvert_Structure_Type": "Box culvert (in situ concrete)",
        "Span_Diameter_m": 3.0,
        "Cell_Count": 1,
        "Maintenance_Station": "Fort Portal",
        "Maintenance_Region": "Western",
        "Scour_Risk_Rating": 44.0,
        "Hydraulic_Capacity_Ratio": 1.8
      }
    },
    {
      "type": "Feature",
      "geometry": {
        "type": "Point",
        "coordinates": [
          192173.0,
          96885.74
        ]
      },
      "properties": {
        "Culvert_Number": "C366",
        "Link_Number": "C540_Link02",
        "Culvert_Structure_Type": "Box culvert (in situ concrete)",
        "Span_Diameter_m": 3.0,
        "Cell_Count": 1,
        "Maintenance_Station": "Fort Portal",
        "Maintenance_Region": "Western",
        "Scour_Risk_Rating": 45.0,
        "Hydraulic_Capacity_Ratio": 1.2
      }
    },
    {
      "type": "Feature",
      "geometry": {
        "type": "Point",
        "coordinates": [
          181536.7,
          89194.4
        ]
      },
      "properties": {
        "Culvert_Number": "C367",
        "Link_Number": "C540_Link02",
        "Culvert_Structure_Type": "Box culvert (in situ concrete)",
        "Span_Diameter_m": 3.1,
        "Cell_Count": 1,
        "Maintenance_Station": "Fort Portal",
        "Maintenance_Region": "Western",
        "Scour_Risk_Rating": 46.0,
        "Hydraulic_Capacity_Ratio": 1.4
      }
    },
    {
      "type": "Feature",
      "geometry": {
        "type": "Point",
        "coordinates": [
          171494.8,
          83957.9
        ]
      },
      "properties": {
        "Culvert_Number": "C368",
        "Link_Number": "C540_Link02",
        "Culvert_Structure_Type": "Box culvert (in situ concrete)",
        "Span_Diameter_m": 4.0,
        "Cell_Count": 1,
        "Maintenance_Station": "Fort Portal",
        "Maintenance_Region": "Western",
        "Scour_Risk_Rating": 47.0,
        "Hydraulic_Capacity_Ratio": 1.6
      }
    },
    {
      "type": "Feature",
      "geometry": {
        "type": "Point",
        "coordinates": [
          172840.8,
          77127.0
        ]
      },
      "properties": {
        "Culvert_Number": "C369",
        "Link_Number": "C540_Link02",
        "Culvert_Structure_Type": "Box culvert (in situ concrete)",
        "Span_Diameter_m": 3.0,
        "Cell_Count": 1,
        "Maintenance_Station": "Fort Portal",
        "Maintenance_Region": "Western",
        "Scour_Risk_Rating": 48.0,
        "Hydraulic_Capacity_Ratio": 1.8
      }
    },
    {
      "type": "Feature",
      "geometry": {
        "type": "Point",
        "coordinates": [
          172818.4,
          74819.5
        ]
      },
      "properties": {
        "Culvert_Number": "C370",
        "Link_Number": "C540_Link02",
        "Culvert_Structure_Type": "Box culvert (in situ concrete)",
        "Span_Diameter_m": 4.0,
        "Cell_Count": 1,
        "Maintenance_Station": "Fort Portal",
        "Maintenance_Region": "Western",
        "Scour_Risk_Rating": 49.0,
        "Hydraulic_Capacity_Ratio": 1.2
      }
    },
    {
      "type": "Feature",
      "geometry": {
        "type": "Point",
        "coordinates": [
          169954.2,
          74133.0
        ]
      },
      "properties": {
        "Culvert_Number": "C371",
        "Link_Number": "C540_Link02",
        "Culvert_Structure_Type": "Box culvert (in situ concrete)",
        "Span_Diameter_m": 4.0,
        "Cell_Count": 1,
        "Maintenance_Station": "Fort Portal",
        "Maintenance_Region": "Western",
        "Scour_Risk_Rating": 50.0,
        "Hydraulic_Capacity_Ratio": 1.4
      }
    },
    {
      "type": "Feature",
      "geometry": {
        "type": "Point",
        "coordinates": [
          829646.5,
          70069.3
        ]
      },
      "properties": {
        "Culvert_Number": "C372",
        "Link_Number": "C540_Link02",
        "Culvert_Structure_Type": "Box culvert (in situ concrete)",
        "Span_Diameter_m": 4.0,
        "Cell_Count": 1,
        "Maintenance_Station": "Fort Portal",
        "Maintenance_Region": "Western",
        "Scour_Risk_Rating": 51.0,
        "Hydraulic_Capacity_Ratio": 1.6
      }
    },
    {
      "type": "Feature",
      "geometry": {
        "type": "Point",
        "coordinates": [
          31.55,
          0.94
        ]
      },
      "properties": {
        "Culvert_Number": "C400",
        "Link_Number": "C271_Link04",
        "Culvert_Structure_Type": "Corrugated metal pipe culvert",
        "Span_Diameter_m": 2.1,
        "Cell_Count": 6,
        "Maintenance_Station": "Hoima",
        "Maintenance_Region": "Western",
        "Scour_Risk_Rating": 52.0,
        "Hydraulic_Capacity_Ratio": 1.8
      }
    },
    {
      "type": "Feature",
      "geometry": {
        "type": "Point",
        "coordinates": [
          31.55,
          0.94
        ]
      },
      "properties": {
        "Culvert_Number": "C401",
        "Link_Number": "C627_Link01",
        "Culvert_Structure_Type": "Corrugated metal pipe culvert",
        "Span_Diameter_m": 1.5,
        "Cell_Count": 4,
        "Maintenance_Station": "Hoima",
        "Maintenance_Region": "Western",
        "Scour_Risk_Rating": 53.0,
        "Hydraulic_Capacity_Ratio": 1.2
      }
    },
    {
      "type": "Feature",
      "geometry": {
        "type": "Point",
        "coordinates": [
          31.54,
          0.94
        ]
      },
      "properties": {
        "Culvert_Number": "C402",
        "Link_Number": "C627_Link01",
        "Culvert_Structure_Type": "Corrugated metal pipe culvert",
        "Span_Diameter_m": 1.8,
        "Cell_Count": 3,
        "Maintenance_Station": "Hoima",
        "Maintenance_Region": "Western",
        "Scour_Risk_Rating": 54.0,
        "Hydraulic_Capacity_Ratio": 1.4
      }
    },
    {
      "type": "Feature",
      "geometry": {
        "type": "Point",
        "coordinates": [
          31.16,
          1.37
        ]
      },
      "properties": {
        "Culvert_Number": "C403",
        "Link_Number": "C596_Link01",
        "Culvert_Structure_Type": "Box culvert (in situ concrete)",
        "Span_Diameter_m": 7.4,
        "Cell_Count": 2,
        "Maintenance_Station": "Hoima",
        "Maintenance_Region": "Western",
        "Scour_Risk_Rating": 55.0,
        "Hydraulic_Capacity_Ratio": 1.6
      }
    },
    {
      "type": "Feature",
      "geometry": {
        "type": "Point",
        "coordinates": [
          31.14,
          1.41
        ]
      },
      "properties": {
        "Culvert_Number": "C404",
        "Link_Number": "C594_Link01",
        "Culvert_Structure_Type": "Box culvert (in situ concrete)",
        "Span_Diameter_m": 6.5,
        "Cell_Count": 1,
        "Maintenance_Station": "Hoima",
        "Maintenance_Region": "Western",
        "Scour_Risk_Rating": 56.0,
        "Hydraulic_Capacity_Ratio": 1.8
      }
    },
    {
      "type": "Feature",
      "geometry": {
        "type": "Point",
        "coordinates": [
          30.99,
          1.48
        ]
      },
      "properties": {
        "Culvert_Number": "C405",
        "Link_Number": "C596_Link02",
        "Culvert_Structure_Type": "Box culvert (in situ concrete)",
        "Span_Diameter_m": 15.8,
        "Cell_Count": 3,
        "Maintenance_Station": "Hoima",
        "Maintenance_Region": "Western",
        "Scour_Risk_Rating": 57.0,
        "Hydraulic_Capacity_Ratio": 1.2
      }
    },
    {
      "type": "Feature",
      "geometry": {
        "type": "Point",
        "coordinates": [
          31.0,
          1.49
        ]
      },
      "properties": {
        "Culvert_Number": "C406",
        "Link_Number": "C596_Link02",
        "Culvert_Structure_Type": "Box culvert (in situ concrete)",
        "Span_Diameter_m": 10.4,
        "Cell_Count": 2,
        "Maintenance_Station": "Hoima",
        "Maintenance_Region": "Western",
        "Scour_Risk_Rating": 58.0,
        "Hydraulic_Capacity_Ratio": 1.4
      }
    },
    {
      "type": "Feature",
      "geometry": {
        "type": "Point",
        "coordinates": [
          30.96,
          1.52
        ]
      },
      "properties": {
        "Culvert_Number": "C407",
        "Link_Number": "C596_Link02",
        "Culvert_Structure_Type": "Box culvert (in situ concrete)",
        "Span_Diameter_m": 15.8,
        "Cell_Count": 3,
        "Maintenance_Station": "Hoima",
        "Maintenance_Region": "Western",
        "Scour_Risk_Rating": 59.0,
        "Hydraulic_Capacity_Ratio": 1.6
      }
    },
    {
      "type": "Feature",
      "geometry": {
        "type": "Point",
        "coordinates": [
          31.1,
          1.56
        ]
      },
      "properties": {
        "Culvert_Number": "C408",
        "Link_Number": "C604_Link01",
        "Culvert_Structure_Type": "Box culvert (in situ concrete)",
        "Span_Diameter_m": 6.0,
        "Cell_Count": 1,
        "Maintenance_Station": "Hoima",
        "Maintenance_Region": "Western",
        "Scour_Risk_Rating": 60.0,
        "Hydraulic_Capacity_Ratio": 1.8
      }
    },
    {
      "type": "Feature",
      "geometry": {
        "type": "Point",
        "coordinates": [
          31.1,
          1.56
        ]
      },
      "properties": {
        "Culvert_Number": "C409",
        "Link_Number": "C604_Link01",
        "Culvert_Structure_Type": "Corrugated metal pipe culvert",
        "Span_Diameter_m": 1.8,
        "Cell_Count": 7,
        "Maintenance_Station": "Hoima",
        "Maintenance_Region": "Western",
        "Scour_Risk_Rating": 61.0,
        "Hydraulic_Capacity_Ratio": 1.2
      }
    },
    {
      "type": "Feature",
      "geometry": {
        "type": "Point",
        "coordinates": [
          31.06,
          0.66
        ]
      },
      "properties": {
        "Culvert_Number": "C410",
        "Link_Number": "C551_Link01",
        "Culvert_Structure_Type": "Corrugated metal pipe culvert",
        "Span_Diameter_m": 2.8,
        "Cell_Count": 1,
        "Maintenance_Station": "Fort Portal",
        "Maintenance_Region": "Western",
        "Scour_Risk_Rating": 62.0,
        "Hydraulic_Capacity_Ratio": 1.4
      }
    },
    {
      "type": "Feature",
      "geometry": {
        "type": "Point",
        "coordinates": [
          31.06,
          0.66
        ]
      },
      "properties": {
        "Culvert_Number": "C411",
        "Link_Number": "C551_Link01",
        "Culvert_Structure_Type": "Corrugated metal pipe culvert",
        "Span_Diameter_m": 2.8,
        "Cell_Count": 2,
        "Maintenance_Station": "Fort Portal",
        "Maintenance_Region": "Western",
        "Scour_Risk_Rating": 63.0,
        "Hydraulic_Capacity_Ratio": 1.6
      }
    },
    {
      "type": "Feature",
      "geometry": {
        "type": "Point",
        "coordinates": [
          30.63,
          0.77
        ]
      },
      "properties": {
        "Culvert_Number": "C412",
        "Link_Number": "C548_Link01",
        "Culvert_Structure_Type": "Box culvert (in situ concrete)",
        "Span_Diameter_m": 6.1,
        "Cell_Count": 1,
        "Maintenance_Station": "Fort Portal",
        "Maintenance_Region": "Western",
        "Scour_Risk_Rating": 64.0,
        "Hydraulic_Capacity_Ratio": 1.8
      }
    },
    {
      "type": "Feature",
      "geometry": {
        "type": "Point",
        "coordinates": [
          30.29,
          1.02
        ]
      },
      "properties": {
        "Culvert_Number": "C413",
        "Link_Number": "C558_Link01",
        "Culvert_Structure_Type": "Corrugated metal pipe culvert",
        "Span_Diameter_m": 1.8,
        "Cell_Count": 5,
        "Maintenance_Station": "Fort Portal",
        "Maintenance_Region": "Western",
        "Scour_Risk_Rating": 65.0,
        "Hydraulic_Capacity_Ratio": 1.2
      }
    },
    {
      "type": "Feature",
      "geometry": {
        "type": "Point",
        "coordinates": [
          30.16,
          0.57
        ]
      },
      "properties": {
        "Culvert_Number": "C414",
        "Link_Number": "C556_Link01",
        "Culvert_Structure_Type": "Corrugated metal pipe culvert",
        "Span_Diameter_m": 2.1,
        "Cell_Count": 4,
        "Maintenance_Station": "Fort Portal",
        "Maintenance_Region": "Western",
        "Scour_Risk_Rating": 66.0,
        "Hydraulic_Capacity_Ratio": 1.4
      }
    },
    {
      "type": "Feature",
      "geometry": {
        "type": "Point",
        "coordinates": [
          30.3,
          0.66
        ]
      },
      "properties": {
        "Culvert_Number": "C415",
        "Link_Number": "C542_Link01",
        "Culvert_Structure_Type": "Box culvert (in situ concrete)",
        "Span_Diameter_m": 2.6,
        "Cell_Count": 1,
        "Maintenance_Station": "Fort Portal",
        "Maintenance_Region": "Western",
        "Scour_Risk_Rating": 12.0,
        "Hydraulic_Capacity_Ratio": 1.6
      }
    },
    {
      "type": "Feature",
      "geometry": {
        "type": "Point",
        "coordinates": [
          30.32,
          0.18
        ]
      },
      "properties": {
        "Culvert_Number": "C416",
        "Link_Number": "C547_Link01",
        "Culvert_Structure_Type": "Corrugated metal pipe culvert",
        "Span_Diameter_m": 3.0,
        "Cell_Count": 1,
        "Maintenance_Station": "Fort Portal",
        "Maintenance_Region": "Western",
        "Scour_Risk_Rating": 13.0,
        "Hydraulic_Capacity_Ratio": 1.8
      }
    },
    {
      "type": "Feature",
      "geometry": {
        "type": "Point",
        "coordinates": [
          30.83,
          0.33
        ]
      },
      "properties": {
        "Culvert_Number": "C417",
        "Link_Number": "C569_Link01",
        "Culvert_Structure_Type": "Corrugated metal pipe culvert",
        "Span_Diameter_m": 1.8,
        "Cell_Count": 2,
        "Maintenance_Station": "Fort Portal",
        "Maintenance_Region": "Western",
        "Scour_Risk_Rating": 14.0,
        "Hydraulic_Capacity_Ratio": 1.2
      }
    },
    {
      "type": "Feature",
      "geometry": {
        "type": "Point",
        "coordinates": [
          31.23,
          0.77
        ]
      },
      "properties": {
        "Culvert_Number": "C418",
        "Link_Number": "C550_Link01",
        "Culvert_Structure_Type": "Box culvert (in situ concrete)",
        "Span_Diameter_m": 12.78,
        "Cell_Count": 4,
        "Maintenance_Station": "Mubende",
        "Maintenance_Region": "Central",
        "Scour_Risk_Rating": 15.0,
        "Hydraulic_Capacity_Ratio": 1.4
      }
    },
    {
      "type": "Feature",
      "geometry": {
        "type": "Point",
        "coordinates": [
          31.21,
          0.78
        ]
      },
      "properties": {
        "Culvert_Number": "C419",
        "Link_Number": "C550_Link01",
        "Culvert_Structure_Type": "Box culvert (in situ concrete)",
        "Span_Diameter_m": 2.5,
        "Cell_Count": 2,
        "Maintenance_Station": "Mubende",
        "Maintenance_Region": "Central",
        "Scour_Risk_Rating": 16.0,
        "Hydraulic_Capacity_Ratio": 1.6
      }
    },
    {
      "type": "Feature",
      "geometry": {
        "type": "Point",
        "coordinates": [
          31.19,
          0.78
        ]
      },
      "properties": {
        "Culvert_Number": "C420",
        "Link_Number": "C550_Link01",
        "Culvert_Structure_Type": "Box culvert (in situ concrete)",
        "Span_Diameter_m": 2.5,
        "Cell_Count": 3,
        "Maintenance_Station": "Mubende",
        "Maintenance_Region": "Central",
        "Scour_Risk_Rating": 17.0,
        "Hydraulic_Capacity_Ratio": 1.8
      }
    },
    {
      "type": "Feature",
      "geometry": {
        "type": "Point",
        "coordinates": [
          31.18,
          1.32
        ]
      },
      "properties": {
        "Culvert_Number": "C421",
        "Link_Number": "B202_Link04",
        "Culvert_Structure_Type": "Box culvert (in situ concrete)",
        "Span_Diameter_m": 2.0,
        "Cell_Count": 2,
        "Maintenance_Station": "Hoima",
        "Maintenance_Region": "Western",
        "Scour_Risk_Rating": 18.0,
        "Hydraulic_Capacity_Ratio": 1.2
      }
    },
    {
      "type": "Feature",
      "geometry": {
        "type": "Point",
        "coordinates": [
          32.84,
          3.08
        ]
      },
      "properties": {
        "Culvert_Number": "C501",
        "Link_Number": "C681_Link01",
        "Culvert_Structure_Type": "Box culvert (in situ concrete)",
        "Span_Diameter_m": 4.0,
        "Cell_Count": 1,
        "Maintenance_Station": "Kitgum",
        "Maintenance_Region": "Northern",
        "Scour_Risk_Rating": 19.0,
        "Hydraulic_Capacity_Ratio": 1.4
      }
    },
    {
      "type": "Feature",
      "geometry": {
        "type": "Point",
        "coordinates": [
          32.81,
          3.06
        ]
      },
      "properties": {
        "Culvert_Number": "C502",
        "Link_Number": "C681_Link01",
        "Culvert_Structure_Type": "Box culvert (in situ concrete)",
        "Span_Diameter_m": 4.1,
        "Cell_Count": 1,
        "Maintenance_Station": "Kitgum",
        "Maintenance_Region": "Northern",
        "Scour_Risk_Rating": 20.0,
        "Hydraulic_Capacity_Ratio": 1.6
      }
    },
    {
      "type": "Feature",
      "geometry": {
        "type": "Point",
        "coordinates": [
          32.78,
          3.05
        ]
      },
      "properties": {
        "Culvert_Number": "C503",
        "Link_Number": "C681_Link01",
        "Culvert_Structure_Type": "Box culvert (in situ concrete)",
        "Span_Diameter_m": 4.0,
        "Cell_Count": 2,
        "Maintenance_Station": "Kitgum",
        "Maintenance_Region": "Northern",
        "Scour_Risk_Rating": 21.0,
        "Hydraulic_Capacity_Ratio": 1.8
      }
    },
    {
      "type": "Feature",
      "geometry": {
        "type": "Point",
        "coordinates": [
          32.76,
          3.02
        ]
      },
      "properties": {
        "Culvert_Number": "C504",
        "Link_Number": "C681_Link01",
        "Culvert_Structure_Type": "Box culvert (in situ concrete)",
        "Span_Diameter_m": 4.25,
        "Cell_Count": 3,
        "Maintenance_Station": "Kitgum",
        "Maintenance_Region": "Northern",
        "Scour_Risk_Rating": 22.0,
        "Hydraulic_Capacity_Ratio": 1.2
      }
    },
    {
      "type": "Feature",
      "geometry": {
        "type": "Point",
        "coordinates": [
          32.35,
          2.82
        ]
      },
      "properties": {
        "Culvert_Number": "C505",
        "Link_Number": "C681_Link02",
        "Culvert_Structure_Type": "Box culvert (in situ concrete)",
        "Span_Diameter_m": 8.6,
        "Cell_Count": 2,
        "Maintenance_Station": "Gulu",
        "Maintenance_Region": "Northern",
        "Scour_Risk_Rating": 23.0,
        "Hydraulic_Capacity_Ratio": 1.4
      }
    },
    {
      "type": "Feature",
      "geometry": {
        "type": "Point",
        "coordinates": [
          33.33,
          2.81
        ]
      },
      "properties": {
        "Culvert_Number": "C506",
        "Link_Number": "C681_Link02",
        "Culvert_Structure_Type": "Box culvert (in situ concrete)",
        "Span_Diameter_m": 4.0,
        "Cell_Count": 1,
        "Maintenance_Station": "Gulu",
        "Maintenance_Region": "Northern",
        "Scour_Risk_Rating": 24.0,
        "Hydraulic_Capacity_Ratio": 1.6
      }
    },
    {
      "type": "Feature",
      "geometry": {
        "type": "Point",
        "coordinates": [
          32.91,
          3.15
        ]
      },
      "properties": {
        "Culvert_Number": "C507",
        "Link_Number": "B252_Link03",
        "Culvert_Structure_Type": "Box culvert (in situ concrete)",
        "Span_Diameter_m": 3.0,
        "Cell_Count": 6,
        "Maintenance_Station": "Kitgum",
        "Maintenance_Region": "Northern",
        "Scour_Risk_Rating": 25.0,
        "Hydraulic_Capacity_Ratio": 1.8
      }
    },
    {
      "type": "Feature",
      "geometry": {
        "type": "Point",
        "coordinates": [
          32.92,
          3.2
        ]
      },
      "properties": {
        "Culvert_Number": "C508",
        "Link_Number": "B252_Link03",
        "Culvert_Structure_Type": "Box culvert (in situ concrete)",
        "Span_Diameter_m": 3.0,
        "Cell_Count": 3,
        "Maintenance_Station": "Kitgum",
        "Maintenance_Region": "Northern",
        "Scour_Risk_Rating": 26.0,
        "Hydraulic_Capacity_Ratio": 1.2
      }
    },
    {
      "type": "Feature",
      "geometry": {
        "type": "Point",
        "coordinates": [
          32.93,
          3.21
        ]
      },
      "properties": {
        "Culvert_Number": "C509",
        "Link_Number": "B252_Link03",
        "Culvert_Structure_Type": "Box culvert (in situ concrete)",
        "Span_Diameter_m": 3.0,
        "Cell_Count": 2,
        "Maintenance_Station": "Kitgum",
        "Maintenance_Region": "Northern",
        "Scour_Risk_Rating": 27.0,
        "Hydraulic_Capacity_Ratio": 1.4
      }
    },
    {
      "type": "Feature",
      "geometry": {
        "type": "Point",
        "coordinates": [
          32.91,
          3.25
        ]
      },
      "properties": {
        "Culvert_Number": "C510",
        "Link_Number": "B252_Link03",
        "Culvert_Structure_Type": "Box culvert (in situ concrete)",
        "Span_Diameter_m": 3.0,
        "Cell_Count": 3,
        "Maintenance_Station": "Kitgum",
        "Maintenance_Region": "Northern",
        "Scour_Risk_Rating": 28.0,
        "Hydraulic_Capacity_Ratio": 1.6
      }
    },
    {
      "type": "Feature",
      "geometry": {
        "type": "Point",
        "coordinates": [
          32.9,
          3.27
        ]
      },
      "properties": {
        "Culvert_Number": "C511",
        "Link_Number": "B252_Link03",
        "Culvert_Structure_Type": "Box culvert (in situ concrete)",
        "Span_Diameter_m": 2.0,
        "Cell_Count": 2,
        "Maintenance_Station": "Kitgum",
        "Maintenance_Region": "Northern",
        "Scour_Risk_Rating": 29.0,
        "Hydraulic_Capacity_Ratio": 1.8
      }
    },
    {
      "type": "Feature",
      "geometry": {
        "type": "Point",
        "coordinates": [
          32.9,
          3.32
        ]
      },
      "properties": {
        "Culvert_Number": "C512",
        "Link_Number": "B252_Link04",
        "Culvert_Structure_Type": "Box culvert (in situ concrete)",
        "Span_Diameter_m": 3.0,
        "Cell_Count": 2,
        "Maintenance_Station": "Kitgum",
        "Maintenance_Region": "Northern",
        "Scour_Risk_Rating": 30.0,
        "Hydraulic_Capacity_Ratio": 1.2
      }
    },
    {
      "type": "Feature",
      "geometry": {
        "type": "Point",
        "coordinates": [
          32.91,
          3.33
        ]
      },
      "properties": {
        "Culvert_Number": "C513",
        "Link_Number": "B252_Link04",
        "Culvert_Structure_Type": "Box culvert (in situ concrete)",
        "Span_Diameter_m": 2.96,
        "Cell_Count": 1,
        "Maintenance_Station": "Kitgum",
        "Maintenance_Region": "Northern",
        "Scour_Risk_Rating": 31.0,
        "Hydraulic_Capacity_Ratio": 1.4
      }
    },
    {
      "type": "Feature",
      "geometry": {
        "type": "Point",
        "coordinates": [
          32.95,
          3.36
        ]
      },
      "properties": {
        "Culvert_Number": "C514",
        "Link_Number": "B252_Link04",
        "Culvert_Structure_Type": "Box culvert (in situ concrete)",
        "Span_Diameter_m": 6.0,
        "Cell_Count": 3,
        "Maintenance_Station": "Kitgum",
        "Maintenance_Region": "Northern",
        "Scour_Risk_Rating": 32.0,
        "Hydraulic_Capacity_Ratio": 1.6
      }
    },
    {
      "type": "Feature",
      "geometry": {
        "type": "Point",
        "coordinates": [
          32.99,
          3.39
        ]
      },
      "properties": {
        "Culvert_Number": "C515",
        "Link_Number": "B252_Link04",
        "Culvert_Structure_Type": "Box culvert (in situ concrete)",
        "Span_Diameter_m": 1.98,
        "Cell_Count": 2,
        "Maintenance_Station": "Kitgum",
        "Maintenance_Region": "Northern",
        "Scour_Risk_Rating": 33.0,
        "Hydraulic_Capacity_Ratio": 1.8
      }
    },
    {
      "type": "Feature",
      "geometry": {
        "type": "Point",
        "coordinates": [
          33.03,
          3.44
        ]
      },
      "properties": {
        "Culvert_Number": "C516",
        "Link_Number": "B252_Link04",
        "Culvert_Structure_Type": "Box culvert (in situ concrete)",
        "Span_Diameter_m": 4.0,
        "Cell_Count": 2,
        "Maintenance_Station": "Kitgum",
        "Maintenance_Region": "Northern",
        "Scour_Risk_Rating": 34.0,
        "Hydraulic_Capacity_Ratio": 1.2
      }
    },
    {
      "type": "Feature",
      "geometry": {
        "type": "Point",
        "coordinates": [
          33.06,
          3.49
        ]
      },
      "properties": {
        "Culvert_Number": "C517",
        "Link_Number": "B252_Link04",
        "Culvert_Structure_Type": "Box culvert (in situ concrete)",
        "Span_Diameter_m": 3.0,
        "Cell_Count": 2,
        "Maintenance_Station": "Kitgum",
        "Maintenance_Region": "Northern",
        "Scour_Risk_Rating": 35.0,
        "Hydraulic_Capacity_Ratio": 1.4
      }
    },
    {
      "type": "Feature",
      "geometry": {
        "type": "Point",
        "coordinates": [
          33.07,
          3.52
        ]
      },
      "properties": {
        "Culvert_Number": "C518",
        "Link_Number": "B252_Link04",
        "Culvert_Structure_Type": "Box culvert (in situ concrete)",
        "Span_Diameter_m": 3.0,
        "Cell_Count": 6,
        "Maintenance_Station": "Kitgum",
        "Maintenance_Region": "Northern",
        "Scour_Risk_Rating": 36.0,
        "Hydraulic_Capacity_Ratio": 1.6
      }
    },
    {
      "type": "Feature",
      "geometry": {
        "type": "Point",
        "coordinates": [
          33.08,
          3.57
        ]
      },
      "properties": {
        "Culvert_Number": "C519",
        "Link_Number": "B252_Link04",
        "Culvert_Structure_Type": "Box culvert (in situ concrete)",
        "Span_Diameter_m": 3.0,
        "Cell_Count": 3,
        "Maintenance_Station": "Kitgum",
        "Maintenance_Region": "Northern",
        "Scour_Risk_Rating": 37.0,
        "Hydraulic_Capacity_Ratio": 1.8
      }
    },
    {
      "type": "Feature",
      "geometry": {
        "type": "Point",
        "coordinates": [
          33.09,
          3.62
        ]
      },
      "properties": {
        "Culvert_Number": "C520",
        "Link_Number": "B252_Link04",
        "Culvert_Structure_Type": "Box culvert (in situ concrete)",
        "Span_Diameter_m": 3.0,
        "Cell_Count": 4,
        "Maintenance_Station": "Kitgum",
        "Maintenance_Region": "Northern",
        "Scour_Risk_Rating": 38.0,
        "Hydraulic_Capacity_Ratio": 1.2
      }
    },
    {
      "type": "Feature",
      "geometry": {
        "type": "Point",
        "coordinates": [
          33.11,
          3.67
        ]
      },
      "properties": {
        "Culvert_Number": "C521",
        "Link_Number": "B252_Link05",
        "Culvert_Structure_Type": "Box culvert (in situ concrete)",
        "Span_Diameter_m": 2.0,
        "Cell_Count": 2,
        "Maintenance_Station": "Kitgum",
        "Maintenance_Region": "Northern",
        "Scour_Risk_Rating": 39.0,
        "Hydraulic_Capacity_Ratio": 1.4
      }
    },
    {
      "type": "Feature",
      "geometry": {
        "type": "Point",
        "coordinates": [
          32.37,
          2.48
        ]
      },
      "properties": {
        "Culvert_Number": "C522",
        "Link_Number": "A006_Link11",
        "Culvert_Structure_Type": "Corrugated metal arch (Armco) culvert",
        "Span_Diameter_m": 2.1,
        "Cell_Count": 3,
        "Maintenance_Station": "Gulu",
        "Maintenance_Region": "Northern",
        "Scour_Risk_Rating": 40.0,
        "Hydraulic_Capacity_Ratio": 1.6
      }
    },
    {
      "type": "Feature",
      "geometry": {
        "type": "Point",
        "coordinates": [
          32.37,
          2.3
        ]
      },
      "properties": {
        "Culvert_Number": "C523",
        "Link_Number": "A006_Link10",
        "Culvert_Structure_Type": "Box culvert (precast units)",
        "Span_Diameter_m": 3.7,
        "Cell_Count": 2,
        "Maintenance_Station": "Gulu",
        "Maintenance_Region": "Northern",
        "Scour_Risk_Rating": 41.0,
        "Hydraulic_Capacity_Ratio": 1.8
      }
    },
    {
      "type": "Feature",
      "geometry": {
        "type": "Point",
        "coordinates": [
          32.37,
          2.3
        ]
      },
      "properties": {
        "Culvert_Number": "C524",
        "Link_Number": "A006_Link10",
        "Culvert_Structure_Type": "Box culvert (in situ concrete)",
        "Span_Diameter_m": 3.7,
        "Cell_Count": 2,
        "Maintenance_Station": "Gulu",
        "Maintenance_Region": "Northern",
        "Scour_Risk_Rating": 42.0,
        "Hydraulic_Capacity_Ratio": 1.2
      }
    },
    {
      "type": "Feature",
      "geometry": {
        "type": "Point",
        "coordinates": [
          32.48,
          3.41
        ]
      },
      "properties": {
        "Culvert_Number": "C525",
        "Link_Number": "C700_Link01",
        "Culvert_Structure_Type": "Corrugated metal pipe culvert",
        "Span_Diameter_m": 1.8,
        "Cell_Count": 3,
        "Maintenance_Station": "Kitgum",
        "Maintenance_Region": "Northern",
        "Scour_Risk_Rating": 43.0,
        "Hydraulic_Capacity_Ratio": 1.4
      }
    },
    {
      "type": "Feature",
      "geometry": {
        "type": "Point",
        "coordinates": [
          33.09,
          3.68
        ]
      },
      "properties": {
        "Culvert_Number": "C526",
        "Link_Number": "C702_Link01",
        "Culvert_Structure_Type": "Box culvert (in situ concrete)",
        "Span_Diameter_m": 1.8,
        "Cell_Count": 1,
        "Maintenance_Station": "Kitgum",
        "Maintenance_Region": "Northern",
        "Scour_Risk_Rating": 44.0,
        "Hydraulic_Capacity_Ratio": 1.6
      }
    },
    {
      "type": "Feature",
      "geometry": {
        "type": "Point",
        "coordinates": [
          33.09,
          3.68
        ]
      },
      "properties": {
        "Culvert_Number": "C527",
        "Link_Number": "C702_Link01",
        "Culvert_Structure_Type": "Box culvert (in situ concrete)",
        "Span_Diameter_m": 2.8,
        "Cell_Count": 1,
        "Maintenance_Station": "Kitgum",
        "Maintenance_Region": "Northern",
        "Scour_Risk_Rating": 45.0,
        "Hydraulic_Capacity_Ratio": 1.8
      }
    },
    {
      "type": "Feature",
      "geometry": {
        "type": "Point",
        "coordinates": [
          33.35,
          2.75
        ]
      },
      "properties": {
        "Culvert_Number": "C528",
        "Link_Number": "B302_Link02",
        "Culvert_Structure_Type": "Box culvert (in situ concrete)",
        "Span_Diameter_m": 3.33,
        "Cell_Count": 3,
        "Maintenance_Station": "Kitgum",
        "Maintenance_Region": "Northern",
        "Scour_Risk_Rating": 46.0,
        "Hydraulic_Capacity_Ratio": 1.2
      }
    },
    {
      "type": "Feature",
      "geometry": {
        "type": "Point",
        "coordinates": [
          33.35,
          2.75
        ]
      },
      "properties": {
        "Culvert_Number": "C529",
        "Link_Number": "B302_Link02",
        "Culvert_Structure_Type": "Box culvert (in situ concrete)",
        "Span_Diameter_m": 3.33,
        "Cell_Count": 3,
        "Maintenance_Station": "Kitgum",
        "Maintenance_Region": "Northern",
        "Scour_Risk_Rating": 47.0,
        "Hydraulic_Capacity_Ratio": 1.4
      }
    },
    {
      "type": "Feature",
      "geometry": {
        "type": "Point",
        "coordinates": [
          33.35,
          2.75
        ]
      },
      "properties": {
        "Culvert_Number": "C530",
        "Link_Number": "B302_Link02",
        "Culvert_Structure_Type": "Box culvert (in situ concrete)",
        "Span_Diameter_m": 4.6,
        "Cell_Count": 3,
        "Maintenance_Station": "Kitgum",
        "Maintenance_Region": "Northern",
        "Scour_Risk_Rating": 48.0,
        "Hydraulic_Capacity_Ratio": 1.6
      }
    },
    {
      "type": "Feature",
      "geometry": {
        "type": "Point",
        "coordinates": [
          32.02,
          3.36
        ]
      },
      "properties": {
        "Culvert_Number": "C551",
        "Link_Number": "B250_Link01",
        "Culvert_Structure_Type": "Box culvert (in situ concrete)",
        "Span_Diameter_m": 3.0,
        "Cell_Count": 3,
        "Maintenance_Station": "Moyo",
        "Maintenance_Region": "Northern",
        "Scour_Risk_Rating": 49.0,
        "Hydraulic_Capacity_Ratio": 1.8
      }
    },
    {
      "type": "Feature",
      "geometry": {
        "type": "Point",
        "coordinates": [
          31.81,
          3.37
        ]
      },
      "properties": {
        "Culvert_Number": "C552",
        "Link_Number": "B250_Link01",
        "Culvert_Structure_Type": "Box culvert (in situ concrete)",
        "Span_Diameter_m": 3.0,
        "Cell_Count": 2,
        "Maintenance_Station": "Moyo",
        "Maintenance_Region": "Northern",
        "Scour_Risk_Rating": 50.0,
        "Hydraulic_Capacity_Ratio": 1.2
      }
    },
    {
      "type": "Feature",
      "geometry": {
        "type": "Point",
        "coordinates": [
          31.82,
          3.56
        ]
      },
      "properties": {
        "Culvert_Number": "C553",
        "Link_Number": "B250_Link01",
        "Culvert_Structure_Type": "Box culvert (in situ concrete)",
        "Span_Diameter_m": 2.4,
        "Cell_Count": 15,
        "Maintenance_Station": "Moyo",
        "Maintenance_Region": "Northern",
        "Scour_Risk_Rating": 51.0,
        "Hydraulic_Capacity_Ratio": 1.4
      }
    },
    {
      "type": "Feature",
      "geometry": {
        "type": "Point",
        "coordinates": [
          31.74,
          3.65
        ]
      },
      "properties": {
        "Culvert_Number": "C554",
        "Link_Number": "B250_Link01",
        "Culvert_Structure_Type": "Box culvert (in situ concrete)",
        "Span_Diameter_m": 3.0,
        "Cell_Count": 4,
        "Maintenance_Station": "Moyo",
        "Maintenance_Region": "Northern",
        "Scour_Risk_Rating": 52.0,
        "Hydraulic_Capacity_Ratio": 1.6
      }
    },
    {
      "type": "Feature",
      "geometry": {
        "type": "Point",
        "coordinates": [
          31.79,
          3.64
        ]
      },
      "properties": {
        "Culvert_Number": "C556",
        "Link_Number": "B250_Link01",
        "Culvert_Structure_Type": "Box culvert (in situ concrete)",
        "Span_Diameter_m": 3.0,
        "Cell_Count": 4,
        "Maintenance_Station": "Moyo",
        "Maintenance_Region": "Northern",
        "Scour_Risk_Rating": 53.0,
        "Hydraulic_Capacity_Ratio": 1.8
      }
    },
    {
      "type": "Feature",
      "geometry": {
        "type": "Point",
        "coordinates": [
          31.74,
          3.65
        ]
      },
      "properties": {
        "Culvert_Number": "C557",
        "Link_Number": "B250_Link01",
        "Culvert_Structure_Type": "Box culvert (in situ concrete)",
        "Span_Diameter_m": 3.0,
        "Cell_Count": 4,
        "Maintenance_Station": "Moyo",
        "Maintenance_Region": "Northern",
        "Scour_Risk_Rating": 54.0,
        "Hydraulic_Capacity_Ratio": 1.2
      }
    },
    {
      "type": "Feature",
      "geometry": {
        "type": "Point",
        "coordinates": [
          31.69,
          3.31
        ]
      },
      "properties": {
        "Culvert_Number": "C558",
        "Link_Number": "C726_Link01",
        "Culvert_Structure_Type": "Concrete pipe culvert",
        "Span_Diameter_m": 1.8,
        "Cell_Count": 3,
        "Maintenance_Station": "Moyo",
        "Maintenance_Region": "Northern",
        "Scour_Risk_Rating": 55.0,
        "Hydraulic_Capacity_Ratio": 1.4
      }
    },
    {
      "type": "Feature",
      "geometry": {
        "type": "Point",
        "coordinates": [
          31.15,
          3.28
        ]
      },
      "properties": {
        "Culvert_Number": "C560",
        "Link_Number": "B250_Link03",
        "Culvert_Structure_Type": "Box culvert (in situ concrete)",
        "Span_Diameter_m": 1.5,
        "Cell_Count": 2,
        "Maintenance_Station": "Moyo",
        "Maintenance_Region": "Northern",
        "Scour_Risk_Rating": 56.0,
        "Hydraulic_Capacity_Ratio": 1.6
      }
    },
    {
      "type": "Feature",
      "geometry": {
        "type": "Point",
        "coordinates": [
          31.16,
          3.29
        ]
      },
      "properties": {
        "Culvert_Number": "C561",
        "Link_Number": "B250_Link02",
        "Culvert_Structure_Type": "Box culvert (in situ concrete)",
        "Span_Diameter_m": 6.0,
        "Cell_Count": 2,
        "Maintenance_Station": "Moyo",
        "Maintenance_Region": "Northern",
        "Scour_Risk_Rating": 57.0,
        "Hydraulic_Capacity_Ratio": 1.8
      }
    },
    {
      "type": "Feature",
      "geometry": {
        "type": "Point",
        "coordinates": [
          31.11,
          2.9
        ]
      },
      "properties": {
        "Culvert_Number": "C562",
        "Link_Number": "C743_Link02",
        "Culvert_Structure_Type": "Corrugated metal pipe culvert",
        "Span_Diameter_m": 1.5,
        "Cell_Count": 4,
        "Maintenance_Station": "Arua",
        "Maintenance_Region": "Northern",
        "Scour_Risk_Rating": 58.0,
        "Hydraulic_Capacity_Ratio": 1.2
      }
    },
    {
      "type": "Feature",
      "geometry": {
        "type": "Point",
        "coordinates": [
          32.23,
          3.02
        ]
      },
      "properties": {
        "Culvert_Number": "C566",
        "Link_Number": "C690_Link01",
        "Culvert_Structure_Type": "Corrugated metal pipe culvert",
        "Span_Diameter_m": 0.9,
        "Cell_Count": 10,
        "Maintenance_Station": "Gulu",
        "Maintenance_Region": "Northern",
        "Scour_Risk_Rating": 59.0,
        "Hydraulic_Capacity_Ratio": 1.4
      }
    },
    {
      "type": "Feature",
      "geometry": {
        "type": "Point",
        "coordinates": [
          32.84,
          2.61
        ]
      },
      "properties": {
        "Culvert_Number": "C567",
        "Link_Number": "C667_Link01",
        "Culvert_Structure_Type": "Box culvert (in situ concrete)",
        "Span_Diameter_m": 1.8,
        "Cell_Count": 3,
        "Maintenance_Station": "Lira",
        "Maintenance_Region": "Northern",
        "Scour_Risk_Rating": 60.0,
        "Hydraulic_Capacity_Ratio": 1.6
      }
    },
    {
      "type": "Feature",
      "geometry": {
        "type": "Point",
        "coordinates": [
          33.22,
          2.37
        ]
      },
      "properties": {
        "Culvert_Number": "C570",
        "Link_Number": "C650_Link01",
        "Culvert_Structure_Type": "Box culvert (in situ concrete)",
        "Span_Diameter_m": 2.5,
        "Cell_Count": 3,
        "Maintenance_Station": "Lira",
        "Maintenance_Region": "Northern",
        "Scour_Risk_Rating": 61.0,
        "Hydraulic_Capacity_Ratio": 1.8
      }
    },
    {
      "type": "Feature",
      "geometry": {
        "type": "Point",
        "coordinates": [
          32.86,
          2.59
        ]
      },
      "properties": {
        "Culvert_Number": "C571",
        "Link_Number": "C667_Link01",
        "Culvert_Structure_Type": "Corrugated metal arch (Armco) culvert",
        "Span_Diameter_m": 2.8,
        "Cell_Count": 3,
        "Maintenance_Station": "Lira",
        "Maintenance_Region": "Northern",
        "Scour_Risk_Rating": 62.0,
        "Hydraulic_Capacity_Ratio": 1.2
      }
    },
    {
      "type": "Feature",
      "geometry": {
        "type": "Point",
        "coordinates": [
          32.16,
          2.31
        ]
      },
      "properties": {
        "Culvert_Number": "C601",
        "Link_Number": "A008_Link01",
        "Culvert_Structure_Type": "Box culvert (in situ concrete)",
        "Span_Diameter_m": 1.5,
        "Cell_Count": 2,
        "Maintenance_Station": "Gulu",
        "Maintenance_Region": "Northern",
        "Scour_Risk_Rating": 63.0,
        "Hydraulic_Capacity_Ratio": 1.4
      }
    },
    {
      "type": "Feature",
      "geometry": {
        "type": "Point",
        "coordinates": [
          31.98,
          2.44
        ]
      },
      "properties": {
        "Culvert_Number": "C602",
        "Link_Number": "A008_Link01",
        "Culvert_Structure_Type": "Corrugated metal pipe culvert",
        "Span_Diameter_m": 1.5,
        "Cell_Count": 8,
        "Maintenance_Station": "Gulu",
        "Maintenance_Region": "Northern",
        "Scour_Risk_Rating": 64.0,
        "Hydraulic_Capacity_Ratio": 1.6
      }
    },
    {
      "type": "Feature",
      "geometry": {
        "type": "Point",
        "coordinates": [
          31.16,
          2.49
        ]
      },
      "properties": {
        "Culvert_Number": "C603",
        "Link_Number": "A008_Link03",
        "Culvert_Structure_Type": "Box culvert (in situ concrete)",
        "Span_Diameter_m": 3.35,
        "Cell_Count": 2,
        "Maintenance_Station": "Arua",
        "Maintenance_Region": "Northern",
        "Scour_Risk_Rating": 65.0,
        "Hydraulic_Capacity_Ratio": 1.8
      }
    },
    {
      "type": "Feature",
      "geometry": {
        "type": "Point",
        "coordinates": [
          31.09,
          2.52
        ]
      },
      "properties": {
        "Culvert_Number": "C604",
        "Link_Number": "A008_Link04",
        "Culvert_Structure_Type": "Box culvert (in situ concrete)",
        "Span_Diameter_m": 3.0,
        "Cell_Count": 2,
        "Maintenance_Station": "Arua",
        "Maintenance_Region": "Northern",
        "Scour_Risk_Rating": 66.0,
        "Hydraulic_Capacity_Ratio": 1.2
      }
    },
    {
      "type": "Feature",
      "geometry": {
        "type": "Point",
        "coordinates": [
          30.96,
          2.91
        ]
      },
      "properties": {
        "Culvert_Number": "C605",
        "Link_Number": "A008_Link04",
        "Culvert_Structure_Type": "Box culvert (in situ concrete)",
        "Span_Diameter_m": 3.2,
        "Cell_Count": 2,
        "Maintenance_Station": "Arua",
        "Maintenance_Region": "Northern",
        "Scour_Risk_Rating": 12.0,
        "Hydraulic_Capacity_Ratio": 1.4
      }
    },
    {
      "type": "Feature",
      "geometry": {
        "type": "Point",
        "coordinates": [
          30.95,
          3.27
        ]
      },
      "properties": {
        "Culvert_Number": "C606",
        "Link_Number": "A008_Link06",
        "Culvert_Structure_Type": "Box culvert (in situ concrete)",
        "Span_Diameter_m": 2.5,
        "Cell_Count": 1,
        "Maintenance_Station": "Arua",
        "Maintenance_Region": "Northern",
        "Scour_Risk_Rating": 13.0,
        "Hydraulic_Capacity_Ratio": 1.6
      }
    },
    {
      "type": "Feature",
      "geometry": {
        "type": "Point",
        "coordinates": [
          30.96,
          3.37
        ]
      },
      "properties": {
        "Culvert_Number": "C607",
        "Link_Number": "A008_Link06",
        "Culvert_Structure_Type": "Box culvert (in situ concrete)",
        "Span_Diameter_m": 2.5,
        "Cell_Count": 2,
        "Maintenance_Station": "Arua",
        "Maintenance_Region": "Northern",
        "Scour_Risk_Rating": 14.0,
        "Hydraulic_Capacity_Ratio": 1.8
      }
    },
    {
      "type": "Feature",
      "geometry": {
        "type": "Point",
        "coordinates": [
          30.89,
          3.53
        ]
      },
      "properties": {
        "Culvert_Number": "C608",
        "Link_Number": "A008_Link06",
        "Culvert_Structure_Type": "Box culvert (in situ concrete)",
        "Span_Diameter_m": 2.9,
        "Cell_Count": 2,
        "Maintenance_Station": "Arua",
        "Maintenance_Region": "Northern",
        "Scour_Risk_Rating": 15.0,
        "Hydraulic_Capacity_Ratio": 1.2
      }
    },
    {
      "type": "Feature",
      "geometry": {
        "type": "Point",
        "coordinates": [
          33.74,
          0.97
        ]
      },
      "properties": {
        "Culvert_Number": "C751",
        "Link_Number": "A012_Link01",
        "Culvert_Structure_Type": "Corrugated metal pipe culvert",
        "Span_Diameter_m": 2.4,
        "Cell_Count": 8,
        "Maintenance_Station": "Jinja",
        "Maintenance_Region": "Eastern",
        "Scour_Risk_Rating": 16.0,
        "Hydraulic_Capacity_Ratio": 1.4
      }
    },
    {
      "type": "Feature",
      "geometry": {
        "type": "Point",
        "coordinates": [
          33.74,
          0.97
        ]
      },
      "properties": {
        "Culvert_Number": "C752",
        "Link_Number": "A012_Link01",
        "Culvert_Structure_Type": "Corrugated metal pipe culvert",
        "Span_Diameter_m": 1.8,
        "Cell_Count": 4,
        "Maintenance_Station": "Jinja",
        "Maintenance_Region": "Eastern",
        "Scour_Risk_Rating": 17.0,
        "Hydraulic_Capacity_Ratio": 1.6
      }
    },
    {
      "type": "Feature",
      "geometry": {
        "type": "Point",
        "coordinates": [
          33.74,
          0.97
        ]
      },
      "properties": {
        "Culvert_Number": "C753",
        "Link_Number": "A012_Link01",
        "Culvert_Structure_Type": "Corrugated metal pipe culvert",
        "Span_Diameter_m": 1.8,
        "Cell_Count": 8,
        "Maintenance_Station": "Jinja",
        "Maintenance_Region": "Eastern",
        "Scour_Risk_Rating": 18.0,
        "Hydraulic_Capacity_Ratio": 1.8
      }
    },
    {
      "type": "Feature",
      "geometry": {
        "type": "Point",
        "coordinates": [
          0.96,
          33.74
        ]
      },
      "properties": {
        "Culvert_Number": "C754",
        "Link_Number": "A012_Link01",
        "Culvert_Structure_Type": "Corrugated metal pipe culvert",
        "Span_Diameter_m": 1.8,
        "Cell_Count": 9,
        "Maintenance_Station": "Jinja",
        "Maintenance_Region": "Eastern",
        "Scour_Risk_Rating": 19.0,
        "Hydraulic_Capacity_Ratio": 1.2
      }
    },
    {
      "type": "Feature",
      "geometry": {
        "type": "Point",
        "coordinates": [
          33.73,
          0.96
        ]
      },
      "properties": {
        "Culvert_Number": "C755",
        "Link_Number": "A012_Link01",
        "Culvert_Structure_Type": "Corrugated metal pipe culvert",
        "Span_Diameter_m": 1.8,
        "Cell_Count": 4,
        "Maintenance_Station": "Jinja",
        "Maintenance_Region": "Eastern",
        "Scour_Risk_Rating": 20.0,
        "Hydraulic_Capacity_Ratio": 1.4
      }
    },
    {
      "type": "Feature",
      "geometry": {
        "type": "Point",
        "coordinates": [
          33.73,
          0.95
        ]
      },
      "properties": {
        "Culvert_Number": "C756",
        "Link_Number": "A012_Link01",
        "Culvert_Structure_Type": "Corrugated metal pipe culvert",
        "Span_Diameter_m": 1.8,
        "Cell_Count": 2,
        "Maintenance_Station": "Jinja",
        "Maintenance_Region": "Eastern",
        "Scour_Risk_Rating": 21.0,
        "Hydraulic_Capacity_Ratio": 1.6
      }
    },
    {
      "type": "Feature",
      "geometry": {
        "type": "Point",
        "coordinates": [
          33.72,
          0.89
        ]
      },
      "properties": {
        "Culvert_Number": "C757",
        "Link_Number": "A012_Link01",
        "Culvert_Structure_Type": "Corrugated metal pipe culvert",
        "Span_Diameter_m": 1.55,
        "Cell_Count": 5,
        "Maintenance_Station": "Jinja",
        "Maintenance_Region": "Eastern",
        "Scour_Risk_Rating": 22.0,
        "Hydraulic_Capacity_Ratio": 1.8
      }
    },
    {
      "type": "Feature",
      "geometry": {
        "type": "Point",
        "coordinates": [
          33.59,
          0.73
        ]
      },
      "properties": {
        "Culvert_Number": "C758",
        "Link_Number": "A012_Link01",
        "Culvert_Structure_Type": "Box culvert (in situ concrete)",
        "Span_Diameter_m": 2.5,
        "Cell_Count": 3,
        "Maintenance_Station": "Jinja",
        "Maintenance_Region": "Eastern",
        "Scour_Risk_Rating": 23.0,
        "Hydraulic_Capacity_Ratio": 1.2
      }
    },
    {
      "type": "Feature",
      "geometry": {
        "type": "Point",
        "coordinates": [
          33.59,
          0.73
        ]
      },
      "properties": {
        "Culvert_Number": "C759",
        "Link_Number": "A012_Link01",
        "Culvert_Structure_Type": "Box culvert (in situ concrete)",
        "Span_Diameter_m": 2.0,
        "Cell_Count": 2,
        "Maintenance_Station": "Jinja",
        "Maintenance_Region": "Eastern",
        "Scour_Risk_Rating": 24.0,
        "Hydraulic_Capacity_Ratio": 1.4
      }
    },
    {
      "type": "Feature",
      "geometry": {
        "type": "Point",
        "coordinates": [
          33.59,
          0.73
        ]
      },
      "properties": {
        "Culvert_Number": "C760",
        "Link_Number": "A012_Link01",
        "Culvert_Structure_Type": "Corrugated metal pipe culvert",
        "Span_Diameter_m": 2.2,
        "Cell_Count": 2,
        "Maintenance_Station": "Jinja",
        "Maintenance_Region": "Eastern",
        "Scour_Risk_Rating": 25.0,
        "Hydraulic_Capacity_Ratio": 1.6
      }
    },
    {
      "type": "Feature",
      "geometry": {
        "type": "Point",
        "coordinates": [
          33.58,
          0.72
        ]
      },
      "properties": {
        "Culvert_Number": "C761",
        "Link_Number": "A012_Link01",
        "Culvert_Structure_Type": "Box culvert (in situ concrete)",
        "Span_Diameter_m": 2.0,
        "Cell_Count": 2,
        "Maintenance_Station": "Jinja",
        "Maintenance_Region": "Eastern",
        "Scour_Risk_Rating": 26.0,
        "Hydraulic_Capacity_Ratio": 1.8
      }
    },
    {
      "type": "Feature",
      "geometry": {
        "type": "Point",
        "coordinates": [
          33.58,
          0.72
        ]
      },
      "properties": {
        "Culvert_Number": "C762",
        "Link_Number": "A012_Link01",
        "Culvert_Structure_Type": "Box culvert (in situ concrete)",
        "Span_Diameter_m": 2.0,
        "Cell_Count": 2,
        "Maintenance_Station": "Jinja",
        "Maintenance_Region": "Eastern",
        "Scour_Risk_Rating": 27.0,
        "Hydraulic_Capacity_Ratio": 1.2
      }
    },
    {
      "type": "Feature",
      "geometry": {
        "type": "Point",
        "coordinates": [
          33.58,
          0.72
        ]
      },
      "properties": {
        "Culvert_Number": "C763",
        "Link_Number": "A012_Link01",
        "Culvert_Structure_Type": "Box culvert (in situ concrete)",
        "Span_Diameter_m": 2.0,
        "Cell_Count": 2,
        "Maintenance_Station": "Jinja",
        "Maintenance_Region": "Eastern",
        "Scour_Risk_Rating": 28.0,
        "Hydraulic_Capacity_Ratio": 1.4
      }
    },
    {
      "type": "Feature",
      "geometry": {
        "type": "Point",
        "coordinates": [
          33.56,
          0.63
        ]
      },
      "properties": {
        "Culvert_Number": "C764",
        "Link_Number": "A001_Link08",
        "Culvert_Structure_Type": "Corrugated metal pipe culvert",
        "Span_Diameter_m": 1.5,
        "Cell_Count": 4,
        "Maintenance_Station": "Jinja",
        "Maintenance_Region": "Eastern",
        "Scour_Risk_Rating": 29.0,
        "Hydraulic_Capacity_Ratio": 1.6
      }
    },
    {
      "type": "Feature",
      "geometry": {
        "type": "Point",
        "coordinates": [
          33.56,
          0.63
        ]
      },
      "properties": {
        "Culvert_Number": "C765",
        "Link_Number": "A001_Link08",
        "Culvert_Structure_Type": "Corrugated metal pipe culvert",
        "Span_Diameter_m": 1.5,
        "Cell_Count": 4,
        "Maintenance_Station": "Jinja",
        "Maintenance_Region": "Eastern",
        "Scour_Risk_Rating": 30.0,
        "Hydraulic_Capacity_Ratio": 1.8
      }
    },
    {
      "type": "Feature",
      "geometry": {
        "type": "Point",
        "coordinates": [
          33.67,
          0.61
        ]
      },
      "properties": {
        "Culvert_Number": "C766",
        "Link_Number": "A001_Link08",
        "Culvert_Structure_Type": "Corrugated metal pipe culvert",
        "Span_Diameter_m": 1.8,
        "Cell_Count": 4,
        "Maintenance_Station": "Jinja",
        "Maintenance_Region": "Eastern",
        "Scour_Risk_Rating": 31.0,
        "Hydraulic_Capacity_Ratio": 1.2
      }
    },
    {
      "type": "Feature",
      "geometry": {
        "type": "Point",
        "coordinates": [
          33.67,
          0.61
        ]
      },
      "properties": {
        "Culvert_Number": "C767",
        "Link_Number": "A001_Link08",
        "Culvert_Structure_Type": "Corrugated metal pipe culvert",
        "Span_Diameter_m": 1.5,
        "Cell_Count": 3,
        "Maintenance_Station": "Jinja",
        "Maintenance_Region": "Eastern",
        "Scour_Risk_Rating": 32.0,
        "Hydraulic_Capacity_Ratio": 1.4
      }
    },
    {
      "type": "Feature",
      "geometry": {
        "type": "Point",
        "coordinates": [
          33.67,
          0.61
        ]
      },
      "properties": {
        "Culvert_Number": "C768",
        "Link_Number": "A001_Link08",
        "Culvert_Structure_Type": "Corrugated metal pipe culvert",
        "Span_Diameter_m": 1.5,
        "Cell_Count": 3,
        "Maintenance_Station": "Jinja",
        "Maintenance_Region": "Eastern",
        "Scour_Risk_Rating": 33.0,
        "Hydraulic_Capacity_Ratio": 1.6
      }
    },
    {
      "type": "Feature",
      "geometry": {
        "type": "Point",
        "coordinates": [
          33.67,
          0.61
        ]
      },
      "properties": {
        "Culvert_Number": "C769",
        "Link_Number": "A001_Link08",
        "Culvert_Structure_Type": "Corrugated metal pipe culvert",
        "Span_Diameter_m": 1.8,
        "Cell_Count": 2,
        "Maintenance_Station": "Jinja",
        "Maintenance_Region": "Eastern",
        "Scour_Risk_Rating": 34.0,
        "Hydraulic_Capacity_Ratio": 1.8
      }
    },
    {
      "type": "Feature",
      "geometry": {
        "type": "Point",
        "coordinates": [
          34.01,
          0.54
        ]
      },
      "properties": {
        "Culvert_Number": "C770",
        "Link_Number": "A001_Link10",
        "Culvert_Structure_Type": "Box culvert (in situ concrete)",
        "Span_Diameter_m": 3.6,
        "Cell_Count": 1,
        "Maintenance_Station": "Tororo",
        "Maintenance_Region": "Eastern",
        "Scour_Risk_Rating": 35.0,
        "Hydraulic_Capacity_Ratio": 1.2
      }
    },
    {
      "type": "Feature",
      "geometry": {
        "type": "Point",
        "coordinates": [
          34.03,
          0.57
        ]
      },
      "properties": {
        "Culvert_Number": "C771",
        "Link_Number": "A001_Link10",
        "Culvert_Structure_Type": "Box culvert (in situ concrete)",
        "Span_Diameter_m": 3.55,
        "Cell_Count": 3,
        "Maintenance_Station": "Tororo",
        "Maintenance_Region": "Eastern",
        "Scour_Risk_Rating": 36.0,
        "Hydraulic_Capacity_Ratio": 1.4
      }
    },
    {
      "type": "Feature",
      "geometry": {
        "type": "Point",
        "coordinates": [
          34.05,
          0.59
        ]
      },
      "properties": {
        "Culvert_Number": "C772",
        "Link_Number": "A001_Link10",
        "Culvert_Structure_Type": "Box culvert (in situ concrete)",
        "Span_Diameter_m": 3.0,
        "Cell_Count": 1,
        "Maintenance_Station": "Tororo",
        "Maintenance_Region": "Eastern",
        "Scour_Risk_Rating": 37.0,
        "Hydraulic_Capacity_Ratio": 1.6
      }
    },
    {
      "type": "Feature",
      "geometry": {
        "type": "Point",
        "coordinates": [
          34.06,
          0.59
        ]
      },
      "properties": {
        "Culvert_Number": "C773",
        "Link_Number": "A001_Link10",
        "Culvert_Structure_Type": "Box culvert (in situ concrete)",
        "Span_Diameter_m": 3.0,
        "Cell_Count": 1,
        "Maintenance_Station": "Tororo",
        "Maintenance_Region": "Eastern",
        "Scour_Risk_Rating": 38.0,
        "Hydraulic_Capacity_Ratio": 1.8
      }
    },
    {
      "type": "Feature",
      "geometry": {
        "type": "Point",
        "coordinates": [
          34.06,
          0.59
        ]
      },
      "properties": {
        "Culvert_Number": "C774",
        "Link_Number": "A001_Link10",
        "Culvert_Structure_Type": "Box culvert (in situ concrete)",
        "Span_Diameter_m": 3.0,
        "Cell_Count": 1,
        "Maintenance_Station": "Tororo",
        "Maintenance_Region": "Eastern",
        "Scour_Risk_Rating": 39.0,
        "Hydraulic_Capacity_Ratio": 1.2
      }
    },
    {
      "type": "Feature",
      "geometry": {
        "type": "Point",
        "coordinates": [
          34.06,
          0.59
        ]
      },
      "properties": {
        "Culvert_Number": "C775",
        "Link_Number": "A001_Link10",
        "Culvert_Structure_Type": "Box culvert (in situ concrete)",
        "Span_Diameter_m": 3.0,
        "Cell_Count": 1,
        "Maintenance_Station": "Tororo",
        "Maintenance_Region": "Eastern",
        "Scour_Risk_Rating": 40.0,
        "Hydraulic_Capacity_Ratio": 1.4
      }
    },
    {
      "type": "Feature",
      "geometry": {
        "type": "Point",
        "coordinates": [
          34.06,
          0.59
        ]
      },
      "properties": {
        "Culvert_Number": "C776",
        "Link_Number": "A001_Link10",
        "Culvert_Structure_Type": "Box culvert (in situ concrete)",
        "Span_Diameter_m": 3.1,
        "Cell_Count": 1,
        "Maintenance_Station": "Tororo",
        "Maintenance_Region": "Eastern",
        "Scour_Risk_Rating": 41.0,
        "Hydraulic_Capacity_Ratio": 1.6
      }
    },
    {
      "type": "Feature",
      "geometry": {
        "type": "Point",
        "coordinates": [
          34.18,
          0.7
        ]
      },
      "properties": {
        "Culvert_Number": "C777",
        "Link_Number": "A007_Link02",
        "Culvert_Structure_Type": "Corrugated metal pipe culvert",
        "Span_Diameter_m": 1.8,
        "Cell_Count": 2,
        "Maintenance_Station": "Tororo",
        "Maintenance_Region": "Eastern",
        "Scour_Risk_Rating": 42.0,
        "Hydraulic_Capacity_Ratio": 1.8
      }
    },
    {
      "type": "Feature",
      "geometry": {
        "type": "Point",
        "coordinates": [
          34.18,
          0.72
        ]
      },
      "properties": {
        "Culvert_Number": "C778",
        "Link_Number": "A007_Link02",
        "Culvert_Structure_Type": "Box culvert (in situ concrete)",
        "Span_Diameter_m": 3.5,
        "Cell_Count": 2,
        "Maintenance_Station": "Tororo",
        "Maintenance_Region": "Eastern",
        "Scour_Risk_Rating": 43.0,
        "Hydraulic_Capacity_Ratio": 1.2
      }
    },
    {
      "type": "Feature",
      "geometry": {
        "type": "Point",
        "coordinates": [
          34.18,
          0.77
        ]
      },
      "properties": {
        "Culvert_Number": "C779",
        "Link_Number": "A007_Link02",
        "Culvert_Structure_Type": "Corrugated metal pipe culvert",
        "Span_Diameter_m": 1.8,
        "Cell_Count": 3,
        "Maintenance_Station": "Tororo",
        "Maintenance_Region": "Eastern",
        "Scour_Risk_Rating": 44.0,
        "Hydraulic_Capacity_Ratio": 1.4
      }
    },
    {
      "type": "Feature",
      "geometry": {
        "type": "Point",
        "coordinates": [
          34.18,
          0.79
        ]
      },
      "properties": {
        "Culvert_Number": "C780",
        "Link_Number": "A007_Link02",
        "Culvert_Structure_Type": "Box culvert (in situ concrete)",
        "Span_Diameter_m": 4.2,
        "Cell_Count": 3,
        "Maintenance_Station": "Tororo",
        "Maintenance_Region": "Eastern",
        "Scour_Risk_Rating": 45.0,
        "Hydraulic_Capacity_Ratio": 1.6
      }
    },
    {
      "type": "Feature",
      "geometry": {
        "type": "Point",
        "coordinates": [
          34.02,
          0.74
        ]
      },
      "properties": {
        "Culvert_Number": "C781",
        "Link_Number": "C836_Link01",
        "Culvert_Structure_Type": "Corrugated metal pipe culvert",
        "Span_Diameter_m": 2.0,
        "Cell_Count": 2,
        "Maintenance_Station": "Tororo",
        "Maintenance_Region": "Eastern",
        "Scour_Risk_Rating": 46.0,
        "Hydraulic_Capacity_Ratio": 1.8
      }
    },
    {
      "type": "Feature",
      "geometry": {
        "type": "Point",
        "coordinates": [
          33.99,
          0.64
        ]
      },
      "properties": {
        "Culvert_Number": "C782",
        "Link_Number": "C836_Link01",
        "Culvert_Structure_Type": "Corrugated metal pipe culvert",
        "Span_Diameter_m": 1.8,
        "Cell_Count": 2,
        "Maintenance_Station": "Tororo",
        "Maintenance_Region": "Eastern",
        "Scour_Risk_Rating": 47.0,
        "Hydraulic_Capacity_Ratio": 1.2
      }
    },
    {
      "type": "Feature",
      "geometry": {
        "type": "Point",
        "coordinates": [
          33.99,
          0.93
        ]
      },
      "properties": {
        "Culvert_Number": "C783",
        "Link_Number": "C833_Link01",
        "Culvert_Structure_Type": "Corrugated metal pipe culvert",
        "Span_Diameter_m": 2.0,
        "Cell_Count": 3,
        "Maintenance_Station": "Tororo",
        "Maintenance_Region": "Eastern",
        "Scour_Risk_Rating": 48.0,
        "Hydraulic_Capacity_Ratio": 1.4
      }
    },
    {
      "type": "Feature",
      "geometry": {
        "type": "Point",
        "coordinates": [
          34.02,
          0.92
        ]
      },
      "properties": {
        "Culvert_Number": "C784",
        "Link_Number": "C839_Link01",
        "Culvert_Structure_Type": "Corrugated metal pipe culvert",
        "Span_Diameter_m": 1.8,
        "Cell_Count": 3,
        "Maintenance_Station": "Tororo",
        "Maintenance_Region": "Eastern",
        "Scour_Risk_Rating": 49.0,
        "Hydraulic_Capacity_Ratio": 1.6
      }
    },
    {
      "type": "Feature",
      "geometry": {
        "type": "Point",
        "coordinates": [
          34.48,
          1.34
        ]
      },
      "properties": {
        "Culvert_Number": "C785",
        "Link_Number": "C888_Link01",
        "Culvert_Structure_Type": "Box culvert (in situ concrete)",
        "Span_Diameter_m": 3.46,
        "Cell_Count": 2,
        "Maintenance_Station": "Mbale",
        "Maintenance_Region": "Eastern",
        "Scour_Risk_Rating": 50.0,
        "Hydraulic_Capacity_Ratio": 1.8
      }
    },
    {
      "type": "Feature",
      "geometry": {
        "type": "Point",
        "coordinates": [
          34.3,
          0.96
        ]
      },
      "properties": {
        "Culvert_Number": "C786",
        "Link_Number": "C867_Link02",
        "Culvert_Structure_Type": "Box culvert (in situ concrete)",
        "Span_Diameter_m": 2.4,
        "Cell_Count": 1,
        "Maintenance_Station": "Mbale",
        "Maintenance_Region": "Eastern",
        "Scour_Risk_Rating": 51.0,
        "Hydraulic_Capacity_Ratio": 1.2
      }
    },
    {
      "type": "Feature",
      "geometry": {
        "type": "Point",
        "coordinates": [
          34.35,
          1.05
        ]
      },
      "properties": {
        "Culvert_Number": "C787",
        "Link_Number": "C867_Link02",
        "Culvert_Structure_Type": "Corrugated metal pipe culvert",
        "Span_Diameter_m": 2.73,
        "Cell_Count": 1,
        "Maintenance_Station": "Mbale",
        "Maintenance_Region": "Eastern",
        "Scour_Risk_Rating": 52.0,
        "Hydraulic_Capacity_Ratio": 1.4
      }
    },
    {
      "type": "Feature",
      "geometry": {
        "type": "Point",
        "coordinates": [
          34.33,
          0.92
        ]
      },
      "properties": {
        "Culvert_Number": "C788",
        "Link_Number": "C891_Link01",
        "Culvert_Structure_Type": "Box culvert (in situ concrete)",
        "Span_Diameter_m": 2.5,
        "Cell_Count": 1,
        "Maintenance_Station": "Mbale",
        "Maintenance_Region": "Eastern",
        "Scour_Risk_Rating": 53.0,
        "Hydraulic_Capacity_Ratio": 1.6
      }
    },
    {
      "type": "Feature",
      "geometry": {
        "type": "Point",
        "coordinates": [
          34.33,
          0.92
        ]
      },
      "properties": {
        "Culvert_Number": "C789",
        "Link_Number": "C891_Link01",
        "Culvert_Structure_Type": "Box culvert (in situ concrete)",
        "Span_Diameter_m": 2.4,
        "Cell_Count": 1,
        "Maintenance_Station": "Mbale",
        "Maintenance_Region": "Eastern",
        "Scour_Risk_Rating": 54.0,
        "Hydraulic_Capacity_Ratio": 1.8
      }
    },
    {
      "type": "Feature",
      "geometry": {
        "type": "Point",
        "coordinates": [
          34.28,
          0.84
        ]
      },
      "properties": {
        "Culvert_Number": "C790",
        "Link_Number": "C870_Link01",
        "Culvert_Structure_Type": "Corrugated metal pipe culvert",
        "Span_Diameter_m": 1.5,
        "Cell_Count": 8,
        "Maintenance_Station": "Mbale",
        "Maintenance_Region": "Eastern",
        "Scour_Risk_Rating": 55.0,
        "Hydraulic_Capacity_Ratio": 1.2
      }
    },
    {
      "type": "Feature",
      "geometry": {
        "type": "Point",
        "coordinates": [
          34.28,
          0.94
        ]
      },
      "properties": {
        "Culvert_Number": "C791",
        "Link_Number": "C870_Link01",
        "Culvert_Structure_Type": "Box culvert (in situ concrete)",
        "Span_Diameter_m": 3.7,
        "Cell_Count": 2,
        "Maintenance_Station": "Mbale",
        "Maintenance_Region": "Eastern",
        "Scour_Risk_Rating": 56.0,
        "Hydraulic_Capacity_Ratio": 1.4
      }
    },
    {
      "type": "Feature",
      "geometry": {
        "type": "Point",
        "coordinates": [
          34.15,
          1.38
        ]
      },
      "properties": {
        "Culvert_Number": "C792",
        "Link_Number": "C927_Link02",
        "Culvert_Structure_Type": "Box culvert (in situ concrete)",
        "Span_Diameter_m": 4.0,
        "Cell_Count": 1,
        "Maintenance_Station": "Mbale",
        "Maintenance_Region": "Eastern",
        "Scour_Risk_Rating": 57.0,
        "Hydraulic_Capacity_Ratio": 1.6
      }
    },
    {
      "type": "Feature",
      "geometry": {
        "type": "Point",
        "coordinates": [
          34.15,
          1.38
        ]
      },
      "properties": {
        "Culvert_Number": "C793",
        "Link_Number": "C927_Link02",
        "Culvert_Structure_Type": "Box culvert (in situ concrete)",
        "Span_Diameter_m": 4.0,
        "Cell_Count": 1,
        "Maintenance_Station": "Mbale",
        "Maintenance_Region": "Eastern",
        "Scour_Risk_Rating": 58.0,
        "Hydraulic_Capacity_Ratio": 1.8
      }
    },
    {
      "type": "Feature",
      "geometry": {
        "type": "Point",
        "coordinates": [
          34.45,
          1.4
        ]
      },
      "properties": {
        "Culvert_Number": "C794",
        "Link_Number": "B304_Link02",
        "Culvert_Structure_Type": "Box culvert (in situ concrete)",
        "Span_Diameter_m": 2.5,
        "Cell_Count": 2,
        "Maintenance_Station": "Mbale",
        "Maintenance_Region": "Eastern",
        "Scour_Risk_Rating": 59.0,
        "Hydraulic_Capacity_Ratio": 1.2
      }
    },
    {
      "type": "Feature",
      "geometry": {
        "type": "Point",
        "coordinates": [
          34.54,
          1.41
        ]
      },
      "properties": {
        "Culvert_Number": "C795",
        "Link_Number": "B304_Link02",
        "Culvert_Structure_Type": "Box culvert (in situ concrete)",
        "Span_Diameter_m": 3.54,
        "Cell_Count": 2,
        "Maintenance_Station": "Mbale",
        "Maintenance_Region": "Eastern",
        "Scour_Risk_Rating": 60.0,
        "Hydraulic_Capacity_Ratio": 1.4
      }
    },
    {
      "type": "Feature",
      "geometry": {
        "type": "Point",
        "coordinates": [
          34.56,
          1.41
        ]
      },
      "properties": {
        "Culvert_Number": "C796",
        "Link_Number": "B304_Link02",
        "Culvert_Structure_Type": "Box culvert (in situ concrete)",
        "Span_Diameter_m": 2.96,
        "Cell_Count": 1,
        "Maintenance_Station": "Mbale",
        "Maintenance_Region": "Eastern",
        "Scour_Risk_Rating": 61.0,
        "Hydraulic_Capacity_Ratio": 1.6
      }
    },
    {
      "type": "Feature",
      "geometry": {
        "type": "Point",
        "coordinates": [
          34.6,
          1.42
        ]
      },
      "properties": {
        "Culvert_Number": "C797",
        "Link_Number": "B304_Link02",
        "Culvert_Structure_Type": "Box culvert (in situ concrete)",
        "Span_Diameter_m": 2.43,
        "Cell_Count": 1,
        "Maintenance_Station": "Mbale",
        "Maintenance_Region": "Eastern",
        "Scour_Risk_Rating": 62.0,
        "Hydraulic_Capacity_Ratio": 1.8
      }
    },
    {
      "type": "Feature",
      "geometry": {
        "type": "Point",
        "coordinates": [
          33.87,
          1.27
        ]
      },
      "properties": {
        "Culvert_Number": "C798",
        "Link_Number": "B305_Link03",
        "Culvert_Structure_Type": "Corrugated metal pipe culvert",
        "Span_Diameter_m": 1.8,
        "Cell_Count": 3,
        "Maintenance_Station": "Soroti",
        "Maintenance_Region": "North Eastern",
        "Scour_Risk_Rating": 63.0,
        "Hydraulic_Capacity_Ratio": 1.2
      }
    },
    {
      "type": "Feature",
      "geometry": {
        "type": "Point",
        "coordinates": [
          33.87,
          1.27
        ]
      },
      "properties": {
        "Culvert_Number": "C799",
        "Link_Number": "B305_Link03",
        "Culvert_Structure_Type": "Corrugated metal pipe culvert",
        "Span_Diameter_m": 1.8,
        "Cell_Count": 2,
        "Maintenance_Station": "Soroti",
        "Maintenance_Region": "North Eastern",
        "Scour_Risk_Rating": 64.0,
        "Hydraulic_Capacity_Ratio": 1.4
      }
    },
    {
      "type": "Feature",
      "geometry": {
        "type": "Point",
        "coordinates": [
          34.33,
          1.31
        ]
      },
      "properties": {
        "Culvert_Number": "C800",
        "Link_Number": "C871_Link01",
        "Culvert_Structure_Type": "Box culvert (in situ concrete)",
        "Span_Diameter_m": 2.0,
        "Cell_Count": 1,
        "Maintenance_Station": "Mbale",
        "Maintenance_Region": "Eastern",
        "Scour_Risk_Rating": 65.0,
        "Hydraulic_Capacity_Ratio": 1.6
      }
    },
    {
      "type": "Feature",
      "geometry": {
        "type": "Point",
        "coordinates": [
          34.15,
          3.51
        ]
      },
      "properties": {
        "Culvert_Number": "C801",
        "Link_Number": "B301_Link03",
        "Culvert_Structure_Type": "Corrugated metal pipe culvert",
        "Span_Diameter_m": 1.8,
        "Cell_Count": 5,
        "Maintenance_Station": "Kotido",
        "Maintenance_Region": "North Eastern",
        "Scour_Risk_Rating": 66.0,
        "Hydraulic_Capacity_Ratio": 1.8
      }
    },
    {
      "type": "Feature",
      "geometry": {
        "type": "Point",
        "coordinates": [
          33.99,
          3.67
        ]
      },
      "properties": {
        "Culvert_Number": "C802",
        "Link_Number": "B301_Link03",
        "Culvert_Structure_Type": "Corrugated metal pipe culvert",
        "Span_Diameter_m": 1.15,
        "Cell_Count": 12,
        "Maintenance_Station": "Kotido",
        "Maintenance_Region": "North Eastern",
        "Scour_Risk_Rating": 12.0,
        "Hydraulic_Capacity_Ratio": 1.2
      }
    },
    {
      "type": "Feature",
      "geometry": {
        "type": "Point",
        "coordinates": [
          34.05,
          3.76
        ]
      },
      "properties": {
        "Culvert_Number": "C803",
        "Link_Number": "C985_Link01",
        "Culvert_Structure_Type": "Corrugated metal pipe culvert",
        "Span_Diameter_m": 2.0,
        "Cell_Count": 2,
        "Maintenance_Station": "Kotido",
        "Maintenance_Region": "North Eastern",
        "Scour_Risk_Rating": 13.0,
        "Hydraulic_Capacity_Ratio": 1.4
      }
    },
    {
      "type": "Feature",
      "geometry": {
        "type": "Point",
        "coordinates": [
          34.56,
          1.93
        ]
      },
      "properties": {
        "Culvert_Number": "C804",
        "Link_Number": "C960_Link01",
        "Culvert_Structure_Type": "Corrugated metal pipe culvert",
        "Span_Diameter_m": 2.4,
        "Cell_Count": 2,
        "Maintenance_Station": "Moroto",
        "Maintenance_Region": "North Eastern",
        "Scour_Risk_Rating": 14.0,
        "Hydraulic_Capacity_Ratio": 1.6
      }
    },
    {
      "type": "Feature",
      "geometry": {
        "type": "Point",
        "coordinates": [
          34.58,
          2.51
        ]
      },
      "properties": {
        "Culvert_Number": "C805",
        "Link_Number": "B300_Link06",
        "Culvert_Structure_Type": "Box culvert (in situ concrete)",
        "Span_Diameter_m": 2.5,
        "Cell_Count": 2,
        "Maintenance_Station": "Moroto",
        "Maintenance_Region": "North Eastern",
        "Scour_Risk_Rating": 15.0,
        "Hydraulic_Capacity_Ratio": 1.8
      }
    },
    {
      "type": "Feature",
      "geometry": {
        "type": "Point",
        "coordinates": [
          34.58,
          2.42
        ]
      },
      "properties": {
        "Culvert_Number": "C806",
        "Link_Number": "B300_Link05",
        "Culvert_Structure_Type": "Box culvert (in situ concrete)",
        "Span_Diameter_m": 2.65,
        "Cell_Count": 2,
        "Maintenance_Station": "Moroto",
        "Maintenance_Region": "North Eastern",
        "Scour_Risk_Rating": 16.0,
        "Hydraulic_Capacity_Ratio": 1.2
      }
    },
    {
      "type": "Feature",
      "geometry": {
        "type": "Point",
        "coordinates": [
          34.47,
          2.43
        ]
      },
      "properties": {
        "Culvert_Number": "C807",
        "Link_Number": "B303_Link03",
        "Culvert_Structure_Type": "Box culvert (in situ concrete)",
        "Span_Diameter_m": 2.7,
        "Cell_Count": 2,
        "Maintenance_Station": "Moroto",
        "Maintenance_Region": "North Eastern",
        "Scour_Risk_Rating": 17.0,
        "Hydraulic_Capacity_Ratio": 1.4
      }
    },
    {
      "type": "Feature",
      "geometry": {
        "type": "Point",
        "coordinates": [
          34.38,
          2.49
        ]
      },
      "properties": {
        "Culvert_Number": "C808",
        "Link_Number": "C967_Link01",
        "Culvert_Structure_Type": "Concrete pipe culvert",
        "Span_Diameter_m": 0.9,
        "Cell_Count": 9,
        "Maintenance_Station": "Moroto",
        "Maintenance_Region": "North Eastern",
        "Scour_Risk_Rating": 18.0,
        "Hydraulic_Capacity_Ratio": 1.6
      }
    },
    {
      "type": "Feature",
      "geometry": {
        "type": "Point",
        "coordinates": [
          34.38,
          2.49
        ]
      },
      "properties": {
        "Culvert_Number": "C809",
        "Link_Number": "C967_Link01",
        "Culvert_Structure_Type": "Box culvert (in situ concrete)",
        "Span_Diameter_m": 2.7,
        "Cell_Count": 2,
        "Maintenance_Station": "Moroto",
        "Maintenance_Region": "North Eastern",
        "Scour_Risk_Rating": 19.0,
        "Hydraulic_Capacity_Ratio": 1.8
      }
    },
    {
      "type": "Feature",
      "geometry": {
        "type": "Point",
        "coordinates": [
          34.38,
          2.5
        ]
      },
      "properties": {
        "Culvert_Number": "C810",
        "Link_Number": "C967_Link01",
        "Culvert_Structure_Type": "Box culvert (in situ concrete)",
        "Span_Diameter_m": 2.6,
        "Cell_Count": 2,
        "Maintenance_Station": "Moroto",
        "Maintenance_Region": "North Eastern",
        "Scour_Risk_Rating": 20.0,
        "Hydraulic_Capacity_Ratio": 1.2
      }
    },
    {
      "type": "Feature",
      "geometry": {
        "type": "Point",
        "coordinates": [
          34.38,
          2.5
        ]
      },
      "properties": {
        "Culvert_Number": "C811",
        "Link_Number": "C967_Link01",
        "Culvert_Structure_Type": "Box culvert (in situ concrete)",
        "Span_Diameter_m": 2.7,
        "Cell_Count": 3,
        "Maintenance_Station": "Moroto",
        "Maintenance_Region": "North Eastern",
        "Scour_Risk_Rating": 21.0,
        "Hydraulic_Capacity_Ratio": 1.4
      }
    },
    {
      "type": "Feature",
      "geometry": {
        "type": "Point",
        "coordinates": [
          34.37,
          2.5
        ]
      },
      "properties": {
        "Culvert_Number": "C812",
        "Link_Number": "C967_Link01",
        "Culvert_Structure_Type": "Box culvert (in situ concrete)",
        "Span_Diameter_m": 2.65,
        "Cell_Count": 2,
        "Maintenance_Station": "Moroto",
        "Maintenance_Region": "North Eastern",
        "Scour_Risk_Rating": 22.0,
        "Hydraulic_Capacity_Ratio": 1.6
      }
    },
    {
      "type": "Feature",
      "geometry": {
        "type": "Point",
        "coordinates": [
          34.37,
          2.51
        ]
      },
      "properties": {
        "Culvert_Number": "C813",
        "Link_Number": "C967_Link01",
        "Culvert_Structure_Type": "Box culvert (in situ concrete)",
        "Span_Diameter_m": 2.65,
        "Cell_Count": 2,
        "Maintenance_Station": "Moroto",
        "Maintenance_Region": "North Eastern",
        "Scour_Risk_Rating": 23.0,
        "Hydraulic_Capacity_Ratio": 1.8
      }
    },
    {
      "type": "Feature",
      "geometry": {
        "type": "Point",
        "coordinates": [
          34.37,
          2.51
        ]
      },
      "properties": {
        "Culvert_Number": "C814",
        "Link_Number": "C967_Link01",
        "Culvert_Structure_Type": "Box culvert (in situ concrete)",
        "Span_Diameter_m": 2.6,
        "Cell_Count": 2,
        "Maintenance_Station": "Moroto",
        "Maintenance_Region": "North Eastern",
        "Scour_Risk_Rating": 24.0,
        "Hydraulic_Capacity_Ratio": 1.2
      }
    },
    {
      "type": "Feature",
      "geometry": {
        "type": "Point",
        "coordinates": [
          34.36,
          2.54
        ]
      },
      "properties": {
        "Culvert_Number": "C815",
        "Link_Number": "C967_Link01",
        "Culvert_Structure_Type": "Box culvert (in situ concrete)",
        "Span_Diameter_m": 2.65,
        "Cell_Count": 5,
        "Maintenance_Station": "Moroto",
        "Maintenance_Region": "North Eastern",
        "Scour_Risk_Rating": 25.0,
        "Hydraulic_Capacity_Ratio": 1.4
      }
    },
    {
      "type": "Feature",
      "geometry": {
        "type": "Point",
        "coordinates": [
          34.36,
          2.54
        ]
      },
      "properties": {
        "Culvert_Number": "C816",
        "Link_Number": "C967_Link01",
        "Culvert_Structure_Type": "Box culvert (in situ concrete)",
        "Span_Diameter_m": 2.6,
        "Cell_Count": 3,
        "Maintenance_Station": "Moroto",
        "Maintenance_Region": "North Eastern",
        "Scour_Risk_Rating": 26.0,
        "Hydraulic_Capacity_Ratio": 1.6
      }
    },
    {
      "type": "Feature",
      "geometry": {
        "type": "Point",
        "coordinates": [
          34.36,
          2.54
        ]
      },
      "properties": {
        "Culvert_Number": "C817",
        "Link_Number": "C967_Link01",
        "Culvert_Structure_Type": "Box culvert (in situ concrete)",
        "Span_Diameter_m": 2.7,
        "Cell_Count": 5,
        "Maintenance_Station": "Moroto",
        "Maintenance_Region": "North Eastern",
        "Scour_Risk_Rating": 27.0,
        "Hydraulic_Capacity_Ratio": 1.8
      }
    },
    {
      "type": "Feature",
      "geometry": {
        "type": "Point",
        "coordinates": [
          34.36,
          2.54
        ]
      },
      "properties": {
        "Culvert_Number": "C818",
        "Link_Number": "C967_Link01",
        "Culvert_Structure_Type": "Box culvert (in situ concrete)",
        "Span_Diameter_m": 2.65,
        "Cell_Count": 3,
        "Maintenance_Station": "Moroto",
        "Maintenance_Region": "North Eastern",
        "Scour_Risk_Rating": 28.0,
        "Hydraulic_Capacity_Ratio": 1.2
      }
    },
    {
      "type": "Feature",
      "geometry": {
        "type": "Point",
        "coordinates": [
          34.69,
          1.83
        ]
      },
      "properties": {
        "Culvert_Number": "C819",
        "Link_Number": "B300_Link04",
        "Culvert_Structure_Type": "Corrugated metal pipe culvert",
        "Span_Diameter_m": 2.6,
        "Cell_Count": 1,
        "Maintenance_Station": "Moroto",
        "Maintenance_Region": "North Eastern",
        "Scour_Risk_Rating": 29.0,
        "Hydraulic_Capacity_Ratio": 1.4
      }
    },
    {
      "type": "Feature",
      "geometry": {
        "type": "Point",
        "coordinates": [
          34.74,
          1.27
        ]
      },
      "properties": {
        "Culvert_Number": "C820",
        "Link_Number": "B304_Link02",
        "Culvert_Structure_Type": "Corrugated metal pipe culvert",
        "Span_Diameter_m": 1.8,
        "Cell_Count": 2,
        "Maintenance_Station": "Mbale",
        "Maintenance_Region": "Eastern",
        "Scour_Risk_Rating": 30.0,
        "Hydraulic_Capacity_Ratio": 1.6
      }
    },
    {
      "type": "Feature",
      "geometry": {
        "type": "Point",
        "coordinates": [
          34.73,
          1.91
        ]
      },
      "properties": {
        "Culvert_Number": "C821",
        "Link_Number": "B300_Link04",
        "Culvert_Structure_Type": "Concrete pipe culvert",
        "Span_Diameter_m": 1.2,
        "Cell_Count": 5,
        "Maintenance_Station": "Moroto",
        "Maintenance_Region": "North Eastern",
        "Scour_Risk_Rating": 31.0,
        "Hydraulic_Capacity_Ratio": 1.8
      }
    },
    {
      "type": "Feature",
      "geometry": {
        "type": "Point",
        "coordinates": [
          34.04,
          2.49
        ]
      },
      "properties": {
        "Culvert_Number": "C822",
        "Link_Number": "C969_Link02",
        "Culvert_Structure_Type": "Corrugated metal pipe culvert",
        "Span_Diameter_m": 2.6,
        "Cell_Count": 3,
        "Maintenance_Station": "Moroto",
        "Maintenance_Region": "North Eastern",
        "Scour_Risk_Rating": 32.0,
        "Hydraulic_Capacity_Ratio": 1.2
      }
    },
    {
      "type": "Feature",
      "geometry": {
        "type": "Point",
        "coordinates": [
          34.22,
          2.1
        ]
      },
      "properties": {
        "Culvert_Number": "C823",
        "Link_Number": "B303_Link03",
        "Culvert_Structure_Type": "Corrugated metal pipe culvert",
        "Span_Diameter_m": 1.8,
        "Cell_Count": 6,
        "Maintenance_Station": "Moroto",
        "Maintenance_Region": "North Eastern",
        "Scour_Risk_Rating": 33.0,
        "Hydraulic_Capacity_Ratio": 1.4
      }
    },
    {
      "type": "Feature",
      "geometry": {
        "type": "Point",
        "coordinates": [
          33.58,
          2.33
        ]
      },
      "properties": {
        "Culvert_Number": "C824",
        "Link_Number": "C941_Link01",
        "Culvert_Structure_Type": "Box culvert (in situ concrete)",
        "Span_Diameter_m": 2.13,
        "Cell_Count": 3,
        "Maintenance_Station": "Soroti",
        "Maintenance_Region": "North Eastern",
        "Scour_Risk_Rating": 34.0,
        "Hydraulic_Capacity_Ratio": 1.6
      }
    },
    {
      "type": "Feature",
      "geometry": {
        "type": "Point",
        "coordinates": [
          33.58,
          2.33
        ]
      },
      "properties": {
        "Culvert_Number": "C825",
        "Link_Number": "C941_Link01",
        "Culvert_Structure_Type": "Box culvert (in situ concrete)",
        "Span_Diameter_m": 1.9,
        "Cell_Count": 3,
        "Maintenance_Station": "Soroti",
        "Maintenance_Region": "North Eastern",
        "Scour_Risk_Rating": 35.0,
        "Hydraulic_Capacity_Ratio": 1.8
      }
    },
    {
      "type": "Feature",
      "geometry": {
        "type": "Point",
        "coordinates": [
          33.78,
          1.73
        ]
      },
      "properties": {
        "Culvert_Number": "C826",
        "Link_Number": "C964_Link01",
        "Culvert_Structure_Type": "Box culvert (in situ concrete)",
        "Span_Diameter_m": 2.0,
        "Cell_Count": 3,
        "Maintenance_Station": "Soroti",
        "Maintenance_Region": "North Eastern",
        "Scour_Risk_Rating": 36.0,
        "Hydraulic_Capacity_Ratio": 1.2
      }
    },
    {
      "type": "Feature",
      "geometry": {
        "type": "Point",
        "coordinates": [
          33.81,
          1.72
        ]
      },
      "properties": {
        "Culvert_Number": "C827",
        "Link_Number": "C964_Link01",
        "Culvert_Structure_Type": "Box culvert (in situ concrete)",
        "Span_Diameter_m": 2.0,
        "Cell_Count": 3,
        "Maintenance_Station": "Soroti",
        "Maintenance_Region": "North Eastern",
        "Scour_Risk_Rating": 37.0,
        "Hydraulic_Capacity_Ratio": 1.4
      }
    },
    {
      "type": "Feature",
      "geometry": {
        "type": "Point",
        "coordinates": [
          33.92,
          1.41
        ]
      },
      "properties": {
        "Culvert_Number": "C828",
        "Link_Number": "B305_Link03",
        "Culvert_Structure_Type": "Concrete pipe culvert",
        "Span_Diameter_m": 0.9,
        "Cell_Count": 19,
        "Maintenance_Station": "Soroti",
        "Maintenance_Region": "North Eastern",
        "Scour_Risk_Rating": 38.0,
        "Hydraulic_Capacity_Ratio": 1.6
      }
    },
    {
      "type": "Feature",
      "geometry": {
        "type": "Point",
        "coordinates": [
          34.38,
          1.34
        ]
      },
      "properties": {
        "Culvert_Number": "C829",
        "Link_Number": "B304_Link02",
        "Culvert_Structure_Type": "Box culvert (in situ concrete)",
        "Span_Diameter_m": 3.0,
        "Cell_Count": 2,
        "Maintenance_Station": "Mbale",
        "Maintenance_Region": "Eastern",
        "Scour_Risk_Rating": 39.0,
        "Hydraulic_Capacity_Ratio": 1.8
      }
    },
    {
      "type": "Feature",
      "geometry": {
        "type": "Point",
        "coordinates": [
          34.39,
          1.35
        ]
      },
      "properties": {
        "Culvert_Number": "C830",
        "Link_Number": "B304_Link02",
        "Culvert_Structure_Type": "Box culvert (in situ concrete)",
        "Span_Diameter_m": 3.0,
        "Cell_Count": 2,
        "Maintenance_Station": "Mbale",
        "Maintenance_Region": "Eastern",
        "Scour_Risk_Rating": 40.0,
        "Hydraulic_Capacity_Ratio": 1.2
      }
    },
    {
      "type": "Feature",
      "geometry": {
        "type": "Point",
        "coordinates": [
          34.39,
          1.36
        ]
      },
      "properties": {
        "Culvert_Number": "C831",
        "Link_Number": "B304_Link02",
        "Culvert_Structure_Type": "Box culvert (in situ concrete)",
        "Span_Diameter_m": 2.5,
        "Cell_Count": 2,
        "Maintenance_Station": "Mbale",
        "Maintenance_Region": "Eastern",
        "Scour_Risk_Rating": 41.0,
        "Hydraulic_Capacity_Ratio": 1.4
      }
    },
    {
      "type": "Feature",
      "geometry": {
        "type": "Point",
        "coordinates": [
          34.4,
          1.37
        ]
      },
      "properties": {
        "Culvert_Number": "C832",
        "Link_Number": "B304_Link02",
        "Culvert_Structure_Type": "Box culvert (in situ concrete)",
        "Span_Diameter_m": 3.0,
        "Cell_Count": 2,
        "Maintenance_Station": "Mbale",
        "Maintenance_Region": "Eastern",
        "Scour_Risk_Rating": 42.0,
        "Hydraulic_Capacity_Ratio": 1.6
      }
    },
    {
      "type": "Feature",
      "geometry": {
        "type": "Point",
        "coordinates": [
          34.42,
          1.38
        ]
      },
      "properties": {
        "Culvert_Number": "C833",
        "Link_Number": "B304_Link02",
        "Culvert_Structure_Type": "Box culvert (in situ concrete)",
        "Span_Diameter_m": 3.0,
        "Cell_Count": 2,
        "Maintenance_Station": "Mbale",
        "Maintenance_Region": "Eastern",
        "Scour_Risk_Rating": 43.0,
        "Hydraulic_Capacity_Ratio": 1.8
      }
    },
    {
      "type": "Feature",
      "geometry": {
        "type": "Point",
        "coordinates": [
          34.36,
          1.33
        ]
      },
      "properties": {
        "Culvert_Number": "C834",
        "Link_Number": "B304_Link02",
        "Culvert_Structure_Type": "Box culvert (in situ concrete)",
        "Span_Diameter_m": 2.0,
        "Cell_Count": 2,
        "Maintenance_Station": "Mbale",
        "Maintenance_Region": "Eastern",
        "Scour_Risk_Rating": 44.0,
        "Hydraulic_Capacity_Ratio": 1.2
      }
    },
    {
      "type": "Feature",
      "geometry": {
        "type": "Point",
        "coordinates": [
          34.32,
          1.33
        ]
      },
      "properties": {
        "Culvert_Number": "C835",
        "Link_Number": "B304_Link02",
        "Culvert_Structure_Type": "Box culvert (in situ concrete)",
        "Span_Diameter_m": 2.5,
        "Cell_Count": 2,
        "Maintenance_Station": "Mbale",
        "Maintenance_Region": "Eastern",
        "Scour_Risk_Rating": 45.0,
        "Hydraulic_Capacity_Ratio": 1.4
      }
    },
    {
      "type": "Feature",
      "geometry": {
        "type": "Point",
        "coordinates": [
          33.58,
          1.74
        ]
      },
      "properties": {
        "Culvert_Number": "C836",
        "Link_Number": "A007_Link06",
        "Culvert_Structure_Type": "Corrugated metal pipe culvert",
        "Span_Diameter_m": 1.8,
        "Cell_Count": 3,
        "Maintenance_Station": "Soroti",
        "Maintenance_Region": "North Eastern",
        "Scour_Risk_Rating": 46.0,
        "Hydraulic_Capacity_Ratio": 1.6
      }
    },
    {
      "type": "Feature",
      "geometry": {
        "type": "Point",
        "coordinates": [
          33.76,
          1.66
        ]
      },
      "properties": {
        "Culvert_Number": "C837",
        "Link_Number": "A007_Link05",
        "Culvert_Structure_Type": "Box culvert (in situ concrete)",
        "Span_Diameter_m": 2.7,
        "Cell_Count": 2,
        "Maintenance_Station": "Soroti",
        "Maintenance_Region": "North Eastern",
        "Scour_Risk_Rating": 47.0,
        "Hydraulic_Capacity_Ratio": 1.8
      }
    },
    {
      "type": "Feature",
      "geometry": {
        "type": "Point",
        "coordinates": [
          33.79,
          1.59
        ]
      },
      "properties": {
        "Culvert_Number": "C838",
        "Link_Number": "C930_Link01",
        "Culvert_Structure_Type": "Corrugated metal pipe culvert",
        "Span_Diameter_m": 1.8,
        "Cell_Count": 3,
        "Maintenance_Station": "Soroti",
        "Maintenance_Region": "North Eastern",
        "Scour_Risk_Rating": 48.0,
        "Hydraulic_Capacity_Ratio": 1.2
      }
    },
    {
      "type": "Feature",
      "geometry": {
        "type": "Point",
        "coordinates": [
          34.36,
          0.89
        ]
      },
      "properties": {
        "Culvert_Number": "C839",
        "Link_Number": "C870_Link03",
        "Culvert_Structure_Type": "Corrugated metal pipe culvert",
        "Span_Diameter_m": 2.7,
        "Cell_Count": 2,
        "Maintenance_Station": "Tororo",
        "Maintenance_Region": "Eastern",
        "Scour_Risk_Rating": 49.0,
        "Hydraulic_Capacity_Ratio": 1.4
      }
    },
    {
      "type": "Feature",
      "geometry": {
        "type": "Point",
        "coordinates": [
          33.41,
          0.65
        ]
      },
      "properties": {
        "Culvert_Number": "C840",
        "Link_Number": "C780_Link01",
        "Culvert_Structure_Type": "Corrugated metal pipe culvert",
        "Span_Diameter_m": 1.5,
        "Cell_Count": 5,
        "Maintenance_Station": "Jinja",
        "Maintenance_Region": "Eastern",
        "Scour_Risk_Rating": 50.0,
        "Hydraulic_Capacity_Ratio": 1.6
      }
    },
    {
      "type": "Feature",
      "geometry": {
        "type": "Point",
        "coordinates": [
          33.83,
          1.15
        ]
      },
      "properties": {
        "Culvert_Number": "C841",
        "Link_Number": "C860_Link01",
        "Culvert_Structure_Type": "Corrugated metal pipe culvert",
        "Span_Diameter_m": 1.8,
        "Cell_Count": 2,
        "Maintenance_Station": "Mbale",
        "Maintenance_Region": "Eastern",
        "Scour_Risk_Rating": 51.0,
        "Hydraulic_Capacity_Ratio": 1.8
      }
    },
    {
      "type": "Feature",
      "geometry": {
        "type": "Point",
        "coordinates": [
          33.74,
          1.11
        ]
      },
      "properties": {
        "Culvert_Number": "C842",
        "Link_Number": "B305_Link01",
        "Culvert_Structure_Type": "Box culvert (in situ concrete)",
        "Span_Diameter_m": 4.16,
        "Cell_Count": 1,
        "Maintenance_Station": "Mbale",
        "Maintenance_Region": "Eastern",
        "Scour_Risk_Rating": 52.0,
        "Hydraulic_Capacity_Ratio": 1.2
      }
    },
    {
      "type": "Feature",
      "geometry": {
        "type": "Point",
        "coordinates": [
          33.74,
          1.11
        ]
      },
      "properties": {
        "Culvert_Number": "C843",
        "Link_Number": "B305_Link01",
        "Culvert_Structure_Type": "Box culvert (in situ concrete)",
        "Span_Diameter_m": 4.16,
        "Cell_Count": 1,
        "Maintenance_Station": "Mbale",
        "Maintenance_Region": "Eastern",
        "Scour_Risk_Rating": 53.0,
        "Hydraulic_Capacity_Ratio": 1.4
      }
    },
    {
      "type": "Feature",
      "geometry": {
        "type": "Point",
        "coordinates": [
          33.96,
          0.96
        ]
      },
      "properties": {
        "Culvert_Number": "C844",
        "Link_Number": "C849_Link01",
        "Culvert_Structure_Type": "Box culvert (in situ concrete)",
        "Span_Diameter_m": 4.0,
        "Cell_Count": 3,
        "Maintenance_Station": "Tororo",
        "Maintenance_Region": "Eastern",
        "Scour_Risk_Rating": 54.0,
        "Hydraulic_Capacity_Ratio": 1.6
      }
    },
    {
      "type": "Feature",
      "geometry": {
        "type": "Point",
        "coordinates": [
          33.96,
          0.96
        ]
      },
      "properties": {
        "Culvert_Number": "C845",
        "Link_Number": "C849_Link01",
        "Culvert_Structure_Type": "Corrugated metal pipe culvert",
        "Span_Diameter_m": 1.5,
        "Cell_Count": 4,
        "Maintenance_Station": "Tororo",
        "Maintenance_Region": "Eastern",
        "Scour_Risk_Rating": 55.0,
        "Hydraulic_Capacity_Ratio": 1.8
      }
    },
    {
      "type": "Feature",
      "geometry": {
        "type": "Point",
        "coordinates": [
          33.96,
          0.96
        ]
      },
      "properties": {
        "Culvert_Number": "C846",
        "Link_Number": "C849_Link01",
        "Culvert_Structure_Type": "Box culvert (in situ concrete)",
        "Span_Diameter_m": 4.0,
        "Cell_Count": 2,
        "Maintenance_Station": "Tororo",
        "Maintenance_Region": "Eastern",
        "Scour_Risk_Rating": 56.0,
        "Hydraulic_Capacity_Ratio": 1.2
      }
    },
    {
      "type": "Feature",
      "geometry": {
        "type": "Point",
        "coordinates": [
          34.06,
          0.94
        ]
      },
      "properties": {
        "Culvert_Number": "C847",
        "Link_Number": "C838_Link02",
        "Culvert_Structure_Type": "Box culvert (in situ concrete)",
        "Span_Diameter_m": 3.4,
        "Cell_Count": 2,
        "Maintenance_Station": "Tororo",
        "Maintenance_Region": "Eastern",
        "Scour_Risk_Rating": 57.0,
        "Hydraulic_Capacity_Ratio": 1.4
      }
    },
    {
      "type": "Feature",
      "geometry": {
        "type": "Point",
        "coordinates": [
          34.18,
          1.08
        ]
      },
      "properties": {
        "Culvert_Number": "C848",
        "Link_Number": "A007_Link04",
        "Culvert_Structure_Type": "Box culvert (in situ concrete)",
        "Span_Diameter_m": 4.5,
        "Cell_Count": 3,
        "Maintenance_Station": "Mbale",
        "Maintenance_Region": "Eastern",
        "Scour_Risk_Rating": 58.0,
        "Hydraulic_Capacity_Ratio": 1.6
      }
    },
    {
      "type": "Feature",
      "geometry": {
        "type": "Point",
        "coordinates": [
          33.8,
          1.79
        ]
      },
      "properties": {
        "Culvert_Number": "C849",
        "Link_Number": "C878_Link02",
        "Culvert_Structure_Type": "Box culvert (in situ concrete)",
        "Span_Diameter_m": 3.45,
        "Cell_Count": 1,
        "Maintenance_Station": "Mbale",
        "Maintenance_Region": "Eastern",
        "Scour_Risk_Rating": 59.0,
        "Hydraulic_Capacity_Ratio": 1.8
      }
    },
    {
      "type": "Feature",
      "geometry": {
        "type": "Point",
        "coordinates": [
          33.79,
          1.59
        ]
      },
      "properties": {
        "Culvert_Number": "C850",
        "Link_Number": "C930_Link01",
        "Culvert_Structure_Type": "Corrugated metal pipe culvert",
        "Span_Diameter_m": 1.8,
        "Cell_Count": 3,
        "Maintenance_Station": "Soroti",
        "Maintenance_Region": "North Eastern",
        "Scour_Risk_Rating": 60.0,
        "Hydraulic_Capacity_Ratio": 1.2
      }
    },
    {
      "type": "Feature",
      "geometry": {
        "type": "Point",
        "coordinates": [
          34.85,
          1.94
        ]
      },
      "properties": {
        "Culvert_Number": "C851",
        "Link_Number": "C961_Link01",
        "Culvert_Structure_Type": "Concrete pipe culvert",
        "Span_Diameter_m": 0.9,
        "Cell_Count": 9,
        "Maintenance_Station": "Moroto",
        "Maintenance_Region": "North Eastern",
        "Scour_Risk_Rating": 61.0,
        "Hydraulic_Capacity_Ratio": 1.4
      }
    },
    {
      "type": "Feature",
      "geometry": {
        "type": "Point",
        "coordinates": [
          34.36,
          2.49
        ]
      },
      "properties": {
        "Culvert_Number": "C852",
        "Link_Number": "C973_Link01",
        "Culvert_Structure_Type": "Box culvert (in situ concrete)",
        "Span_Diameter_m": 3.05,
        "Cell_Count": 1,
        "Maintenance_Station": "Moroto",
        "Maintenance_Region": "North Eastern",
        "Scour_Risk_Rating": 62.0,
        "Hydraulic_Capacity_Ratio": 1.6
      }
    },
    {
      "type": "Feature",
      "geometry": {
        "type": "Point",
        "coordinates": [
          34.36,
          2.49
        ]
      },
      "properties": {
        "Culvert_Number": "C853",
        "Link_Number": "C973_Link01",
        "Culvert_Structure_Type": "Box culvert (in situ concrete)",
        "Span_Diameter_m": 2.5,
        "Cell_Count": 2,
        "Maintenance_Station": "Moroto",
        "Maintenance_Region": "North Eastern",
        "Scour_Risk_Rating": 63.0,
        "Hydraulic_Capacity_Ratio": 1.8
      }
    },
    {
      "type": "Feature",
      "geometry": {
        "type": "Point",
        "coordinates": [
          34.05,
          0.69
        ]
      },
      "properties": {
        "Culvert_Number": "C854",
        "Link_Number": "C844_Link01",
        "Culvert_Structure_Type": "Box culvert (in situ concrete)",
        "Span_Diameter_m": 4.3,
        "Cell_Count": 1,
        "Maintenance_Station": "Tororo",
        "Maintenance_Region": "Eastern",
        "Scour_Risk_Rating": 64.0,
        "Hydraulic_Capacity_Ratio": 1.2
      }
    },
    {
      "type": "Feature",
      "geometry": {
        "type": "Point",
        "coordinates": [
          34.36,
          0.89
        ]
      },
      "properties": {
        "Culvert_Number": "C855",
        "Link_Number": "C891_Link01",
        "Culvert_Structure_Type": "Corrugated metal pipe culvert",
        "Span_Diameter_m": 6.0,
        "Cell_Count": 2,
        "Maintenance_Station": "Mbale",
        "Maintenance_Region": "Eastern",
        "Scour_Risk_Rating": 65.0,
        "Hydraulic_Capacity_Ratio": 1.4
      }
    },
    {
      "type": "Feature",
      "geometry": {
        "type": "Point",
        "coordinates": [
          33.44,
          1.83
        ]
      },
      "properties": {
        "Culvert_Number": "C856",
        "Link_Number": "C924_Link01",
        "Culvert_Structure_Type": "Box culvert (in situ concrete)",
        "Span_Diameter_m": 3.04,
        "Cell_Count": 1,
        "Maintenance_Station": "Soroti",
        "Maintenance_Region": "North Eastern",
        "Scour_Risk_Rating": 66.0,
        "Hydraulic_Capacity_Ratio": 1.6
      }
    },
    {
      "type": "Feature",
      "geometry": {
        "type": "Point",
        "coordinates": [
          33.18,
          1.76
        ]
      },
      "properties": {
        "Culvert_Number": "C857",
        "Link_Number": "C924_Link01",
        "Culvert_Structure_Type": "Box culvert (in situ concrete)",
        "Span_Diameter_m": 3.04,
        "Cell_Count": 1,
        "Maintenance_Station": "Soroti",
        "Maintenance_Region": "North Eastern",
        "Scour_Risk_Rating": 12.0,
        "Hydraulic_Capacity_Ratio": 1.8
      }
    },
    {
      "type": "Feature",
      "geometry": {
        "type": "Point",
        "coordinates": [
          33.97,
          1.29
        ]
      },
      "properties": {
        "Culvert_Number": "C858",
        "Link_Number": "C879_Link02",
        "Culvert_Structure_Type": "Corrugated metal pipe culvert",
        "Span_Diameter_m": 1.8,
        "Cell_Count": 2,
        "Maintenance_Station": "Soroti",
        "Maintenance_Region": "North Eastern",
        "Scour_Risk_Rating": 13.0,
        "Hydraulic_Capacity_Ratio": 1.2
      }
    },
    {
      "type": "Feature",
      "geometry": {
        "type": "Point",
        "coordinates": [
          34.97,
          1.29
        ]
      },
      "properties": {
        "Culvert_Number": "C859",
        "Link_Number": "C879_Link02",
        "Culvert_Structure_Type": "Corrugated metal pipe culvert",
        "Span_Diameter_m": 3.6,
        "Cell_Count": 2,
        "Maintenance_Station": "Soroti",
        "Maintenance_Region": "North Eastern",
        "Scour_Risk_Rating": 14.0,
        "Hydraulic_Capacity_Ratio": 1.4
      }
    },
    {
      "type": "Feature",
      "geometry": {
        "type": "Point",
        "coordinates": [
          33.97,
          1.29
        ]
      },
      "properties": {
        "Culvert_Number": "C860",
        "Link_Number": "C879_Link02",
        "Culvert_Structure_Type": "Corrugated metal pipe culvert",
        "Span_Diameter_m": 3.6,
        "Cell_Count": 2,
        "Maintenance_Station": "Soroti",
        "Maintenance_Region": "North Eastern",
        "Scour_Risk_Rating": 15.0,
        "Hydraulic_Capacity_Ratio": 1.6
      }
    },
    {
      "type": "Feature",
      "geometry": {
        "type": "Point",
        "coordinates": [
          34.05,
          3.01
        ]
      },
      "properties": {
        "Culvert_Number": "C861",
        "Link_Number": "B302_Link01",
        "Culvert_Structure_Type": "Corrugated metal pipe culvert",
        "Span_Diameter_m": 3.6,
        "Cell_Count": 2,
        "Maintenance_Station": "Kotido",
        "Maintenance_Region": "North Eastern",
        "Scour_Risk_Rating": 16.0,
        "Hydraulic_Capacity_Ratio": 1.8
      }
    },
    {
      "type": "Feature",
      "geometry": {
        "type": "Point",
        "coordinates": [
          33.9,
          3.7
        ]
      },
      "properties": {
        "Culvert_Number": "C862",
        "Link_Number": "C993_Link01",
        "Culvert_Structure_Type": "Concrete pipe culvert",
        "Span_Diameter_m": 0.9,
        "Cell_Count": 8,
        "Maintenance_Station": "Kotido",
        "Maintenance_Region": "North Eastern",
        "Scour_Risk_Rating": 17.0,
        "Hydraulic_Capacity_Ratio": 1.2
      }
    },
    {
      "type": "Feature",
      "geometry": {
        "type": "Point",
        "coordinates": [
          34.22,
          0.77
        ]
      },
      "properties": {
        "Culvert_Number": "C863",
        "Link_Number": "C840_Link02",
        "Culvert_Structure_Type": "Corrugated metal arch (Armco) culvert",
        "Span_Diameter_m": 2.35,
        "Cell_Count": 2,
        "Maintenance_Station": "Tororo",
        "Maintenance_Region": "Eastern",
        "Scour_Risk_Rating": 18.0,
        "Hydraulic_Capacity_Ratio": 1.4
      }
    },
    {
      "type": "Feature",
      "geometry": {
        "type": "Point",
        "coordinates": [
          34.36,
          1.24
        ]
      },
      "properties": {
        "Culvert_Number": "C864",
        "Link_Number": "C887_Link02",
        "Culvert_Structure_Type": "Box culvert (in situ concrete)",
        "Span_Diameter_m": 2.34,
        "Cell_Count": 1,
        "Maintenance_Station": "Mbale",
        "Maintenance_Region": "Eastern",
        "Scour_Risk_Rating": 19.0,
        "Hydraulic_Capacity_Ratio": 1.6
      }
    },
    {
      "type": "Feature",
      "geometry": {
        "type": "Point",
        "coordinates": [
          31.39,
          -2.71
        ]
      },
      "properties": {
        "Culvert_Number": "C610",
        "Link_Number": "C743_Link01",
        "Culvert_Structure_Type": "Box culvert (In-situ concrete)",
        "Span_Diameter_m": 4.0,
        "Cell_Count": 2,
        "Maintenance_Station": "Arua",
        "Maintenance_Region": "Northern",
        "Scour_Risk_Rating": 20.0,
        "Hydraulic_Capacity_Ratio": 1.8
      }
    },
    {
      "type": "Feature",
      "geometry": {
        "type": "Point",
        "coordinates": [
          32.74,
          -3.72
        ]
      },
      "properties": {
        "Culvert_Number": "C618",
        "Link_Number": "C709_Link01",
        "Culvert_Structure_Type": "Corrugated metal pipe culvert",
        "Span_Diameter_m": 1.8,
        "Cell_Count": 2,
        "Maintenance_Station": "Kitgum",
        "Maintenance_Region": "Northern",
        "Scour_Risk_Rating": 21.0,
        "Hydraulic_Capacity_Ratio": 1.2
      }
    },
    {
      "type": "Feature",
      "geometry": {
        "type": "Point",
        "coordinates": [
          31.66,
          -2.87
        ]
      },
      "properties": {
        "Culvert_Number": "C619",
        "Link_Number": "C686_Link02",
        "Culvert_Structure_Type": "Description Corrugated metal arch (Armco) culvert",
        "Span_Diameter_m": 2.9,
        "Cell_Count": 1,
        "Maintenance_Station": "Gulu",
        "Maintenance_Region": "Northern",
        "Scour_Risk_Rating": 22.0,
        "Hydraulic_Capacity_Ratio": 1.4
      }
    },
    {
      "type": "Feature",
      "geometry": {
        "type": "Point",
        "coordinates": [
          32.79,
          -2.66
        ]
      },
      "properties": {
        "Culvert_Number": "C620",
        "Link_Number": "C667_Link02",
        "Culvert_Structure_Type": "Corrugated metal pipe culvert",
        "Span_Diameter_m": 1.5,
        "Cell_Count": 5,
        "Maintenance_Station": "Gulu",
        "Maintenance_Region": "Northern",
        "Scour_Risk_Rating": 23.0,
        "Hydraulic_Capacity_Ratio": 1.6
      }
    },
    {
      "type": "Feature",
      "geometry": {
        "type": "Point",
        "coordinates": [
          30.85,
          -2.73
        ]
      },
      "properties": {
        "Culvert_Number": "C611",
        "Link_Number": "C763_Link02",
        "Culvert_Structure_Type": "Box culvert (In-situ concrete)",
        "Span_Diameter_m": 5.0,
        "Cell_Count": 1,
        "Maintenance_Station": "Arua",
        "Maintenance_Region": "Northern",
        "Scour_Risk_Rating": 24.0,
        "Hydraulic_Capacity_Ratio": 1.8
      }
    },
    {
      "type": "Feature",
      "geometry": {
        "type": "Point",
        "coordinates": [
          30.95,
          -3.35
        ]
      },
      "properties": {
        "Culvert_Number": "C612",
        "Link_Number": "A008_Link06",
        "Culvert_Structure_Type": "Box culvert (In-situ concrete)",
        "Span_Diameter_m": 2.0,
        "Cell_Count": 2,
        "Maintenance_Station": "Arua",
        "Maintenance_Region": "Northern",
        "Scour_Risk_Rating": 25.0,
        "Hydraulic_Capacity_Ratio": 1.2
      }
    },
    {
      "type": "Feature",
      "geometry": {
        "type": "Point",
        "coordinates": [
          31.02,
          -3.44
        ]
      },
      "properties": {
        "Culvert_Number": "C613",
        "Link_Number": "C740_Link01",
        "Culvert_Structure_Type": "Corrugated metal pipe culvert",
        "Span_Diameter_m": 1.5,
        "Cell_Count": 3,
        "Maintenance_Station": "Arua",
        "Maintenance_Region": "Northern",
        "Scour_Risk_Rating": 26.0,
        "Hydraulic_Capacity_Ratio": 1.4
      }
    },
    {
      "type": "Feature",
      "geometry": {
        "type": "Point",
        "coordinates": [
          32.02,
          -3.2
        ]
      },
      "properties": {
        "Culvert_Number": "C614",
        "Link_Number": "C689_Link01",
        "Culvert_Structure_Type": "Box culvert (In-situ concrete)",
        "Span_Diameter_m": 5.0,
        "Cell_Count": 1,
        "Maintenance_Station": "Moyo",
        "Maintenance_Region": "Northern",
        "Scour_Risk_Rating": 27.0,
        "Hydraulic_Capacity_Ratio": 1.6
      }
    },
    {
      "type": "Feature",
      "geometry": {
        "type": "Point",
        "coordinates": [
          32.01,
          -3.21
        ]
      },
      "properties": {
        "Culvert_Number": "C615",
        "Link_Number": "C689_Link01",
        "Culvert_Structure_Type": "Box culvert (In-situ concrete)",
        "Span_Diameter_m": 5.0,
        "Cell_Count": 1,
        "Maintenance_Station": "Moyo",
        "Maintenance_Region": "Northern",
        "Scour_Risk_Rating": 28.0,
        "Hydraulic_Capacity_Ratio": 1.8
      }
    },
    {
      "type": "Feature",
      "geometry": {
        "type": "Point",
        "coordinates": [
          31.93,
          -2.59
        ]
      },
      "properties": {
        "Culvert_Number": "C616",
        "Link_Number": "B251_Link01",
        "Culvert_Structure_Type": "Box culvert (In-situ concrete)",
        "Span_Diameter_m": 5.0,
        "Cell_Count": 2,
        "Maintenance_Station": "Gulu",
        "Maintenance_Region": "Northern",
        "Scour_Risk_Rating": 29.0,
        "Hydraulic_Capacity_Ratio": 1.2
      }
    },
    {
      "type": "Feature",
      "geometry": {
        "type": "Point",
        "coordinates": [
          33.03,
          -3.42
        ]
      },
      "properties": {
        "Culvert_Number": "C617",
        "Link_Number": "B252_Link04",
        "Culvert_Structure_Type": "Box culvert (In-situ concrete)",
        "Span_Diameter_m": 3.0,
        "Cell_Count": 1,
        "Maintenance_Station": "Kitgum",
        "Maintenance_Region": "Northern",
        "Scour_Risk_Rating": 30.0,
        "Hydraulic_Capacity_Ratio": 1.4
      }
    },
    {
      "type": "Feature",
      "geometry": {
        "type": "Point",
        "coordinates": [
          32.69,
          -2.32
        ]
      },
      "properties": {
        "Culvert_Number": "C621",
        "Link_Number": "A007_link09",
        "Culvert_Structure_Type": "Box culvert (In-situ concrete)",
        "Span_Diameter_m": 3.6,
        "Cell_Count": 2,
        "Maintenance_Station": "Lira",
        "Maintenance_Region": "Northern",
        "Scour_Risk_Rating": 31.0,
        "Hydraulic_Capacity_Ratio": 1.6
      }
    },
    {
      "type": "Feature",
      "geometry": {
        "type": "Point",
        "coordinates": [
          31.2,
          2.89
        ]
      },
      "properties": {
        "Culvert_Number": "C630",
        "Link_Number": "C743_Link02",
        "Culvert_Structure_Type": "Box culvert (In-situ concrete)",
        "Span_Diameter_m": 3.99,
        "Cell_Count": 5,
        "Maintenance_Station": "Arua",
        "Maintenance_Region": "Northern",
        "Scour_Risk_Rating": 32.0,
        "Hydraulic_Capacity_Ratio": 1.8
      }
    },
    {
      "type": "Feature",
      "geometry": {
        "type": "Point",
        "coordinates": [
          31.2,
          2.89
        ]
      },
      "properties": {
        "Culvert_Number": "C631",
        "Link_Number": "C743_Link02",
        "Culvert_Structure_Type": "Concrete pipe culvert",
        "Span_Diameter_m": 4.0,
        "Cell_Count": 1,
        "Maintenance_Station": "Arua",
        "Maintenance_Region": "Northern",
        "Scour_Risk_Rating": 33.0,
        "Hydraulic_Capacity_Ratio": 1.2
      }
    },
    {
      "type": "Feature",
      "geometry": {
        "type": "Point",
        "coordinates": [
          32.01,
          3.21
        ]
      },
      "properties": {
        "Culvert_Number": "C632",
        "Link_Number": "C689_Link01",
        "Culvert_Structure_Type": "Box culvert (In-situ concrete)",
        "Span_Diameter_m": 4.9,
        "Cell_Count": 1,
        "Maintenance_Station": "Moyo",
        "Maintenance_Region": "Northern",
        "Scour_Risk_Rating": 34.0,
        "Hydraulic_Capacity_Ratio": 1.4
      }
    },
    {
      "type": "Feature",
      "geometry": {
        "type": "Point",
        "coordinates": [
          32.0,
          3.21
        ]
      },
      "properties": {
        "Culvert_Number": "C633",
        "Link_Number": "C689_Link01",
        "Culvert_Structure_Type": "Box culvert (In-situ concrete)",
        "Span_Diameter_m": 10.5,
        "Cell_Count": 3,
        "Maintenance_Station": "Moyo",
        "Maintenance_Region": "Northern",
        "Scour_Risk_Rating": 35.0,
        "Hydraulic_Capacity_Ratio": 1.6
      }
    },
    {
      "type": "Feature",
      "geometry": {
        "type": "Point",
        "coordinates": [
          32.69,
          -2.32
        ]
      },
      "properties": {
        "Culvert_Number": "C622",
        "Link_Number": "A007_link09",
        "Culvert_Structure_Type": "Box culvert (In-situ concrete)",
        "Span_Diameter_m": 3.3,
        "Cell_Count": 2,
        "Maintenance_Station": "Lira",
        "Maintenance_Region": "Northern",
        "Scour_Risk_Rating": 36.0,
        "Hydraulic_Capacity_Ratio": 1.8
      }
    },
    {
      "type": "Feature",
      "geometry": {
        "type": "Point",
        "coordinates": [
          33.27,
          -2.49
        ]
      },
      "properties": {
        "Culvert_Number": "C623",
        "Link_Number": "C674_Link01",
        "Culvert_Structure_Type": "Box culvert (In-situ concrete)",
        "Span_Diameter_m": 0.9,
        "Cell_Count": 13,
        "Maintenance_Station": "Kitgum",
        "Maintenance_Region": "Northern",
        "Scour_Risk_Rating": 37.0,
        "Hydraulic_Capacity_Ratio": 1.2
      }
    },
    {
      "type": "Feature",
      "geometry": {
        "type": "Point",
        "coordinates": [
          32.71,
          -2.31
        ]
      },
      "properties": {
        "Culvert_Number": "C624",
        "Link_Number": "A007_link09",
        "Culvert_Structure_Type": "Box culvert (In-situ concrete)",
        "Span_Diameter_m": 3.1,
        "Cell_Count": 2,
        "Maintenance_Station": "Lira",
        "Maintenance_Region": "Northern",
        "Scour_Risk_Rating": 38.0,
        "Hydraulic_Capacity_Ratio": 1.4
      }
    },
    {
      "type": "Feature",
      "geometry": {
        "type": "Point",
        "coordinates": [
          32.71,
          -2.31
        ]
      },
      "properties": {
        "Culvert_Number": "C625",
        "Link_Number": "A007_link09",
        "Culvert_Structure_Type": "Box culvert (In-situ concrete)",
        "Span_Diameter_m": 3.1,
        "Cell_Count": 2,
        "Maintenance_Station": "Lira",
        "Maintenance_Region": "Northern",
        "Scour_Risk_Rating": 39.0,
        "Hydraulic_Capacity_Ratio": 1.6
      }
    },
    {
      "type": "Feature",
      "geometry": {
        "type": "Point",
        "coordinates": [
          32.71,
          -2.31
        ]
      },
      "properties": {
        "Culvert_Number": "C626",
        "Link_Number": "A007_link09",
        "Culvert_Structure_Type": "Box culvert (In-situ concrete)",
        "Span_Diameter_m": 3.0,
        "Cell_Count": 2,
        "Maintenance_Station": "Lira",
        "Maintenance_Region": "Northern",
        "Scour_Risk_Rating": 40.0,
        "Hydraulic_Capacity_Ratio": 1.8
      }
    },
    {
      "type": "Feature",
      "geometry": {
        "type": "Point",
        "coordinates": [
          32.71,
          -2.31
        ]
      },
      "properties": {
        "Culvert_Number": "C627",
        "Link_Number": "A007_link09",
        "Culvert_Structure_Type": "Box culvert (In-situ concrete)",
        "Span_Diameter_m": 3.1,
        "Cell_Count": 2,
        "Maintenance_Station": "Lira",
        "Maintenance_Region": "Northern",
        "Scour_Risk_Rating": 41.0,
        "Hydraulic_Capacity_Ratio": 1.2
      }
    },
    {
      "type": "Feature",
      "geometry": {
        "type": "Point",
        "coordinates": [
          32.71,
          -2.3
        ]
      },
      "properties": {
        "Culvert_Number": "C628",
        "Link_Number": "A007_link09",
        "Culvert_Structure_Type": "Box culvert (In-situ concrete)",
        "Span_Diameter_m": 3.1,
        "Cell_Count": 2,
        "Maintenance_Station": "Lira",
        "Maintenance_Region": "Northern",
        "Scour_Risk_Rating": 42.0,
        "Hydraulic_Capacity_Ratio": 1.4
      }
    },
    {
      "type": "Feature",
      "geometry": {
        "type": "Point",
        "coordinates": [
          32.71,
          -2.3
        ]
      },
      "properties": {
        "Culvert_Number": "C629",
        "Link_Number": "A007_link09",
        "Culvert_Structure_Type": "Box culvert (In-situ concrete)",
        "Span_Diameter_m": 3.1,
        "Cell_Count": 2,
        "Maintenance_Station": "Lira",
        "Maintenance_Region": "Northern",
        "Scour_Risk_Rating": 43.0,
        "Hydraulic_Capacity_Ratio": 1.6
      }
    },
    {
      "type": "Feature",
      "geometry": {
        "type": "Point",
        "coordinates": [
          30.63,
          0.62
        ]
      },
      "properties": {
        "Culvert_Number": "C360",
        "Link_Number": "A002_Link08",
        "Culvert_Structure_Type": "Box culvert (in situ concrete)",
        "Span_Diameter_m": 1.53,
        "Cell_Count": 2,
        "Maintenance_Station": "Mbarara",
        "Maintenance_Region": "Southern",
        "Scour_Risk_Rating": 44.0,
        "Hydraulic_Capacity_Ratio": 1.8
      }
    },
    {
      "type": "Feature",
      "geometry": {
        "type": "Point",
        "coordinates": [
          30.02,
          0.03
        ]
      },
      "properties": {
        "Culvert_Number": "C368",
        "Link_Number": "A005_Link14",
        "Culvert_Structure_Type": "Box culvert (in situ concrete)",
        "Span_Diameter_m": 3.0,
        "Cell_Count": 3,
        "Maintenance_Station": "Kasese",
        "Maintenance_Region": "Southern",
        "Scour_Risk_Rating": 45.0,
        "Hydraulic_Capacity_Ratio": 1.2
      }
    },
    {
      "type": "Feature",
      "geometry": {
        "type": "Point",
        "coordinates": [
          30.01,
          0.03
        ]
      },
      "properties": {
        "Culvert_Number": "C369",
        "Link_Number": "A005_Link14",
        "Culvert_Structure_Type": "Box culvert (in situ concrete)",
        "Span_Diameter_m": 3.0,
        "Cell_Count": 2,
        "Maintenance_Station": "Kasese",
        "Maintenance_Region": "Southern",
        "Scour_Risk_Rating": 46.0,
        "Hydraulic_Capacity_Ratio": 1.4
      }
    },
    {
      "type": "Feature",
      "geometry": {
        "type": "Point",
        "coordinates": [
          30.03,
          0.19
        ]
      },
      "properties": {
        "Culvert_Number": "C370",
        "Link_Number": "C511_Link01",
        "Culvert_Structure_Type": "Corrugated metal pipe culvert",
        "Span_Diameter_m": 2.16,
        "Cell_Count": 1,
        "Maintenance_Station": "Kasese",
        "Maintenance_Region": "Southern",
        "Scour_Risk_Rating": 47.0,
        "Hydraulic_Capacity_Ratio": 1.6
      }
    },
    {
      "type": "Feature",
      "geometry": {
        "type": "Point",
        "coordinates": [
          30.08,
          0.16
        ]
      },
      "properties": {
        "Culvert_Number": "C371",
        "Link_Number": "A005_Link14",
        "Culvert_Structure_Type": "Box culvert (in situ concrete)",
        "Span_Diameter_m": 4.0,
        "Cell_Count": 1,
        "Maintenance_Station": "Kasese",
        "Maintenance_Region": "Southern",
        "Scour_Risk_Rating": 48.0,
        "Hydraulic_Capacity_Ratio": 1.8
      }
    },
    {
      "type": "Feature",
      "geometry": {
        "type": "Point",
        "coordinates": [
          30.11,
          0.28
        ]
      },
      "properties": {
        "Culvert_Number": "C372",
        "Link_Number": "C510_Link01",
        "Culvert_Structure_Type": "Corrugated metal pipe culvert",
        "Span_Diameter_m": 1.4,
        "Cell_Count": 4,
        "Maintenance_Station": "Kasese",
        "Maintenance_Region": "Southern",
        "Scour_Risk_Rating": 49.0,
        "Hydraulic_Capacity_Ratio": 1.2
      }
    },
    {
      "type": "Feature",
      "geometry": {
        "type": "Point",
        "coordinates": [
          29.95,
          0.12
        ]
      },
      "properties": {
        "Culvert_Number": "C373",
        "Link_Number": "C513_Link02",
        "Culvert_Structure_Type": "Box culvert (in situ concrete)",
        "Span_Diameter_m": 5.0,
        "Cell_Count": 2,
        "Maintenance_Station": "Kasese",
        "Maintenance_Region": "Southern",
        "Scour_Risk_Rating": 50.0,
        "Hydraulic_Capacity_Ratio": 1.4
      }
    },
    {
      "type": "Feature",
      "geometry": {
        "type": "Point",
        "coordinates": [
          30.12,
          0.46
        ]
      },
      "properties": {
        "Culvert_Number": "C374",
        "Link_Number": "C512_Link01",
        "Culvert_Structure_Type": "Corrugated metal pipe culvert",
        "Span_Diameter_m": 3.0,
        "Cell_Count": 2,
        "Maintenance_Station": "Kasese",
        "Maintenance_Region": "Southern",
        "Scour_Risk_Rating": 51.0,
        "Hydraulic_Capacity_Ratio": 1.6
      }
    },
    {
      "type": "Feature",
      "geometry": {
        "type": "Point",
        "coordinates": [
          30.17,
          -0.39
        ]
      },
      "properties": {
        "Culvert_Number": "C375",
        "Link_Number": "C512_Link01",
        "Culvert_Structure_Type": "Box culvert (in situ concrete)",
        "Span_Diameter_m": 3.0,
        "Cell_Count": 2,
        "Maintenance_Station": "Kasese",
        "Maintenance_Region": "Southern",
        "Scour_Risk_Rating": 52.0,
        "Hydraulic_Capacity_Ratio": 1.8
      }
    },
    {
      "type": "Feature",
      "geometry": {
        "type": "Point",
        "coordinates": [
          29.88,
          0.84
        ]
      },
      "properties": {
        "Culvert_Number": "C376",
        "Link_Number": "C490_Link01",
        "Culvert_Structure_Type": "Corrugated metal pipe culvert",
        "Span_Diameter_m": 3.0,
        "Cell_Count": 2,
        "Maintenance_Station": "Kampala",
        "Maintenance_Region": "Southern",
        "Scour_Risk_Rating": 53.0,
        "Hydraulic_Capacity_Ratio": 1.2
      }
    },
    {
      "type": "Feature",
      "geometry": {
        "type": "Point",
        "coordinates": [
          29.87,
          0.85
        ]
      },
      "properties": {
        "Culvert_Number": "C377",
        "Link_Number": "C459_Link01",
        "Culvert_Structure_Type": "Corrugated metal pipe culvert",
        "Span_Diameter_m": 3.0,
        "Cell_Count": 2,
        "Maintenance_Station": "Kabale",
        "Maintenance_Region": "Southern",
        "Scour_Risk_Rating": 54.0,
        "Hydraulic_Capacity_Ratio": 1.4
      }
    },
    {
      "type": "Feature",
      "geometry": {
        "type": "Point",
        "coordinates": [
          30.47,
          0.66
        ]
      },
      "properties": {
        "Culvert_Number": "C361",
        "Link_Number": "A002_Link08",
        "Culvert_Structure_Type": "Box culvert (in situ concrete)",
        "Span_Diameter_m": 2.4,
        "Cell_Count": 2,
        "Maintenance_Station": "Mbarara",
        "Maintenance_Region": "Southern",
        "Scour_Risk_Rating": 55.0,
        "Hydraulic_Capacity_Ratio": 1.6
      }
    },
    {
      "type": "Feature",
      "geometry": {
        "type": "Point",
        "coordinates": [
          30.14,
          0.67
        ]
      },
      "properties": {
        "Culvert_Number": "C378",
        "Link_Number": "C447_Link02",
        "Culvert_Structure_Type": "Box culvert (in situ concrete)",
        "Span_Diameter_m": 2.0,
        "Cell_Count": 1,
        "Maintenance_Station": "Kabale",
        "Maintenance_Region": "Southern",
        "Scour_Risk_Rating": 56.0,
        "Hydraulic_Capacity_Ratio": 1.8
      }
    },
    {
      "type": "Feature",
      "geometry": {
        "type": "Point",
        "coordinates": [
          30.19,
          1.03
        ]
      },
      "properties": {
        "Culvert_Number": "C362",
        "Link_Number": "A002_Link10",
        "Culvert_Structure_Type": "Corrugated metal pipe culvert",
        "Span_Diameter_m": 1.8,
        "Cell_Count": 3,
        "Maintenance_Station": "Kabale",
        "Maintenance_Region": "Southern",
        "Scour_Risk_Rating": 57.0,
        "Hydraulic_Capacity_Ratio": 1.2
      }
    },
    {
      "type": "Feature",
      "geometry": {
        "type": "Point",
        "coordinates": [
          30.07,
          0.12
        ]
      },
      "properties": {
        "Culvert_Number": "C363",
        "Link_Number": "A005_Link14",
        "Culvert_Structure_Type": "Box culvert (in situ concrete)",
        "Span_Diameter_m": 3.0,
        "Cell_Count": 2,
        "Maintenance_Station": "Kasese",
        "Maintenance_Region": "Southern",
        "Scour_Risk_Rating": 58.0,
        "Hydraulic_Capacity_Ratio": 1.4
      }
    },
    {
      "type": "Feature",
      "geometry": {
        "type": "Point",
        "coordinates": [
          30.05,
          0.1
        ]
      },
      "properties": {
        "Culvert_Number": "C364",
        "Link_Number": "A005_Link14",
        "Culvert_Structure_Type": "Box culvert (in situ concrete)",
        "Span_Diameter_m": 2.5,
        "Cell_Count": 2,
        "Maintenance_Station": "Kasese",
        "Maintenance_Region": "Southern",
        "Scour_Risk_Rating": 59.0,
        "Hydraulic_Capacity_Ratio": 1.6
      }
    },
    {
      "type": "Feature",
      "geometry": {
        "type": "Point",
        "coordinates": [
          30.09,
          0.18
        ]
      },
      "properties": {
        "Culvert_Number": "C365",
        "Link_Number": "A005_Link12",
        "Culvert_Structure_Type": "Corrugated metal pipe culvert",
        "Span_Diameter_m": 2.5,
        "Cell_Count": 1,
        "Maintenance_Station": "Kasese",
        "Maintenance_Region": "Southern",
        "Scour_Risk_Rating": 60.0,
        "Hydraulic_Capacity_Ratio": 1.8
      }
    },
    {
      "type": "Feature",
      "geometry": {
        "type": "Point",
        "coordinates": [
          30.04,
          0.06
        ]
      },
      "properties": {
        "Culvert_Number": "C366",
        "Link_Number": "A005_Link14",
        "Culvert_Structure_Type": "Box culvert (in situ concrete)",
        "Span_Diameter_m": 4.0,
        "Cell_Count": 1,
        "Maintenance_Station": "Kasese",
        "Maintenance_Region": "Southern",
        "Scour_Risk_Rating": 61.0,
        "Hydraulic_Capacity_Ratio": 1.2
      }
    },
    {
      "type": "Feature",
      "geometry": {
        "type": "Point",
        "coordinates": [
          30.03,
          0.05
        ]
      },
      "properties": {
        "Culvert_Number": "C367",
        "Link_Number": "A005_Link14",
        "Culvert_Structure_Type": "Box culvert (in situ concrete)",
        "Span_Diameter_m": 3.1,
        "Cell_Count": 2,
        "Maintenance_Station": "Kasese",
        "Maintenance_Region": "Southern",
        "Scour_Risk_Rating": 62.0,
        "Hydraulic_Capacity_Ratio": 1.4
      }
    },
    {
      "type": "Feature",
      "geometry": {
        "type": "Point",
        "coordinates": [
          31.99,
          1.81
        ]
      },
      "properties": {
        "Culvert_Number": "C425",
        "Link_Number": "B201_Link01",
        "Culvert_Structure_Type": "Concrete pipe culvert",
        "Span_Diameter_m": 1.5,
        "Cell_Count": 4,
        "Maintenance_Station": "Masindi",
        "Maintenance_Region": "Western",
        "Scour_Risk_Rating": 63.0,
        "Hydraulic_Capacity_Ratio": 1.6
      }
    },
    {
      "type": "Feature",
      "geometry": {
        "type": "Point",
        "coordinates": [
          31.99,
          1.81
        ]
      },
      "properties": {
        "Culvert_Number": "C426",
        "Link_Number": "B201_Link01",
        "Culvert_Structure_Type": "Concrete pipe culvert",
        "Span_Diameter_m": 1.5,
        "Cell_Count": 4,
        "Maintenance_Station": "Masindi",
        "Maintenance_Region": "Western",
        "Scour_Risk_Rating": 64.0,
        "Hydraulic_Capacity_Ratio": 1.8
      }
    },
    {
      "type": "Feature",
      "geometry": {
        "type": "Point",
        "coordinates": [
          31.99,
          1.81
        ]
      },
      "properties": {
        "Culvert_Number": "C427",
        "Link_Number": "B201_Link01",
        "Culvert_Structure_Type": "Concrete pipe culvert",
        "Span_Diameter_m": 1.5,
        "Cell_Count": 4,
        "Maintenance_Station": "Masindi",
        "Maintenance_Region": "Western",
        "Scour_Risk_Rating": 65.0,
        "Hydraulic_Capacity_Ratio": 1.2
      }
    },
    {
      "type": "Feature",
      "geometry": {
        "type": "Point",
        "coordinates": [
          31.99,
          1.8
        ]
      },
      "properties": {
        "Culvert_Number": "C428",
        "Link_Number": "B201_Link01",
        "Culvert_Structure_Type": "Concrete pipe culvert",
        "Span_Diameter_m": 1.5,
        "Cell_Count": 4,
        "Maintenance_Station": "Masindi",
        "Maintenance_Region": "Western",
        "Scour_Risk_Rating": 66.0,
        "Hydraulic_Capacity_Ratio": 1.4
      }
    },
    {
      "type": "Feature",
      "geometry": {
        "type": "Point",
        "coordinates": [
          31.99,
          1.81
        ]
      },
      "properties": {
        "Culvert_Number": "C429",
        "Link_Number": "B201_Link01",
        "Culvert_Structure_Type": "Concrete pipe culvert",
        "Span_Diameter_m": 1.5,
        "Cell_Count": 4,
        "Maintenance_Station": "Masindi",
        "Maintenance_Region": "Western",
        "Scour_Risk_Rating": 12.0,
        "Hydraulic_Capacity_Ratio": 1.6
      }
    },
    {
      "type": "Feature",
      "geometry": {
        "type": "Point",
        "coordinates": [
          31.97,
          1.79
        ]
      },
      "properties": {
        "Culvert_Number": "C430",
        "Link_Number": "B201_Link01",
        "Culvert_Structure_Type": "Concrete pipe culvert",
        "Span_Diameter_m": 1.5,
        "Cell_Count": 4,
        "Maintenance_Station": "Masindi",
        "Maintenance_Region": "Western",
        "Scour_Risk_Rating": 13.0,
        "Hydraulic_Capacity_Ratio": 1.8
      }
    },
    {
      "type": "Feature",
      "geometry": {
        "type": "Point",
        "coordinates": [
          31.92,
          1.79
        ]
      },
      "properties": {
        "Culvert_Number": "C431",
        "Link_Number": "B201_Link01",
        "Culvert_Structure_Type": "Concrete pipe culvert",
        "Span_Diameter_m": 1.5,
        "Cell_Count": 4,
        "Maintenance_Station": "Masindi",
        "Maintenance_Region": "Western",
        "Scour_Risk_Rating": 14.0,
        "Hydraulic_Capacity_Ratio": 1.2
      }
    },
    {
      "type": "Feature",
      "geometry": {
        "type": "Point",
        "coordinates": [
          31.9,
          1.8
        ]
      },
      "properties": {
        "Culvert_Number": "C432",
        "Link_Number": "B201_Link01",
        "Culvert_Structure_Type": "Concrete pipe culvert",
        "Span_Diameter_m": 1.5,
        "Cell_Count": 3,
        "Maintenance_Station": "Masindi",
        "Maintenance_Region": "Western",
        "Scour_Risk_Rating": 15.0,
        "Hydraulic_Capacity_Ratio": 1.4
      }
    },
    {
      "type": "Feature",
      "geometry": {
        "type": "Point",
        "coordinates": [
          31.9,
          1.8
        ]
      },
      "properties": {
        "Culvert_Number": "C433",
        "Link_Number": "B201_Link01",
        "Culvert_Structure_Type": "Concrete pipe culvert",
        "Span_Diameter_m": 1.5,
        "Cell_Count": 3,
        "Maintenance_Station": "Masindi",
        "Maintenance_Region": "Western",
        "Scour_Risk_Rating": 16.0,
        "Hydraulic_Capacity_Ratio": 1.6
      }
    },
    {
      "type": "Feature",
      "geometry": {
        "type": "Point",
        "coordinates": [
          31.9,
          1.8
        ]
      },
      "properties": {
        "Culvert_Number": "C434",
        "Link_Number": "B201_Link01",
        "Culvert_Structure_Type": "Concrete pipe culvert",
        "Span_Diameter_m": 1.5,
        "Cell_Count": 3,
        "Maintenance_Station": "Masindi",
        "Maintenance_Region": "Western",
        "Scour_Risk_Rating": 17.0,
        "Hydraulic_Capacity_Ratio": 1.8
      }
    },
    {
      "type": "Feature",
      "geometry": {
        "type": "Point",
        "coordinates": [
          31.83,
          1.78
        ]
      },
      "properties": {
        "Culvert_Number": "C435",
        "Link_Number": "B201_Link01",
        "Culvert_Structure_Type": "Concrete pipe culvert",
        "Span_Diameter_m": 1.5,
        "Cell_Count": 4,
        "Maintenance_Station": "Masindi",
        "Maintenance_Region": "Western",
        "Scour_Risk_Rating": 18.0,
        "Hydraulic_Capacity_Ratio": 1.2
      }
    },
    {
      "type": "Feature",
      "geometry": {
        "type": "Point",
        "coordinates": [
          31.82,
          1.78
        ]
      },
      "properties": {
        "Culvert_Number": "C436",
        "Link_Number": "B201_Link01",
        "Culvert_Structure_Type": "Concrete pipe culvert",
        "Span_Diameter_m": 1.5,
        "Cell_Count": 4,
        "Maintenance_Station": "Masindi",
        "Maintenance_Region": "Western",
        "Scour_Risk_Rating": 19.0,
        "Hydraulic_Capacity_Ratio": 1.4
      }
    },
    {
      "type": "Feature",
      "geometry": {
        "type": "Point",
        "coordinates": [
          31.82,
          1.77
        ]
      },
      "properties": {
        "Culvert_Number": "C437",
        "Link_Number": "B201_Link01",
        "Culvert_Structure_Type": "Concrete pipe culvert",
        "Span_Diameter_m": 1.5,
        "Cell_Count": 4,
        "Maintenance_Station": "Masindi",
        "Maintenance_Region": "Western",
        "Scour_Risk_Rating": 20.0,
        "Hydraulic_Capacity_Ratio": 1.6
      }
    },
    {
      "type": "Feature",
      "geometry": {
        "type": "Point",
        "coordinates": [
          31.82,
          1.77
        ]
      },
      "properties": {
        "Culvert_Number": "C438",
        "Link_Number": "B201_Link01",
        "Culvert_Structure_Type": "Concrete pipe culvert",
        "Span_Diameter_m": 1.5,
        "Cell_Count": 4,
        "Maintenance_Station": "Masindi",
        "Maintenance_Region": "Western",
        "Scour_Risk_Rating": 21.0,
        "Hydraulic_Capacity_Ratio": 1.8
      }
    },
    {
      "type": "Feature",
      "geometry": {
        "type": "Point",
        "coordinates": [
          31.82,
          1.77
        ]
      },
      "properties": {
        "Culvert_Number": "C439",
        "Link_Number": "B201_Link01",
        "Culvert_Structure_Type": "Concrete pipe culvert",
        "Span_Diameter_m": 1.5,
        "Cell_Count": 3,
        "Maintenance_Station": "Masindi",
        "Maintenance_Region": "Western",
        "Scour_Risk_Rating": 22.0,
        "Hydraulic_Capacity_Ratio": 1.2
      }
    },
    {
      "type": "Feature",
      "geometry": {
        "type": "Point",
        "coordinates": [
          31.82,
          1.77
        ]
      },
      "properties": {
        "Culvert_Number": "C440",
        "Link_Number": "B201_Link01",
        "Culvert_Structure_Type": "Concrete pipe culvert",
        "Span_Diameter_m": 1.5,
        "Cell_Count": 4,
        "Maintenance_Station": "Masindi",
        "Maintenance_Region": "Western",
        "Scour_Risk_Rating": 23.0,
        "Hydraulic_Capacity_Ratio": 1.4
      }
    },
    {
      "type": "Feature",
      "geometry": {
        "type": "Point",
        "coordinates": [
          31.77,
          1.77
        ]
      },
      "properties": {
        "Culvert_Number": "C441",
        "Link_Number": "B201_Link01",
        "Culvert_Structure_Type": "Concrete pipe culvert",
        "Span_Diameter_m": 1.5,
        "Cell_Count": 4,
        "Maintenance_Station": "Masindi",
        "Maintenance_Region": "Western",
        "Scour_Risk_Rating": 24.0,
        "Hydraulic_Capacity_Ratio": 1.6
      }
    },
    {
      "type": "Feature",
      "geometry": {
        "type": "Point",
        "coordinates": [
          31.82,
          1.77
        ]
      },
      "properties": {
        "Culvert_Number": "C442",
        "Link_Number": "B201_Link01",
        "Culvert_Structure_Type": "Concrete pipe culvert",
        "Span_Diameter_m": 1.5,
        "Cell_Count": 4,
        "Maintenance_Station": "Masindi",
        "Maintenance_Region": "Western",
        "Scour_Risk_Rating": 25.0,
        "Hydraulic_Capacity_Ratio": 1.8
      }
    },
    {
      "type": "Feature",
      "geometry": {
        "type": "Point",
        "coordinates": [
          31.77,
          1.76
        ]
      },
      "properties": {
        "Culvert_Number": "C443",
        "Link_Number": "B201_Link01",
        "Culvert_Structure_Type": "Concrete pipe culvert",
        "Span_Diameter_m": 1.5,
        "Cell_Count": 4,
        "Maintenance_Station": "Masindi",
        "Maintenance_Region": "Western",
        "Scour_Risk_Rating": 26.0,
        "Hydraulic_Capacity_Ratio": 1.2
      }
    },
    {
      "type": "Feature",
      "geometry": {
        "type": "Point",
        "coordinates": [
          31.56,
          1.52
        ]
      },
      "properties": {
        "Culvert_Number": "C444",
        "Link_Number": "B204_Link01",
        "Culvert_Structure_Type": "Concrete pipe culvert",
        "Span_Diameter_m": 1.5,
        "Cell_Count": 3,
        "Maintenance_Station": "Masindi",
        "Maintenance_Region": "Western",
        "Scour_Risk_Rating": 27.0,
        "Hydraulic_Capacity_Ratio": 1.4
      }
    },
    {
      "type": "Feature",
      "geometry": {
        "type": "Point",
        "coordinates": [
          31.56,
          1.52
        ]
      },
      "properties": {
        "Culvert_Number": "C445",
        "Link_Number": "B204_Link01",
        "Culvert_Structure_Type": "Concrete pipe culvert",
        "Span_Diameter_m": 1.5,
        "Cell_Count": 4,
        "Maintenance_Station": "Masindi",
        "Maintenance_Region": "Western",
        "Scour_Risk_Rating": 28.0,
        "Hydraulic_Capacity_Ratio": 1.6
      }
    },
    {
      "type": "Feature",
      "geometry": {
        "type": "Point",
        "coordinates": [
          31.56,
          1.52
        ]
      },
      "properties": {
        "Culvert_Number": "C446",
        "Link_Number": "B204_Link01",
        "Culvert_Structure_Type": "Concrete pipe culvert",
        "Span_Diameter_m": 1.5,
        "Cell_Count": 4,
        "Maintenance_Station": "Masindi",
        "Maintenance_Region": "Western",
        "Scour_Risk_Rating": 29.0,
        "Hydraulic_Capacity_Ratio": 1.8
      }
    },
    {
      "type": "Feature",
      "geometry": {
        "type": "Point",
        "coordinates": [
          31.56,
          1.52
        ]
      },
      "properties": {
        "Culvert_Number": "C447",
        "Link_Number": "B204_Link01",
        "Culvert_Structure_Type": "Concrete pipe culvert",
        "Span_Diameter_m": 1.5,
        "Cell_Count": 4,
        "Maintenance_Station": "Masindi",
        "Maintenance_Region": "Western",
        "Scour_Risk_Rating": 30.0,
        "Hydraulic_Capacity_Ratio": 1.2
      }
    },
    {
      "type": "Feature",
      "geometry": {
        "type": "Point",
        "coordinates": [
          31.56,
          1.53
        ]
      },
      "properties": {
        "Culvert_Number": "C448",
        "Link_Number": "B204_Link01",
        "Culvert_Structure_Type": "Concrete pipe culvert",
        "Span_Diameter_m": 1.5,
        "Cell_Count": 4,
        "Maintenance_Station": "Masindi",
        "Maintenance_Region": "Western",
        "Scour_Risk_Rating": 31.0,
        "Hydraulic_Capacity_Ratio": 1.4
      }
    },
    {
      "type": "Feature",
      "geometry": {
        "type": "Point",
        "coordinates": [
          31.61,
          1.56
        ]
      },
      "properties": {
        "Culvert_Number": "C449",
        "Link_Number": "B204_Link01",
        "Culvert_Structure_Type": "Concrete pipe culvert",
        "Span_Diameter_m": 1.5,
        "Cell_Count": 4,
        "Maintenance_Station": "Masindi",
        "Maintenance_Region": "Western",
        "Scour_Risk_Rating": 32.0,
        "Hydraulic_Capacity_Ratio": 1.6
      }
    },
    {
      "type": "Feature",
      "geometry": {
        "type": "Point",
        "coordinates": [
          31.61,
          1.57
        ]
      },
      "properties": {
        "Culvert_Number": "C450",
        "Link_Number": "B204_Link01",
        "Culvert_Structure_Type": "Concrete pipe culvert",
        "Span_Diameter_m": 1.5,
        "Cell_Count": 4,
        "Maintenance_Station": "Masindi",
        "Maintenance_Region": "Western",
        "Scour_Risk_Rating": 33.0,
        "Hydraulic_Capacity_Ratio": 1.8
      }
    },
    {
      "type": "Feature",
      "geometry": {
        "type": "Point",
        "coordinates": [
          31.62,
          1.58
        ]
      },
      "properties": {
        "Culvert_Number": "C451",
        "Link_Number": "B204_Link01",
        "Culvert_Structure_Type": "Concrete pipe culvert",
        "Span_Diameter_m": 1.5,
        "Cell_Count": 4,
        "Maintenance_Station": "Masindi",
        "Maintenance_Region": "Western",
        "Scour_Risk_Rating": 34.0,
        "Hydraulic_Capacity_Ratio": 1.2
      }
    },
    {
      "type": "Feature",
      "geometry": {
        "type": "Point",
        "coordinates": [
          31.62,
          1.58
        ]
      },
      "properties": {
        "Culvert_Number": "C452",
        "Link_Number": "B204_Link01",
        "Culvert_Structure_Type": "Concrete pipe culvert",
        "Span_Diameter_m": 1.5,
        "Cell_Count": 4,
        "Maintenance_Station": "Masindi",
        "Maintenance_Region": "Western",
        "Scour_Risk_Rating": 35.0,
        "Hydraulic_Capacity_Ratio": 1.4
      }
    },
    {
      "type": "Feature",
      "geometry": {
        "type": "Point",
        "coordinates": [
          31.69,
          1.63
        ]
      },
      "properties": {
        "Culvert_Number": "C453",
        "Link_Number": "B204_Link01",
        "Culvert_Structure_Type": "Concrete pipe culvert",
        "Span_Diameter_m": 1.5,
        "Cell_Count": 3,
        "Maintenance_Station": "Masindi",
        "Maintenance_Region": "Western",
        "Scour_Risk_Rating": 36.0,
        "Hydraulic_Capacity_Ratio": 1.6
      }
    },
    {
      "type": "Feature",
      "geometry": {
        "type": "Point",
        "coordinates": [
          31.69,
          1.63
        ]
      },
      "properties": {
        "Culvert_Number": "C454",
        "Link_Number": "B204_Link01",
        "Culvert_Structure_Type": "Concrete pipe culvert",
        "Span_Diameter_m": 1.5,
        "Cell_Count": 3,
        "Maintenance_Station": "Masindi",
        "Maintenance_Region": "Western",
        "Scour_Risk_Rating": 37.0,
        "Hydraulic_Capacity_Ratio": 1.8
      }
    },
    {
      "type": "Feature",
      "geometry": {
        "type": "Point",
        "coordinates": [
          31.4,
          1.75
        ]
      },
      "properties": {
        "Culvert_Number": "C455",
        "Link_Number": "C590_Link02",
        "Culvert_Structure_Type": "Box culvert (in situ concrete)",
        "Span_Diameter_m": 3.0,
        "Cell_Count": 2,
        "Maintenance_Station": "Masindi",
        "Maintenance_Region": "Western",
        "Scour_Risk_Rating": 38.0,
        "Hydraulic_Capacity_Ratio": 1.2
      }
    },
    {
      "type": "Feature",
      "geometry": {
        "type": "Point",
        "coordinates": [
          31.38,
          1.78
        ]
      },
      "properties": {
        "Culvert_Number": "C456",
        "Link_Number": "C590_Link02",
        "Culvert_Structure_Type": "Box culvert (in situ concrete)",
        "Span_Diameter_m": 3.0,
        "Cell_Count": 1,
        "Maintenance_Station": "Masindi",
        "Maintenance_Region": "Western",
        "Scour_Risk_Rating": 39.0,
        "Hydraulic_Capacity_Ratio": 1.4
      }
    },
    {
      "type": "Feature",
      "geometry": {
        "type": "Point",
        "coordinates": [
          31.38,
          1.79
        ]
      },
      "properties": {
        "Culvert_Number": "C457",
        "Link_Number": "C590_Link02",
        "Culvert_Structure_Type": "Box culvert (in situ concrete)",
        "Span_Diameter_m": 3.1,
        "Cell_Count": 3,
        "Maintenance_Station": "Masindi",
        "Maintenance_Region": "Western",
        "Scour_Risk_Rating": 40.0,
        "Hydraulic_Capacity_Ratio": 1.6
      }
    },
    {
      "type": "Feature",
      "geometry": {
        "type": "Point",
        "coordinates": [
          31.39,
          1.84
        ]
      },
      "properties": {
        "Culvert_Number": "C458",
        "Link_Number": "C623_Link01",
        "Culvert_Structure_Type": "Box culvert (in situ concrete)",
        "Span_Diameter_m": 3.0,
        "Cell_Count": 2,
        "Maintenance_Station": "Masindi",
        "Maintenance_Region": "Western",
        "Scour_Risk_Rating": 41.0,
        "Hydraulic_Capacity_Ratio": 1.8
      }
    },
    {
      "type": "Feature",
      "geometry": {
        "type": "Point",
        "coordinates": [
          31.4,
          1.86
        ]
      },
      "properties": {
        "Culvert_Number": "C459",
        "Link_Number": "C623_Link01",
        "Culvert_Structure_Type": "Box culvert (in situ concrete)",
        "Span_Diameter_m": 3.0,
        "Cell_Count": 2,
        "Maintenance_Station": "Masindi",
        "Maintenance_Region": "Western",
        "Scour_Risk_Rating": 42.0,
        "Hydraulic_Capacity_Ratio": 1.2
      }
    },
    {
      "type": "Feature",
      "geometry": {
        "type": "Point",
        "coordinates": [
          31.41,
          1.88
        ]
      },
      "properties": {
        "Culvert_Number": "C460",
        "Link_Number": "C623_Link01",
        "Culvert_Structure_Type": "Box culvert (in situ concrete)",
        "Span_Diameter_m": 3.0,
        "Cell_Count": 1,
        "Maintenance_Station": "Masindi",
        "Maintenance_Region": "Western",
        "Scour_Risk_Rating": 43.0,
        "Hydraulic_Capacity_Ratio": 1.4
      }
    },
    {
      "type": "Feature",
      "geometry": {
        "type": "Point",
        "coordinates": [
          31.41,
          1.88
        ]
      },
      "properties": {
        "Culvert_Number": "C461",
        "Link_Number": "C623_Link01",
        "Culvert_Structure_Type": "Box culvert (in situ concrete)",
        "Span_Diameter_m": 2.5,
        "Cell_Count": 3,
        "Maintenance_Station": "Masindi",
        "Maintenance_Region": "Western",
        "Scour_Risk_Rating": 44.0,
        "Hydraulic_Capacity_Ratio": 1.6
      }
    },
    {
      "type": "Feature",
      "geometry": {
        "type": "Point",
        "coordinates": [
          31.43,
          1.92
        ]
      },
      "properties": {
        "Culvert_Number": "C462",
        "Link_Number": "C623_Link01",
        "Culvert_Structure_Type": "Box culvert (in situ concrete)",
        "Span_Diameter_m": 3.0,
        "Cell_Count": 1,
        "Maintenance_Station": "Masindi",
        "Maintenance_Region": "Western",
        "Scour_Risk_Rating": 45.0,
        "Hydraulic_Capacity_Ratio": 1.8
      }
    },
    {
      "type": "Feature",
      "geometry": {
        "type": "Point",
        "coordinates": [
          31.43,
          1.93
        ]
      },
      "properties": {
        "Culvert_Number": "C463",
        "Link_Number": "C623_Link01",
        "Culvert_Structure_Type": "Box culvert (in situ concrete)",
        "Span_Diameter_m": 3.0,
        "Cell_Count": 2,
        "Maintenance_Station": "Masindi",
        "Maintenance_Region": "Western",
        "Scour_Risk_Rating": 46.0,
        "Hydraulic_Capacity_Ratio": 1.2
      }
    },
    {
      "type": "Feature",
      "geometry": {
        "type": "Point",
        "coordinates": [
          31.43,
          1.93
        ]
      },
      "properties": {
        "Culvert_Number": "C464",
        "Link_Number": "C623_Link01",
        "Culvert_Structure_Type": "Box culvert (in situ concrete)",
        "Span_Diameter_m": 3.0,
        "Cell_Count": 2,
        "Maintenance_Station": "Masindi",
        "Maintenance_Region": "Western",
        "Scour_Risk_Rating": 47.0,
        "Hydraulic_Capacity_Ratio": 1.4
      }
    },
    {
      "type": "Feature",
      "geometry": {
        "type": "Point",
        "coordinates": [
          31.43,
          1.93
        ]
      },
      "properties": {
        "Culvert_Number": "C465",
        "Link_Number": "C623_Link01",
        "Culvert_Structure_Type": "Box culvert (in situ concrete)",
        "Span_Diameter_m": 2.0,
        "Cell_Count": 3,
        "Maintenance_Station": "Masindi",
        "Maintenance_Region": "Western",
        "Scour_Risk_Rating": 48.0,
        "Hydraulic_Capacity_Ratio": 1.6
      }
    },
    {
      "type": "Feature",
      "geometry": {
        "type": "Point",
        "coordinates": [
          31.46,
          1.97
        ]
      },
      "properties": {
        "Culvert_Number": "C466",
        "Link_Number": "C623_Link01",
        "Culvert_Structure_Type": "Box culvert (in situ concrete)",
        "Span_Diameter_m": 3.0,
        "Cell_Count": 1,
        "Maintenance_Station": "Masindi",
        "Maintenance_Region": "Western",
        "Scour_Risk_Rating": 49.0,
        "Hydraulic_Capacity_Ratio": 1.8
      }
    },
    {
      "type": "Feature",
      "geometry": {
        "type": "Point",
        "coordinates": [
          31.48,
          1.99
        ]
      },
      "properties": {
        "Culvert_Number": "C467",
        "Link_Number": "C623_Link01",
        "Culvert_Structure_Type": "Box culvert (in situ concrete)",
        "Span_Diameter_m": 3.0,
        "Cell_Count": 2,
        "Maintenance_Station": "Masindi",
        "Maintenance_Region": "Western",
        "Scour_Risk_Rating": 50.0,
        "Hydraulic_Capacity_Ratio": 1.2
      }
    },
    {
      "type": "Feature",
      "geometry": {
        "type": "Point",
        "coordinates": [
          31.48,
          1.99
        ]
      },
      "properties": {
        "Culvert_Number": "C468",
        "Link_Number": "C623_Link01",
        "Culvert_Structure_Type": "Box culvert (in situ concrete)",
        "Span_Diameter_m": 3.0,
        "Cell_Count": 2,
        "Maintenance_Station": "Masindi",
        "Maintenance_Region": "Western",
        "Scour_Risk_Rating": 51.0,
        "Hydraulic_Capacity_Ratio": 1.4
      }
    },
    {
      "type": "Feature",
      "geometry": {
        "type": "Point",
        "coordinates": [
          31.46,
          2.01
        ]
      },
      "properties": {
        "Culvert_Number": "C469",
        "Link_Number": "C623_Link01",
        "Culvert_Structure_Type": "Box culvert (in situ concrete)",
        "Span_Diameter_m": 3.0,
        "Cell_Count": 2,
        "Maintenance_Station": "Masindi",
        "Maintenance_Region": "Western",
        "Scour_Risk_Rating": 52.0,
        "Hydraulic_Capacity_Ratio": 1.6
      }
    },
    {
      "type": "Feature",
      "geometry": {
        "type": "Point",
        "coordinates": [
          31.71,
          1.8
        ]
      },
      "properties": {
        "Culvert_Number": "C470",
        "Link_Number": "C625_Link01",
        "Culvert_Structure_Type": "Box culvert (in situ concrete)",
        "Span_Diameter_m": 2.0,
        "Cell_Count": 2,
        "Maintenance_Station": "Masindi",
        "Maintenance_Region": "Western",
        "Scour_Risk_Rating": 53.0,
        "Hydraulic_Capacity_Ratio": 1.8
      }
    },
    {
      "type": "Feature",
      "geometry": {
        "type": "Point",
        "coordinates": [
          31.71,
          1.94
        ]
      },
      "properties": {
        "Culvert_Number": "C471",
        "Link_Number": "C625_Link01",
        "Culvert_Structure_Type": "Box culvert (in situ concrete)",
        "Span_Diameter_m": 2.0,
        "Cell_Count": 2,
        "Maintenance_Station": "Masindi",
        "Maintenance_Region": "Western",
        "Scour_Risk_Rating": 54.0,
        "Hydraulic_Capacity_Ratio": 1.2
      }
    },
    {
      "type": "Feature",
      "geometry": {
        "type": "Point",
        "coordinates": [
          31.71,
          1.96
        ]
      },
      "properties": {
        "Culvert_Number": "C472",
        "Link_Number": "C625_Link01",
        "Culvert_Structure_Type": "Box culvert (in situ concrete)",
        "Span_Diameter_m": 2.0,
        "Cell_Count": 2,
        "Maintenance_Station": "Masindi",
        "Maintenance_Region": "Western",
        "Scour_Risk_Rating": 55.0,
        "Hydraulic_Capacity_Ratio": 1.4
      }
    },
    {
      "type": "Feature",
      "geometry": {
        "type": "Point",
        "coordinates": [
          31.61,
          2.2
        ]
      },
      "properties": {
        "Culvert_Number": "C473",
        "Link_Number": "C625_Link01",
        "Culvert_Structure_Type": "Box culvert (in situ concrete)",
        "Span_Diameter_m": 2.0,
        "Cell_Count": 2,
        "Maintenance_Station": "Masindi",
        "Maintenance_Region": "Western",
        "Scour_Risk_Rating": 56.0,
        "Hydraulic_Capacity_Ratio": 1.6
      }
    },
    {
      "type": "Feature",
      "geometry": {
        "type": "Point",
        "coordinates": [
          31.41,
          2.12
        ]
      },
      "properties": {
        "Culvert_Number": "C474",
        "Link_Number": "C623_Link02",
        "Culvert_Structure_Type": "Box culvert (in situ concrete)",
        "Span_Diameter_m": 3.0,
        "Cell_Count": 2,
        "Maintenance_Station": "Masindi",
        "Maintenance_Region": "Western",
        "Scour_Risk_Rating": 57.0,
        "Hydraulic_Capacity_Ratio": 1.8
      }
    },
    {
      "type": "Feature",
      "geometry": {
        "type": "Point",
        "coordinates": [
          31.41,
          2.13
        ]
      },
      "properties": {
        "Culvert_Number": "C475",
        "Link_Number": "C623_Link02",
        "Culvert_Structure_Type": "Box culvert (in situ concrete)",
        "Span_Diameter_m": 3.0,
        "Cell_Count": 2,
        "Maintenance_Station": "Masindi",
        "Maintenance_Region": "Western",
        "Scour_Risk_Rating": 58.0,
        "Hydraulic_Capacity_Ratio": 1.2
      }
    },
    {
      "type": "Feature",
      "geometry": {
        "type": "Point",
        "coordinates": [
          31.41,
          2.13
        ]
      },
      "properties": {
        "Culvert_Number": "C476",
        "Link_Number": "C623_Link02",
        "Culvert_Structure_Type": "Box culvert (in situ concrete)",
        "Span_Diameter_m": 3.0,
        "Cell_Count": 2,
        "Maintenance_Station": "Masindi",
        "Maintenance_Region": "Western",
        "Scour_Risk_Rating": 59.0,
        "Hydraulic_Capacity_Ratio": 1.4
      }
    },
    {
      "type": "Feature",
      "geometry": {
        "type": "Point",
        "coordinates": [
          31.15,
          0.99
        ]
      },
      "properties": {
        "Culvert_Number": "C477",
        "Link_Number": "B203_Link03",
        "Culvert_Structure_Type": "Box culvert (in situ concrete)",
        "Span_Diameter_m": 3.0,
        "Cell_Count": 2,
        "Maintenance_Station": "Hoima",
        "Maintenance_Region": "Western",
        "Scour_Risk_Rating": 60.0,
        "Hydraulic_Capacity_Ratio": 1.6
      }
    },
    {
      "type": "Feature",
      "geometry": {
        "type": "Point",
        "coordinates": [
          31.15,
          0.99
        ]
      },
      "properties": {
        "Culvert_Number": "C478",
        "Link_Number": "B203_Link03",
        "Culvert_Structure_Type": "Box culvert (in situ concrete)",
        "Span_Diameter_m": 3.1,
        "Cell_Count": 2,
        "Maintenance_Station": "Hoima",
        "Maintenance_Region": "Western",
        "Scour_Risk_Rating": 61.0,
        "Hydraulic_Capacity_Ratio": 1.8
      }
    },
    {
      "type": "Feature",
      "geometry": {
        "type": "Point",
        "coordinates": [
          31.23,
          1.12
        ]
      },
      "properties": {
        "Culvert_Number": "C479",
        "Link_Number": "B203_Link03",
        "Culvert_Structure_Type": "Box culvert (in situ concrete)",
        "Span_Diameter_m": 3.0,
        "Cell_Count": 2,
        "Maintenance_Station": "Hoima",
        "Maintenance_Region": "Western",
        "Scour_Risk_Rating": 62.0,
        "Hydraulic_Capacity_Ratio": 1.2
      }
    },
    {
      "type": "Feature",
      "geometry": {
        "type": "Point",
        "coordinates": [
          31.25,
          1.12
        ]
      },
      "properties": {
        "Culvert_Number": "C480",
        "Link_Number": "B203_Link03",
        "Culvert_Structure_Type": "Box culvert (in situ concrete)",
        "Span_Diameter_m": 3.0,
        "Cell_Count": 2,
        "Maintenance_Station": "Hoima",
        "Maintenance_Region": "Western",
        "Scour_Risk_Rating": 63.0,
        "Hydraulic_Capacity_Ratio": 1.4
      }
    },
    {
      "type": "Feature",
      "geometry": {
        "type": "Point",
        "coordinates": [
          31.26,
          1.12
        ]
      },
      "properties": {
        "Culvert_Number": "C481",
        "Link_Number": "B203_Link03",
        "Culvert_Structure_Type": "Box culvert (in situ concrete)",
        "Span_Diameter_m": 3.0,
        "Cell_Count": 2,
        "Maintenance_Station": "Hoima",
        "Maintenance_Region": "Western",
        "Scour_Risk_Rating": 64.0,
        "Hydraulic_Capacity_Ratio": 1.6
      }
    },
    {
      "type": "Feature",
      "geometry": {
        "type": "Point",
        "coordinates": [
          31.26,
          1.12
        ]
      },
      "properties": {
        "Culvert_Number": "C482",
        "Link_Number": "B203_Link03",
        "Culvert_Structure_Type": "Box culvert (in situ concrete)",
        "Span_Diameter_m": 3.0,
        "Cell_Count": 1,
        "Maintenance_Station": "Hoima",
        "Maintenance_Region": "Western",
        "Scour_Risk_Rating": 65.0,
        "Hydraulic_Capacity_Ratio": 1.8
      }
    },
    {
      "type": "Feature",
      "geometry": {
        "type": "Point",
        "coordinates": [
          31.29,
          1.2
        ]
      },
      "properties": {
        "Culvert_Number": "C483",
        "Link_Number": "B203_Link03",
        "Culvert_Structure_Type": "Box culvert (in situ concrete)",
        "Span_Diameter_m": 3.0,
        "Cell_Count": 2,
        "Maintenance_Station": "Hoima",
        "Maintenance_Region": "Western",
        "Scour_Risk_Rating": 66.0,
        "Hydraulic_Capacity_Ratio": 1.2
      }
    },
    {
      "type": "Feature",
      "geometry": {
        "type": "Point",
        "coordinates": [
          31.29,
          1.21
        ]
      },
      "properties": {
        "Culvert_Number": "C484",
        "Link_Number": "B203_Link03",
        "Culvert_Structure_Type": "Box culvert (in situ concrete)",
        "Span_Diameter_m": 3.0,
        "Cell_Count": 2,
        "Maintenance_Station": "Hoima",
        "Maintenance_Region": "Western",
        "Scour_Risk_Rating": 12.0,
        "Hydraulic_Capacity_Ratio": 1.4
      }
    },
    {
      "type": "Feature",
      "geometry": {
        "type": "Point",
        "coordinates": [
          31.29,
          1.21
        ]
      },
      "properties": {
        "Culvert_Number": "C485",
        "Link_Number": "B203_Link03",
        "Culvert_Structure_Type": "Box culvert (in situ concrete)",
        "Span_Diameter_m": 3.0,
        "Cell_Count": 2,
        "Maintenance_Station": "Hoima",
        "Maintenance_Region": "Western",
        "Scour_Risk_Rating": 13.0,
        "Hydraulic_Capacity_Ratio": 1.6
      }
    },
    {
      "type": "Feature",
      "geometry": {
        "type": "Point",
        "coordinates": [
          31.35,
          1.52
        ]
      },
      "properties": {
        "Culvert_Number": "C487",
        "Link_Number": "C590_Link01",
        "Culvert_Structure_Type": "Box culvert (in situ concrete)",
        "Span_Diameter_m": 3.0,
        "Cell_Count": 1,
        "Maintenance_Station": "Hoima",
        "Maintenance_Region": "Western",
        "Scour_Risk_Rating": 14.0,
        "Hydraulic_Capacity_Ratio": 1.8
      }
    },
    {
      "type": "Feature",
      "geometry": {
        "type": "Point",
        "coordinates": [
          31.31,
          1.58
        ]
      },
      "properties": {
        "Culvert_Number": "C488",
        "Link_Number": "C590_Link01",
        "Culvert_Structure_Type": "Box culvert (in situ concrete)",
        "Span_Diameter_m": 3.0,
        "Cell_Count": 2,
        "Maintenance_Station": "Hoima",
        "Maintenance_Region": "Western",
        "Scour_Risk_Rating": 15.0,
        "Hydraulic_Capacity_Ratio": 1.2
      }
    },
    {
      "type": "Feature",
      "geometry": {
        "type": "Point",
        "coordinates": [
          31.34,
          1.45
        ]
      },
      "properties": {
        "Culvert_Number": "C489",
        "Link_Number": "C590_Link01",
        "Culvert_Structure_Type": "Box culvert (in situ concrete)",
        "Span_Diameter_m": 1.5,
        "Cell_Count": 1,
        "Maintenance_Station": "Hoima",
        "Maintenance_Region": "Western",
        "Scour_Risk_Rating": 16.0,
        "Hydraulic_Capacity_Ratio": 1.4
      }
    },
    {
      "type": "Feature",
      "geometry": {
        "type": "Point",
        "coordinates": [
          30.96,
          1.52
        ]
      },
      "properties": {
        "Culvert_Number": "C490",
        "Link_Number": "C597_Link01",
        "Culvert_Structure_Type": "Box culvert (in situ concrete)",
        "Span_Diameter_m": 3.0,
        "Cell_Count": 3,
        "Maintenance_Station": "Hoima",
        "Maintenance_Region": "Western",
        "Scour_Risk_Rating": 17.0,
        "Hydraulic_Capacity_Ratio": 1.6
      }
    },
    {
      "type": "Feature",
      "geometry": {
        "type": "Point",
        "coordinates": [
          33.839999999999996,
          0.6200000000000001
        ]
      },
      "properties": {
        "Culvert_Number": "C491",
        "Link_Number": "C600_Link01",
        "Culvert_Structure_Type": "Box culvert (in situ concrete)",
        "Span_Diameter_m": 1.2,
        "Cell_Count": 4,
        "Maintenance_Station": "Hoima",
        "Maintenance_Region": "Western",
        "Scour_Risk_Rating": 18.0,
        "Hydraulic_Capacity_Ratio": 1.8
      }
    },
    {
      "type": "Feature",
      "geometry": {
        "type": "Point",
        "coordinates": [
          30.05,
          0.76
        ]
      },
      "properties": {
        "Culvert_Number": "C492",
        "Link_Number": "C540_Link02",
        "Culvert_Structure_Type": "Box culvert (in situ concrete)",
        "Span_Diameter_m": 3.0,
        "Cell_Count": 1,
        "Maintenance_Station": "Fort Portal",
        "Maintenance_Region": "Western",
        "Scour_Risk_Rating": 19.0,
        "Hydraulic_Capacity_Ratio": 1.2
      }
    },
    {
      "type": "Feature",
      "geometry": {
        "type": "Point",
        "coordinates": [
          30.32,
          0.2
        ]
      },
      "properties": {
        "Culvert_Number": "C493",
        "Link_Number": "C547_Link01",
        "Culvert_Structure_Type": "Corrugated metal pipe culvert",
        "Span_Diameter_m": 2.6,
        "Cell_Count": 2,
        "Maintenance_Station": "Fort Portal",
        "Maintenance_Region": "Western",
        "Scour_Risk_Rating": 20.0,
        "Hydraulic_Capacity_Ratio": 1.4
      }
    },
    {
      "type": "Feature",
      "geometry": {
        "type": "Point",
        "coordinates": [
          31.46,
          2.12
        ]
      },
      "properties": {
        "Culvert_Number": "C494",
        "Link_Number": "C625_Link02",
        "Culvert_Structure_Type": "Box culvert (in situ concrete)",
        "Span_Diameter_m": 3.0,
        "Cell_Count": 3,
        "Maintenance_Station": "Masindi",
        "Maintenance_Region": "Western",
        "Scour_Risk_Rating": 21.0,
        "Hydraulic_Capacity_Ratio": 1.6
      }
    },
    {
      "type": "Feature",
      "geometry": {
        "type": "Point",
        "coordinates": [
          31.33,
          1.55
        ]
      },
      "properties": {
        "Culvert_Number": "C495",
        "Link_Number": "C590_Link01",
        "Culvert_Structure_Type": "Box culvert (in situ concrete)",
        "Span_Diameter_m": 3.0,
        "Cell_Count": 1,
        "Maintenance_Station": "Hoima",
        "Maintenance_Region": "Western",
        "Scour_Risk_Rating": 22.0,
        "Hydraulic_Capacity_Ratio": 1.8
      }
    }
  ]
}