{"type": "FeatureCollection", "features": [{"type": "Feature", "geometry": {"type": "LineString", "coordinates": [[32.609, 0.326245], [32.609927, 0.326593], [32.610884, 0.32736], [32.615801, 0.331896], [32.620502, 0.336049], [32.6215, 0.336777], [32.640871, 0.344252], [32.649993, 0.346847], [32.653009, 0.347969], [32.654527, 0.348927], [32.65658, 0.351301], [32.657385, 0.351876], [32.658256, 0.352291], [32.659841, 0.352623], [32.667193, 0.352948], [32.681939, 0.355601], [32.683325, 0.35595], [32.685203, 0.356748], [32.704427, 0.366451], [32.70573, 0.366813], [32.709704, 0.367307], [32.716684, 0.370298], [32.717557, 0.370574], [32.719146, 0.370686], [32.72005, 0.370528], [32.72221, 0.369852], [32.72327, 0.369749], [32.72415, 0.369822], [32.725643, 0.370304], [32.728615, 0.372123], [32.729691, 0.372614], [32.730736, 0.372852], [32.731747, 0.372885], [32.733416, 0.372515], [32.73409, 0.372199], [32.735033, 0.371533], [32.745689, 0.361204], [32.746632, 0.360562], [32.751375, 0.358299]]}, "properties": {"project_id": "NDP4-001", "project_name": "Ongoing Rehabilitation \u2014 Central", "component": "Ongoing Rehabilitation", "region": "Central", "priority": "High", "status": "Ongoing", "funder": "GOU", "project_total_km": 346.6, "road_no": "A001", "link_id": "A001_Link01", "link_name": "Kampala - Mukono", "length_km": 17.737}}, {"type": "Feature", "geometry": {"type": "LineString", "coordinates": [[32.751375, 0.358299], [32.752818, 0.357485], [32.759331, 0.352042], [32.760644, 0.35135], [32.761765, 0.351072], [32.762868, 0.351043], [32.767787, 0.351473], [32.768737, 0.351317], [32.771708, 0.350498], [32.772884, 0.350485], [32.788833, 0.354103], [32.796257, 0.357334], [32.796898, 0.35778], [32.799325, 0.359934], [32.800606, 0.360663], [32.802055, 0.361127], [32.810044, 0.362749], [32.811625, 0.363338], [32.81297, 0.364075], [32.823464, 0.370707], [32.825233, 0.372412], [32.827105, 0.375288], [32.828064, 0.376327], [32.842736, 0.387735], [32.844003, 0.388458], [32.844827, 0.38871], [32.84588, 0.388834], [32.852763, 0.388872], [32.85548, 0.388578], [32.856971, 0.388212], [32.858553, 0.387657], [32.862863, 0.385528], [32.864066, 0.384724], [32.86497, 0.383742], [32.868893, 0.37663], [32.869913, 0.375261], [32.871213, 0.374027], [32.872813, 0.372933], [32.874616, 0.372133], [32.881021, 0.370471], [32.881965, 0.370354], [32.882938, 0.370409], [32.887294, 0.371423], [32.891262, 0.371129], [32.8929, 0.371402], [32.895401, 0.372196], [32.896862, 0.372417], [32.898957, 0.37226], [32.901732, 0.37169], [32.903251, 0.37174], [32.904355, 0.372026], [32.90533, 0.372514], [32.907521, 0.374424], [32.908408, 0.374985], [32.909588, 0.375421], [32.911009, 0.37557], [32.912516, 0.375314], [32.91679, 0.373751], [32.921407, 0.370852], [32.923377, 0.369137], [32.924133, 0.36862], [32.930171, 0.366376], [32.931728, 0.366273], [32.933267, 0.366657], [32.934299, 0.367182], [32.936727, 0.368897], [32.938233, 0.369472], [32.939508, 0.369598], [32.940425, 0.369509], [32.940931, 0.369629], [32.941262, 0.369273], [32.942448, 0.368643]]}, "properties": {"project_id": "NDP4-001", "project_name": "Ongoing Rehabilitation \u2014 Central", "component": "Ongoing Rehabilitation", "region": "Central", "priority": "High", "status": "Ongoing", "funder": "GOU", "project_total_km": 346.6, "road_no": "A001", "link_id": "A001_Link02", "link_name": "Mukono - Lugazi", "length_km": 24.142}}, {"type": "Feature", "geometry": {"type": "LineString", "coordinates": [[32.942448, 0.368643], [32.943841, 0.367822], [32.944687, 0.367507], [32.945819, 0.367304], [32.946939, 0.367333], [32.949478, 0.368126], [32.952656, 0.369302], [32.954924, 0.370553], [32.957062, 0.37245], [32.969394, 0.387553], [32.970312, 0.388391], [32.971502, 0.389022], [32.972713, 0.38935], [32.973795, 0.3894], [32.974764, 0.389265], [32.97697, 0.38868], [32.978485, 0.388664], [32.979608, 0.388952], [32.981648, 0.389872], [32.982545, 0.390118], [33.00152, 0.393408], [33.003618, 0.393901], [33.012046, 0.396875], [33.015943, 0.397987], [33.018205, 0.399076], [33.024068, 0.401111], [33.037441, 0.406621], [33.045559, 0.409869], [33.047464, 0.410501], [33.049243, 0.410637], [33.067353, 0.410467], [33.070891, 0.410567], [33.072525, 0.410475], [33.074165, 0.409928], [33.07903, 0.407581], [33.080928, 0.407065], [33.082228, 0.406978], [33.083351, 0.407071], [33.087293, 0.408056], [33.088474, 0.40819], [33.097111, 0.406708], [33.09804, 0.406633], [33.098983, 0.406717], [33.099901, 0.406975], [33.108745, 0.410677], [33.110005, 0.410988], [33.111388, 0.411169], [33.113451, 0.411208], [33.118422, 0.410531], [33.119477, 0.410265], [33.120826, 0.409523], [33.123226, 0.407471], [33.124283, 0.406824], [33.125131, 0.406512], [33.126193, 0.406329], [33.127967, 0.406502], [33.129083, 0.406956], [33.130149, 0.407748], [33.137823, 0.414965], [33.138562, 0.415771], [33.145016, 0.424822], [33.148663, 0.43089], [33.149312, 0.431662], [33.15015, 0.432339], [33.151273, 0.432916], [33.152385, 0.433212], [33.158874, 0.433479], [33.16028, 0.433698], [33.174691, 0.438576], [33.177037, 0.439444], [33.178064, 0.440066], [33.17958, 0.440608], [33.180465, 0.440676], [33.18348, 0.442362]]}, "properties": {"project_id": "NDP4-001", "project_name": "Ongoing Rehabilitation \u2014 Central", "component": "Ongoing Rehabilitation", "region": "Central", "priority": "High", "status": "Ongoing", "funder": "GOU", "project_total_km": 346.6, "road_no": "A001", "link_id": "A001_Link03", "link_name": "Lugazi - Njeru", "length_km": 30.113}}, {"type": "Feature", "geometry": {"type": "LineString", "coordinates": [[33.178271, 0.440145], [33.178889, 0.440227], [33.179544, 0.440163], [33.18282, 0.438581], [33.183561, 0.4384], [33.184087, 0.438507], [33.184417, 0.438279], [33.184933, 0.438163], [33.185867, 0.438162], [33.188159, 0.438703], [33.191225, 0.439516], [33.192335, 0.440097], [33.192961, 0.440794], [33.193767, 0.442345], [33.194265, 0.443057], [33.19513, 0.443897], [33.195978, 0.444478]]}, "properties": {"project_id": "NDP4-001", "project_name": "Ongoing Rehabilitation \u2014 Central", "component": "Ongoing Rehabilitation", "region": "Central", "priority": "High", "status": "Ongoing", "funder": "GOU", "project_total_km": 346.6, "road_no": "A001", "link_id": "A001_Link04", "link_name": "Njeru - Jinja", "length_km": 2.3}}, {"type": "Feature", "geometry": {"type": "LineString", "coordinates": [[31.71982, -0.336596], [31.720214, -0.336715], [31.722983, -0.336917], [31.72997, -0.337015], [31.73092, -0.337241], [31.732394, -0.338179], [31.733411, -0.339274], [31.734495, -0.341294], [31.734605, -0.341657], [31.734621, -0.342985], [31.730018, -0.343532], [31.729113, -0.344078], [31.725886, -0.348864], [31.724735, -0.350914], [31.722099, -0.354639], [31.721515, -0.355884], [31.720096, -0.360669], [31.719609, -0.361519], [31.717706, -0.364054], [31.71725, -0.364932], [31.716979, -0.365822], [31.715903, -0.371405], [31.714408, -0.375207], [31.713706, -0.376426], [31.712965, -0.377133], [31.711975, -0.377675], [31.711135, -0.377905], [31.70728, -0.378461], [31.706202, -0.378944], [31.705297, -0.379726], [31.702121, -0.384697], [31.701258, -0.385665], [31.699581, -0.387197], [31.698859, -0.388103], [31.696369, -0.394108], [31.693428, -0.398697], [31.691, -0.404652], [31.690196, -0.40599], [31.689218, -0.407009], [31.687218, -0.408372], [31.686446, -0.409104], [31.685723, -0.410217], [31.684681, -0.412736], [31.683753, -0.413825], [31.68238, -0.414556], [31.679805, -0.41488], [31.678587, -0.415311], [31.677945, -0.415754], [31.673614, -0.419541], [31.66876, -0.426188], [31.664663, -0.430581], [31.662928, -0.433333], [31.662523, -0.434222], [31.662292, -0.435523], [31.662567, -0.437016], [31.668117, -0.447308], [31.668415, -0.448069], [31.668573, -0.448904], [31.668551, -0.449794], [31.668364, -0.450618], [31.666523, -0.455765], [31.666211, -0.45711], [31.665359, -0.46509], [31.665467, -0.469708], [31.665162, -0.471165], [31.664727, -0.472103], [31.659714, -0.478431], [31.657064, -0.48269], [31.654359, -0.485594], [31.653809, -0.486591], [31.652671, -0.489492], [31.651772, -0.490674], [31.64923, -0.492408], [31.647767, -0.493009], [31.646596, -0.493172], [31.639271, -0.493549], [31.638357, -0.493761], [31.637551, -0.49415], [31.636939, -0.494625], [31.636335, -0.495319], [31.635157, -0.497886], [31.634444, -0.499043], [31.630112, -0.504469], [31.629623, -0.50566], [31.629202, -0.508486], [31.629042, -0.514405], [31.628886, -0.515588], [31.628446, -0.51677], [31.626227, -0.520561], [31.625802, -0.521882], [31.625756, -0.523431], [31.626386, -0.5269], [31.626292, -0.527822], [31.625943, -0.528827], [31.62552, -0.529515], [31.625014, -0.530073], [31.621323, -0.533016], [31.620607, -0.533722], [31.6173, -0.539065], [31.61675, -0.539793], [31.609652, -0.545717], [31.608531, -0.546958], [31.607945, -0.548087], [31.607613, -0.549342], [31.60607, -0.559128], [31.605375, -0.562586], [31.60533, -0.563861], [31.605699, -0.567457], [31.605552, -0.568324], [31.605258, -0.569071], [31.604283, -0.570362], [31.597579, -0.577188], [31.596732, -0.578262], [31.57731, -0.609483], [31.576605, -0.610229], [31.575526, -0.610995], [31.543317, -0.631823], [31.542413, -0.632574], [31.541701, -0.633434], [31.54109, -0.634611], [31.54081, -0.63551]]}, "properties": {"project_id": "NDP4-001", "project_name": "Ongoing Rehabilitation \u2014 Central", "component": "Ongoing Rehabilitation", "region": "Central", "priority": "High", "status": "Ongoing", "funder": "GOU", "project_total_km": 346.6, "road_no": "A004", "link_id": "A004_Link01", "link_name": "Masaka Round About - Kyotera", "length_km": 44.248}}, {"type": "Feature", "geometry": {"type": "LineString", "coordinates": [[31.54081, -0.63551], [31.540516, -0.637529], [31.540596, -0.639175], [31.540863, -0.64113], [31.54081, -0.645865], [31.539868, -0.653221], [31.539562, -0.660575], [31.539204, -0.662174], [31.537375, -0.668202], [31.535761, -0.672907], [31.533237, -0.678535], [31.530242, -0.681976], [31.528565, -0.68421], [31.527669, -0.685722], [31.525845, -0.690018], [31.524517, -0.692925], [31.52372, -0.694402], [31.523132, -0.697328], [31.522529, -0.698718], [31.519591, -0.70313], [31.516542, -0.70655], [31.514028, -0.709644], [31.513459, -0.71064], [31.513094, -0.71178], [31.512769, -0.713736], [31.512676, -0.717458], [31.512791, -0.718668], [31.513339, -0.721556], [31.513286, -0.723128], [31.512521, -0.726023], [31.51144, -0.729099], [31.510079, -0.735912], [31.508714, -0.743681], [31.508105, -0.746443], [31.504964, -0.759152], [31.504184, -0.762865], [31.50147, -0.773006], [31.500875, -0.776401], [31.500229, -0.778775], [31.499951, -0.780425], [31.499533, -0.785089], [31.499961, -0.789707], [31.49953, -0.792265], [31.49941, -0.797325], [31.498889, -0.80217], [31.499085, -0.803363], [31.499576, -0.8051], [31.502115, -0.809359], [31.502371, -0.810402], [31.502363, -0.811505], [31.502232, -0.812935], [31.501629, -0.816074], [31.498661, -0.825805], [31.497401, -0.831423], [31.495642, -0.836328], [31.495117, -0.837256], [31.494473, -0.83809], [31.493642, -0.838861], [31.490125, -0.841528], [31.487768, -0.843188], [31.486056, -0.844234], [31.484911, -0.845376], [31.484284, -0.846425], [31.477919, -0.858929], [31.476801, -0.860789], [31.457371, -0.886239], [31.453307, -0.890249], [31.452023, -0.891191], [31.450276, -0.892155], [31.449719, -0.892576], [31.444153, -0.897467], [31.44072, -0.900225], [31.439696, -0.901341], [31.438279, -0.903804], [31.436706, -0.90602], [31.435024, -0.910551], [31.432358, -0.914613], [31.429951, -0.921528], [31.429184, -0.922913], [31.427159, -0.925517], [31.425637, -0.927918], [31.425355, -0.928885], [31.425216, -0.931136], [31.425019, -0.93212], [31.422269, -0.938231], [31.421372, -0.941065], [31.420742, -0.943768], [31.419494, -0.947906], [31.418763, -0.952528], [31.417575, -0.958487], [31.417355, -0.968879], [31.418079, -0.976591], [31.418937, -0.979592], [31.4211, -0.989682], [31.421237, -0.990806], [31.42096, -0.992087], [31.419473, -0.995607], [31.416667, -1.000152]]}, "properties": {"project_id": "NDP4-001", "project_name": "Ongoing Rehabilitation \u2014 Central", "component": "Ongoing Rehabilitation", "region": "Central", "priority": "High", "status": "Ongoing", "funder": "GOU", "project_total_km": 346.6, "road_no": "A004", "link_id": "A004_Link02", "link_name": "Kyotera - Mutukula", "length_km": 44.654}}, {"type": "Feature", "geometry": {"type": "LineString", "coordinates": [[32.039101, 0.407512], [32.034817, 0.409225], [32.032773, 0.409852], [32.030032, 0.410451], [32.027912, 0.410659], [32.02602, 0.41073], [32.004434, 0.410602], [32.00137, 0.410914], [31.999337, 0.411383], [31.997382, 0.412056], [31.989512, 0.415623], [31.987334, 0.416234], [31.985917, 0.416384], [31.984494, 0.416351], [31.980182, 0.415522], [31.978819, 0.415563], [31.977725, 0.415772], [31.975988, 0.416463], [31.974772, 0.417272], [31.968084, 0.423824], [31.96733, 0.424385], [31.966143, 0.424991], [31.923867, 0.437084], [31.922282, 0.437349], [31.920203, 0.437478], [31.909674, 0.436932], [31.907339, 0.436591], [31.903781, 0.435566]]}, "properties": {"project_id": "NDP4-001", "project_name": "Ongoing Rehabilitation \u2014 Central", "component": "Ongoing Rehabilitation", "region": "Central", "priority": "High", "status": "Ongoing", "funder": "GOU", "project_total_km": 346.6, "road_no": "A005", "link_id": "A005_Link03", "link_name": "Mityana - Naama - Myanzi", "length_km": 15.842}}, {"type": "Feature", "geometry": {"type": "LineString", "coordinates": [[31.903781, 0.435566], [31.884577, 0.429623], [31.883338, 0.42939], [31.881681, 0.429309], [31.880478, 0.429412], [31.879223, 0.429671], [31.877625, 0.430237], [31.876442, 0.430854], [31.858956, 0.44203], [31.855917, 0.443679], [31.853013, 0.444873], [31.850026, 0.445762], [31.836401, 0.448298], [31.833716, 0.449058], [31.83148, 0.450067], [31.815304, 0.459055], [31.813752, 0.459679], [31.812036, 0.460012], [31.810827, 0.460053], [31.809615, 0.45993], [31.806082, 0.459011], [31.803032, 0.4587], [31.782522, 0.454774], [31.780207, 0.454545], [31.778678, 0.454623], [31.777156, 0.454878], [31.754187, 0.459743], [31.751814, 0.459969], [31.749214, 0.459856], [31.73787, 0.45767], [31.735428, 0.456997], [31.715554, 0.448834], [31.713328, 0.448062], [31.711754, 0.447786], [31.696514, 0.44646], [31.694502, 0.446464], [31.692474, 0.446649], [31.690317, 0.447059], [31.688356, 0.447623], [31.686314, 0.448433], [31.66853, 0.456636]]}, "properties": {"project_id": "NDP4-001", "project_name": "Ongoing Rehabilitation \u2014 Central", "component": "Ongoing Rehabilitation", "region": "Central", "priority": "High", "status": "Ongoing", "funder": "GOU", "project_total_km": 346.6, "road_no": "A005", "link_id": "A005_Link04", "link_name": "Myanzi - Kiganda", "length_km": 27.705}}, {"type": "Feature", "geometry": {"type": "LineString", "coordinates": [[31.66853, 0.456636], [31.658198, 0.461327], [31.646174, 0.464604], [31.643869, 0.465482], [31.641257, 0.46697], [31.63116, 0.474166], [31.630063, 0.474766], [31.628742, 0.475289], [31.626755, 0.475712], [31.625084, 0.475772], [31.615281, 0.47442], [31.613864, 0.474416], [31.61243, 0.474608], [31.610643, 0.475133], [31.609212, 0.475822], [31.59819, 0.483042], [31.596408, 0.483905], [31.595277, 0.484191], [31.594147, 0.484295], [31.589261, 0.483962], [31.588043, 0.483986], [31.586908, 0.484192], [31.583376, 0.48523], [31.582478, 0.48531], [31.580494, 0.485245], [31.579166, 0.485556], [31.578082, 0.486162], [31.577192, 0.487036], [31.574699, 0.491646], [31.573797, 0.49273], [31.572564, 0.493726], [31.563041, 0.499803], [31.561451, 0.500442], [31.554284, 0.502841], [31.551077, 0.5035], [31.548412, 0.503646], [31.545869, 0.503453], [31.540711, 0.502444], [31.538272, 0.501588], [31.536305, 0.500625], [31.53456, 0.499529], [31.531977, 0.497472], [31.531039, 0.496891], [31.529791, 0.496399], [31.528683, 0.496182], [31.511791, 0.495904], [31.510595, 0.496149], [31.509852, 0.496522], [31.509181, 0.497069], [31.508559, 0.497876], [31.508126, 0.498939], [31.507187, 0.504002]]}, "properties": {"project_id": "NDP4-001", "project_name": "Ongoing Rehabilitation \u2014 Central", "component": "Ongoing Rehabilitation", "region": "Central", "priority": "High", "status": "Ongoing", "funder": "GOU", "project_total_km": 346.6, "road_no": "A005", "link_id": "A005_Link05", "link_name": "Kiganda - Kitenga", "length_km": 20.351}}, {"type": "Feature", "geometry": {"type": "LineString", "coordinates": [[31.507187, 0.504002], [31.506621, 0.506135], [31.505809, 0.507646], [31.504406, 0.509211], [31.502716, 0.510323], [31.501493, 0.510799], [31.500235, 0.511061], [31.497345, 0.511071], [31.496058, 0.51129], [31.495047, 0.511708], [31.493169, 0.512871], [31.491867, 0.513271], [31.490853, 0.513317], [31.488724, 0.513077], [31.487275, 0.513294], [31.482155, 0.515421], [31.481051, 0.515999], [31.48005, 0.516782], [31.477424, 0.519585], [31.476199, 0.520683], [31.474675, 0.521734], [31.471492, 0.523444], [31.470523, 0.524168], [31.469572, 0.525231], [31.467992, 0.527832], [31.466912, 0.529188], [31.465868, 0.530172], [31.464926, 0.530878], [31.463056, 0.531873], [31.440353, 0.540651], [31.437706, 0.541333], [31.43372, 0.541831], [31.432302, 0.542223], [31.430755, 0.543034], [31.427378, 0.54559], [31.42535, 0.546805], [31.42315, 0.547673], [31.418654, 0.548898], [31.416554, 0.549294], [31.414711, 0.549128], [31.413315, 0.548587], [31.410851, 0.547029], [31.409193, 0.546573], [31.401918, 0.546596], [31.400392, 0.546863], [31.399074, 0.547509], [31.397995, 0.548454], [31.394031, 0.554276], [31.392908, 0.555033], [31.39207, 0.555254], [31.391399, 0.555293], [31.390212, 0.55504], [31.387437, 0.553575], [31.385908, 0.553048], [31.381849, 0.55269], [31.380862, 0.55244], [31.379832, 0.551992], [31.37259, 0.546913], [31.371613, 0.546421], [31.36814, 0.545082], [31.367163, 0.544465], [31.364847, 0.542525], [31.36388, 0.54186], [31.362809, 0.541351], [31.359785, 0.540258], [31.358438, 0.53948], [31.357652, 0.538803], [31.35687, 0.537847], [31.354571, 0.533789], [31.35391, 0.533069], [31.353263, 0.532589], [31.351868, 0.532018], [31.349644, 0.531804], [31.348612, 0.531467], [31.347896, 0.53099], [31.344788, 0.528371], [31.343558, 0.527668], [31.342613, 0.527389], [31.338837, 0.526718], [31.337184, 0.526119], [31.336311, 0.525606], [31.334243, 0.524093], [31.331297, 0.522653], [31.326586, 0.519759], [31.325835, 0.519116], [31.324839, 0.517832], [31.324194, 0.51724], [31.322243, 0.51614], [31.321462, 0.515554], [31.320934, 0.514973], [31.319995, 0.51348], [31.319347, 0.512707], [31.317114, 0.511156], [31.316362, 0.510387], [31.315859, 0.509621], [31.315503, 0.508789], [31.314248, 0.505318], [31.313617, 0.503134], [31.312996, 0.50219], [31.312072, 0.501464], [31.311103, 0.501094], [31.309187, 0.500781], [31.308168, 0.500496], [31.304942, 0.498974], [31.304254, 0.498753], [31.303272, 0.49867], [31.300406, 0.498887], [31.297513, 0.498266], [31.294111, 0.498171], [31.293195, 0.497943], [31.291382, 0.497131], [31.29041, 0.496928], [31.289508, 0.49693], [31.280477, 0.497866]]}, "properties": {"project_id": "NDP4-001", "project_name": "Ongoing Rehabilitation \u2014 Central", "component": "Ongoing Rehabilitation", "region": "Central", "priority": "High", "status": "Ongoing", "funder": "GOU", "project_total_km": 346.6, "road_no": "A005", "link_id": "A005_Link06", "link_name": "Kitenga - Mubende - Lusalira", "length_km": 29.794}}, {"type": "Feature", "geometry": {"type": "LineString", "coordinates": [[32.208566, 0.564999], [32.204442, 0.565448], [32.203806, 0.565796], [32.199193, 0.569427], [32.198351, 0.56979], [32.195047, 0.570773], [32.194129, 0.571291], [32.19359, 0.571801], [32.19308, 0.572581], [32.191939, 0.575744], [32.190037, 0.578726], [32.189158, 0.580613], [32.186632, 0.583596], [32.185825, 0.58416], [32.184083, 0.584669], [32.183217, 0.585046], [32.179928, 0.587415], [32.178813, 0.587817], [32.176416, 0.587971], [32.17538, 0.588263], [32.165352, 0.592806], [32.163656, 0.59374], [32.163099, 0.593917], [32.162524, 0.59398], [32.161146, 0.593882], [32.159149, 0.593396], [32.157012, 0.593354], [32.15607, 0.593533], [32.155119, 0.594081], [32.152695, 0.596386], [32.150591, 0.598014], [32.148129, 0.601071], [32.144324, 0.603914], [32.142485, 0.605565], [32.142119, 0.606384], [32.141341, 0.609463], [32.140169, 0.6113], [32.138773, 0.613027], [32.138216, 0.613927], [32.135651, 0.620153], [32.13447, 0.623818], [32.13384, 0.624583], [32.133144, 0.624857], [32.131995, 0.624875], [32.131235, 0.624781], [32.129512, 0.624298], [32.127077, 0.624178], [32.125758, 0.624807], [32.12459, 0.6252], [32.123369, 0.62607], [32.122855, 0.626113], [32.120603, 0.62585], [32.11983, 0.625997], [32.118592, 0.626731], [32.117345, 0.627304], [32.116955, 0.627622], [32.1159, 0.629701], [32.115027, 0.630815], [32.110309, 0.633962], [32.105204, 0.637211], [32.104558, 0.637433], [32.102876, 0.637656], [32.100934, 0.638231], [32.098856, 0.639466], [32.098103, 0.640318], [32.097519, 0.641701], [32.096435, 0.645547], [32.095546, 0.649533], [32.095111, 0.650893], [32.094986, 0.652436], [32.094705, 0.65349], [32.092624, 0.65731], [32.090692, 0.662711], [32.090019, 0.663692], [32.088331, 0.665336], [32.087257, 0.667198], [32.086462, 0.66889], [32.086401, 0.669724], [32.086882, 0.671415], [32.086763, 0.671872], [32.08638, 0.672323], [32.08561, 0.672531], [32.083079, 0.67253], [32.081532, 0.672362], [32.077888, 0.67162], [32.075218, 0.670709], [32.074235, 0.670555], [32.073537, 0.670631], [32.06947, 0.671999], [32.068636, 0.672409], [32.068206, 0.672834], [32.067956, 0.673259], [32.067512, 0.674597], [32.067022, 0.675147], [32.066592, 0.675368], [32.064546, 0.67588], [32.0634, 0.67647], [32.060112, 0.678921], [32.057123, 0.681563], [32.055261, 0.682735], [32.048928, 0.685818], [32.045836, 0.688059], [32.043326, 0.690268], [32.042325, 0.690772], [32.039436, 0.690966], [32.037824, 0.690645], [32.036383, 0.690045], [32.035903, 0.689967], [32.033856, 0.690437], [32.033086, 0.690425], [32.03083, 0.689736], [32.02537, 0.687375], [32.024181, 0.686979], [32.02272, 0.686734], [32.021489, 0.68665], [32.019517, 0.686719], [32.017811, 0.686458], [32.016992, 0.686561], [32.014814, 0.68719], [32.011441, 0.689093], [32.010358, 0.689815], [32.009566, 0.690613], [32.008515, 0.692062], [32.006216, 0.694573], [32.005426, 0.697119], [32.004594, 0.699056], [32.002811, 0.701869], [31.999532, 0.705467], [31.997703, 0.70705], [31.996333, 0.708457], [31.994518, 0.709706], [31.993944, 0.710278], [31.993664, 0.710907], [31.993487, 0.711712], [31.993571, 0.712295], [31.994055, 0.713292], [31.994175, 0.713876], [31.994024, 0.715162], [31.993715, 0.715983], [31.99277, 0.717369], [31.991851, 0.719222], [31.990716, 0.721103], [31.98908, 0.722929], [31.988559, 0.724467], [31.988324, 0.724871], [31.987323, 0.72595], [31.98612, 0.727644], [31.98251, 0.730818], [31.981708, 0.731821], [31.979704, 0.735787], [31.977867, 0.738776], [31.977151, 0.741969], [31.976062, 0.745469], [31.974561, 0.748043], [31.968905, 0.758636], [31.967841, 0.760002], [31.966944, 0.761605], [31.962809, 0.766334], [31.958515, 0.773035], [31.953837, 0.778297], [31.952629, 0.780434], [31.951339, 0.782076], [31.950382, 0.784573], [31.948425, 0.787774], [31.947494, 0.789804], [31.945461, 0.792503], [31.944449, 0.794389], [31.943017, 0.79646], [31.941919, 0.797588], [31.940969, 0.798319], [31.938651, 0.799494], [31.936596, 0.801474], [31.935988, 0.801914], [31.934255, 0.802331], [31.931635, 0.802287], [31.930594, 0.802534], [31.929124, 0.803466], [31.926831, 0.804593], [31.923751, 0.806835], [31.9198, 0.809424], [31.917622, 0.811712], [31.915731, 0.814549], [31.913603, 0.817341], [31.909416, 0.820367], [31.908687, 0.821112], [31.907509, 0.822781], [31.905158, 0.824979], [31.901832, 0.827561], [31.899851, 0.828858], [31.89872, 0.829979]]}, "properties": {"project_id": "NDP4-001", "project_name": "Ongoing Rehabilitation \u2014 Central", "component": "Ongoing Rehabilitation", "region": "Central", "priority": "High", "status": "Ongoing", "funder": "GOU", "project_total_km": 346.6, "road_no": "A009", "link_id": "A009_Link03", "link_name": "Busunju - Kiboga - Lwamata", "length_km": 50.0}}, {"type": "Feature", "geometry": {"type": "LineString", "coordinates": [[32.521375, 0.465679], [32.519531, 0.465466], [32.518461, 0.465645], [32.517741, 0.465907], [32.512382, 0.471794], [32.510947, 0.472863], [32.503608, 0.474952], [32.498304, 0.47592], [32.497623, 0.476221], [32.497321, 0.476528], [32.495705, 0.479058], [32.494023, 0.481186], [32.491751, 0.48264], [32.488997, 0.484862], [32.487461, 0.485864], [32.486603, 0.486661], [32.484851, 0.488625], [32.483528, 0.489415], [32.481461, 0.491604], [32.480456, 0.492133], [32.478469, 0.492362], [32.477538, 0.49263], [32.476861, 0.493288], [32.474081, 0.497031], [32.470965, 0.500966], [32.469368, 0.502527], [32.457469, 0.519411], [32.453879, 0.524281], [32.453645, 0.524874], [32.452851, 0.528884], [32.452495, 0.531705], [32.448772, 0.537866], [32.4485, 0.538972], [32.448382, 0.540196], [32.448005, 0.54081], [32.447462, 0.541278], [32.446368, 0.541699], [32.443742, 0.542323], [32.443104, 0.542593], [32.440855, 0.545112], [32.440364, 0.546084], [32.439421, 0.547396], [32.437469, 0.548841], [32.436596, 0.54931], [32.433794, 0.549512], [32.432775, 0.549824], [32.431489, 0.550616], [32.428628, 0.554011], [32.426063, 0.555958], [32.422117, 0.559979], [32.420951, 0.560945], [32.418877, 0.562356], [32.410814, 0.569335], [32.404376, 0.575374], [32.403911, 0.576094], [32.403755, 0.578125], [32.403515, 0.578738], [32.402957, 0.579411], [32.399761, 0.58163], [32.39886, 0.582015], [32.397701, 0.582116], [32.396415, 0.581861], [32.395257, 0.581858], [32.394388, 0.582085], [32.393595, 0.582534], [32.389601, 0.585117], [32.388636, 0.585879], [32.386131, 0.589562], [32.383493, 0.592962], [32.382677, 0.593836], [32.378782, 0.595792], [32.377756, 0.596221], [32.375111, 0.59705], [32.374138, 0.597148], [32.371916, 0.596988], [32.370797, 0.59732], [32.362137, 0.602888], [32.355668, 0.607295], [32.349452, 0.611103], [32.347841, 0.613428], [32.347436, 0.614869], [32.347299, 0.615023], [32.346779, 0.615158], [32.346601, 0.615104], [32.345765, 0.614554], [32.34505, 0.614307], [32.342896, 0.614103], [32.341202, 0.613792], [32.338093, 0.614156], [32.33555, 0.614648], [32.334908, 0.615034], [32.334188, 0.615806], [32.331213, 0.619399], [32.33054, 0.619753], [32.329324, 0.620016], [32.328621, 0.620345], [32.327041, 0.621294], [32.324596, 0.623452], [32.323456, 0.624301], [32.321243, 0.625197], [32.32057, 0.625733], [32.317574, 0.629775], [32.31586, 0.631766], [32.310182, 0.635055], [32.30552, 0.63724], [32.298819, 0.642104], [32.297415, 0.644135], [32.29684, 0.644646], [32.296311, 0.644926], [32.295679, 0.645085], [32.294139, 0.645275], [32.293028, 0.645836], [32.286391, 0.650114], [32.281657, 0.653553], [32.278383, 0.655432], [32.268178, 0.659864], [32.26445, 0.661194], [32.263807, 0.661533], [32.262542, 0.662687], [32.260895, 0.663457], [32.257504, 0.665777], [32.25482, 0.666662], [32.252842, 0.668105], [32.25075, 0.670435]]}, "properties": {"project_id": "NDP4-001", "project_name": "Ongoing Rehabilitation \u2014 Central", "component": "Ongoing Rehabilitation", "region": "Central", "priority": "High", "status": "Ongoing", "funder": "GOU", "project_total_km": 346.6, "road_no": "C154", "link_id": "C154_Link01", "link_name": "Matugga - Semuto - Kapeka", "length_km": 39.679}}, {"type": "Feature", "geometry": {"type": "LineString", "coordinates": [[34.173015, 0.660009], [34.180809, 0.692437], [34.180816, 0.692996]]}, "properties": {"project_id": "NDP4-002", "project_name": "Ongoing Rehabilitation \u2014 Eastern", "component": "Ongoing Rehabilitation", "region": "Eastern", "priority": "High", "status": "Ongoing", "funder": "WB", "project_total_km": 103.1, "road_no": "A007", "link_id": "A007_Link01", "link_name": "Malaba Junction - Tororo", "length_km": 3.751}}, {"type": "Feature", "geometry": {"type": "LineString", "coordinates": [[34.180816, 0.692996], [34.181057, 0.693466], [34.182348, 0.698685], [34.182454, 0.699474], [34.182365, 0.700016], [34.182578, 0.700367], [34.18286, 0.701318], [34.18294, 0.701948], [34.18327, 0.702773], [34.184328, 0.706784], [34.185279, 0.726457], [34.18557, 0.727902], [34.186956, 0.733034], [34.187086, 0.734822], [34.185835, 0.741219], [34.185447, 0.74246], [34.184598, 0.743839], [34.182432, 0.745878], [34.181439, 0.74752], [34.177815, 0.764205], [34.176406, 0.767772], [34.176211, 0.769391], [34.176434, 0.775854], [34.175003, 0.789441], [34.174535, 0.790838], [34.172604, 0.793907], [34.17191, 0.795237], [34.171396, 0.7967], [34.170844, 0.798913], [34.170501, 0.800847], [34.169146, 0.814724], [34.169243, 0.825174], [34.169344, 0.826137], [34.169902, 0.82738], [34.174261, 0.833851], [34.174889, 0.835581], [34.176426, 0.84911], [34.176463, 0.85089], [34.176071, 0.85519], [34.175411, 0.861624], [34.174949, 0.863838], [34.166816, 0.88534], [34.165148, 0.891957], [34.163328, 0.896354], [34.162857, 0.897805], [34.162021, 0.90172], [34.161769, 0.903412], [34.160008, 0.928607], [34.159745, 0.929609], [34.159355, 0.930461], [34.157428, 0.933297], [34.15706, 0.934596], [34.15707, 0.935268], [34.157247, 0.936026], [34.158962, 0.940003], [34.159187, 0.941782], [34.159356, 0.942316], [34.159744, 0.942844], [34.160246, 0.943208], [34.162062, 0.943822], [34.162626, 0.944147], [34.165059, 0.946792], [34.165525, 0.947815], [34.166084, 0.950464], [34.169362, 0.957158], [34.169711, 0.958371], [34.171061, 0.965379], [34.1712, 0.966568], [34.171169, 0.967486], [34.170368, 0.972433], [34.167066, 0.983504]]}, "properties": {"project_id": "NDP4-002", "project_name": "Ongoing Rehabilitation \u2014 Eastern", "component": "Ongoing Rehabilitation", "region": "Eastern", "priority": "High", "status": "Ongoing", "funder": "WB", "project_total_km": 103.1, "road_no": "A007", "link_id": "A007_Link02", "link_name": "Tororo - Magodes - Nabumali", "length_km": 33.7}}, {"type": "Feature", "geometry": {"type": "LineString", "coordinates": [[34.167066, 0.983504], [34.166851, 0.996861], [34.168207, 1.003063], [34.168828, 1.004446], [34.177364, 1.01971], [34.177653, 1.020856], [34.177629, 1.021513], [34.176583, 1.027748], [34.176497, 1.029016], [34.178271, 1.043016], [34.177584, 1.04871], [34.177568, 1.04973], [34.177836, 1.050798], [34.179967, 1.056277], [34.181038, 1.064479], [34.180604, 1.065456], [34.179792, 1.066393], [34.175889, 1.069108], [34.175392, 1.070055]]}, "properties": {"project_id": "NDP4-002", "project_name": "Ongoing Rehabilitation \u2014 Eastern", "component": "Ongoing Rehabilitation", "region": "Eastern", "priority": "High", "status": "Ongoing", "funder": "WB", "project_total_km": 103.1, "road_no": "A007", "link_id": "A007_Link03", "link_name": "Nabumali - Mbale", "length_km": 10.228}}, {"type": "Feature", "geometry": {"type": "LineString", "coordinates": [[34.175392, 1.070055], [34.175066, 1.070893], [34.174833, 1.071088], [34.174815, 1.071339], [34.176396, 1.073451], [34.177, 1.074708], [34.177295, 1.074982], [34.178613, 1.076969], [34.178932, 1.077727], [34.179087, 1.08309], [34.166566, 1.131955], [34.165332, 1.13726], [34.164983, 1.138927], [34.164553, 1.142107], [34.164552, 1.144328], [34.16485, 1.149637], [34.164738, 1.150522], [34.16189, 1.156397], [34.161183, 1.157359], [34.159898, 1.158608], [34.159089, 1.159935], [34.157337, 1.164701], [34.156057, 1.16918], [34.155663, 1.170046], [34.144534, 1.18263], [34.137868, 1.190578], [34.124998, 1.20687], [34.120678, 1.212586], [34.116491, 1.218581], [34.112343, 1.224253], [34.108906, 1.230242], [34.107158, 1.2327], [34.104529, 1.235978], [34.101836, 1.238451], [34.10014, 1.240892], [34.096663, 1.244254], [34.093806, 1.247322], [34.092952, 1.24846], [34.090912, 1.251686], [34.090502, 1.252634], [34.08994, 1.254598], [34.088757, 1.260563], [34.086169, 1.2681], [34.085031, 1.272188], [34.083609, 1.276169], [34.082612, 1.27945], [34.080543, 1.283451], [34.07876, 1.285988], [34.077643, 1.287816], [34.076634, 1.290607], [34.074989, 1.293611], [34.066777, 1.306636], [34.064826, 1.309867], [34.063553, 1.312306], [34.062281, 1.315315], [34.059512, 1.32369], [34.054142, 1.336901], [34.053764, 1.337588], [34.051588, 1.340438], [34.048292, 1.344114], [34.045032, 1.347178], [34.040968, 1.350608], [34.039573, 1.352353], [34.038528, 1.353365], [34.035661, 1.35547], [34.026779, 1.364788], [34.016078, 1.37718], [34.013794, 1.380022], [34.010701, 1.384465], [34.00773, 1.388459], [33.997824, 1.40531], [33.996947, 1.406582], [33.995397, 1.408312], [33.992474, 1.410803], [33.989465, 1.413731], [33.985148, 1.418666], [33.982474, 1.421226], [33.979176, 1.424967], [33.978199, 1.426251], [33.970572, 1.437274], [33.96664, 1.443819], [33.963779, 1.449058], [33.960851, 1.453817], [33.944214, 1.477863], [33.943924, 1.478444], [33.943464, 1.480344], [33.94313, 1.481065], [33.938753, 1.486681]]}, "properties": {"project_id": "NDP4-002", "project_name": "Ongoing Rehabilitation \u2014 Eastern", "component": "Ongoing Rehabilitation", "region": "Eastern", "priority": "High", "status": "Ongoing", "funder": "WB", "project_total_km": 103.1, "road_no": "A007", "link_id": "A007_Link04", "link_name": "Mbale - Namunsi - Kumi", "length_km": 54.686}}, {"type": "Feature", "geometry": {"type": "LineString", "coordinates": [[34.178613, 1.076969], [34.177236, 1.074547], [34.177013, 1.074375], [34.175164, 1.071489], [34.175144, 1.071121], [34.175017, 1.070959]]}, "properties": {"project_id": "NDP4-002", "project_name": "Ongoing Rehabilitation \u2014 Eastern", "component": "Ongoing Rehabilitation", "region": "Eastern", "priority": "High", "status": "Ongoing", "funder": "WB", "project_total_km": 103.1, "road_no": "A007N1", "link_id": "A007N1_Link01", "link_name": "Mbale (Dual Section)", "length_km": 0.75}}, {"type": "Feature", "geometry": {"type": "LineString", "coordinates": [[33.938753, 1.486681], [33.936452, 1.489601], [33.910715, 1.520289], [33.890158, 1.543672], [33.858166, 1.57143], [33.846115, 1.582494], [33.844129, 1.583791], [33.825954, 1.5936], [33.824348, 1.594903], [33.823314, 1.595922], [33.821068, 1.598552], [33.820375, 1.599565], [33.818337, 1.603463], [33.815978, 1.608573], [33.812628, 1.612856], [33.811555, 1.614509], [33.796396, 1.64283], [33.794927, 1.644942], [33.79324, 1.646909], [33.791205, 1.648845], [33.789727, 1.65002], [33.786727, 1.651924], [33.765269, 1.663556], [33.763132, 1.664901], [33.759116, 1.667745], [33.757638, 1.668281], [33.747285, 1.670587], [33.746593, 1.670613], [33.745323, 1.670209], [33.739673, 1.667847], [33.736439, 1.666742], [33.732652, 1.666059], [33.731231, 1.666099], [33.725761, 1.666733], [33.711935, 1.669574], [33.684315, 1.674918], [33.682664, 1.675334], [33.681129, 1.676086], [33.677769, 1.678482], [33.676851, 1.679213], [33.676192, 1.679992], [33.658193, 1.712541], [33.657517, 1.713473], [33.656551, 1.714304], [33.655286, 1.71492], [33.654064, 1.715167], [33.621246, 1.715328]]}, "properties": {"project_id": "NDP4-003", "project_name": "Ongoing Rehabilitation \u2014 North Eastern", "component": "Ongoing Rehabilitation", "region": "North Eastern", "priority": "High", "status": "Ongoing", "funder": "WB", "project_total_km": 114.2, "road_no": "A007", "link_id": "A007_Link05", "link_name": "Kumi - Soroti", "length_km": 46.745}}, {"type": "Feature", "geometry": {"type": "LineString", "coordinates": [[33.621246, 1.715328], [33.614238, 1.7154], [33.612229, 1.715672], [33.611005, 1.714932], [33.610071, 1.715997], [33.608222, 1.716343], [33.607541, 1.716712], [33.599165, 1.725135], [33.586393, 1.737711], [33.580376, 1.743868], [33.563902, 1.760318], [33.505765, 1.81946], [33.505036, 1.820574], [33.504075, 1.822682], [33.498177, 1.834305], [33.496257, 1.837799], [33.48579, 1.856102], [33.476532, 1.871556], [33.474242, 1.875634], [33.464708, 1.891732], [33.46334, 1.89396], [33.462221, 1.895182], [33.460724, 1.896274], [33.459684, 1.896849], [33.458282, 1.897283], [33.456729, 1.897547], [33.454202, 1.89731], [33.452986, 1.896945], [33.438452, 1.888942], [33.436473, 1.888246], [33.431334, 1.887065], [33.427773, 1.886719], [33.424124, 1.886942], [33.420947, 1.887611], [33.417837, 1.888692], [33.409615, 1.892972], [33.40676, 1.894062], [33.40548, 1.894294], [33.404252, 1.89468], [33.403037, 1.895345], [33.401778, 1.896677], [33.39753, 1.905371], [33.396302, 1.906979], [33.39534, 1.907776], [33.391238, 1.910345], [33.389605, 1.911551], [33.384269, 1.915838], [33.378494, 1.920055], [33.376935, 1.92137], [33.371969, 1.924874], [33.367105, 1.928897], [33.365833, 1.929662], [33.364451, 1.930249], [33.361503, 1.930926], [33.360829, 1.931201], [33.359394, 1.932302], [33.357617, 1.934211], [33.356804, 1.93493], [33.350423, 1.939014], [33.348913, 1.939598], [33.347564, 1.939884], [33.346041, 1.939965], [33.344947, 1.939873], [33.34345, 1.939521], [33.342488, 1.939156], [33.341102, 1.938411], [33.339312, 1.93718], [33.337929, 1.936425], [33.331925, 1.9341], [33.330047, 1.933716], [33.327806, 1.933694], [33.326355, 1.933527], [33.322375, 1.932345], [33.320647, 1.931589], [33.309199, 1.923689], [33.300334, 1.916791], [33.296108, 1.914153], [33.295324, 1.913553], [33.294185, 1.912173], [33.288709, 1.903674], [33.287832, 1.901982], [33.286726, 1.897986], [33.284911, 1.890378], [33.28052, 1.883477], [33.277354, 1.875844], [33.276579, 1.874276], [33.275743, 1.873116], [33.274985, 1.872341], [33.274173, 1.871661], [33.273262, 1.87109], [33.271836, 1.870463], [33.270888, 1.870196], [33.2697, 1.870005], [33.268456, 1.869994], [33.26651, 1.870307], [33.264488, 1.871144], [33.257384, 1.876467], [33.251442, 1.87978], [33.242932, 1.885535], [33.239249, 1.887522], [33.234122, 1.889773], [33.231657, 1.891069], [33.229554, 1.892328], [33.226688, 1.894304], [33.224136, 1.896888], [33.219775, 1.9001], [33.218912, 1.900587], [33.216521, 1.901584], [33.214581, 1.902778], [33.212933, 1.904238], [33.210816, 1.906815], [33.209784, 1.907809], [33.208699, 1.908551], [33.206579, 1.909628], [33.199552, 1.914864], [33.198536, 1.915518], [33.193019, 1.917416], [33.191653, 1.917666], [33.175878, 1.916503]]}, "properties": {"project_id": "NDP4-003", "project_name": "Ongoing Rehabilitation \u2014 North Eastern", "component": "Ongoing Rehabilitation", "region": "North Eastern", "priority": "High", "status": "Ongoing", "funder": "WB", "project_total_km": 114.2, "road_no": "A007", "link_id": "A007_Link06", "link_name": "Soroti - Dokolo", "length_km": 67.444}}, {"type": "Feature", "geometry": {"type": "LineString", "coordinates": [[33.175878, 1.916503], [33.173477, 1.916477], [33.17195, 1.916731], [33.083018, 1.956505], [33.061, 1.97288], [33.048847, 1.980234], [33.046154, 1.982233], [33.044752, 1.982848], [33.040345, 1.983384], [33.034952, 1.983797], [33.028908, 1.983767], [33.024294, 1.984031], [33.018475, 1.984183], [33.013554, 1.983965], [33.001974, 1.982438], [32.998824, 1.981319], [32.988284, 1.977173], [32.986034, 1.97675], [32.985751, 1.976177], [32.983053, 1.974988]]}, "properties": {"project_id": "NDP4-004", "project_name": "Ongoing Rehabilitation \u2014 Northern", "component": "Ongoing Rehabilitation", "region": "Northern", "priority": "High", "status": "Ongoing", "funder": "GOU / WB", "project_total_km": 285.2, "road_no": "A007", "link_id": "A007_Link07", "link_name": "Dokolo - Agwata", "length_km": 23.493}}, {"type": "Feature", "geometry": {"type": "LineString", "coordinates": [[32.983053, 1.974988], [32.981026, 1.974361], [32.979776, 1.974304], [32.979412, 1.974113], [32.979218, 1.974291], [32.979228, 1.975006], [32.978159, 1.979307], [32.978199, 1.979892], [32.978639, 1.980574], [32.977623, 1.982643], [32.968852, 2.009656], [32.963816, 2.024601], [32.953887, 2.052929], [32.94007, 2.093695], [32.936032, 2.105016], [32.932243, 2.11775], [32.929868, 2.123741], [32.929582, 2.125343], [32.928604, 2.133572], [32.927833, 2.136312], [32.893311, 2.233067], [32.893158, 2.233974], [32.893112, 2.235593], [32.893439, 2.237001]]}, "properties": {"project_id": "NDP4-004", "project_name": "Ongoing Rehabilitation \u2014 Northern", "component": "Ongoing Rehabilitation", "region": "Northern", "priority": "High", "status": "Ongoing", "funder": "GOU / WB", "project_total_km": 285.2, "road_no": "A007", "link_id": "A007_Link08", "link_name": "Agwata - Lira", "length_km": 31.149}}, {"type": "Feature", "geometry": {"type": "LineString", "coordinates": [[32.893439, 2.237001], [32.89399, 2.238381], [32.898823, 2.24555], [32.898518, 2.248427], [32.897994, 2.250301], [32.897544, 2.253003], [32.897154, 2.253809], [32.895952, 2.25459], [32.875158, 2.260776], [32.857298, 2.266317], [32.852117, 2.267758], [32.842369, 2.270769], [32.831334, 2.27382], [32.820954, 2.276542], [32.818551, 2.277299], [32.809137, 2.281268], [32.801888, 2.284723], [32.795841, 2.287923], [32.786548, 2.293335], [32.784945, 2.294067], [32.783254, 2.294589], [32.780373, 2.294964], [32.756779, 2.295153], [32.727136, 2.294877], [32.725505, 2.294963], [32.724329, 2.295192], [32.722363, 2.29592], [32.721314, 2.296521], [32.720223, 2.297325], [32.702805, 2.313601], [32.701227, 2.314737], [32.699358, 2.315566], [32.6969, 2.315994], [32.687059, 2.316196]]}, "properties": {"project_id": "NDP4-004", "project_name": "Ongoing Rehabilitation \u2014 Northern", "component": "Ongoing Rehabilitation", "region": "Northern", "priority": "High", "status": "Ongoing", "funder": "GOU / WB", "project_total_km": 285.2, "road_no": "A007", "link_id": "A007_Link09", "link_name": "Lira - Ayer", "length_km": 27.084}}, {"type": "Feature", "geometry": {"type": "LineString", "coordinates": [[32.68705, 2.316196], [32.664868, 2.316662], [32.661919, 2.316269], [32.659546, 2.315503], [32.633454, 2.30158], [32.528305, 2.244755], [32.526247, 2.243737], [32.523832, 2.242721], [32.521618, 2.241999], [32.519029, 2.241402], [32.438151, 2.225002], [32.433511, 2.22413], [32.373591, 2.213952], [32.370741, 2.213752], [32.367921, 2.214075], [32.365431, 2.214822], [32.363136, 2.215948], [32.347998, 2.225967], [32.346995, 2.22651], [32.346158, 2.226788], [32.345169, 2.226945], [32.338218, 2.227414], [32.336759, 2.227885], [32.335393, 2.22879], [32.334601, 2.229646], [32.333988, 2.230668], [32.332455, 2.233787], [32.331579, 2.236259], [32.331108, 2.239116], [32.330827, 2.246643]]}, "properties": {"project_id": "NDP4-004", "project_name": "Ongoing Rehabilitation \u2014 Northern", "component": "Ongoing Rehabilitation", "region": "Northern", "priority": "High", "status": "Ongoing", "funder": "GOU / WB", "project_total_km": 285.2, "road_no": "A007", "link_id": "A007_Link10", "link_name": "Ayer - Kamdini", "length_km": 43.956}}, {"type": "Feature", "geometry": {"type": "LineString", "coordinates": [[32.242838, 2.254973], [32.242136, 2.256892], [32.241195, 2.258314], [32.217172, 2.28346], [32.216036, 2.284513], [32.214719, 2.285498], [32.11764, 2.340391], [32.067219, 2.373268], [31.999921, 2.417532], [31.999283, 2.417842], [31.998677, 2.417986], [31.997485, 2.417846], [31.996699, 2.417407], [31.994565, 2.415598], [31.993492, 2.415119], [31.992308, 2.415149], [31.991202, 2.415737], [31.989967, 2.417084], [31.970306, 2.441306], [31.901555, 2.526282], [31.90034, 2.527417], [31.89145, 2.534007], [31.88997, 2.53487], [31.88623, 2.53669], [31.885451, 2.536954]]}, "properties": {"project_id": "NDP4-004", "project_name": "Ongoing Rehabilitation \u2014 Northern", "component": "Ongoing Rehabilitation", "region": "Northern", "priority": "High", "status": "Ongoing", "funder": "GOU / WB", "project_total_km": 285.2, "road_no": "A008", "link_id": "A008_Link01", "link_name": "Karuma - Olwiyo", "length_km": 51.633}}, {"type": "Feature", "geometry": {"type": "LineString", "coordinates": [[31.885451, 2.536954], [31.882603, 2.53696], [31.879191, 2.53728], [31.876032, 2.537274], [31.875101, 2.537565], [31.870184, 2.539787], [31.868876, 2.540261], [31.857694, 2.541807], [31.857004, 2.541704], [31.84949, 2.538147], [31.840186, 2.535245], [31.839286, 2.535165], [31.838409, 2.535253], [31.832837, 2.536974], [31.831836, 2.53747], [31.830073, 2.538655], [31.828184, 2.540476], [31.827447, 2.54141], [31.827141, 2.542086], [31.826885, 2.543109], [31.825831, 2.549496], [31.825578, 2.550185], [31.825192, 2.550809], [31.824461, 2.551534], [31.817303, 2.557415], [31.816317, 2.557925], [31.815339, 2.558117], [31.807924, 2.55824], [31.804201, 2.558535], [31.801064, 2.559132], [31.799165, 2.55983], [31.79772, 2.560744], [31.792719, 2.564887], [31.789472, 2.567689], [31.785121, 2.571839], [31.783955, 2.572823], [31.77981, 2.575825], [31.774657, 2.579322], [31.774197, 2.579583], [31.773614, 2.579736], [31.77284, 2.579695], [31.772064, 2.579367], [31.771254, 2.57879], [31.770617, 2.577948], [31.770205, 2.577008], [31.768891, 2.571983], [31.766611, 2.565103], [31.766113, 2.564335], [31.764255, 2.562118], [31.763109, 2.561044], [31.76182, 2.560076], [31.760461, 2.559202], [31.759147, 2.558637], [31.755745, 2.55784], [31.750311, 2.556354], [31.742278, 2.55579], [31.740893, 2.555558], [31.739706, 2.555218], [31.738215, 2.554581], [31.734658, 2.55279], [31.733342, 2.551844], [31.730078, 2.54894], [31.729229, 2.548506], [31.728328, 2.548296], [31.727413, 2.54832], [31.726391, 2.548614], [31.715052, 2.554164], [31.706045, 2.557647], [31.704443, 2.558012], [31.700314, 2.558238], [31.6985, 2.55853], [31.691816, 2.560601], [31.681689, 2.563394], [31.675361, 2.565278], [31.67356, 2.565411], [31.671756, 2.565139], [31.669726, 2.564469], [31.666755, 2.56295], [31.665181, 2.562337], [31.663059, 2.561905], [31.660981, 2.561882], [31.659252, 2.56216], [31.647628, 2.564849], [31.645099, 2.565077], [31.640688, 2.565272], [31.639466, 2.565455], [31.637486, 2.566179], [31.634346, 2.568283], [31.632742, 2.569061], [31.63058, 2.569578], [31.629388, 2.569644], [31.628066, 2.569529], [31.627036, 2.56911], [31.620772, 2.564713], [31.618177, 2.561443], [31.617525, 2.560241], [31.617277, 2.559358], [31.617165, 2.558418], [31.61689, 2.553714], [31.616867, 2.550517], [31.617099, 2.546023], [31.617056, 2.544982], [31.615867, 2.537978], [31.61509, 2.535141], [31.614602, 2.534156], [31.607603, 2.525811], [31.605869, 2.523899], [31.604685, 2.523238], [31.60274, 2.522817], [31.601833, 2.522488], [31.600815, 2.5219], [31.599948, 2.521125], [31.596505, 2.517061], [31.594402, 2.514267], [31.593855, 2.513316], [31.593503, 2.511806], [31.593175, 2.511142], [31.590005, 2.508299], [31.588454, 2.507125], [31.584967, 2.50493], [31.582832, 2.503932], [31.576669, 2.501629], [31.575694, 2.501027], [31.574762, 2.500116], [31.573181, 2.497539], [31.572393, 2.495051], [31.572065, 2.494329], [31.569729, 2.491018], [31.568238, 2.487836], [31.566509, 2.485437], [31.564764, 2.484002], [31.564274, 2.48338], [31.564049, 2.482771], [31.563478, 2.479978], [31.562719, 2.478247], [31.562031, 2.477246], [31.559821, 2.474689], [31.559324, 2.473895], [31.557516, 2.468954], [31.556937, 2.465882], [31.556855, 2.464059], [31.55664, 2.463445], [31.556247, 2.46292], [31.555469, 2.462409], [31.552569, 2.461033], [31.551484, 2.460641], [31.549411, 2.460113], [31.548014, 2.459885], [31.542509, 2.459654], [31.538873, 2.45883], [31.529924, 2.456089], [31.516694, 2.451559], [31.515301, 2.451245], [31.51416, 2.451253], [31.512911, 2.451553], [31.511901, 2.452059], [31.511023, 2.452762], [31.510092, 2.453995], [31.507889, 2.458592]]}, "properties": {"project_id": "NDP4-004", "project_name": "Ongoing Rehabilitation \u2014 Northern", "component": "Ongoing Rehabilitation", "region": "Northern", "priority": "High", "status": "Ongoing", "funder": "GOU / WB", "project_total_km": 285.2, "road_no": "A008", "link_id": "A008_Link02", "link_name": "Olwiyo - Packwach", "length_km": 54.406}}, {"type": "Feature", "geometry": {"type": "LineString", "coordinates": [[31.507889, 2.458592], [31.506651, 2.461143], [31.506193, 2.461563], [31.50587, 2.461455], [31.505215, 2.460604], [31.504526, 2.460437], [31.488999, 2.461147], [31.486563, 2.461142], [31.476598, 2.459213], [31.474798, 2.459023], [31.472352, 2.459189], [31.467581, 2.460304], [31.464862, 2.460589], [31.432842, 2.460545], [31.412332, 2.458233], [31.41032, 2.457849], [31.408395, 2.457225], [31.406407, 2.456288], [31.404754, 2.455341], [31.399914, 2.452208], [31.398266, 2.451329], [31.397016, 2.450834], [31.396037, 2.450587], [31.394176, 2.450425], [31.39229, 2.45066], [31.390302, 2.451342], [31.381582, 2.455879], [31.378467, 2.457163], [31.355798, 2.4637], [31.353141, 2.464265], [31.348878, 2.46466], [31.343998, 2.463985], [31.341333, 2.464018], [31.338287, 2.464272], [31.332754, 2.465171], [31.331237, 2.46521], [31.328276, 2.464997], [31.326842, 2.465009], [31.322602, 2.465656], [31.319196, 2.466032], [31.316629, 2.465744], [31.307418, 2.46392], [31.30166, 2.463756], [31.298242, 2.463456], [31.294566, 2.46258], [31.290528, 2.460758], [31.283707, 2.459079], [31.279787, 2.457937], [31.278699, 2.457352], [31.272018, 2.452348], [31.27112, 2.451805], [31.269534, 2.451362], [31.265599, 2.450957], [31.263254, 2.4503], [31.262269, 2.449833], [31.260219, 2.448445], [31.258198, 2.447313], [31.255242, 2.446053], [31.254445, 2.445369], [31.253882, 2.444501], [31.250351, 2.436876], [31.25016, 2.43569], [31.250206, 2.429366], [31.249843, 2.428224], [31.248823, 2.426731], [31.248134, 2.426183], [31.247037, 2.425778], [31.240163, 2.424189], [31.238771, 2.424011], [31.235671, 2.423992], [31.234171, 2.42434], [31.231108, 2.426079], [31.229791, 2.426569], [31.227743, 2.426982], [31.222907, 2.427415], [31.221272, 2.427749], [31.220221, 2.428118], [31.21807, 2.429286], [31.216823, 2.430099], [31.210361, 2.435183], [31.209589, 2.436024], [31.208532, 2.437716], [31.207152, 2.439114], [31.206595, 2.439995], [31.203928, 2.44556], [31.20314, 2.448561], [31.201823, 2.451511], [31.201174, 2.452194], [31.199242, 2.453399], [31.198521, 2.454061], [31.198021, 2.454741], [31.1961, 2.458171], [31.195526, 2.458995], [31.191174, 2.463395], [31.190563, 2.464157], [31.190235, 2.464906], [31.188401, 2.47138], [31.187737, 2.472756], [31.186688, 2.474158], [31.186014, 2.475322], [31.184384, 2.476731], [31.18202, 2.478209], [31.179859, 2.479196], [31.17702, 2.480146], [31.174954, 2.481006], [31.173692, 2.481693], [31.172472, 2.482826], [31.171762, 2.483202], [31.169663, 2.483395], [31.167343, 2.483797], [31.165046, 2.483936], [31.162503, 2.484375], [31.160802, 2.48501], [31.158352, 2.486328], [31.153988, 2.488399], [31.150776, 2.48943], [31.14726, 2.490925], [31.146323, 2.491069], [31.144287, 2.491017], [31.14226, 2.490908], [31.140734, 2.490566], [31.14004, 2.490612], [31.138304, 2.491347], [31.136229, 2.491482], [31.135497, 2.491654], [31.132266, 2.493488], [31.129721, 2.49461], [31.12803, 2.495017], [31.125585, 2.495847], [31.124482, 2.496023], [31.123225, 2.496046], [31.121803, 2.495847], [31.119566, 2.495214], [31.117144, 2.494412], [31.115526, 2.49367], [31.11289, 2.492048], [31.107345, 2.489152], [31.103801, 2.487015], [31.098606, 2.483471], [31.096887, 2.481955], [31.094875, 2.480519], [31.092847, 2.479464], [31.089928, 2.478472], [31.089867, 2.478621], [31.089999, 2.478874]]}, "properties": {"project_id": "NDP4-004", "project_name": "Ongoing Rehabilitation \u2014 Northern", "component": "Ongoing Rehabilitation", "region": "Northern", "priority": "High", "status": "Ongoing", "funder": "GOU / WB", "project_total_km": 285.2, "road_no": "A008", "link_id": "A008_Link03", "link_name": "Packwach - Nebbi", "length_km": 53.49}}, {"type": "Feature", "geometry": {"type": "LineString", "coordinates": [[30.265383, -0.881469], [30.26342, -0.89148], [30.263, -0.8926], [30.26223, -0.89372], [30.254709, -0.901992], [30.253635, -0.902907], [30.25105, -0.90469], [30.24994, -0.90522], [30.24879, -0.9054], [30.244105, -0.905435], [30.242668, -0.90589], [30.241651, -0.9065], [30.240848, -0.907318], [30.240046, -0.908797], [30.238788, -0.915335], [30.238382, -0.916376], [30.237483, -0.91751], [30.224686, -0.925868], [30.222707, -0.927352], [30.221613, -0.927839], [30.218301, -0.928526], [30.217493, -0.928813], [30.216444, -0.929391], [30.215063, -0.930836], [30.213704, -0.933499], [30.213344, -0.934343], [30.212975, -0.935716], [30.210716, -0.949215], [30.21057, -0.95077], [30.21095, -0.95317], [30.210819, -0.954049], [30.210552, -0.95489], [30.210082, -0.955574], [30.20656, -0.958702], [30.206101, -0.959338], [30.20583, -0.96], [30.20154, -0.98021], [30.200412, -0.985179], [30.200083, -0.98598]]}, "properties": {"project_id": "NDP4-005", "project_name": "Ongoing Rehabilitation \u2014 Southern", "component": "Ongoing Rehabilitation", "region": "Southern", "priority": "High", "status": "Ongoing", "funder": "GOU / TBD", "project_total_km": 134.3, "road_no": "A002", "link_id": "A002_Link09", "link_name": "Ntungamo - Rubaale", "length_km": 14.951}}, {"type": "Feature", "geometry": {"type": "LineString", "coordinates": [[30.200083, -0.98598], [30.190708, -1.004191], [30.190175, -1.006479], [30.18541, -1.03199], [30.184, -1.04834], [30.1836, -1.05073], [30.1826, -1.05532], [30.18243, -1.0568], [30.18253, -1.05834], [30.18395, -1.06914], [30.18403, -1.07056], [30.18396, -1.07274], [30.18031, -1.1005], [30.17888, -1.10649], [30.17824, -1.12161], [30.17803, -1.12298], [30.1774, -1.12423], [30.17672, -1.12495], [30.16707, -1.13253], [30.16552, -1.13359], [30.16119, -1.136], [30.15582, -1.1386], [30.15454, -1.13901], [30.15266, -1.13918], [30.14636, -1.139], [30.14559, -1.13911], [30.1449, -1.13942], [30.14431, -1.13988], [30.14377, -1.14064], [30.1435, -1.1414], [30.14323, -1.14296], [30.14289, -1.14362], [30.14202, -1.14451], [30.14107, -1.14508], [30.14022, -1.1453], [30.13957, -1.1453], [30.13626, -1.1444], [30.13482, -1.14356], [30.13128, -1.14086], [30.12836, -1.13985], [30.1275, -1.13977], [30.12677, -1.13994], [30.12496, -1.14099], [30.12443, -1.14153], [30.12404, -1.14231], [30.12391, -1.14307], [30.12379, -1.14616], [30.12391, -1.1468], [30.12432, -1.14756], [30.12595, -1.14934], [30.12654, -1.15132], [30.12704, -1.15217], [30.129023, -1.15441], [30.13141, -1.15582], [30.13191, -1.15652], [30.1321, -1.15715], [30.13214, -1.1578], [30.1317, -1.1597], [30.131826, -1.161199], [30.133185, -1.163332], [30.133383, -1.163848], [30.133456, -1.164559], [30.133081, -1.165789], [30.132416, -1.166732], [30.12961, -1.17055], [30.12852, -1.17136], [30.12723, -1.17164], [30.117626, -1.171171], [30.11641, -1.17138], [30.1151, -1.17207], [30.11426, -1.172881], [30.112591, -1.175606], [30.111605, -1.179107], [30.111484, -1.180008], [30.11152, -1.180459], [30.111911, -1.181411], [30.112815, -1.182555], [30.114216, -1.184136], [30.115152, -1.184838], [30.12091, -1.18657], [30.122339, -1.187182], [30.12326, -1.18811], [30.12351, -1.189], [30.12349, -1.18971], [30.122527, -1.192705], [30.122499, -1.193443], [30.123674, -1.199529], [30.12441, -1.20266], [30.12451, -1.20379], [30.12206, -1.21306], [30.11996, -1.22049], [30.11928, -1.22187], [30.11864, -1.22276], [30.114923, -1.226595], [30.11445, -1.22763], [30.11372, -1.22991], [30.112614, -1.232779], [30.11237, -1.23389], [30.11194, -1.2346], [30.11086, -1.23559], [30.10417, -1.23942], [30.1031, -1.23965], [30.09854, -1.23958], [30.09677, -1.24021], [30.09563, -1.24075], [30.095001, -1.241571], [30.093924, -1.243479], [30.09249, -1.24502], [30.09168, -1.24547], [30.0908, -1.24579], [30.09002, -1.24596], [30.08765, -1.24618], [30.08684, -1.24659], [30.08546, -1.248063], [30.08406, -1.249849], [30.083491, -1.251498], [30.083014, -1.252347], [30.07951, -1.25501], [30.07815, -1.25669], [30.07761, -1.25695], [30.07722, -1.25696], [30.07658, -1.25668], [30.07511, -1.25492], [30.07475, -1.25417], [30.07441, -1.25303], [30.07428, -1.25208], [30.07472, -1.24927], [30.07453, -1.24725], [30.07422, -1.24628], [30.07277, -1.24398], [30.06857, -1.23884], [30.0671, -1.2363], [30.06628, -1.23569], [30.06481, -1.23511], [30.0638, -1.23391], [30.06333, -1.23362], [30.06256, -1.23353], [30.0604, -1.23373], [30.05897, -1.23458], [30.05835, -1.23469], [30.05793, -1.23462], [30.05745, -1.23434], [30.05678, -1.23346], [30.056529, -1.232692], [30.05682, -1.23201], [30.05712, -1.23171], [30.05773, -1.23146], [30.05935, -1.23147], [30.0601, -1.23135], [30.06149, -1.23053], [30.06182, -1.22978], [30.0617, -1.22915], [30.06124, -1.22809], [30.06072, -1.22754], [30.060094, -1.227296], [30.058012, -1.227577], [30.057293, -1.227934], [30.055551, -1.229768], [30.054598, -1.231273], [30.05461, -1.23177], [30.05443, -1.23228], [30.05404, -1.23278], [30.05252, -1.23338], [30.050867, -1.233805], [30.050527, -1.233963], [30.050361, -1.234225], [30.050399, -1.234702], [30.050764, -1.235057], [30.0522, -1.23523], [30.05271, -1.23541], [30.05394, -1.23616], [30.05454, -1.23677], [30.05497, -1.237928], [30.05548, -1.24102], [30.05533, -1.24196], [30.054593, -1.243798], [30.053852, -1.244365], [30.051994, -1.245108], [30.051303, -1.245901], [30.051222, -1.24629], [30.051462, -1.248451], [30.051402, -1.248932], [30.051139, -1.249654], [30.05058, -1.25029], [30.05005, -1.25054], [30.047347, -1.251288], [30.046456, -1.25142], [30.045975, -1.251367], [30.043591, -1.250546], [30.03922, -1.25005], [30.03786, -1.24957], [30.03743, -1.24929], [30.03706, -1.24867], [30.03685, -1.24755], [30.0366, -1.24697], [30.03547, -1.24601], [30.03462, -1.24563], [30.034087, -1.245661], [30.03322, -1.24615], [30.03266, -1.24623], [30.031214, -1.245911], [30.02785, -1.24749], [30.02718, -1.24795], [30.026749, -1.2488], [30.026746, -1.249153], [30.02712, -1.25019], [30.02708, -1.25059], [30.02689, -1.25097], [30.025683, -1.252277], [30.025478, -1.252729], [30.02551, -1.253318], [30.025918, -1.253978], [30.02819, -1.25621], [30.031279, -1.259585], [30.03152, -1.26059], [30.03142, -1.2611], [30.03108, -1.26171], [30.03046, -1.26222], [30.02967, -1.26243], [30.02765, -1.2624], [30.02575, -1.26156], [30.02148, -1.26054], [30.015247, -1.258254], [30.013998, -1.258032], [30.00903, -1.257586], [30.007341, -1.256975], [30.003772, -1.255043], [30.002431, -1.254858], [30.001978, -1.25491], [30.000617, -1.255443], [29.99768, -1.2569], [29.993221, -1.25946], [29.993259, -1.259745]]}, "properties": {"project_id": "NDP4-005", "project_name": "Ongoing Rehabilitation \u2014 Southern", "component": "Ongoing Rehabilitation", "region": "Southern", "priority": "High", "status": "Ongoing", "funder": "GOU / TBD", "project_total_km": 134.3, "road_no": "A002", "link_id": "A002_Link10", "link_name": "Rubaale - Muhanga - Kabale", "length_km": 59.407}}, {"type": "Feature", "geometry": {"type": "LineString", "coordinates": [[29.993259, -1.259745], [29.99348, -1.26078], [29.99374, -1.26763], [29.99344, -1.27083], [29.99277, -1.27239], [29.99272, -1.27305], [29.99354, -1.27699], [29.99524, -1.28188], [29.99796, -1.29259], [30.00019, -1.30722], [30.00019, -1.31124], [30.00046, -1.31213], [30.00115, -1.31359], [30.00137, -1.31459], [30.00126, -1.31566], [30.00076, -1.31666], [29.99906, -1.31826], [29.99709, -1.31969], [29.99649, -1.32035], [29.99628, -1.32106], [29.99635, -1.3217], [29.99651, -1.32206], [29.99696, -1.32256], [29.99969, -1.32421], [30.00081, -1.32481], [30.00291, -1.32557], [30.00372, -1.32601], [30.00476, -1.32707], [30.00578, -1.32896], [30.00602, -1.33003], [30.00594, -1.33118], [30.00282, -1.33895], [30.00282, -1.33957], [30.00312, -1.34013], [30.00368, -1.34049], [30.00434, -1.34053], [30.00761, -1.33959], [30.01023, -1.33928], [30.01291, -1.33861], [30.01391, -1.33865], [30.01475, -1.33899], [30.0157, -1.3399], [30.01834, -1.3435], [30.01876, -1.34425], [30.01905, -1.34535], [30.01901, -1.34782], [30.01957, -1.34996], [30.01951, -1.3511], [30.01914, -1.35219], [30.01657, -1.356], [30.01598, -1.3573], [30.01506, -1.36083], [30.01499, -1.3619], [30.01511, -1.36377], [30.0149, -1.3647], [30.01452, -1.36567], [30.01402, -1.36649], [30.01282, -1.3679], [30.0101, -1.37045], [30.00746, -1.37427], [30.00712, -1.37501], [30.00593, -1.37922], [30.00481, -1.38175], [30.00416, -1.38419], [30.00367, -1.38488], [30.00243, -1.386], [30.00205, -1.38662], [30.00183, -1.3874], [30.0018, -1.38827], [30.00193, -1.38899], [30.00313, -1.39156], [30.00362, -1.39377], [30.00391, -1.396], [30.00455, -1.39777], [30.00468, -1.40127], [30.00607, -1.40966], [30.00617, -1.41193], [30.00692, -1.41358], [30.00784, -1.4147], [30.00834, -1.4155], [30.00962, -1.419], [30.01005, -1.42072], [30.01068, -1.42215], [30.01077, -1.42348], [30.01175, -1.42477]]}, "properties": {"project_id": "NDP4-005", "project_name": "Ongoing Rehabilitation \u2014 Southern", "component": "Ongoing Rehabilitation", "region": "Southern", "priority": "High", "status": "Ongoing", "funder": "GOU / TBD", "project_total_km": 134.3, "road_no": "A002", "link_id": "A002_Link11", "link_name": "Kabale - Katuna", "length_km": 21.697}}, {"type": "Feature", "geometry": {"type": "LineString", "coordinates": [[29.998897, 0.000119], [29.994533, -0.003164], [29.993958, -0.003456], [29.993175, -0.003471], [29.992793, -0.003326], [29.991745, -0.002537], [29.99035, -0.001382], [29.98998, -0.000926], [29.987854, 0.003342], [29.986853, 0.004604], [29.985885, 0.005312], [29.980729, 0.0082], [29.980142, 0.008393], [29.979514, 0.008419], [29.978906, 0.008267], [29.978187, 0.007779], [29.977675, 0.006984], [29.977088, 0.004926], [29.976583, 0.004334], [29.976019, 0.004018], [29.975281, 0.003903], [29.972318, 0.004087], [29.968727, 0.003844], [29.967733, 0.003872], [29.966362, 0.004351], [29.965134, 0.005228], [29.96426, 0.006227], [29.962609, 0.008683], [29.961063, 0.010052], [29.959966, 0.010671], [29.959063, 0.011022], [29.957263, 0.011369], [29.894357, 0.00888], [29.893176, 0.008699], [29.818865, -0.008127], [29.817711, -0.008558], [29.814985, -0.009889], [29.811715, -0.010781], [29.807525, -0.011121], [29.800676, -0.012912], [29.773028, -0.01812], [29.771696, -0.018217], [29.770723, -0.018147], [29.769519, -0.017893], [29.768541, -0.017532], [29.767495, -0.01698], [29.766408, -0.016163], [29.765134, -0.014727], [29.76361, -0.012178], [29.763387, -0.011613], [29.763236, -0.010133], [29.763946, -0.006232], [29.763977, -0.003765], [29.759539, 0.018398], [29.759216, 0.020426], [29.75903, 0.024061], [29.759466, 0.032388], [29.759372, 0.032876], [29.759182, 0.033184], [29.75886, 0.03346], [29.758451, 0.033588], [29.755003, 0.034114], [29.753882, 0.03414], [29.744661, 0.031579], [29.742826, 0.031412], [29.741167, 0.031596], [29.739763, 0.032002], [29.738582, 0.032563], [29.730368, 0.038013], [29.725589, 0.040578], [29.724742, 0.041322], [29.723518, 0.042909], [29.722901, 0.043368], [29.72215, 0.04345], [29.721143, 0.04297], [29.720559, 0.042292], [29.720208, 0.041223]]}, "properties": {"project_id": "NDP4-005", "project_name": "Ongoing Rehabilitation \u2014 Southern", "component": "Ongoing Rehabilitation", "region": "Southern", "priority": "High", "status": "Ongoing", "funder": "GOU / TBD", "project_total_km": 134.3, "road_no": "A005", "link_id": "A005_Link15", "link_name": "Kikorongo - Bwera - Mpondwe", "length_km": 38.25}}, {"type": "Feature", "geometry": {"type": "LineString", "coordinates": [[31.89872, 0.829979], [31.894605, 0.833741], [31.891873, 0.835933], [31.891018, 0.836393], [31.887168, 0.837997], [31.884752, 0.839139], [31.884116, 0.839543], [31.875618, 0.846873], [31.872779, 0.849692], [31.86506, 0.85811], [31.859687, 0.863533], [31.858425, 0.865176], [31.85647, 0.868316], [31.855033, 0.869842], [31.85372, 0.871906], [31.851179, 0.874301], [31.848838, 0.875962], [31.846273, 0.877374], [31.842184, 0.878642], [31.841582, 0.878953], [31.840426, 0.879866], [31.835811, 0.884067], [31.83407, 0.885362], [31.832908, 0.885898], [31.832019, 0.88613], [31.831416, 0.886142], [31.828119, 0.885323], [31.826927, 0.885221], [31.826019, 0.885271], [31.823394, 0.88563], [31.820273, 0.886771], [31.819015, 0.887107], [31.817575, 0.887325], [31.814354, 0.887533], [31.813612, 0.887757], [31.813088, 0.888108], [31.811313, 0.889721], [31.810352, 0.890786], [31.810113, 0.891691], [31.810142, 0.894271], [31.810008, 0.895206], [31.809488, 0.896001], [31.808529, 0.896804], [31.807595, 0.897149], [31.806305, 0.897394], [31.802313, 0.897699], [31.801096, 0.897929], [31.799061, 0.89868], [31.796992, 0.900192], [31.796161, 0.900575], [31.795538, 0.900541], [31.794157, 0.899896], [31.793452, 0.899838], [31.790528, 0.901052], [31.788423, 0.901427], [31.787163, 0.901781], [31.786085, 0.902644], [31.785193, 0.904503], [31.784603, 0.905122], [31.781116, 0.907062], [31.777957, 0.909402], [31.776649, 0.910212], [31.772135, 0.91233], [31.767588, 0.914809], [31.766038, 0.915902], [31.76455, 0.917136], [31.76292, 0.918107], [31.758033, 0.922665], [31.757591, 0.923652], [31.755332, 0.932374], [31.753745, 0.935196], [31.753164, 0.937773], [31.749914, 0.944623], [31.747694, 0.948532], [31.743889, 0.955791], [31.741789, 0.960044], [31.741336, 0.961472], [31.740031, 0.967877], [31.739665, 0.968774], [31.739034, 0.969718], [31.736765, 0.9722], [31.735844, 0.973042], [31.734817, 0.973788], [31.732767, 0.974981], [31.732107, 0.975199], [31.731257, 0.975307], [31.728278, 0.974954], [31.72502, 0.975255], [31.724131, 0.975628], [31.721793, 0.977282], [31.718211, 0.978554], [31.715237, 0.980562], [31.713223, 0.982758], [31.712137, 0.983711], [31.704666, 0.989158], [31.704266, 0.989805], [31.702739, 0.99376], [31.69912, 1.001017], [31.697391, 1.004896], [31.696262, 1.007013], [31.694065, 1.010689], [31.690826, 1.015032], [31.689425, 1.017182], [31.685354, 1.021942], [31.678147, 1.031129], [31.674481, 1.036072], [31.664291, 1.050446], [31.65534, 1.064336], [31.649403, 1.072458], [31.646679, 1.07562], [31.638156, 1.082852], [31.63721, 1.083883], [31.634881, 1.087178], [31.633529, 1.088736], [31.626356, 1.095286], [31.611351, 1.11087], [31.60643, 1.115156], [31.589962, 1.131137], [31.589126, 1.132054], [31.587263, 1.134556], [31.586341, 1.136027], [31.580097, 1.14716], [31.576596, 1.153], [31.573011, 1.161097], [31.571342, 1.165282], [31.56759, 1.172763], [31.566929, 1.174809], [31.564372, 1.18592], [31.561879, 1.197779], [31.561755, 1.198879], [31.561629, 1.203771], [31.561435, 1.205025], [31.560533, 1.207665], [31.559904, 1.20886], [31.55833, 1.211298], [31.556422, 1.213753], [31.550413, 1.221005], [31.545823, 1.226895], [31.544402, 1.228486], [31.539944, 1.232778], [31.532039, 1.24002], [31.526525, 1.244879], [31.520931, 1.249488], [31.520151, 1.250377], [31.51906, 1.252142], [31.51818, 1.253044], [31.517107, 1.253706], [31.514064, 1.254896], [31.512849, 1.255556], [31.50182, 1.264545], [31.483217, 1.276146], [31.481425, 1.277558], [31.477201, 1.28181], [31.475463, 1.283201], [31.474264, 1.283914], [31.472967, 1.284509], [31.469324, 1.285659], [31.468188, 1.286418], [31.466823, 1.287956], [31.466033, 1.289114], [31.465479, 1.290149], [31.464868, 1.291738], [31.464186, 1.294642], [31.463856, 1.297544], [31.464081, 1.302176], [31.463874, 1.302885], [31.46338, 1.303596], [31.456375, 1.309493], [31.450974, 1.313401], [31.447817, 1.31468], [31.444259, 1.315631], [31.441409, 1.316995], [31.440435, 1.317669], [31.437365, 1.320474], [31.434272, 1.3231], [31.425836, 1.331127], [31.421654, 1.335391], [31.417302, 1.340204], [31.415808, 1.34215], [31.415413, 1.343052], [31.415151, 1.344926], [31.414703, 1.345683], [31.414168, 1.34603], [31.413126, 1.346224], [31.412647, 1.346437], [31.410716, 1.347857], [31.409654, 1.348944], [31.407555, 1.349905], [31.406909, 1.350423], [31.405124, 1.353643], [31.404358, 1.355468], [31.403248, 1.35903], [31.402471, 1.362858], [31.402127, 1.36371], [31.39701, 1.371204], [31.392471, 1.379124], [31.384781, 1.390292], [31.378142, 1.400627], [31.377653, 1.402112], [31.377399, 1.404676], [31.37726, 1.405192], [31.37652, 1.406711], [31.374915, 1.408627], [31.374527, 1.409512], [31.374504, 1.410074], [31.374967, 1.414574], [31.374767, 1.418918], [31.37454, 1.419652], [31.373296, 1.420747], [31.371037, 1.421813], [31.368142, 1.421438], [31.366777, 1.421387], [31.364024, 1.421734], [31.363223, 1.421999], [31.362849, 1.422356], [31.360859, 1.425253], [31.35861, 1.427269], [31.354529, 1.431732], [31.351222, 1.435623], [31.350092, 1.43676]]}, "properties": {"project_id": "NDP4-006", "project_name": "Ongoing Rehabilitation \u2014 Western", "component": "Ongoing Rehabilitation", "region": "Western", "priority": "High", "status": "Ongoing", "funder": "GOU", "project_total_km": 96.5, "road_no": "A009", "link_id": "A009_Link04", "link_name": "Lwamata - Hoima", "length_km": 96.5}}, {"type": "Feature", "geometry": {"type": "LineString", "coordinates": [[31.186284, 0.234553], [31.186664, 0.235724], [31.186461, 0.237035], [31.186495, 0.238138], [31.185628, 0.240767], [31.184795, 0.245426], [31.184165, 0.251124], [31.183579, 0.254039], [31.183419, 0.256563], [31.182984, 0.260118], [31.182714, 0.260652], [31.180363, 0.263066], [31.1804, 0.264704], [31.179648, 0.268195], [31.17956, 0.269344], [31.179787, 0.271725], [31.180522, 0.274707], [31.180467, 0.276827], [31.180717, 0.280437], [31.18034, 0.285204], [31.181522, 0.288117], [31.182025, 0.289133], [31.182763, 0.290244], [31.183135, 0.291233], [31.183706, 0.299599], [31.183411, 0.30243], [31.183479, 0.303278], [31.183798, 0.304181], [31.184944, 0.306201], [31.185904, 0.31066], [31.185826, 0.311559], [31.184778, 0.314129], [31.184637, 0.315689], [31.185105, 0.317917], [31.185323, 0.320636], [31.186037, 0.323414], [31.186506, 0.324203], [31.188259, 0.325113], [31.189366, 0.326338], [31.190687, 0.326959], [31.191725, 0.32712], [31.192615, 0.327403], [31.193904, 0.328169], [31.194261, 0.328603], [31.194986, 0.331612], [31.19515, 0.332991], [31.194577, 0.335391], [31.19477, 0.337658], [31.195252, 0.338875], [31.195696, 0.340919], [31.195829, 0.342632], [31.196066, 0.343492], [31.195115, 0.347108], [31.195076, 0.347674], [31.195236, 0.348219], [31.19609, 0.349485], [31.19642, 0.350195], [31.197175, 0.352123], [31.197395, 0.353222], [31.197592, 0.35367], [31.199055, 0.354991], [31.201505, 0.356302], [31.202146, 0.35677], [31.203406, 0.358966], [31.20367, 0.359927], [31.204218, 0.360747], [31.204328, 0.36241], [31.204671, 0.363032], [31.20533, 0.363709], [31.206662, 0.364668], [31.208228, 0.366179], [31.210494, 0.367787], [31.211541, 0.368994], [31.212843, 0.370806], [31.216414, 0.372869], [31.219451, 0.375191], [31.223801, 0.377446], [31.227929, 0.380687]]}, "properties": {"project_id": "NDP4-007", "project_name": "Ongoing Upgrade \u2014 Central", "component": "Ongoing Upgrade", "region": "Central", "priority": "High", "status": "Ongoing", "funder": "CC", "project_total_km": 274.1, "road_no": "B103", "link_id": "B103_Link03", "link_name": "Nkonge - Kibula - Magege - Kasambya", "length_km": 18.8}}, {"type": "Feature", "geometry": {"type": "LineString", "coordinates": [[31.227929, 0.380687], [31.229955, 0.382266], [31.231576, 0.383825], [31.23684, 0.386716], [31.237423, 0.387388], [31.238688, 0.389622], [31.240565, 0.391941], [31.242074, 0.392631], [31.244448, 0.393044], [31.245647, 0.393378], [31.247684, 0.394675], [31.249635, 0.396154], [31.251456, 0.397889], [31.252828, 0.398909], [31.256812, 0.403011], [31.259904, 0.405499], [31.26241, 0.406419], [31.266373, 0.408613], [31.268259, 0.409193], [31.269546, 0.410509], [31.270169, 0.411436], [31.271913, 0.412986], [31.273139, 0.413684], [31.274769, 0.414407], [31.278535, 0.416936], [31.279054, 0.417297], [31.281573, 0.419619], [31.284371, 0.420825], [31.287223, 0.421884], [31.28817, 0.422375], [31.289695, 0.424412], [31.290799, 0.426361], [31.291759, 0.427574], [31.292041, 0.428098], [31.292241, 0.429064], [31.291775, 0.430944], [31.291679, 0.431823], [31.291918, 0.4335], [31.292204, 0.437701], [31.291832, 0.440243], [31.290777, 0.443428], [31.290603, 0.444616], [31.290663, 0.446708], [31.29116, 0.448549], [31.291798, 0.452398], [31.291447, 0.458252], [31.291188, 0.459375], [31.289384, 0.463886], [31.288114, 0.46588], [31.287499, 0.466507], [31.286677, 0.467109], [31.286204, 0.467835], [31.285978, 0.468656], [31.285691, 0.471068], [31.285801, 0.473426], [31.285651, 0.474406], [31.285226, 0.475312], [31.284051, 0.477032], [31.283017, 0.480188], [31.282123, 0.481548], [31.281569, 0.482887], [31.281397, 0.483676], [31.281575, 0.48428], [31.282341, 0.485491], [31.282605, 0.486781], [31.282468, 0.487311], [31.28192, 0.48826], [31.281646, 0.489095], [31.281683, 0.490041], [31.282013, 0.491079], [31.283099, 0.493049], [31.284226, 0.494621], [31.285215, 0.495547], [31.285706, 0.496179], [31.286178, 0.497271]]}, "properties": {"project_id": "NDP4-007", "project_name": "Ongoing Upgrade \u2014 Central", "component": "Ongoing Upgrade", "region": "Central", "priority": "High", "status": "Ongoing", "funder": "CC", "project_total_km": 274.1, "road_no": "B103", "link_id": "B103_Link04", "link_name": "Kasambya - Lusalira", "length_km": 17.289}}, {"type": "Feature", "geometry": {"type": "LineString", "coordinates": [[32.569236, 0.287145], [32.569973, 0.286722], [32.570323, 0.28626], [32.571114, 0.282008], [32.571492, 0.280968], [32.572184, 0.280081], [32.573415, 0.27886], [32.574143, 0.277901], [32.576003, 0.27506], [32.577258, 0.272525], [32.578825, 0.270473], [32.580272, 0.269134], [32.582069, 0.267705], [32.584343, 0.26547], [32.585458, 0.264086], [32.588297, 0.260974], [32.588774, 0.260214], [32.590176, 0.255464], [32.59011, 0.254742], [32.590463, 0.25427], [32.592207, 0.24886], [32.593726, 0.243676], [32.594104, 0.234059], [32.593996, 0.230513], [32.594095, 0.229789], [32.5944, 0.229147], [32.594751, 0.22873], [32.59582, 0.228034], [32.598966, 0.226948], [32.602749, 0.224442], [32.603198, 0.224062], [32.603511, 0.22357], [32.603675, 0.222551], [32.603971, 0.2219], [32.604996, 0.221004], [32.605948, 0.220462], [32.608204, 0.219647], [32.609992, 0.218752], [32.61117, 0.218019], [32.612113, 0.217123], [32.61321, 0.216309], [32.614737, 0.215631], [32.615241, 0.214889], [32.615861, 0.213206], [32.616023, 0.21231], [32.617119, 0.211759], [32.617622, 0.21127], [32.617973, 0.210456], [32.619545, 0.209587], [32.620031, 0.208791]]}, "properties": {"project_id": "NDP4-007", "project_name": "Ongoing Upgrade \u2014 Central", "component": "Ongoing Upgrade", "region": "Central", "priority": "High", "status": "Ongoing", "funder": "CC", "project_total_km": 274.1, "road_no": "C150", "link_id": "C150_Link01", "link_name": "Najjanankumbi - Busabala", "length_km": 11.116}}, {"type": "Feature", "geometry": {"type": "LineString", "coordinates": [[32.333462, 0.219225], [32.33868, 0.217382], [32.34013, 0.216614], [32.340914, 0.216061], [32.342204, 0.214748], [32.345359, 0.209795], [32.346047, 0.208887], [32.346513, 0.208523], [32.34746, 0.208166], [32.348763, 0.207905], [32.351916, 0.207691], [32.355774, 0.205562], [32.35637, 0.205393], [32.359475, 0.205498], [32.360205, 0.205324], [32.361288, 0.204274], [32.362055, 0.203198], [32.362364, 0.202501], [32.362691, 0.200967], [32.362929, 0.200544], [32.366465, 0.197857], [32.3668, 0.197346], [32.367436, 0.195764], [32.368567, 0.194154], [32.372578, 0.190974], [32.373081, 0.190441], [32.375731, 0.186111], [32.377162, 0.184143], [32.377968, 0.182104], [32.382934, 0.173172], [32.38459, 0.171454], [32.385923, 0.169178], [32.386683, 0.168209], [32.389789, 0.164875], [32.389965, 0.164385], [32.390289, 0.161478], [32.3905, 0.160911], [32.390848, 0.160621], [32.393827, 0.15927], [32.395098, 0.158463], [32.396085, 0.157406], [32.399515, 0.15305], [32.399608, 0.151732], [32.39951, 0.151401], [32.397623, 0.149252], [32.39745, 0.146875], [32.39752, 0.146077], [32.398929, 0.142499], [32.399407, 0.140603], [32.401359, 0.137646], [32.408323, 0.128503], [32.416173, 0.116759], [32.418468, 0.112582], [32.418807, 0.111629], [32.419486, 0.108825], [32.420569, 0.106807], [32.421602, 0.105397], [32.422317, 0.104743], [32.423204, 0.104416], [32.426333, 0.103901], [32.427803, 0.103284], [32.42853, 0.102819], [32.434856, 0.095976], [32.436757, 0.093657], [32.438981, 0.089905]]}, "properties": {"project_id": "NDP4-007", "project_name": "Ongoing Upgrade \u2014 Central", "component": "Ongoing Upgrade", "region": "Central", "priority": "High", "status": "Ongoing", "funder": "CC", "project_total_km": 274.1, "road_no": "C160", "link_id": "C160_Link01", "link_name": "Mpigi - Kasanje - Buwaya", "length_km": 19.789}}, {"type": "Feature", "geometry": {"type": "LineString", "coordinates": [[32.53286, 0.29948], [32.521508, 0.295233], [32.521022, 0.294989], [32.520798, 0.294735], [32.52016, 0.293441], [32.51998, 0.292844], [32.519773, 0.289967], [32.519495, 0.28861], [32.519028, 0.287769], [32.517895, 0.286701], [32.517662, 0.286095], [32.517464, 0.284394], [32.517536, 0.281734], [32.51741, 0.281002], [32.516961, 0.279943], [32.516368, 0.279174], [32.515514, 0.276858], [32.513241, 0.271801], [32.513133, 0.271041], [32.513178, 0.269593], [32.512828, 0.268055], [32.512486, 0.265341], [32.512145, 0.264165], [32.510968, 0.262518], [32.507724, 0.25747], [32.506133, 0.254204], [32.505181, 0.252594], [32.50341, 0.250241], [32.501056, 0.246722], [32.499475, 0.244605], [32.497632, 0.241447], [32.496285, 0.240081], [32.494092, 0.237467], [32.492025, 0.234734], [32.491468, 0.233323], [32.491423, 0.232056], [32.491288, 0.231459], [32.489994, 0.229089], [32.489347, 0.227279], [32.488125, 0.225524], [32.487335, 0.224131], [32.485142, 0.221969], [32.482833, 0.218856], [32.482239, 0.218486], [32.480694, 0.218006], [32.47984, 0.217445], [32.479148, 0.216396], [32.477674, 0.213464], [32.475338, 0.210605], [32.475149, 0.210126], [32.475033, 0.208968], [32.475833, 0.204155], [32.475833, 0.203232], [32.475653, 0.201956], [32.475186, 0.200455], [32.474656, 0.198944], [32.474018, 0.197713], [32.473505, 0.197062], [32.472562, 0.196483], [32.471771, 0.196175], [32.470162, 0.19585], [32.469434, 0.19547], [32.468419, 0.194131], [32.4654, 0.19214], [32.4646, 0.191471], [32.463989, 0.190711], [32.463189, 0.189272], [32.462542, 0.188657], [32.462425, 0.188268], [32.463495, 0.18455], [32.464358, 0.182722], [32.465005, 0.181799], [32.465733, 0.181076], [32.46673, 0.180379], [32.467395, 0.180117], [32.469651, 0.180054], [32.471798, 0.180515], [32.472922, 0.180606], [32.47338, 0.180452], [32.474782, 0.179629], [32.477226, 0.179267], [32.479473, 0.179095], [32.481423, 0.178471], [32.482825, 0.178326], [32.484047, 0.178398], [32.487111, 0.179023], [32.487857, 0.179077], [32.48863, 0.178788], [32.490086, 0.177847], [32.490544, 0.177729], [32.490994, 0.177792], [32.493402, 0.178896], [32.494157, 0.179059], [32.498039, 0.179132], [32.498821, 0.178887], [32.499279, 0.178571], [32.500429, 0.176978], [32.502595, 0.174699], [32.504231, 0.172564], [32.508922, 0.164078], [32.510575, 0.161762], [32.511133, 0.160414], [32.511312, 0.160206], [32.512094, 0.159835], [32.512598, 0.159301], [32.513047, 0.157781], [32.513029, 0.156134], [32.513317, 0.155555], [32.515824, 0.1538], [32.519176, 0.151901], [32.520326, 0.151503], [32.521018, 0.15143], [32.521944, 0.151503], [32.52313, 0.151801], [32.524415, 0.152371], [32.525089, 0.15229], [32.526167, 0.150869], [32.528675, 0.148463], [32.529214, 0.147784], [32.529699, 0.146862], [32.531029, 0.143143], [32.531308, 0.1427], [32.531973, 0.142329], [32.53377, 0.142664], [32.534094, 0.142637], [32.534408, 0.142483], [32.534875, 0.142022], [32.535037, 0.141551], [32.534938, 0.141017], [32.534148, 0.139461], [32.533734, 0.137896], [32.533049, 0.130313]]}, "properties": {"project_id": "NDP4-007", "project_name": "Ongoing Upgrade \u2014 Central", "component": "Ongoing Upgrade", "region": "Central", "priority": "High", "status": "Ongoing", "funder": "CC", "project_total_km": 274.1, "road_no": "C178", "link_id": "C178_Link01", "link_name": "Natete - Nakawuka - Kisubi", "length_km": 28.107}}, {"type": "Feature", "geometry": {"type": "LineString", "coordinates": [[32.38771, 0.420349], [32.385718, 0.418048], [32.385093, 0.416968], [32.384698, 0.414074], [32.382731, 0.411324], [32.382353, 0.40842], [32.380496, 0.404192], [32.380296, 0.403344], [32.380404, 0.402584], [32.381365, 0.399617], [32.381581, 0.397934], [32.382264, 0.396351], [32.385581, 0.391177], [32.388331, 0.387621], [32.388744, 0.386889], [32.389508, 0.38498], [32.39065, 0.384238], [32.390928, 0.383831], [32.390659, 0.382854], [32.389041, 0.379226], [32.388341, 0.376023], [32.388305, 0.374838], [32.388521, 0.372604], [32.389267, 0.367275], [32.388881, 0.364633], [32.388746, 0.362354], [32.387515, 0.354401], [32.38721, 0.353162], [32.386976, 0.352655], [32.384892, 0.351922], [32.383822, 0.351036], [32.382124, 0.35033], [32.381576, 0.349977], [32.378988, 0.34795], [32.376409, 0.345544], [32.374773, 0.34368], [32.374486, 0.342803], [32.374297, 0.341138], [32.373965, 0.339844], [32.374028, 0.334968], [32.374307, 0.332643], [32.373489, 0.331313], [32.373211, 0.330653], [32.373022, 0.328337], [32.372681, 0.326808], [32.372878, 0.326211], [32.373822, 0.324917], [32.374217, 0.323569], [32.374442, 0.323189], [32.374892, 0.322556], [32.376752, 0.320629], [32.377021, 0.320032], [32.376896, 0.316106], [32.376743, 0.315138], [32.375854, 0.311673], [32.375863, 0.310587], [32.37615, 0.307846], [32.376447, 0.306688], [32.376717, 0.306118], [32.377957, 0.30448], [32.378568, 0.302092], [32.378451, 0.301785], [32.377768, 0.301224], [32.376007, 0.298944], [32.375351, 0.297415], [32.375091, 0.296411], [32.374983, 0.292593], [32.376026, 0.286658], [32.378291, 0.276996], [32.378794, 0.275495], [32.379361, 0.273052], [32.379199, 0.272174], [32.377492, 0.267823], [32.377213, 0.266267], [32.377285, 0.264611], [32.377492, 0.263444], [32.378247, 0.261571], [32.378355, 0.259364], [32.378849, 0.257718], [32.378508, 0.255492], [32.378562, 0.254886], [32.379658, 0.252299], [32.379919, 0.251303], [32.379793, 0.250308], [32.379029, 0.248454], [32.37893, 0.247712], [32.379002, 0.246192], [32.379227, 0.244808], [32.379524, 0.244464], [32.380099, 0.244165], [32.38, 0.243786], [32.379434, 0.243595], [32.37929, 0.243288], [32.379263, 0.24146], [32.379632, 0.240049], [32.380243, 0.23833], [32.380926, 0.237371], [32.381546, 0.236892], [32.382436, 0.236485], [32.38373, 0.236159], [32.384089, 0.235852], [32.384655, 0.234323], [32.38435, 0.232405], [32.384467, 0.23169], [32.386022, 0.229257], [32.387513, 0.22771], [32.389068, 0.225728], [32.390452, 0.224561], [32.391288, 0.224064], [32.392177, 0.223901], [32.392824, 0.224028], [32.395565, 0.225168], [32.402161, 0.227403], [32.403572, 0.22828], [32.404273, 0.228344], [32.404947, 0.228081], [32.405423, 0.227638], [32.406816, 0.225186], [32.409126, 0.221631], [32.40989, 0.220889], [32.410815, 0.220374], [32.41547, 0.219596], [32.416153, 0.219641], [32.418822, 0.220636], [32.420961, 0.221007], [32.421527, 0.221234], [32.422623, 0.222147], [32.423522, 0.223513], [32.423881, 0.22374], [32.424295, 0.223622], [32.424708, 0.223323], [32.425499, 0.222229], [32.426047, 0.221867], [32.431115, 0.221152], [32.432005, 0.220935], [32.432841, 0.220483], [32.43374, 0.219651], [32.434432, 0.218439], [32.435294, 0.216213], [32.435609, 0.214503], [32.436049, 0.212929], [32.436499, 0.210405], [32.43729, 0.20931], [32.438647, 0.208053], [32.439581, 0.205574], [32.441154, 0.200444], [32.441603, 0.199386], [32.442538, 0.197957], [32.443176, 0.196066], [32.443419, 0.195641], [32.445027, 0.194817], [32.446654, 0.193298], [32.448541, 0.192492], [32.449521, 0.192221], [32.452046, 0.191823], [32.456395, 0.19138], [32.459657, 0.190086], [32.460745, 0.189535], [32.462129, 0.188621], [32.462479, 0.188557]]}, "properties": {"project_id": "NDP4-007", "project_name": "Ongoing Upgrade \u2014 Central", "component": "Ongoing Upgrade", "region": "Central", "priority": "High", "status": "Ongoing", "funder": "CC", "project_total_km": 274.1, "road_no": "C180", "link_id": "C180_Link01", "link_name": "Nakawuka - Namutamala - Katende - Bujuko", "length_km": 35.426}}, {"type": "Feature", "geometry": {"type": "LineString", "coordinates": [[32.528468, 0.46027], [32.530189, 0.460441], [32.532031, 0.46121], [32.537108, 0.466051], [32.537728, 0.46653], [32.538213, 0.466702], [32.53895, 0.466639], [32.539642, 0.466404], [32.542788, 0.464604], [32.54419, 0.463971], [32.548531, 0.462541], [32.549852, 0.462505], [32.55262, 0.463473], [32.55448, 0.463872], [32.557095, 0.462261], [32.561517, 0.457928], [32.565534, 0.454789], [32.574108, 0.451786], [32.576265, 0.450275], [32.58287, 0.445055], [32.587427, 0.441889], [32.589233, 0.441247], [32.594742, 0.440831], [32.597771, 0.440723], [32.599307, 0.439863], [32.60195, 0.438633], [32.602656, 0.43813]]}, "properties": {"project_id": "NDP4-007", "project_name": "Ongoing Upgrade \u2014 Central", "component": "Ongoing Upgrade", "region": "Central", "priority": "High", "status": "Ongoing", "funder": "CC", "project_total_km": 274.1, "road_no": "C194", "link_id": "C194_Link01", "link_name": "Matugga - Kasangati", "length_km": 9.544}}, {"type": "Feature", "geometry": {"type": "LineString", "coordinates": [[32.602656, 0.43813], [32.603073, 0.437421], [32.603684, 0.436851], [32.609436, 0.432852], [32.610514, 0.432337], [32.61419, 0.431333], [32.614801, 0.431016], [32.618369, 0.427886], [32.620859, 0.425507], [32.622135, 0.423272], [32.628849, 0.410371], [32.630763, 0.405251], [32.631158, 0.404445], [32.63327, 0.401822], [32.637414, 0.398854], [32.638753, 0.397235], [32.638977, 0.39709], [32.646721, 0.380228]]}, "properties": {"project_id": "NDP4-007", "project_name": "Ongoing Upgrade \u2014 Central", "component": "Ongoing Upgrade", "region": "Central", "priority": "High", "status": "Ongoing", "funder": "CC", "project_total_km": 274.1, "road_no": "C194", "link_id": "C194_Link02", "link_name": "Kasangati - Kyaliwajala", "length_km": 8.393}}, {"type": "Feature", "geometry": {"type": "LineString", "coordinates": [[32.462391, 0.188465], [32.462121, 0.188547], [32.459776, 0.188366], [32.455175, 0.188347], [32.453773, 0.188185], [32.452497, 0.187714], [32.449343, 0.18585], [32.447986, 0.184439], [32.446108, 0.182928], [32.445506, 0.18225], [32.444185, 0.178269], [32.443547, 0.177084], [32.442603, 0.17579], [32.439934, 0.173103], [32.438982, 0.172533], [32.437292, 0.172189], [32.436223, 0.172099], [32.432251, 0.172886], [32.429699, 0.173238], [32.429223, 0.173139], [32.427677, 0.172397], [32.425404, 0.170977], [32.424792, 0.170922], [32.423049, 0.171239], [32.422258, 0.17123], [32.421369, 0.170922], [32.420389, 0.170343], [32.419841, 0.169845], [32.419473, 0.169276], [32.419212, 0.1679], [32.419113, 0.163314], [32.419392, 0.160744], [32.419239, 0.159487], [32.418907, 0.159143], [32.417604, 0.158329], [32.413183, 0.154122], [32.412005, 0.15329], [32.410163, 0.152312], [32.409184, 0.152059], [32.407431, 0.152267], [32.401698, 0.153705], [32.400584, 0.153497], [32.399518, 0.152978]]}, "properties": {"project_id": "NDP4-007", "project_name": "Ongoing Upgrade \u2014 Central", "component": "Ongoing Upgrade", "region": "Central", "priority": "High", "status": "Ongoing", "funder": "CC", "project_total_km": 274.1, "road_no": "C195", "link_id": "C195_Link01", "link_name": "Nakawuka - Kasanje", "length_km": 9.452}}, {"type": "Feature", "geometry": {"type": "LineString", "coordinates": [[32.903567, 0.69969], [32.89872, 0.704098], [32.897832, 0.705147], [32.89725, 0.706267], [32.896093, 0.710115], [32.895727, 0.71674], [32.89543, 0.71779], [32.894712, 0.719377], [32.894453, 0.72034], [32.892937, 0.730185], [32.892418, 0.734753], [32.890898, 0.742573], [32.890892, 0.74426], [32.891422, 0.74793], [32.891082, 0.751532], [32.89108, 0.755317], [32.890903, 0.756842], [32.890238, 0.759835], [32.887248, 0.76849], [32.885072, 0.777652], [32.884907, 0.779697], [32.885118, 0.782257], [32.887465, 0.794637], [32.88845, 0.798095], [32.888635, 0.8002], [32.888402, 0.802133], [32.887567, 0.804728], [32.887358, 0.805717], [32.886213, 0.81988], [32.886023, 0.823745], [32.884622, 0.832033], [32.884163, 0.83383], [32.882837, 0.836782], [32.882343, 0.838217], [32.881367, 0.842172], [32.880848, 0.843323], [32.878717, 0.847093], [32.87828, 0.848165], [32.878012, 0.849292], [32.877155, 0.855465], [32.876658, 0.857072], [32.873192, 0.865462], [32.867433, 0.876358], [32.864493, 0.887087], [32.8643, 0.888507], [32.864243, 0.890218], [32.864198, 0.897198], [32.865028, 0.903462], [32.865677, 0.90633], [32.867232, 0.910368], [32.867622, 0.911643], [32.868545, 0.917365], [32.869023, 0.923887], [32.86947, 0.926198], [32.870507, 0.928903], [32.871367, 0.93051], [32.872002, 0.931403], [32.874382, 0.934187], [32.880133, 0.942935], [32.88152, 0.945262], [32.882302, 0.947553], [32.884295, 0.957607], [32.886272, 0.963053], [32.886745, 0.965257], [32.88689, 0.975863], [32.887163, 0.977423], [32.888085, 0.980325], [32.888323, 0.982205], [32.888002, 0.98443], [32.88672, 0.987603], [32.886345, 0.989087], [32.885572, 0.997352], [32.88594, 1.008183], [32.885767, 1.009532], [32.885092, 1.012157], [32.884988, 1.013323], [32.88507, 1.01454], [32.885635, 1.017515], [32.885737, 1.018667], [32.885567, 1.025155], [32.885755, 1.026332], [32.886208, 1.027675], [32.89103, 1.037345], [32.891943, 1.039768], [32.892493, 1.042537], [32.892992, 1.050108], [32.893457, 1.051895], [32.89494, 1.055732], [32.8952, 1.056882], [32.895298, 1.058355], [32.894993, 1.060417], [32.893452, 1.06457], [32.889905, 1.07049], [32.889288, 1.072017], [32.888883, 1.073567], [32.887342, 1.083117], [32.887222, 1.084392], [32.88769, 1.08998], [32.888948, 1.095897], [32.887967, 1.096255], [32.88699, 1.097267], [32.886323, 1.098343], [32.88565, 1.100108], [32.885233, 1.101667], [32.885157, 1.107295], [32.8854, 1.109535], [32.88585, 1.111065], [32.886238, 1.11163], [32.888177, 1.113417], [32.889118, 1.115], [32.89006, 1.116313], [32.891005, 1.118542], [32.891493, 1.120147], [32.89163, 1.121242], [32.891658, 1.122952], [32.891413, 1.131468], [32.89187, 1.139735], [32.891893, 1.141835], [32.892293, 1.14335], [32.894767, 1.150527], [32.894955, 1.152987], [32.894698, 1.155577], [32.894385, 1.15664], [32.891613, 1.162345], [32.890567, 1.165028], [32.88993, 1.16767], [32.888688, 1.17501], [32.888657, 1.178278], [32.888563, 1.1788], [32.887725, 1.181083], [32.885787, 1.185717], [32.88536, 1.187345], [32.884975, 1.189537], [32.884392, 1.190472], [32.881842, 1.193032], [32.88145, 1.193713], [32.87987, 1.198917], [32.877645, 1.204237], [32.875757, 1.209337], [32.874718, 1.213578], [32.873762, 1.216687], [32.873472, 1.217987], [32.871825, 1.222915], [32.871047, 1.22404], [32.867575, 1.227333], [32.866452, 1.228722], [32.865797, 1.22991], [32.865415, 1.231133], [32.864492, 1.235873], [32.86377, 1.238468], [32.862532, 1.241467], [32.861945, 1.243232], [32.86165, 1.244602], [32.86048, 1.2473], [32.859208, 1.25161], [32.856813, 1.258297], [32.855665, 1.262773], [32.855213, 1.26397], [32.854028, 1.26633], [32.853005, 1.267847], [32.850087, 1.270705], [32.845813, 1.275498], [32.842425, 1.279813], [32.83993, 1.281903], [32.83897, 1.282978], [32.837527, 1.284943], [32.836663, 1.287018], [32.835918, 1.28918], [32.835593, 1.290973], [32.835137, 1.295155], [32.834883, 1.299355], [32.834638, 1.300738], [32.83433, 1.301432], [32.833877, 1.302043], [32.831718, 1.303902], [32.830903, 1.304973], [32.83025, 1.306453], [32.828715, 1.311153], [32.828695, 1.311875], [32.828878, 1.31263], [32.830388, 1.315295], [32.830775, 1.316695], [32.830683, 1.318073], [32.82954, 1.324153], [32.828715, 1.325778], [32.827317, 1.32767], [32.825438, 1.332828], [32.824247, 1.335558], [32.82285, 1.337575], [32.820477, 1.340613], [32.814688, 1.353972], [32.813475, 1.3571], [32.813182, 1.358273], [32.813192, 1.359098], [32.813528, 1.361447], [32.81349, 1.364497], [32.811557, 1.368887], [32.81078, 1.371665], [32.81023, 1.372087], [32.808902, 1.372457], [32.799395, 1.373612], [32.795323, 1.375422], [32.792787, 1.376322], [32.791328, 1.377037], [32.789273, 1.379015], [32.787455, 1.381285], [32.786002, 1.382792], [32.784465, 1.384075], [32.781863, 1.3857], [32.781127, 1.38635], [32.777172, 1.391043], [32.773312, 1.395347], [32.771375, 1.397797], [32.770023, 1.400212], [32.76916, 1.40204], [32.768663, 1.402728], [32.766388, 1.404712], [32.763837, 1.406522], [32.762828, 1.40689], [32.761248, 1.407252], [32.759652, 1.408447], [32.757435, 1.40923], [32.756678, 1.409683], [32.756497, 1.409995], [32.756252, 1.411428], [32.755202, 1.413758]]}, "properties": {"project_id": "NDP4-007", "project_name": "Ongoing Upgrade \u2014 Central", "component": "Ongoing Upgrade", "region": "Central", "priority": "High", "status": "Ongoing", "funder": "CC", "project_total_km": 274.1, "road_no": "C300", "link_id": "C300_Link01", "link_name": "Kayunga - Bale - Galiraya - Lake Kyoga", "length_km": 87.401}}, {"type": "Feature", "geometry": {"type": "LineString", "coordinates": [[32.493151, 0.842154], [32.492548, 0.841734], [32.492045, 0.841681], [32.489767, 0.84356], [32.487311, 0.845392], [32.486824, 0.845648], [32.474926, 0.849749], [32.474069, 0.849655], [32.470752, 0.848475], [32.469128, 0.848332], [32.466538, 0.847756], [32.462526, 0.847729], [32.454041, 0.845763], [32.453273, 0.845994], [32.451179, 0.847073], [32.450457, 0.847189], [32.448763, 0.847109], [32.447331, 0.847359], [32.439485, 0.850387], [32.43485, 0.851548], [32.433664, 0.851768], [32.429599, 0.852157], [32.422669, 0.852299], [32.422036, 0.852222], [32.419886, 0.851474], [32.417614, 0.850274], [32.416144, 0.849775], [32.408791, 0.847527], [32.407392, 0.847213], [32.405984, 0.847029], [32.401839, 0.846851], [32.396325, 0.846773], [32.387569, 0.84533], [32.386312, 0.845369], [32.384386, 0.845691], [32.383052, 0.845731], [32.378862, 0.845086], [32.374588, 0.844728], [32.373612, 0.844454], [32.370519, 0.842788], [32.369427, 0.842399], [32.368598, 0.842339], [32.367427, 0.842598], [32.364504, 0.843914], [32.36234, 0.844499], [32.361401, 0.84492], [32.35973, 0.84616], [32.358048, 0.847112], [32.348871, 0.851283], [32.345071, 0.853248], [32.340575, 0.855313], [32.33941, 0.855573], [32.337099, 0.855253], [32.335947, 0.855259], [32.330546, 0.855909], [32.327531, 0.855986], [32.316926, 0.854296], [32.313348, 0.853499], [32.312453, 0.853195], [32.308976, 0.851578], [32.305936, 0.849846], [32.301585, 0.847825], [32.299676, 0.84707], [32.292176, 0.845368], [32.287158, 0.844372], [32.285071, 0.84376], [32.281848, 0.842146], [32.274843, 0.839393], [32.272881, 0.838313], [32.262497, 0.830457], [32.259305, 0.82821], [32.25733, 0.827427], [32.250065, 0.825364], [32.24267, 0.822618]]}, "properties": {"project_id": "NDP4-007", "project_name": "Ongoing Upgrade \u2014 Central", "component": "Ongoing Upgrade", "region": "Central", "priority": "High", "status": "Ongoing", "funder": "CC", "project_total_km": 274.1, "road_no": "C306", "link_id": "C306_Link01", "link_name": "Luwero - Kiwoko - Butalangu", "length_km": 28.761}}, {"type": "Feature", "geometry": {"type": "LineString", "coordinates": [[34.171944, 0.660017], [34.172003, 0.6592], [34.172734, 0.658215], [34.172868, 0.657228], [34.171897, 0.64412], [34.170479, 0.635928], [34.168989, 0.631431], [34.168492, 0.630563], [34.164829, 0.625409], [34.164035, 0.624496], [34.159105, 0.621033], [34.151434, 0.616617], [34.150691, 0.615822], [34.150058, 0.614464], [34.146872, 0.606005], [34.127972, 0.55538], [34.127689, 0.552623], [34.127007, 0.537779], [34.12685, 0.536835], [34.126401, 0.535897], [34.125213, 0.53395], [34.107571, 0.505823], [34.103624, 0.50044], [34.09771, 0.493631], [34.096443, 0.488648], [34.096075, 0.480712], [34.095884, 0.480159], [34.09479, 0.478996], [34.092681, 0.475594], [34.091647, 0.472939], [34.08874, 0.466414]]}, "properties": {"project_id": "NDP4-008", "project_name": "Ongoing Upgrade \u2014 Eastern", "component": "Ongoing Upgrade", "region": "Eastern", "priority": "High", "status": "Ongoing", "funder": "AfDB / GOU", "project_total_km": 58.9, "road_no": "B306", "link_id": "B306_Link01", "link_name": "Tororo (Malaba Junction) - Busia", "length_km": 24.235}}, {"type": "Feature", "geometry": {"type": "LineString", "coordinates": [[34.272245, 1.248017], [34.272706, 1.247991], [34.274136, 1.246432], [34.274746, 1.245941], [34.279093, 1.243015], [34.284512, 1.239603], [34.285211, 1.2394], [34.287106, 1.239623], [34.287694, 1.239235], [34.288682, 1.237689], [34.289098, 1.236827], [34.289553, 1.235361], [34.289896, 1.232784], [34.292378, 1.227508], [34.296428, 1.22021], [34.299564, 1.213736], [34.301993, 1.20954], [34.305908, 1.204864], [34.307564, 1.203234], [34.308224, 1.202644], [34.315844, 1.197039], [34.317018, 1.194554], [34.318437, 1.190656], [34.318786, 1.190048], [34.322602, 1.186176], [34.324689, 1.183607], [34.329019, 1.178746], [34.331201, 1.176915], [34.333876, 1.174103], [34.334408, 1.173377], [34.33578, 1.170548], [34.337291, 1.169967], [34.338127, 1.169482], [34.341346, 1.166954], [34.344627, 1.164576], [34.346279, 1.163816], [34.348165, 1.162679], [34.352174, 1.161093], [34.357117, 1.158649], [34.359179, 1.156732], [34.36036, 1.155966], [34.360768, 1.155798], [34.362012, 1.155891], [34.3627, 1.15581], [34.364317, 1.155213], [34.366426, 1.154197], [34.366833, 1.153879], [34.368198, 1.152151], [34.368915, 1.151592], [34.369973, 1.151091]]}, "properties": {"project_id": "NDP4-008", "project_name": "Ongoing Upgrade \u2014 Eastern", "component": "Ongoing Upgrade", "region": "Eastern", "priority": "High", "status": "Ongoing", "funder": "AfDB / GOU", "project_total_km": 58.9, "road_no": "C861", "link_id": "C861_Link01", "link_name": "Nalugugu - Mutufu - Budadiri", "length_km": 16.245}}, {"type": "Feature", "geometry": {"type": "LineString", "coordinates": [[34.199583, 1.148983], [34.199936, 1.149025], [34.200974, 1.150148], [34.202908, 1.151528], [34.203558, 1.151724], [34.204896, 1.151693], [34.205621, 1.152377], [34.205969, 1.152505], [34.206575, 1.152432], [34.207237, 1.152074], [34.208349, 1.150703], [34.211353, 1.150014], [34.212181, 1.151039], [34.212948, 1.15297], [34.213442, 1.153413], [34.214014, 1.15361], [34.214474, 1.153528], [34.215374, 1.152988], [34.216595, 1.151146], [34.216815, 1.150976], [34.217206, 1.150963], [34.217575, 1.151266], [34.217823, 1.152081], [34.218589, 1.15271], [34.219077, 1.15393], [34.220115, 1.154668], [34.221, 1.155772], [34.221947, 1.156565], [34.22412, 1.157884], [34.226786, 1.158548], [34.227713, 1.158515], [34.228284, 1.158245], [34.229082, 1.15705], [34.230141, 1.154136], [34.231887, 1.150011], [34.232582, 1.14878], [34.233082, 1.148299], [34.234852, 1.147469], [34.238622, 1.145966], [34.239579, 1.145183], [34.239964, 1.145019], [34.243719, 1.144527], [34.24536, 1.143763], [34.245865, 1.143633], [34.247393, 1.144048], [34.24943, 1.143918], [34.25061, 1.144005], [34.252974, 1.144581], [34.253881, 1.144946], [34.254923, 1.145653], [34.255849, 1.147133], [34.256102, 1.14736], [34.256909, 1.147741], [34.259136, 1.148372], [34.260027, 1.148306], [34.263907, 1.147223], [34.265658, 1.147174], [34.266283, 1.147262], [34.269336, 1.148135], [34.270159, 1.148662], [34.270617, 1.149433], [34.271097, 1.150746], [34.273025, 1.152967], [34.27388, 1.15348], [34.276385, 1.154144], [34.278991, 1.155275], [34.279685, 1.155834], [34.280729, 1.157106], [34.282098, 1.157875], [34.28298, 1.158678], [34.283456, 1.158949], [34.28419, 1.159049], [34.286216, 1.158983], [34.287464, 1.158735], [34.28936, 1.15855], [34.289878, 1.158689], [34.292871, 1.160156], [34.293326, 1.160187], [34.295844, 1.159833], [34.297513, 1.159991], [34.298997, 1.159987], [34.299789, 1.160132], [34.301917, 1.162116], [34.306662, 1.16561], [34.307487, 1.165708], [34.309086, 1.16553], [34.311546, 1.166436], [34.312387, 1.167031], [34.313063, 1.167718], [34.313435, 1.167909], [34.314131, 1.168085], [34.316107, 1.168156], [34.316809, 1.168663], [34.317944, 1.169939], [34.318432, 1.170311], [34.32058, 1.171012], [34.322236, 1.172047], [34.323733, 1.172398], [34.324213, 1.172615], [34.32447, 1.172948], [34.325088, 1.174299], [34.325491, 1.174664], [34.326102, 1.174717], [34.328784, 1.173735], [34.331903, 1.171924], [34.335809, 1.17053]]}, "properties": {"project_id": "NDP4-008", "project_name": "Ongoing Upgrade \u2014 Eastern", "component": "Ongoing Upgrade", "region": "Eastern", "priority": "High", "status": "Ongoing", "funder": "AfDB / GOU", "project_total_km": 58.9, "road_no": "C862", "link_id": "C862_Link01", "link_name": "Namagumba - Budadiri", "length_km": 18.427}}, {"type": "Feature", "geometry": {"type": "LineString", "coordinates": [[31.723541, 3.653741], [31.721653, 3.654328], [31.719202, 3.65477], [31.712837, 3.654311], [31.712035, 3.654128], [31.710642, 3.653222], [31.707142, 3.650405], [31.703157, 3.647462], [31.70139, 3.645647], [31.700129, 3.644574], [31.6974, 3.643386], [31.696289, 3.642784], [31.69507, 3.641992], [31.693732, 3.640925], [31.693195, 3.640769], [31.692638, 3.640847], [31.690465, 3.641929], [31.687995, 3.642055], [31.687211, 3.641885], [31.686321, 3.64097], [31.685758, 3.640068], [31.685467, 3.639319], [31.684751, 3.636134], [31.684279, 3.635102], [31.683584, 3.634026], [31.683051, 3.633464], [31.681934, 3.632636], [31.679839, 3.631645], [31.672574, 3.630114], [31.671091, 3.629416], [31.669648, 3.629303], [31.667653, 3.629763], [31.666088, 3.630839], [31.66363, 3.631888], [31.661775, 3.631984], [31.658551, 3.631346], [31.657407, 3.630935], [31.655687, 3.6297], [31.653019, 3.62822], [31.651331, 3.626849], [31.64698, 3.622635], [31.64152, 3.619977], [31.639296, 3.619048], [31.636544, 3.618088], [31.633064, 3.6176], [31.632511, 3.617302], [31.631737, 3.616536], [31.630987, 3.616105], [31.627832, 3.615089], [31.627372, 3.615102], [31.626029, 3.615466], [31.623179, 3.615264], [31.621743, 3.615463], [31.620021, 3.615274], [31.618722, 3.615268], [31.617211, 3.614983], [31.616791, 3.614683], [31.615714, 3.613439], [31.611495, 3.606911], [31.60691, 3.600937], [31.606302, 3.60053], [31.604882, 3.599931], [31.602003, 3.599722], [31.60135, 3.599472], [31.599973, 3.598643], [31.596685, 3.595858], [31.594546, 3.592467], [31.592918, 3.588559], [31.591865, 3.587132], [31.589984, 3.585208], [31.589064, 3.584914], [31.586559, 3.58495], [31.585235, 3.584849], [31.584024, 3.584565], [31.583414, 3.584141], [31.581056, 3.581972], [31.576304, 3.579759], [31.5752, 3.57962], [31.571428, 3.5804], [31.569916, 3.580285], [31.568556, 3.580817], [31.5669, 3.581797], [31.565788, 3.582205], [31.564638, 3.58281], [31.563518, 3.582666], [31.562301, 3.582668], [31.560669, 3.582297], [31.559313, 3.582465], [31.555581, 3.58401], [31.551682, 3.586397], [31.55044, 3.587605], [31.54776, 3.591528], [31.546407, 3.593133], [31.545563, 3.594484], [31.54434, 3.596838], [31.541573, 3.600552], [31.540879, 3.601793], [31.540342, 3.60383], [31.538605, 3.606521], [31.536993, 3.608246], [31.536002, 3.609043], [31.535004, 3.609108], [31.5329, 3.608943], [31.531961, 3.608672], [31.531404, 3.608305], [31.530972, 3.6078], [31.530343, 3.606692], [31.53, 3.60584], [31.527628, 3.596112], [31.523955, 3.589494], [31.523112, 3.58768], [31.522067, 3.584886], [31.521318, 3.583509], [31.517882, 3.580257], [31.510776, 3.576264], [31.508617, 3.575148], [31.507897, 3.574885], [31.503588, 3.574547], [31.500161, 3.574599], [31.493394, 3.57535], [31.490405, 3.575868], [31.488238, 3.576116], [31.486716, 3.576052], [31.481874, 3.575433], [31.472828, 3.575732], [31.467232, 3.57616], [31.462387, 3.577057], [31.458052, 3.577564], [31.45623, 3.576877], [31.455584, 3.576492], [31.45483, 3.575739], [31.454018, 3.574511], [31.453534, 3.574122], [31.452805, 3.573868], [31.451846, 3.574085], [31.451412, 3.573844], [31.450945, 3.573288], [31.449245, 3.570434], [31.44901, 3.56936], [31.448718, 3.568735], [31.446486, 3.565514], [31.4452, 3.563859], [31.444098, 3.562847], [31.442352, 3.561776], [31.440464, 3.56038], [31.439317, 3.559767], [31.437915, 3.559263], [31.436013, 3.559377], [31.432942, 3.559031], [31.424783, 3.55731], [31.421689, 3.557166], [31.417778, 3.556735], [31.411395, 3.556389], [31.399166, 3.554677], [31.39436, 3.554208], [31.392458, 3.554318], [31.388415, 3.554884], [31.38353, 3.556432], [31.381018, 3.556957], [31.376293, 3.557421], [31.372627, 3.557969], [31.365059, 3.55721], [31.356607, 3.556089], [31.354826, 3.555612], [31.35004, 3.553532], [31.342707, 3.550682], [31.338999, 3.548873], [31.337234, 3.547823], [31.330744, 3.54283], [31.329539, 3.541425], [31.32187, 3.529975], [31.320693, 3.528842], [31.319068, 3.527703], [31.318406, 3.526883], [31.317752, 3.524995], [31.317268, 3.523147], [31.317011, 3.5216], [31.316709, 3.518211], [31.316477, 3.517206], [31.316088, 3.516386], [31.313844, 3.514174], [31.311494, 3.511619], [31.309132, 3.509668], [31.307095, 3.508274], [31.303412, 3.5068], [31.300287, 3.505763], [31.292059, 3.504246], [31.290057, 3.503646], [31.288322, 3.502909], [31.282146, 3.499654], [31.278955, 3.498344], [31.270784, 3.495311], [31.268469, 3.494333], [31.267741, 3.493683], [31.267305, 3.493019], [31.266075, 3.490401], [31.265635, 3.489139], [31.265459, 3.487035], [31.265749, 3.480958], [31.265319, 3.479346], [31.26447, 3.477987], [31.263728, 3.477453], [31.260065, 3.476274], [31.255406, 3.474525], [31.253382, 3.473377], [31.250158, 3.471052], [31.247566, 3.469952]]}, "properties": {"project_id": "NDP4-009", "project_name": "Ongoing Upgrade \u2014 Northern", "component": "Ongoing Upgrade", "region": "Northern", "priority": "High", "status": "Ongoing", "funder": "IsDB / JICA / WB", "project_total_km": 426.6, "road_no": "B250", "link_id": "B250_Link02", "link_name": "Moyo - Yumbe", "length_km": 65.954}}, {"type": "Feature", "geometry": {"type": "LineString", "coordinates": [[31.247566, 3.469952], [31.247058, 3.469615], [31.246921, 3.468913], [31.246956, 3.464207], [31.247048, 3.462925], [31.24725, 3.461979], [31.248769, 3.457223], [31.249388, 3.454673], [31.249661, 3.453984], [31.250862, 3.451795], [31.25368, 3.448171], [31.25405, 3.447528], [31.254309, 3.446136], [31.254675, 3.441504], [31.255018, 3.44056], [31.256392, 3.438787], [31.257984, 3.437493], [31.273491, 3.426829], [31.274803, 3.425226], [31.275078, 3.424624], [31.276479, 3.414909], [31.27665, 3.41415], [31.276938, 3.413589], [31.277631, 3.413071], [31.285194, 3.409504], [31.285817, 3.40906], [31.28632, 3.408285], [31.286555, 3.407365], [31.286495, 3.406576], [31.284259, 3.397545], [31.283942, 3.392687], [31.283407, 3.387902], [31.283102, 3.386555], [31.282424, 3.385353], [31.280883, 3.384137], [31.27829, 3.382588], [31.277472, 3.381188], [31.277148, 3.380839], [31.273152, 3.378565], [31.265136, 3.376107], [31.263631, 3.375459], [31.262779, 3.374795], [31.262533, 3.374153], [31.262237, 3.371786], [31.262958, 3.367188], [31.263118, 3.364936], [31.262984, 3.363682], [31.262625, 3.363009], [31.260462, 3.359908], [31.259016, 3.357511], [31.257623, 3.354588], [31.256362, 3.352415], [31.255163, 3.351038], [31.252521, 3.349046], [31.250082, 3.345988], [31.24854, 3.344946], [31.247375, 3.344392], [31.245691, 3.343795], [31.243246, 3.343592], [31.242418, 3.34331], [31.236774, 3.339815], [31.234848, 3.338288], [31.232603, 3.336172], [31.230103, 3.335078], [31.227967, 3.334442], [31.22697, 3.334499], [31.226078, 3.334829], [31.223129, 3.336669], [31.220762, 3.337936], [31.220087, 3.338545], [31.217637, 3.341514], [31.216744, 3.342212], [31.215211, 3.342791], [31.213852, 3.342623], [31.212379, 3.342053], [31.20626, 3.338547], [31.204467, 3.337353], [31.203606, 3.336988], [31.198105, 3.33521], [31.193395, 3.334634], [31.191902, 3.334209], [31.190797, 3.333741], [31.185551, 3.330322], [31.183984, 3.329083], [31.181688, 3.327741], [31.179262, 3.326554], [31.178772, 3.325867], [31.178325, 3.324272], [31.178617, 3.316742], [31.178578, 3.314011], [31.178488, 3.312134], [31.178002, 3.309229], [31.177062, 3.307343], [31.176476, 3.305572], [31.175543, 3.303504], [31.168782, 3.292528], [31.166918, 3.289977], [31.165916, 3.288896], [31.16542, 3.288518], [31.164576, 3.288167], [31.158153, 3.286308], [31.156592, 3.285543], [31.155403, 3.284763], [31.153496, 3.282585], [31.151713, 3.279926], [31.148472, 3.275793], [31.145529, 3.271812], [31.143744, 3.269935], [31.141488, 3.268113], [31.139895, 3.26723], [31.13832, 3.266597], [31.133713, 3.265326], [31.132596, 3.2652], [31.130086, 3.266858], [31.1259, 3.269088], [31.12475, 3.26984], [31.124005, 3.270521], [31.121497, 3.273593], [31.119056, 3.275637], [31.117764, 3.276287], [31.116885, 3.276461], [31.116108, 3.276329], [31.114624, 3.275715], [31.11439, 3.27518], [31.114325, 3.274313], [31.114518, 3.271366], [31.114477, 3.269838], [31.114675, 3.269006], [31.116176, 3.266204], [31.118711, 3.262202], [31.118849, 3.261625], [31.119074, 3.258686], [31.119859, 3.256512], [31.121293, 3.254445], [31.124621, 3.251729], [31.124829, 3.250969], [31.124648, 3.250138], [31.123058, 3.248621], [31.122463, 3.247847], [31.121196, 3.245508], [31.119389, 3.241554], [31.119141, 3.23919], [31.119248, 3.237809], [31.119782, 3.23656], [31.120953, 3.235104], [31.12132, 3.233979], [31.121384, 3.229382], [31.121685, 3.227157], [31.121659, 3.226591], [31.119991, 3.220054], [31.118581, 3.216323], [31.117882, 3.215138], [31.11638, 3.213855], [31.115896, 3.21277], [31.11531, 3.210194], [31.115216, 3.20511], [31.11493, 3.204188], [31.114225, 3.203077], [31.113609, 3.202464], [31.113023, 3.2021], [31.111304, 3.201757], [31.110656, 3.201475], [31.107882, 3.199413], [31.106219, 3.19867], [31.105639, 3.198272], [31.104853, 3.197481], [31.104218, 3.196452], [31.103135, 3.193556], [31.102243, 3.192721], [31.100398, 3.191814], [31.097486, 3.19108], [31.094012, 3.18828], [31.090966, 3.186822], [31.088633, 3.184266], [31.086737, 3.179706], [31.086344, 3.179061], [31.085948, 3.178779], [31.084859, 3.178511], [31.083485, 3.178413], [31.081563, 3.178494], [31.080542, 3.178832], [31.078672, 3.179974], [31.077035, 3.181361], [31.076079, 3.181837], [31.074179, 3.182513], [31.071748, 3.185497], [31.071229, 3.185933], [31.070731, 3.186118], [31.069556, 3.185988], [31.066536, 3.185075], [31.063399, 3.184541], [31.062538, 3.184564], [31.061934, 3.184718], [31.060039, 3.185918], [31.059373, 3.186077], [31.053326, 3.185069], [31.048058, 3.1846], [31.047289, 3.184336], [31.046764, 3.183906], [31.045493, 3.182021], [31.042757, 3.178705], [31.041665, 3.17707], [31.040553, 3.175656], [31.038104, 3.173561], [31.03497, 3.170036], [31.032762, 3.168109], [31.032076, 3.167745], [31.031595, 3.167652], [31.028556, 3.168108], [31.024817, 3.167789], [31.024153, 3.167537], [31.022324, 3.166244], [31.02189, 3.165722], [31.020034, 3.162288], [31.019463, 3.161444], [31.017628, 3.160172], [31.017078, 3.159497], [31.015055, 3.159511], [31.014297, 3.159148], [31.0133, 3.158144], [31.011157, 3.155089], [31.00918, 3.147757], [31.008651, 3.1452], [31.008348, 3.144498], [31.007474, 3.143276], [31.006407, 3.140858], [31.004808, 3.138248], [31.003127, 3.135894], [30.999497, 3.132487], [30.998182, 3.130904], [30.997597, 3.13], [30.995957, 3.124309], [30.995304, 3.119504], [30.995081, 3.118545], [30.991809, 3.111853], [30.99117, 3.110802], [30.985142, 3.104213], [30.983882, 3.103248], [30.982917, 3.102731], [30.979598, 3.101432], [30.979035, 3.101123], [30.978629, 3.100679], [30.972528, 3.098914], [30.971269, 3.098723], [30.967523, 3.099025], [30.965085, 3.098423], [30.96394, 3.097664], [30.962766, 3.096629], [30.960888, 3.094351], [30.958465, 3.092155], [30.957338, 3.090898], [30.956971, 3.089957], [30.956201, 3.086024], [30.955121, 3.081966], [30.954649, 3.081157], [30.953547, 3.079909], [30.952327, 3.078738], [30.951608, 3.07828], [30.948466, 3.077819], [30.946659, 3.0773], [30.943773, 3.076163], [30.940486, 3.074666], [30.940117, 3.074264], [30.93912, 3.070864], [30.93884, 3.067787], [30.938524, 3.066488], [30.937977, 3.065316], [30.937134, 3.063962], [30.936714, 3.06358], [30.936315, 3.063413], [30.933079, 3.062684], [30.930353, 3.061826], [30.929161, 3.06109]]}, "properties": {"project_id": "NDP4-009", "project_name": "Ongoing Upgrade \u2014 Northern", "component": "Ongoing Upgrade", "region": "Northern", "priority": "High", "status": "Ongoing", "funder": "IsDB / JICA / WB", "project_total_km": 426.6, "road_no": "B250", "link_id": "B250_Link03", "link_name": "Yumbe - Manibe", "length_km": 77.123}}, {"type": "Feature", "geometry": {"type": "LineString", "coordinates": [[32.900637, 2.2487], [32.901127, 2.248905], [32.902529, 2.250951], [32.908807, 2.260495], [32.915486, 2.271094], [32.918668, 2.275798], [32.918949, 2.276756], [32.919877, 2.285974], [32.920191, 2.288119], [32.920537, 2.29028], [32.921283, 2.293397], [32.925394, 2.30829], [32.929082, 2.317644], [32.929597, 2.320162], [32.93201, 2.326716], [32.932885, 2.332558], [32.933045, 2.337531], [32.933066, 2.343769], [32.934244, 2.362005], [32.935428, 2.37074], [32.935247, 2.371737], [32.933589, 2.376366], [32.93318, 2.37779], [32.932679, 2.380833], [32.932623, 2.383495], [32.933622, 2.391881], [32.934359, 2.395123], [32.934922, 2.396914], [32.937563, 2.402613], [32.937728, 2.403311], [32.937449, 2.406308], [32.93581, 2.413714], [32.934661, 2.417074], [32.932518, 2.422529], [32.930992, 2.427198], [32.930934, 2.428093], [32.931119, 2.428838], [32.932951, 2.433174], [32.934962, 2.43709], [32.938972, 2.442839], [32.94009, 2.44495], [32.940622, 2.446538], [32.941224, 2.449954], [32.940525, 2.453999], [32.939142, 2.458031], [32.937229, 2.462713], [32.936484, 2.465508], [32.936395, 2.466586], [32.936514, 2.470153], [32.935638, 2.482573], [32.934285, 2.490899], [32.933093, 2.494722], [32.932817, 2.495968], [32.931759, 2.502605], [32.931228, 2.507991], [32.92992, 2.512332], [32.929699, 2.513448], [32.929546, 2.517245], [32.929913, 2.520952], [32.931248, 2.524397], [32.936295, 2.535976], [32.936525, 2.537223], [32.936461, 2.538481], [32.936254, 2.539423], [32.93334, 2.548356], [32.932531, 2.551514], [32.931885, 2.556366], [32.931817, 2.558908], [32.931943, 2.560719], [32.932807, 2.564927], [32.932627, 2.566848], [32.932636, 2.569292], [32.931861, 2.572922], [32.931256, 2.576457], [32.927995, 2.592096], [32.927852, 2.593387], [32.928769, 2.598991], [32.929904, 2.601804], [32.930508, 2.602861], [32.932881, 2.605651], [32.933144, 2.606192], [32.933981, 2.607222], [32.934832, 2.607567], [32.935309, 2.607549], [32.935801, 2.607358], [32.936392, 2.60681], [32.937068, 2.60566], [32.937765, 2.604771], [32.938847, 2.604271], [32.939825, 2.604353], [32.940351, 2.604583], [32.942525, 2.606462]]}, "properties": {"project_id": "NDP4-009", "project_name": "Ongoing Upgrade \u2014 Northern", "component": "Ongoing Upgrade", "region": "Northern", "priority": "High", "status": "Ongoing", "funder": "IsDB / JICA / WB", "project_total_km": 426.6, "road_no": "B252", "link_id": "B252_Link01", "link_name": "Lira - Puranga Bridge", "length_km": 42.9}}, {"type": "Feature", "geometry": {"type": "LineString", "coordinates": [[32.88013, 3.303402], [32.880314, 3.303851], [32.880493, 3.303867], [32.886191, 3.303015], [32.890312, 3.307653], [32.893791, 3.312334], [32.896721, 3.316605], [32.899938, 3.320122], [32.902767, 3.323773], [32.905682, 3.326759], [32.908572, 3.329454], [32.92024, 3.33905], [32.928213, 3.347101], [32.930189, 3.348997], [32.931335, 3.349898], [32.94813, 3.361307], [32.951528, 3.363827], [32.956036, 3.365975], [32.960075, 3.368499], [32.971426, 3.374578], [32.975839, 3.376734], [32.980996, 3.37891], [32.983253, 3.380999], [32.985555, 3.383527], [32.987429, 3.385125], [32.991135, 3.388014], [32.997147, 3.392107], [32.997791, 3.392814], [32.998841, 3.394451], [32.99975, 3.395192], [33.001624, 3.396266], [33.002281, 3.396502], [33.00606, 3.396593], [33.012482, 3.398095], [33.013036, 3.398259], [33.013767, 3.398709], [33.019302, 3.405552], [33.026319, 3.416229], [33.029859, 3.419262], [33.030895, 3.420291], [33.032458, 3.42613], [33.034364, 3.436022], [33.036274, 3.442013], [33.038117, 3.447107], [33.040745, 3.453104], [33.044796, 3.460865], [33.047441, 3.467003], [33.05081, 3.474007], [33.052041, 3.476258], [33.055426, 3.481911], [33.060212, 3.49076], [33.061875, 3.494413], [33.062662, 3.497322], [33.063059, 3.500686], [33.063496, 3.503293], [33.066182, 3.51268], [33.068246, 3.518586], [33.07063, 3.527344], [33.072217, 3.534161], [33.073003, 3.539123], [33.073101, 3.540604], [33.073081, 3.542479], [33.072487, 3.547791], [33.072362, 3.550022], [33.072555, 3.552636], [33.072899, 3.554422], [33.075303, 3.561325], [33.076393, 3.565646], [33.077759, 3.573183], [33.078948, 3.577661], [33.079438, 3.580516], [33.079904, 3.582402], [33.083073, 3.592709], [33.087444, 3.605937], [33.09188, 3.618216], [33.091967, 3.619057], [33.0919, 3.622279]]}, "properties": {"project_id": "NDP4-009", "project_name": "Ongoing Upgrade \u2014 Northern", "component": "Ongoing Upgrade", "region": "Northern", "priority": "High", "status": "Ongoing", "funder": "IsDB / JICA / WB", "project_total_km": 426.6, "road_no": "B252", "link_id": "B252_Link04", "link_name": "Kitgum - Madi Opei", "length_km": 45.456}}, {"type": "Feature", "geometry": {"type": "LineString", "coordinates": [[33.0919, 3.622279], [33.09193, 3.623047], [33.09711, 3.632879], [33.099843, 3.638536], [33.104503, 3.650199], [33.110294, 3.664184], [33.113106, 3.669354], [33.113419, 3.670198], [33.11423, 3.673356], [33.116023, 3.677832], [33.117066, 3.679948], [33.124249, 3.688164], [33.130084, 3.692984], [33.134469, 3.69637], [33.136645, 3.698452], [33.142887, 3.705242], [33.148123, 3.711912], [33.152075, 3.716088], [33.161173, 3.727978], [33.162544, 3.729591], [33.165593, 3.733693], [33.168386, 3.737119], [33.171848, 3.741735], [33.178032, 3.749574], [33.178303, 3.750085], [33.178671, 3.751296], [33.179098, 3.753664], [33.179374, 3.754423], [33.182588, 3.75881], [33.193887, 3.767996], [33.197115, 3.771046]]}, "properties": {"project_id": "NDP4-009", "project_name": "Ongoing Upgrade \u2014 Northern", "component": "Ongoing Upgrade", "region": "Northern", "priority": "High", "status": "Ongoing", "funder": "IsDB / JICA / WB", "project_total_km": 426.6, "road_no": "B252", "link_id": "B252_Link05", "link_name": "Madi Opei - Uganda/Sudan Border", "length_km": 20.512}}, {"type": "Feature", "geometry": {"type": "LineString", "coordinates": [[32.092933, 1.695398], [32.099356, 1.699378], [32.105125, 1.700619], [32.105976, 1.70101], [32.106785, 1.701657], [32.107441, 1.70251], [32.117438, 1.718479], [32.117724, 1.718722], [32.131826, 1.707725], [32.132611, 1.707227], [32.133648, 1.706926], [32.134851, 1.706977], [32.151569, 1.710574], [32.152551, 1.710704], [32.15384, 1.710678], [32.155821, 1.710241], [32.178839, 1.701526], [32.1803, 1.701171], [32.18174, 1.70109], [32.183452, 1.701344], [32.212586, 1.70701], [32.214433, 1.707061], [32.215815, 1.706793], [32.21714, 1.706283], [32.233814, 1.697159], [32.235812, 1.696262], [32.237843, 1.695698], [32.252401, 1.694044], [32.25588, 1.693799], [32.259428, 1.693922], [32.27328, 1.695298], [32.274446, 1.695315], [32.275779, 1.695112], [32.276935, 1.694747], [32.278281, 1.69404], [32.319864, 1.669385], [32.32164, 1.668458], [32.3233, 1.667755], [32.324722, 1.667232], [32.325956, 1.666929], [32.327386, 1.666831], [32.328707, 1.666964], [32.354646, 1.671811], [32.357762, 1.672497], [32.360036, 1.673399], [32.361741, 1.674383], [32.375976, 1.683594], [32.381366, 1.687254], [32.391809, 1.695996], [32.395318, 1.699107], [32.395961, 1.699896], [32.396109, 1.700739], [32.392435, 1.712589], [32.391053, 1.716562], [32.385918, 1.727887], [32.381314, 1.739377], [32.376859, 1.751106], [32.376639, 1.759124], [32.37526, 1.786146], [32.374181, 1.797415], [32.373467, 1.810444], [32.362985, 1.82796], [32.35817, 1.835513], [32.352159, 1.849213], [32.351983, 1.850014], [32.370747, 1.882862], [32.381701, 1.902476], [32.383997, 1.905599], [32.389542, 1.912229], [32.403926, 1.928727], [32.405923, 1.930823], [32.419829, 1.942982], [32.433362, 1.955246], [32.436054, 1.957562], [32.436904, 1.95816], [32.437602, 1.95848], [32.457626, 1.964972], [32.463131, 1.966549], [32.473467, 1.969237], [32.488419, 1.974236], [32.510948, 1.979804], [32.5295, 1.984615], [32.531593, 1.984929], [32.533634, 1.984719], [32.534614, 1.984836], [32.540086, 1.987055], [32.544223, 1.987843], [32.545603, 1.987725], [32.569672, 1.983022], [32.604379, 1.975939], [32.614138, 1.974026], [32.628146, 1.971571], [32.656508, 1.965804], [32.662816, 1.96521], [32.670102, 1.964905], [32.672216, 1.965162], [32.675452, 1.965873], [32.680171, 1.967219], [32.681914, 1.9679], [32.685928, 1.970162], [32.699758, 1.978629], [32.701605, 1.979437], [32.706843, 1.98515], [32.713527, 1.992744], [32.71405, 1.993875], [32.71504, 1.997143]]}, "properties": {"project_id": "NDP4-009", "project_name": "Ongoing Upgrade \u2014 Northern", "component": "Ongoing Upgrade", "region": "Northern", "priority": "High", "status": "Ongoing", "funder": "IsDB / JICA / WB", "project_total_km": 426.6, "road_no": "B253", "link_id": "B253_Link02", "link_name": "Masindi Port - Akokoro - Apac - Aduku", "length_km": 103.421}}, {"type": "Feature", "geometry": {"type": "LineString", "coordinates": [[32.71504, 1.997143], [32.7189, 2.00902], [32.720543, 2.015469], [32.724935, 2.018537], [32.726514, 2.019987], [32.729448, 2.023426], [32.733582, 2.02877], [32.737078, 2.033551], [32.73881, 2.035511], [32.743456, 2.040167], [32.752036, 2.050249], [32.752868, 2.051471], [32.75391, 2.054071], [32.755525, 2.057615], [32.756105, 2.059489], [32.756507, 2.061476], [32.757416, 2.068298], [32.758213, 2.072596], [32.758984, 2.074791], [32.761769, 2.08074], [32.762546, 2.082904], [32.762869, 2.084378], [32.763379, 2.088061], [32.764298, 2.092194], [32.764829, 2.096254], [32.765144, 2.097672], [32.765879, 2.099491], [32.767291, 2.102244], [32.768327, 2.103942], [32.770203, 2.106632], [32.773004, 2.109978], [32.775934, 2.113837], [32.780261, 2.118442], [32.785882, 2.12248], [32.787997, 2.12385], [32.807272, 2.131822], [32.840325, 2.145912], [32.841174, 2.146411], [32.842415, 2.147386], [32.845102, 2.14978], [32.845377, 2.150241], [32.846232, 2.153429], [32.846884, 2.15527], [32.847306, 2.157472], [32.849057, 2.164682], [32.851855, 2.175425], [32.852733, 2.179241], [32.856207, 2.18788], [32.858148, 2.193351], [32.860437, 2.198179], [32.86177, 2.201304], [32.862842, 2.202847], [32.872108, 2.213231], [32.878199, 2.219494], [32.885471, 2.227323], [32.890803, 2.234262], [32.891774, 2.235588], [32.891741, 2.235701], [32.893231, 2.237583], [32.893633, 2.238039], [32.893857, 2.23814]]}, "properties": {"project_id": "NDP4-009", "project_name": "Ongoing Upgrade \u2014 Northern", "component": "Ongoing Upgrade", "region": "Northern", "priority": "High", "status": "Ongoing", "funder": "IsDB / JICA / WB", "project_total_km": 426.6, "road_no": "B253", "link_id": "B253_Link03", "link_name": "Aduku - Lira", "length_km": 35.018}}, {"type": "Feature", "geometry": {"type": "LineString", "coordinates": [[30.960024, 3.415531], [30.960613, 3.41574], [30.962072, 3.417694], [30.962844, 3.418451], [30.967022, 3.42126], [30.968202, 3.421892], [30.970125, 3.42266], [30.971485, 3.423082], [30.97338, 3.423462], [30.974087, 3.423809], [30.974938, 3.424699], [30.975656, 3.425852], [30.976281, 3.429088], [30.976483, 3.429653], [30.976937, 3.430224], [30.977945, 3.43113], [30.978931, 3.431664], [30.980255, 3.432012], [30.984084, 3.432444], [30.988372, 3.434191], [30.990174, 3.434741], [30.991465, 3.43497], [30.994629, 3.43521], [30.995433, 3.435391], [30.99869, 3.43684], [31.001586, 3.43858], [31.003062, 3.439007], [31.00454, 3.439211], [31.006374, 3.439115], [31.007521, 3.438823], [31.00928, 3.437724], [31.010099, 3.437379], [31.011055, 3.437307], [31.012664, 3.437472], [31.015358, 3.438056], [31.017517, 3.439019], [31.021624, 3.441288], [31.023278, 3.44194], [31.02806, 3.442823], [31.03071, 3.44293], [31.032098, 3.442742], [31.034572, 3.441777], [31.03734, 3.440204], [31.040718, 3.43809], [31.042709, 3.436946], [31.043596, 3.436558], [31.044554, 3.436306], [31.048631, 3.435751], [31.051564, 3.434891], [31.052897, 3.434368], [31.057636, 3.432109], [31.066895, 3.428412], [31.069121, 3.426602], [31.070019, 3.425681], [31.070795, 3.42443], [31.072309, 3.421523], [31.073573, 3.420035], [31.07463, 3.41924], [31.076904, 3.417934], [31.078347, 3.416813], [31.079022, 3.416072], [31.080809, 3.413562], [31.082407, 3.411994], [31.084003, 3.410936], [31.088827, 3.408293], [31.089888, 3.407805], [31.092834, 3.407048], [31.098105, 3.406178], [31.099219, 3.406182], [31.101989, 3.406639], [31.103359, 3.407004], [31.106487, 3.40813], [31.107966, 3.408831], [31.124785, 3.420137], [31.127315, 3.421604], [31.133573, 3.42446], [31.135107, 3.424736], [31.136863, 3.424775], [31.148095, 3.423765], [31.154261, 3.423746], [31.159277, 3.424222], [31.160593, 3.424597], [31.162998, 3.42574], [31.167828, 3.428666], [31.172126, 3.431653], [31.177591, 3.435761], [31.18153, 3.438391], [31.185734, 3.440283], [31.198741, 3.445227], [31.199961, 3.445785], [31.222132, 3.459453], [31.222851, 3.459701], [31.22469, 3.459896], [31.225692, 3.460277], [31.227956, 3.461673], [31.229861, 3.463052], [31.234979, 3.465435], [31.239789, 3.467376], [31.247268, 3.469831]]}, "properties": {"project_id": "NDP4-009", "project_name": "Ongoing Upgrade \u2014 Northern", "component": "Ongoing Upgrade", "region": "Northern", "priority": "High", "status": "Ongoing", "funder": "IsDB / JICA / WB", "project_total_km": 426.6, "road_no": "C740", "link_id": "C740_Link01", "link_name": "Koboko - Yumbe", "length_km": 36.23}}, {"type": "Feature", "geometry": {"type": "LineString", "coordinates": [[30.42765, -1.015044], [30.428137, -1.014586], [30.431111, -1.012573], [30.432435, -1.012163], [30.432857, -1.011925], [30.435897, -1.009677], [30.43861, -1.006826], [30.439214, -1.005914], [30.439988, -1.004207], [30.440491, -1.003725], [30.441341, -1.003223], [30.443032, -1.002705], [30.445003, -1.001888], [30.449755, -0.999637], [30.450376, -0.99923], [30.451068, -0.998445], [30.453954, -0.994405], [30.457604, -0.990931], [30.461421, -0.986894], [30.464404, -0.983974], [30.466791, -0.981319], [30.468525, -0.979782], [30.470322, -0.97864], [30.472001, -0.976145], [30.473646, -0.973991], [30.475141, -0.973145], [30.475483, -0.973129], [30.480728, -0.974213], [30.48399, -0.975693], [30.486931, -0.976858], [30.488561, -0.977286], [30.4923, -0.977793], [30.494335, -0.978396], [30.49771, -0.979845], [30.502391, -0.982088], [30.505888, -0.982839], [30.508785, -0.982923], [30.510804, -0.983127], [30.514489, -0.984841], [30.515785, -0.98528], [30.517762, -0.985679], [30.520498, -0.985605], [30.521382, -0.985726], [30.525373, -0.986631], [30.52773, -0.987511], [30.529758, -0.988091], [30.531008, -0.988218], [30.532542, -0.988145], [30.533158, -0.987981], [30.533998, -0.987511], [30.536607, -0.987259], [30.539089, -0.986656], [30.540411, -0.986551], [30.54505, -0.987341], [30.548383, -0.988036], [30.553804, -0.988275], [30.555231, -0.988492], [30.560625, -0.989829], [30.56109, -0.990239], [30.563087, -0.993745], [30.563649, -0.993952], [30.565247, -0.99363], [30.566179, -0.99422], [30.567363, -0.995517], [30.56837, -0.99685], [30.570918, -1.000554], [30.573642, -1.003771], [30.574406, -1.004417], [30.576292, -1.005678], [30.583257, -1.011808], [30.584181, -1.012434], [30.587654, -1.013428], [30.592061, -1.014913], [30.604219, -1.020395], [30.608674, -1.022729], [30.61312, -1.024824], [30.616999, -1.026388], [30.618384, -1.026715], [30.619523, -1.027381], [30.62423, -1.029169], [30.625809, -1.030376], [30.626672, -1.031214], [30.629843, -1.036569], [30.630226, -1.036902], [30.633822, -1.036677], [30.637486, -1.037807], [30.640181, -1.036317], [30.640937, -1.036215], [30.641359, -1.03638], [30.643459, -1.037846], [30.647602, -1.039819], [30.652451, -1.041171], [30.658126, -1.042133]]}, "properties": {"project_id": "NDP4-010", "project_name": "Ongoing Upgrade \u2014 Southern", "component": "Ongoing Upgrade", "region": "Southern", "priority": "High", "status": "Ongoing", "funder": "TBD", "project_total_km": 56.2, "road_no": "C419", "link_id": "C419_Link01", "link_name": "Kafunzo - Kikagati", "length_km": 30.111}}, {"type": "Feature", "geometry": {"type": "MultiLineString", "coordinates": [[[29.973968, -1.244749], [29.969459, -1.24856], [29.968224, -1.25073], [29.967494, -1.251498], [29.96692, -1.251905], [29.965884, -1.252335], [29.964528, -1.252693], [29.96192, -1.252533], [29.960707, -1.252575], [29.958642, -1.252304], [29.957315, -1.252601], [29.955309, -1.252742], [29.954148, -1.253365], [29.953468, -1.253511], [29.952034, -1.254188], [29.951522, -1.25485], [29.950887, -1.255396], [29.950446, -1.256029], [29.950236, -1.256151]], [[29.950236, -1.256151], [29.950222, -1.256157], [29.95024, -1.256149], [29.950236, -1.256151]], [[29.950236, -1.256151], [29.949465, -1.256312], [29.949054, -1.25672], [29.947812, -1.257111], [29.947371, -1.256702], [29.94524, -1.253766], [29.944617, -1.252518], [29.944391, -1.252328], [29.944061, -1.252457], [29.943803, -1.253079], [29.943826, -1.253933], [29.944075, -1.254935], [29.944878, -1.256943], [29.944987, -1.257602], [29.944665, -1.258515], [29.944123, -1.260987], [29.943893, -1.261496], [29.943579, -1.261668], [29.943216, -1.261656], [29.942432, -1.261113], [29.942208, -1.26125], [29.942061, -1.261515], [29.941594, -1.263495], [29.941831, -1.264117], [29.94251, -1.265141], [29.942563, -1.265461], [29.942427, -1.265574], [29.942239, -1.265484], [29.941105, -1.264441], [29.940109, -1.264202], [29.939314, -1.26419], [29.937986, -1.264509], [29.937775, -1.264858], [29.937832, -1.265123], [29.939106, -1.265642], [29.939596, -1.266158], [29.940068, -1.266894], [29.939969, -1.267057], [29.939052, -1.267557], [29.938284, -1.268314], [29.938089, -1.268683], [29.937927, -1.269574], [29.937628, -1.270025], [29.937002, -1.270348], [29.936617, -1.270308], [29.936484, -1.270193], [29.936387, -1.26979], [29.9367, -1.269076], [29.937017, -1.26898], [29.937619, -1.269091], [29.938032, -1.268741]]]}, "properties": {"project_id": "NDP4-010", "project_name": "Ongoing Upgrade \u2014 Southern", "component": "Ongoing Upgrade", "region": "Southern", "priority": "High", "status": "Ongoing", "funder": "TBD", "project_total_km": 56.2, "road_no": "C426", "link_id": "C426_Link01", "link_name": "Kabale - Lake Bunyonyi", "length_km": 7.874}}, {"type": "Feature", "geometry": {"type": "LineString", "coordinates": [[29.688846, -1.284526], [29.686932, -1.286946], [29.686039, -1.288683], [29.683569, -1.291083], [29.682836, -1.292172], [29.682196, -1.29352], [29.681113, -1.294413], [29.679322, -1.295573], [29.678276, -1.296779], [29.678085, -1.297849], [29.6781, -1.299671], [29.678777, -1.302441], [29.679211, -1.304848], [29.679698, -1.305979], [29.681187, -1.30864], [29.681472, -1.309626], [29.680995, -1.3115], [29.678689, -1.314725]]}, "properties": {"project_id": "NDP4-010", "project_name": "Ongoing Upgrade \u2014 Southern", "component": "Ongoing Upgrade", "region": "Southern", "priority": "High", "status": "Ongoing", "funder": "TBD", "project_total_km": 56.2, "road_no": "C438", "link_id": "C438_Link01", "link_name": "Kisoro - Nyarusiza", "length_km": 3.986}}, {"type": "Feature", "geometry": {"type": "LineString", "coordinates": [[29.678689, -1.314725], [29.677651, -1.316291], [29.677105, -1.317462], [29.676951, -1.318165], [29.677318, -1.318911], [29.677205, -1.319301], [29.676245, -1.320312], [29.675964, -1.320791], [29.675228, -1.321494], [29.674345, -1.323027], [29.673965, -1.324864], [29.674157, -1.32664], [29.674159, -1.328166], [29.673955, -1.328753], [29.673474, -1.332821], [29.673155, -1.334382], [29.672481, -1.335226], [29.671486, -1.337297], [29.670375, -1.338004], [29.668015, -1.340563], [29.667353, -1.341481], [29.667147, -1.341962], [29.667163, -1.342609], [29.666963, -1.342985], [29.667118, -1.344482], [29.666186, -1.346431], [29.663515, -1.351031], [29.662521, -1.351727], [29.662212, -1.351564], [29.661998, -1.351631], [29.661464, -1.352237]]}, "properties": {"project_id": "NDP4-010", "project_name": "Ongoing Upgrade \u2014 Southern", "component": "Ongoing Upgrade", "region": "Southern", "priority": "High", "status": "Ongoing", "funder": "TBD", "project_total_km": 56.2, "road_no": "C438", "link_id": "C438_Link02", "link_name": "Nyarusiza - Muhabura", "length_km": 4.886}}, {"type": "Feature", "geometry": {"type": "LineString", "coordinates": [[29.678709, -1.314692], [29.677993, -1.314716], [29.676421, -1.314392], [29.673963, -1.314513], [29.672027, -1.314451], [29.670986, -1.314279], [29.669172, -1.314413], [29.66587, -1.313787], [29.664188, -1.313677], [29.663054, -1.313424], [29.661181, -1.313598], [29.660451, -1.313509], [29.659661, -1.313708], [29.657658, -1.313934], [29.655901, -1.314387], [29.655259, -1.31414], [29.65492, -1.313874], [29.654244, -1.314049], [29.653777, -1.313932], [29.651906, -1.313006], [29.651106, -1.312872], [29.64956, -1.313441], [29.649013, -1.313749], [29.647484, -1.31507], [29.646552, -1.315685], [29.645485, -1.3169], [29.645185, -1.317769], [29.644605, -1.318503], [29.644306, -1.320294], [29.644017, -1.321221], [29.642641, -1.323091], [29.642215, -1.323984], [29.64161, -1.324814], [29.641529, -1.325268], [29.64187, -1.326038], [29.641811, -1.327482], [29.641321, -1.328809], [29.640566, -1.330119], [29.639194, -1.331904], [29.638555, -1.332417], [29.637587, -1.332934], [29.637281, -1.333251], [29.636947, -1.33406], [29.636031, -1.335575], [29.635539, -1.335801], [29.634985, -1.336654], [29.634372, -1.337099], [29.633926, -1.338644], [29.633347, -1.339114], [29.632811, -1.339982], [29.632118, -1.340588], [29.631011, -1.341263], [29.629478, -1.342636], [29.626028, -1.344903], [29.625097, -1.346597], [29.62433, -1.347722], [29.623805, -1.34905], [29.622246, -1.351383], [29.621262, -1.352318], [29.619931, -1.352879], [29.619193, -1.353894]]}, "properties": {"project_id": "NDP4-010", "project_name": "Ongoing Upgrade \u2014 Southern", "component": "Ongoing Upgrade", "region": "Southern", "priority": "High", "status": "Ongoing", "funder": "TBD", "project_total_km": 56.2, "road_no": "C448", "link_id": "C448_Link01", "link_name": "Mgahinga - Ntebeko", "length_km": 9.365}}, {"type": "Feature", "geometry": {"type": "MultiLineString", "coordinates": [[[32.028534, 1.709864], [32.029499, 1.710014], [32.033995, 1.709872], [32.034942, 1.709748], [32.091407, 1.695145], [32.091984, 1.69504], [32.092499, 1.695129]], [[32.0925, 1.695129], [32.092612, 1.695284]]]}, "properties": {"project_id": "NDP4-011", "project_name": "Ongoing Upgrade \u2014 Western", "component": "Ongoing Upgrade", "region": "Western", "priority": "High", "status": "Ongoing", "funder": "IsDB", "project_total_km": 74.4, "road_no": "B253", "link_id": "B253_Link01", "link_name": "Rwekunye - Masindi Port", "length_km": 7.343}}, {"type": "Feature", "geometry": {"type": "LineString", "coordinates": [[30.732484, 0.587162], [30.731324, 0.58619], [30.729517, 0.585091], [30.729292, 0.584833], [30.729637, 0.583613], [30.729956, 0.581486], [30.729939, 0.580223], [30.729506, 0.578713], [30.728648, 0.577187], [30.728247, 0.576217], [30.728236, 0.575763], [30.728773, 0.574986], [30.728762, 0.574629], [30.72784, 0.573321], [30.726973, 0.572621], [30.726931, 0.572467], [30.727085, 0.572031], [30.727602, 0.571669], [30.728135, 0.571476], [30.728929, 0.571457], [30.729215, 0.571264], [30.72997, 0.56854], [30.730659, 0.567634], [30.731153, 0.566581], [30.731311, 0.565492], [30.731228, 0.564294], [30.729979, 0.561437], [30.728713, 0.559866], [30.727882, 0.558405], [30.727618, 0.557201], [30.727551, 0.555264], [30.727146, 0.554332], [30.727207, 0.552833], [30.72634, 0.551324], [30.725395, 0.549201], [30.724816, 0.546847], [30.725091, 0.544259], [30.724739, 0.542336], [30.725302, 0.540513], [30.725972, 0.539118], [30.726837, 0.538481], [30.72731, 0.5374], [30.728406, 0.536331], [30.728972, 0.53554], [30.729129, 0.534897], [30.72895, 0.534138], [30.728837, 0.534009], [30.727773, 0.533801], [30.726107, 0.532943], [30.725174, 0.532728], [30.724097, 0.532734], [30.722749, 0.531658], [30.721088, 0.530539], [30.720603, 0.528523], [30.719723, 0.526153], [30.71928, 0.525456], [30.71801, 0.524031], [30.718012, 0.52127], [30.716927, 0.518959], [30.716018, 0.516118], [30.71413, 0.51431], [30.713625, 0.513137], [30.712704, 0.512783], [30.710748, 0.512616], [30.709521, 0.51194], [30.70912, 0.511849], [30.708235, 0.512023], [30.706646, 0.512944], [30.706012, 0.513028], [30.704683, 0.512948], [30.703387, 0.512384], [30.703026, 0.512172], [30.702731, 0.511821], [30.70243, 0.510185], [30.703593, 0.506392], [30.703552, 0.505888], [30.702984, 0.504063], [30.703309, 0.502518], [30.703265, 0.501901], [30.702975, 0.501339], [30.702336, 0.50071], [30.70075, 0.499831], [30.700423, 0.499214], [30.699719, 0.498446], [30.699294, 0.496933], [30.699289, 0.494683], [30.69892, 0.493308], [30.698812, 0.493195], [30.697885, 0.493125], [30.697599, 0.492951], [30.697152, 0.49201], [30.696672, 0.491662], [30.695866, 0.491474], [30.693693, 0.49157], [30.690733, 0.489865], [30.688688, 0.489276], [30.6867, 0.488511], [30.686319, 0.488152], [30.68573, 0.486836], [30.685993, 0.485832], [30.686759, 0.484455], [30.687112, 0.483057], [30.68808, 0.481485], [30.691017, 0.474459], [30.6929, 0.471679], [30.694369, 0.468671], [30.694628, 0.467115], [30.694562, 0.465864], [30.694361, 0.464775], [30.694408, 0.464439], [30.697248, 0.460443], [30.697478, 0.459961], [30.697637, 0.458684], [30.697164, 0.457419], [30.697043, 0.455423], [30.695894, 0.450276], [30.69625, 0.448906], [30.696567, 0.445988], [30.696771, 0.445028], [30.697447, 0.442236], [30.698444, 0.439554], [30.699478, 0.437847], [30.701909, 0.4355], [30.703379, 0.433417], [30.703994, 0.432297], [30.70653, 0.430053], [30.707817, 0.429088], [30.708075, 0.428701], [30.708391, 0.427686], [30.708861, 0.426754], [30.709898, 0.425566], [30.71004, 0.425184], [30.710485, 0.421543], [30.711099, 0.419179], [30.711718, 0.41781], [30.7119, 0.416626], [30.712649, 0.41471], [30.712962, 0.414065], [30.713732, 0.413048], [30.714282, 0.411767], [30.714436, 0.411074], [30.71443, 0.410258], [30.714901, 0.409197], [30.715593, 0.408438], [30.716785, 0.407773], [30.717372, 0.406779], [30.718292, 0.40609], [30.719184, 0.405195], [30.71988, 0.404762], [30.720006, 0.404481], [30.71999, 0.402984], [30.720094, 0.402531], [30.720359, 0.402091], [30.72081, 0.401844], [30.723886, 0.401164], [30.725818, 0.400355], [30.726348, 0.399806], [30.727044, 0.398523], [30.72713, 0.397615], [30.726918, 0.397099], [30.72419, 0.393838], [30.722163, 0.392633], [30.721842, 0.392214], [30.721213, 0.390864]]}, "properties": {"project_id": "NDP4-011", "project_name": "Ongoing Upgrade \u2014 Western", "component": "Ongoing Upgrade", "region": "Western", "priority": "High", "status": "Ongoing", "funder": "IsDB", "project_total_km": 74.4, "road_no": "C568", "link_id": "C568_Link01", "link_name": "Kihura - Bwizi", "length_km": 27.714}}, {"type": "Feature", "geometry": {"type": "LineString", "coordinates": [[30.721213, 0.390864], [30.720613, 0.389851], [30.71953, 0.388747], [30.717894, 0.387819], [30.715795, 0.386955], [30.715077, 0.386432], [30.714107, 0.385341], [30.713146, 0.383082], [30.712803, 0.381867], [30.712517, 0.379908], [30.712503, 0.377737], [30.711868, 0.374766], [30.709945, 0.371423], [30.709591, 0.371147], [30.708163, 0.370456], [30.707542, 0.369985], [30.707049, 0.369492], [30.706419, 0.368566], [30.705975, 0.368173], [30.704777, 0.367797], [30.702295, 0.367303], [30.701021, 0.366658], [30.70014, 0.366568], [30.696988, 0.366856], [30.695306, 0.367654], [30.694906, 0.367742], [30.693962, 0.367541], [30.693355, 0.367581], [30.690799, 0.368549], [30.688842, 0.368718], [30.687771, 0.368582], [30.687067, 0.368291], [30.68645, 0.367832], [30.684706, 0.365931], [30.683405, 0.36542], [30.681671, 0.364922], [30.67995, 0.363679], [30.67881, 0.36329], [30.677014, 0.362437], [30.675425, 0.362092], [30.674543, 0.361589], [30.672344, 0.359202], [30.670636, 0.356872], [30.668453, 0.355075], [30.668036, 0.354887], [30.666643, 0.354689], [30.665057, 0.353113], [30.661427, 0.35094], [30.65858, 0.349773], [30.655652, 0.34923], [30.654302, 0.348605], [30.654019, 0.348303], [30.653873, 0.347792], [30.654051, 0.345507], [30.653863, 0.343557], [30.65283, 0.341898], [30.651969, 0.339956], [30.651246, 0.338641], [30.651097, 0.337944], [30.651161, 0.336077], [30.650756, 0.334975], [30.650304, 0.334724], [30.648538, 0.334357], [30.647475, 0.333332], [30.64674, 0.33286], [30.642792, 0.331652], [30.641019, 0.331318], [30.640253, 0.331029], [30.637893, 0.329693], [30.635318, 0.327977], [30.632355, 0.32563], [30.631663, 0.324775], [30.631141, 0.323815], [30.63082, 0.321811], [30.630233, 0.320381], [30.629668, 0.319421], [30.628696, 0.318293], [30.628116, 0.317178], [30.627317, 0.314095], [30.627076, 0.311813], [30.626772, 0.310959], [30.626403, 0.310471], [30.62589, 0.310006], [30.624971, 0.309464], [30.623207, 0.308739], [30.620474, 0.307907], [30.619012, 0.307163], [30.617107, 0.305446], [30.613862, 0.301699], [30.611828, 0.300705], [30.609311, 0.299207], [30.607948, 0.298309], [30.605847, 0.296592], [30.604939, 0.295553], [30.603614, 0.293291], [30.601913, 0.291243], [30.601451, 0.290462], [30.600951, 0.289168], [30.600252, 0.287846], [30.599364, 0.287288]]}, "properties": {"project_id": "NDP4-011", "project_name": "Ongoing Upgrade \u2014 Western", "component": "Ongoing Upgrade", "region": "Western", "priority": "High", "status": "Ongoing", "funder": "IsDB", "project_total_km": 74.4, "road_no": "C568", "link_id": "C568_Link02", "link_name": "Bwizi - Bisozi", "length_km": 19.735}}, {"type": "Feature", "geometry": {"type": "LineString", "coordinates": [[30.599364, 0.287288], [30.59522, 0.286034], [30.589454, 0.28561], [30.586128, 0.285042], [30.584735, 0.285347], [30.580459, 0.286922], [30.579308, 0.28705], [30.576458, 0.286986], [30.573914, 0.287548], [30.573066, 0.287591], [30.572526, 0.287425], [30.57141, 0.286782], [30.568709, 0.284901], [30.565261, 0.285014], [30.564514, 0.285516], [30.561347, 0.288173], [30.557851, 0.289335], [30.55309, 0.292435], [30.551523, 0.293255], [30.550701, 0.293571], [30.549487, 0.293716], [30.547996, 0.294152], [30.539647, 0.296992], [30.538422, 0.29754], [30.536052, 0.300347], [30.533912, 0.301771], [30.533029, 0.30259], [30.526591, 0.306545], [30.525657, 0.307339], [30.52527, 0.309525], [30.524836, 0.310858], [30.522811, 0.313875], [30.521238, 0.317432], [30.520046, 0.319188], [30.518831, 0.320592], [30.518466, 0.320868], [30.515202, 0.322308], [30.510433, 0.325248], [30.507183, 0.326649], [30.504117, 0.32754], [30.500922, 0.327967], [30.496004, 0.327737], [30.492798, 0.32724], [30.491679, 0.326918], [30.488872, 0.325337], [30.486848, 0.324708], [30.485314, 0.323752], [30.483741, 0.323437], [30.483414, 0.323538], [30.483143, 0.323792], [30.482471, 0.325224], [30.48197, 0.325984], [30.480166, 0.327797], [30.478419, 0.329157], [30.47768, 0.329534], [30.473341, 0.330253], [30.471589, 0.32995], [30.470141, 0.328144], [30.46904, 0.326977], [30.466249, 0.325758], [30.452505, 0.324975], [30.451026, 0.324822], [30.448819, 0.324286], [30.447731, 0.3247], [30.447487, 0.324461]]}, "properties": {"project_id": "NDP4-011", "project_name": "Ongoing Upgrade \u2014 Western", "component": "Ongoing Upgrade", "region": "Western", "priority": "High", "status": "Ongoing", "funder": "IsDB", "project_total_km": 74.4, "road_no": "C568", "link_id": "C568_Link03", "link_name": "Bisozi - Kahunge", "length_km": 19.567}}, {"type": "Feature", "geometry": {"type": "LineString", "coordinates": [[32.516015, 0.306291], [32.50466, 0.29619], [32.50175, 0.2927], [32.50104, 0.29226], [32.49948, 0.29168], [32.49877, 0.29106], [32.49831, 0.29039], [32.49756, 0.28789], [32.49711, 0.28715], [32.49672, 0.2868], [32.491608, 0.285049], [32.48918, 0.28527], [32.488145, 0.284972], [32.487293, 0.284473], [32.48491, 0.28245], [32.483093, 0.280763], [32.48179, 0.27924], [32.480852, 0.278651], [32.479882, 0.278584], [32.47856, 0.27868], [32.47733, 0.27816], [32.47644, 0.27802], [32.4759, 0.2781], [32.47195, 0.27932], [32.47101, 0.27939], [32.47042, 0.27919], [32.46981, 0.27867], [32.46869, 0.27725], [32.46768, 0.27469], [32.46705, 0.27356], [32.46523, 0.27218], [32.46413, 0.27152], [32.46349, 0.27142], [32.46273, 0.27162], [32.46188, 0.27223], [32.46085, 0.2734], [32.45939, 0.2756], [32.45839, 0.27832], [32.45693, 0.28154], [32.45657, 0.28266], [32.4559, 0.28352], [32.45529, 0.28406], [32.45452, 0.28421], [32.45386, 0.28406], [32.45323, 0.28376], [32.45186, 0.28239], [32.44904, 0.28077], [32.446373, 0.278395], [32.441755, 0.275729], [32.440986, 0.275104], [32.440398, 0.274304], [32.438503, 0.270313], [32.43763, 0.26921], [32.43675, 0.26841], [32.43556, 0.26766], [32.421348, 0.260664], [32.415025, 0.258456], [32.414264, 0.258281], [32.413387, 0.258215], [32.406975, 0.258725], [32.405965, 0.258512], [32.404054, 0.257762], [32.403139, 0.25735], [32.400822, 0.255912], [32.399494, 0.254804], [32.397561, 0.252846], [32.39685, 0.252376], [32.387155, 0.249009], [32.384734, 0.248051], [32.383898, 0.247409], [32.381441, 0.244685], [32.380497, 0.244152], [32.352418, 0.241313], [32.35089, 0.24086], [32.34995, 0.24025], [32.34945, 0.23976], [32.34889, 0.23894], [32.345917, 0.231856], [32.344566, 0.229246], [32.343951, 0.228346], [32.340517, 0.225311], [32.337728, 0.223387], [32.335337, 0.221152]]}, "properties": {"project_id": "NDP4-012", "project_name": "Prioritized Periodic Maintenance \u2014 Central", "component": "Prioritized Periodic Maintenance", "region": "Central", "priority": "Medium", "status": "Programme", "funder": "TBD", "project_total_km": 330.2, "road_no": "A002", "link_id": "A002_Link02", "link_name": "Busega - Mpigi", "length_km": 25.342}}, {"type": "Feature", "geometry": {"type": "LineString", "coordinates": [[32.335338, 0.221155], [32.333918, 0.219608], [32.33285, 0.21876], [32.32727, 0.21518], [32.315601, 0.207294], [32.31356, 0.20605], [32.308525, 0.203276], [32.307689, 0.202942], [32.306718, 0.202724], [32.30267, 0.20242], [32.30161, 0.20195], [32.30077, 0.20111], [32.29504, 0.1919], [32.293739, 0.190207], [32.292382, 0.188979], [32.28036, 0.17983], [32.274253, 0.174142], [32.27353, 0.1736], [32.27226, 0.17316], [32.26201, 0.17156], [32.261107, 0.170967], [32.257501, 0.166572], [32.256783, 0.166025], [32.255898, 0.165618], [32.24584, 0.16288], [32.24466, 0.16287], [32.23938, 0.16385], [32.23802, 0.16379], [32.2368, 0.163379], [32.231411, 0.160746], [32.23081, 0.16008], [32.230395, 0.159279], [32.229758, 0.155849], [32.229402, 0.154914], [32.227739, 0.152639], [32.225271, 0.148855], [32.224204, 0.146912], [32.221276, 0.140863], [32.220674, 0.139995], [32.219911, 0.139243], [32.214205, 0.135152], [32.207378, 0.130822], [32.20413, 0.12904], [32.20045, 0.12628], [32.19812, 0.124737], [32.196802, 0.124092], [32.18372, 0.11898], [32.18235, 0.11827], [32.18115, 0.117345], [32.18045, 0.11654], [32.179646, 0.115354], [32.176439, 0.109837], [32.175448, 0.108583], [32.174623, 0.107902], [32.14938, 0.09323], [32.14794, 0.09219], [32.14591, 0.09037], [32.144094, 0.088977], [32.142639, 0.088024], [32.131636, 0.082329], [32.107576, 0.063471], [32.105907, 0.062344]]}, "properties": {"project_id": "NDP4-012", "project_name": "Prioritized Periodic Maintenance \u2014 Central", "component": "Prioritized Periodic Maintenance", "region": "Central", "priority": "Medium", "status": "Programme", "funder": "TBD", "project_total_km": 330.2, "road_no": "A002", "link_id": "A002_Link03", "link_name": "Mpigi - Buwama", "length_km": 32.081}}, {"type": "Feature", "geometry": {"type": "LineString", "coordinates": [[32.105907, 0.06234], [32.10583, 0.06221], [32.105677, 0.062222], [32.092691, 0.055465], [32.09184, 0.05485], [32.090825, 0.053626], [32.086489, 0.045693], [32.08568, 0.04462], [32.084963, 0.043895], [32.076005, 0.035327], [32.062748, 0.025736], [32.06153, 0.024551], [32.052072, 0.012815], [32.042351, 0.00287], [32.040526, 0.000829], [32.026059, -0.020037], [32.025029, -0.02127], [32.02083, -0.02445], [32.005376, -0.035691], [31.995773, -0.042807], [31.99464, -0.04375], [31.993187, -0.045498], [31.952409, -0.100872], [31.951652, -0.101778], [31.936747, -0.117366], [31.935547, -0.118228], [31.924841, -0.123134], [31.918435, -0.126029], [31.913923, -0.127753]]}, "properties": {"project_id": "NDP4-012", "project_name": "Prioritized Periodic Maintenance \u2014 Central", "component": "Prioritized Periodic Maintenance", "region": "Central", "priority": "Medium", "status": "Programme", "funder": "TBD", "project_total_km": 330.2, "road_no": "A002", "link_id": "A002_Link04", "link_name": "Buwama - Lukaya", "length_km": 30.5}}, {"type": "Feature", "geometry": {"type": "LineString", "coordinates": [[31.913927, -0.127753], [31.897208, -0.134115], [31.87984, -0.14294], [31.8788, -0.143946], [31.87437, -0.1488], [31.87114, -0.15369], [31.86858, -0.15707], [31.863376, -0.16304], [31.862542, -0.1644], [31.860866, -0.168263], [31.860336, -0.169215], [31.85027, -0.18239], [31.849126, -0.184256], [31.848761, -0.185118], [31.845722, -0.193184], [31.843698, -0.204821], [31.839614, -0.21877], [31.83751, -0.22455], [31.83639, -0.22973], [31.835482, -0.232918], [31.834968, -0.233751], [31.825826, -0.245658], [31.824827, -0.246618], [31.82422, -0.24738], [31.82296, -0.25018], [31.821235, -0.254709], [31.81875, -0.2597], [31.816983, -0.264196], [31.816592, -0.264956], [31.81535, -0.26701], [31.811672, -0.271045], [31.810307, -0.272251], [31.80666, -0.27342], [31.80626, -0.27372], [31.805007, -0.275114], [31.800398, -0.278108], [31.798896, -0.278805], [31.79624, -0.279151], [31.795249, -0.279509], [31.790677, -0.282241], [31.788311, -0.283198], [31.786807, -0.284262], [31.78611, -0.28531], [31.785509, -0.28798], [31.78465, -0.29072], [31.784247, -0.292742], [31.78327, -0.29535], [31.78288, -0.29842], [31.78265, -0.29922], [31.78103, -0.30142], [31.778925, -0.302975], [31.777851, -0.304893], [31.777168, -0.305548], [31.776598, -0.305805], [31.772338, -0.30676], [31.77145, -0.30675], [31.76854, -0.30616], [31.767558, -0.306193], [31.76531, -0.30684], [31.76478, -0.3073], [31.764192, -0.308375], [31.76383, -0.30857], [31.760235, -0.308973], [31.75689, -0.30876], [31.75516, -0.30895], [31.75399, -0.30937], [31.75279, -0.30996], [31.75062, -0.31132], [31.74407, -0.31432], [31.74305, -0.31523], [31.74143, -0.31769], [31.740181, -0.319051], [31.739804, -0.319739], [31.73929, -0.32143], [31.73844, -0.32249], [31.73429, -0.32457], [31.72704, -0.3273], [31.72453, -0.3287], [31.72303, -0.32986], [31.7218, -0.3313], [31.72103, -0.33266], [31.72051, -0.33408], [31.719835, -0.336577]]}, "properties": {"project_id": "NDP4-012", "project_name": "Prioritized Periodic Maintenance \u2014 Central", "component": "Prioritized Periodic Maintenance", "region": "Central", "priority": "Medium", "status": "Programme", "funder": "TBD", "project_total_km": 330.2, "road_no": "A002", "link_id": "A002_Link05", "link_name": "Lukaya - Masaka - Bypass", "length_km": 34.0}}, {"type": "Feature", "geometry": {"type": "LineString", "coordinates": [[31.719835, -0.336577], [31.71932, -0.33671], [31.71498, -0.33635], [31.71351, -0.33651], [31.71195, -0.33709], [31.70686, -0.3395], [31.70541, -0.33981], [31.70404, -0.33959], [31.69767, -0.33694], [31.69621, -0.3366], [31.68184, -0.33749], [31.68079, -0.33779], [31.677264, -0.339337], [31.675135, -0.339726], [31.669784, -0.339785], [31.66882, -0.33957], [31.66695, -0.33866], [31.6659, -0.33839], [31.660904, -0.338222], [31.65665, -0.33867], [31.64858, -0.33837], [31.64725, -0.33873], [31.64267, -0.34076], [31.63759, -0.34107], [31.63692, -0.34127], [31.63514, -0.34218], [31.63378, -0.34256], [31.63023, -0.34262], [31.62954, -0.34275], [31.62888, -0.34304], [31.62558, -0.34511], [31.62491, -0.34538], [31.62389, -0.3455], [31.62133, -0.3453], [31.620038, -0.345374], [31.607486, -0.348405], [31.60674, -0.34848], [31.60538, -0.348319], [31.59973, -0.346015], [31.599039, -0.34585], [31.598178, -0.345857], [31.593163, -0.346526], [31.592606, -0.346705], [31.59175, -0.34731], [31.58833, -0.35161], [31.58783, -0.35207], [31.58661, -0.35261], [31.58487, -0.3529], [31.57982, -0.35364], [31.56283, -0.35481], [31.56147, -0.35468], [31.5532, -0.35317], [31.55184, -0.35318], [31.551, -0.35342], [31.54848, -0.35458], [31.547572, -0.355191], [31.5398, -0.36525], [31.53922, -0.36587], [31.53841, -0.36646], [31.527062, -0.371174], [31.52026, -0.37354], [31.51401, -0.37522], [31.51322, -0.37562], [31.51043, -0.37755], [31.50951, -0.37794], [31.508213, -0.378025], [31.50575, -0.377737], [31.504811, -0.377748], [31.495, -0.380618], [31.493967, -0.380816], [31.492831, -0.380917], [31.488117, -0.380677], [31.478389, -0.38201], [31.477839, -0.382175], [31.47716, -0.38256], [31.472263, -0.386193], [31.471353, -0.386728], [31.46825, -0.38806], [31.458102, -0.392043], [31.456884, -0.39202], [31.454804, -0.391208], [31.453924, -0.391092], [31.45333, -0.391201], [31.45277, -0.39148], [31.45103, -0.39301], [31.45005, -0.39344], [31.44903, -0.39345], [31.44736, -0.392834], [31.446075, -0.392703], [31.445425, -0.392852], [31.44431, -0.39339], [31.44288, -0.39385], [31.441094, -0.394066], [31.439935, -0.393932], [31.43667, -0.39299], [31.43575, -0.39297], [31.42451, -0.39735], [31.42363, -0.39753], [31.42265, -0.39739], [31.42069, -0.3963], [31.4192, -0.39593], [31.409763, -0.396072], [31.408503, -0.396532], [31.406943, -0.398117], [31.406111, -0.398588], [31.404915, -0.398801], [31.40073, -0.39809], [31.398898, -0.398209], [31.39758, -0.39869], [31.390428, -0.402279], [31.38937, -0.402661], [31.38818, -0.40291], [31.368863, -0.404597], [31.366467, -0.404567], [31.363979, -0.404125], [31.362489, -0.403639], [31.360681, -0.402853], [31.358779, -0.401678], [31.357227, -0.400388], [31.35119, -0.39466], [31.34998, -0.39387], [31.348897, -0.393379], [31.347512, -0.393072], [31.34639, -0.39302], [31.334739, -0.393268], [31.332752, -0.393043], [31.327897, -0.391928], [31.326408, -0.391356], [31.31311, -0.38438], [31.30239, -0.38066], [31.30058, -0.38039], [31.29404, -0.38009], [31.290286, -0.380991], [31.289488, -0.380942], [31.288767, -0.380722], [31.287958, -0.380205], [31.286829, -0.378964], [31.286391, -0.378627], [31.285871, -0.37844], [31.283691, -0.378081], [31.281823, -0.377422], [31.279442, -0.377067], [31.27864, -0.376696], [31.278116, -0.376248], [31.27727, -0.37509], [31.275977, -0.374179], [31.27488, -0.37306], [31.2726, -0.37215], [31.270333, -0.370985], [31.265787, -0.369668], [31.261869, -0.368632], [31.261315, -0.368587], [31.260573, -0.368729], [31.25981, -0.36914], [31.25697, -0.37165], [31.25616, -0.372542], [31.253251, -0.376531], [31.25291, -0.37692], [31.25218, -0.37736], [31.251694, -0.377499], [31.248311, -0.377752], [31.247107, -0.377958], [31.234969, -0.381204], [31.22486, -0.38407], [31.22399, -0.38422], [31.21277, -0.384976], [31.208971, -0.385846], [31.20676, -0.3861], [31.20586, -0.38597], [31.20496, -0.3856], [31.20151, -0.3833], [31.20084, -0.38297], [31.19946, -0.382771], [31.19878, -0.38294], [31.190159, -0.3873], [31.188302, -0.388627], [31.185828, -0.391005], [31.185107, -0.391498], [31.181943, -0.39266], [31.159427, -0.403711], [31.15709, -0.40422], [31.154294, -0.405256]]}, "properties": {"project_id": "NDP4-012", "project_name": "Prioritized Periodic Maintenance \u2014 Central", "component": "Prioritized Periodic Maintenance", "region": "Central", "priority": "Medium", "status": "Programme", "funder": "TBD", "project_total_km": 330.2, "road_no": "A002", "link_id": "A002_Link06", "link_name": "Masaka - Lyantonde", "length_km": 67.781}}, {"type": "Feature", "geometry": {"type": "LineString", "coordinates": [[32.370432, 0.333542], [32.368873, 0.334454], [32.365846, 0.33586], [32.349675, 0.344214], [32.347919, 0.344892], [32.329374, 0.348649], [32.325549, 0.348337], [32.322518, 0.347725], [32.321739, 0.34789], [32.32045, 0.34851], [32.319693, 0.348589], [32.318897, 0.348334], [32.317242, 0.34711], [32.316773, 0.346974], [32.316132, 0.346986], [32.307384, 0.349049], [32.30449, 0.350694], [32.30162, 0.352765], [32.300778, 0.353147], [32.29975, 0.353283], [32.296467, 0.352877], [32.294932, 0.353037], [32.294322, 0.353203], [32.293868, 0.353499], [32.293519, 0.353908], [32.292299, 0.356498], [32.291352, 0.357909], [32.290769, 0.358457], [32.289286, 0.359071], [32.288465, 0.35926], [32.287762, 0.359156], [32.285996, 0.358467], [32.284962, 0.358609], [32.278488, 0.363591], [32.277822, 0.364276], [32.277135, 0.365262], [32.272497, 0.373124], [32.271866, 0.373906], [32.271139, 0.374516], [32.270152, 0.375059], [32.269091, 0.375363], [32.265927, 0.37561], [32.258937, 0.376904]]}, "properties": {"project_id": "NDP4-012", "project_name": "Prioritized Periodic Maintenance \u2014 Central", "component": "Prioritized Periodic Maintenance", "region": "Central", "priority": "Medium", "status": "Programme", "funder": "TBD", "project_total_km": 330.2, "road_no": "A005", "link_id": "A005_Link01", "link_name": "Busega - Bujuuko", "length_km": 32.23}}, {"type": "Feature", "geometry": {"type": "LineString", "coordinates": [[32.258937, 0.376904], [32.249582, 0.378694], [32.238679, 0.383677], [32.237749, 0.384004], [32.236972, 0.384097], [32.23566, 0.383907], [32.232494, 0.382543], [32.231379, 0.382309], [32.20892, 0.383737], [32.207014, 0.383724], [32.203838, 0.382959], [32.19349, 0.379902], [32.192168, 0.379235], [32.189906, 0.377703], [32.189046, 0.377344], [32.188244, 0.377207], [32.187027, 0.377324], [32.177508, 0.380218], [32.175837, 0.380484], [32.168994, 0.379389], [32.161066, 0.378475], [32.160225, 0.378209], [32.159045, 0.377394], [32.158225, 0.377107], [32.153143, 0.377447], [32.151489, 0.377779], [32.150588, 0.378243], [32.137777, 0.387571], [32.136916, 0.38856], [32.133516, 0.393551], [32.132805, 0.394253], [32.132163, 0.394651], [32.131426, 0.394926], [32.128171, 0.39554], [32.127197, 0.39552], [32.126315, 0.39526], [32.105399, 0.385905], [32.104051, 0.385405], [32.102668, 0.385267], [32.091717, 0.385901], [32.088074, 0.386796], [32.085819, 0.386889], [32.084853, 0.387178], [32.084154, 0.387916], [32.082864, 0.391056], [32.082465, 0.39147], [32.081895, 0.391738], [32.080397, 0.392006], [32.079262, 0.392044], [32.070565, 0.391504], [32.069728, 0.391546], [32.066853, 0.392613], [32.062882, 0.394372], [32.060318, 0.395316], [32.055291, 0.396936], [32.054076, 0.397505], [32.052531, 0.39862], [32.051455, 0.399807], [32.049746, 0.402208], [32.049, 0.402958], [32.047924, 0.403763], [32.046433, 0.404516], [32.039101, 0.407512]]}, "properties": {"project_id": "NDP4-012", "project_name": "Prioritized Periodic Maintenance \u2014 Central", "component": "Prioritized Periodic Maintenance", "region": "Central", "priority": "Medium", "status": "Programme", "funder": "TBD", "project_total_km": 330.2, "road_no": "A005", "link_id": "A005_Link02", "link_name": "Bujuuko - Mityana", "length_km": 26.736}}, {"type": "Feature", "geometry": {"type": "LineString", "coordinates": [[32.571679, 0.34036], [32.571221, 0.34101], [32.570601, 0.342473], [32.569731, 0.343832], [32.566923, 0.347033], [32.565508, 0.347847], [32.564156, 0.348197], [32.563235, 0.348772], [32.562808, 0.348888], [32.562694, 0.349074], [32.562612, 0.349764], [32.56281, 0.350286], [32.562754, 0.355653], [32.561913, 0.360339], [32.561206, 0.362037], [32.560281, 0.365429], [32.556607, 0.374829], [32.556678, 0.375563], [32.55736, 0.377207], [32.557492, 0.378459], [32.55737, 0.379249], [32.556787, 0.380711], [32.554864, 0.384493], [32.548388, 0.39397], [32.54787, 0.395092], [32.545676, 0.400973]]}, "properties": {"project_id": "NDP4-012", "project_name": "Prioritized Periodic Maintenance \u2014 Central", "component": "Prioritized Periodic Maintenance", "region": "Central", "priority": "Medium", "status": "Programme", "funder": "TBD", "project_total_km": 330.2, "road_no": "A006", "link_id": "A006_Link01", "link_name": "Kampala - Kawempe", "length_km": 7.675}}, {"type": "Feature", "geometry": {"type": "LineString", "coordinates": [[32.545676, 0.400973], [32.545128, 0.402268], [32.54437, 0.403349], [32.537428, 0.410817], [32.536908, 0.411647], [32.536701, 0.412792], [32.536983, 0.41645], [32.536886, 0.418391], [32.5365, 0.421404], [32.536065, 0.42349], [32.534677, 0.426828], [32.534353, 0.4335], [32.534048, 0.434253], [32.533493, 0.435013], [32.530817, 0.437239], [32.530073, 0.438101], [32.529589, 0.438999], [32.528404, 0.442043], [32.528312, 0.442621], [32.528396, 0.443316], [32.529471, 0.446106], [32.530163, 0.447067], [32.532735, 0.449759], [32.533301, 0.450847], [32.533401, 0.451563], [32.533315, 0.452294], [32.532245, 0.455534], [32.531742, 0.456425], [32.529185, 0.459018], [32.528394, 0.460395], [32.52772, 0.461179], [32.525815, 0.462848], [32.521047, 0.465889]]}, "properties": {"project_id": "NDP4-012", "project_name": "Prioritized Periodic Maintenance \u2014 Central", "component": "Prioritized Periodic Maintenance", "region": "Central", "priority": "Medium", "status": "Programme", "funder": "TBD", "project_total_km": 330.2, "road_no": "A006", "link_id": "A006_Link02", "link_name": "Kawempe - Matuga", "length_km": 8.591}}, {"type": "Feature", "geometry": {"type": "LineString", "coordinates": [[32.521047, 0.465889], [32.519653, 0.466835], [32.519211, 0.467393], [32.518947, 0.467974], [32.518311, 0.474315], [32.51807, 0.475239], [32.517178, 0.477439], [32.517065, 0.478136], [32.517106, 0.47872], [32.517531, 0.479805], [32.521854, 0.487179], [32.522366, 0.488538], [32.522835, 0.492862], [32.522407, 0.498271], [32.522474, 0.499664], [32.523746, 0.505575], [32.525872, 0.511612], [32.527387, 0.520368], [32.527393, 0.521861], [32.526526, 0.525096], [32.526483, 0.526652], [32.528419, 0.531996], [32.529816, 0.53506], [32.531672, 0.536651], [32.532225, 0.537571], [32.533497, 0.544105], [32.533742, 0.545995], [32.533082, 0.552762], [32.532853, 0.553784], [32.532492, 0.55466], [32.528759, 0.561881], [32.528519, 0.562872], [32.528657, 0.563893], [32.532208, 0.575763], [32.532499, 0.57724], [32.532124, 0.606899], [32.533953, 0.622223], [32.534002, 0.623999], [32.528374, 0.67265], [32.52786, 0.674262], [32.523307, 0.684386], [32.523059, 0.685156], [32.522931, 0.686104], [32.522647, 0.698924], [32.523036, 0.700116], [32.527537, 0.708213], [32.527984, 0.709239], [32.528292, 0.711015], [32.528207, 0.717847]]}, "properties": {"project_id": "NDP4-012", "project_name": "Prioritized Periodic Maintenance \u2014 Central", "component": "Prioritized Periodic Maintenance", "region": "Central", "priority": "Medium", "status": "Programme", "funder": "TBD", "project_total_km": 330.2, "road_no": "A006", "link_id": "A006_Link03", "link_name": "Matuga - Wobulenzi", "length_km": 28.92}}, {"type": "Feature", "geometry": {"type": "LineString", "coordinates": [[32.528207, 0.717847], [32.528045, 0.729373], [32.527713, 0.730792], [32.527308, 0.731505], [32.52676, 0.732128], [32.518201, 0.739191], [32.517431, 0.740132], [32.516876, 0.741518], [32.515163, 0.753388], [32.514809, 0.754893], [32.513725, 0.758292], [32.5134, 0.759776], [32.513021, 0.765211], [32.512702, 0.767832], [32.50772, 0.796734], [32.501499, 0.829158], [32.50101, 0.830479], [32.500289, 0.83183], [32.488322, 0.849141]]}, "properties": {"project_id": "NDP4-012", "project_name": "Prioritized Periodic Maintenance \u2014 Central", "component": "Prioritized Periodic Maintenance", "region": "Central", "priority": "Medium", "status": "Programme", "funder": "TBD", "project_total_km": 330.2, "road_no": "A006", "link_id": "A006_Link04", "link_name": "Wobulenzi - Kasana - Luweero", "length_km": 15.644}}, {"type": "Feature", "geometry": {"type": "LineString", "coordinates": [[31.418047, -0.684719], [31.41942, -0.684587], [31.420018, -0.684698], [31.421623, -0.685518], [31.427235, -0.687628], [31.429475, -0.689056], [31.433466, -0.690722], [31.435586, -0.691288], [31.436535, -0.692006], [31.437138, -0.692203], [31.43804, -0.691986], [31.439065, -0.691415], [31.441611, -0.688424], [31.442157, -0.688045], [31.443312, -0.687981], [31.446216, -0.688297], [31.44797, -0.689023], [31.448582, -0.689109], [31.454712, -0.686969], [31.461396, -0.683911], [31.463031, -0.682947], [31.465252, -0.682056], [31.466827, -0.680725], [31.469303, -0.679204], [31.472495, -0.676838], [31.474399, -0.675272], [31.480361, -0.671409], [31.482221, -0.668031], [31.483012, -0.666832], [31.489971, -0.658146], [31.493184, -0.654941], [31.494219, -0.654457], [31.495081, -0.654245], [31.501457, -0.653522], [31.502997, -0.653463], [31.5058, -0.653042], [31.512871, -0.654488], [31.513463, -0.654435], [31.51491, -0.653952], [31.517096, -0.652702], [31.530208, -0.644431], [31.531368, -0.643423], [31.534747, -0.639871], [31.538204, -0.636679], [31.540194, -0.635138], [31.540455, -0.635065], [31.540888, -0.635157]]}, "properties": {"project_id": "NDP4-012", "project_name": "Prioritized Periodic Maintenance \u2014 Central", "component": "Prioritized Periodic Maintenance", "region": "Central", "priority": "Medium", "status": "Programme", "funder": "TBD", "project_total_km": 330.2, "road_no": "C214", "link_id": "C214_Link02", "link_name": "Lumbugu - Kyotera", "length_km": 16.241}}, {"type": "Feature", "geometry": {"type": "LineString", "coordinates": [[31.41793, -0.684631], [31.417045, -0.688208], [31.416043, -0.689524], [31.416061, -0.692454], [31.415675, -0.694386], [31.415773, -0.696249], [31.41566, -0.698592], [31.415346, -0.700105], [31.414252, -0.703475], [31.413826, -0.706731], [31.41307, -0.70841], [31.412713, -0.708737], [31.412462, -0.70872], [31.412224, -0.707774], [31.411925, -0.707356], [31.410898, -0.706805], [31.410284, -0.706629], [31.409256, -0.706678], [31.40838, -0.707211], [31.408001, -0.707274], [31.405236, -0.706606], [31.404724, -0.706604], [31.40445, -0.706891], [31.40441, -0.7071], [31.404634, -0.707667], [31.405486, -0.709318], [31.407661, -0.713101]]}, "properties": {"project_id": "NDP4-012", "project_name": "Prioritized Periodic Maintenance \u2014 Central", "component": "Prioritized Periodic Maintenance", "region": "Central", "priority": "Medium", "status": "Programme", "funder": "TBD", "project_total_km": 330.2, "road_no": "C231", "link_id": "C231_Link01", "link_name": "Lumbugu - Rakai", "length_km": 4.5}}, {"type": "Feature", "geometry": {"type": "LineString", "coordinates": [[33.19805, 0.445421], [33.199409, 0.445971], [33.200499, 0.446238], [33.201516, 0.446291], [33.202569, 0.446155], [33.20409, 0.445568], [33.209529, 0.442204], [33.210523, 0.441723], [33.211346, 0.441488], [33.21237, 0.441371], [33.212873, 0.441626], [33.213378, 0.441465], [33.21437, 0.441765], [33.215627, 0.442472], [33.216703, 0.443509], [33.217752, 0.445229], [33.218502, 0.446864], [33.218902, 0.448851], [33.219324, 0.455293], [33.219209, 0.45585], [33.219314, 0.455931], [33.2199, 0.455858], [33.221303, 0.456134], [33.222446, 0.456655], [33.222886, 0.457065], [33.225003, 0.459766], [33.227045, 0.46179], [33.227993, 0.462524], [33.228912, 0.462982], [33.260488, 0.474521], [33.268903, 0.477744], [33.284864, 0.486101]]}, "properties": {"project_id": "NDP4-013", "project_name": "Prioritized Periodic Maintenance \u2014 Eastern", "component": "Prioritized Periodic Maintenance", "region": "Eastern", "priority": "Medium", "status": "Programme", "funder": "GOU / TBD", "project_total_km": 180.9, "road_no": "A001", "link_id": "A001_Link05", "link_name": "Jinja - Kakira Junction", "length_km": 11.852}}, {"type": "Feature", "geometry": {"type": "LineString", "coordinates": [[33.284864, 0.486101], [33.304545, 0.496371], [33.305509, 0.496763], [33.305772, 0.497011], [33.341895, 0.515908], [33.342844, 0.516475], [33.346798, 0.519466], [33.348108, 0.520282], [33.349531, 0.520614], [33.356464, 0.520992], [33.371973, 0.523689], [33.39267, 0.530883], [33.393933, 0.531478], [33.394483, 0.531939], [33.395136, 0.532796], [33.41181, 0.563672], [33.412702, 0.564949], [33.413651, 0.56565], [33.423274, 0.570882], [33.424076, 0.571442], [33.424714, 0.57219], [33.426304, 0.575011], [33.430124, 0.580831], [33.43118, 0.581938], [33.434242, 0.584482], [33.435769, 0.585519], [33.442391, 0.589538], [33.445993, 0.591113], [33.447421, 0.591956], [33.4513, 0.595036], [33.455654, 0.598797], [33.460491, 0.601901], [33.463093, 0.60392], [33.468682, 0.610108], [33.47204, 0.613016], [33.473221, 0.613637], [33.475363, 0.61427], [33.475699, 0.61447], [33.476108, 0.614448], [33.47815, 0.615013]]}, "properties": {"project_id": "NDP4-013", "project_name": "Prioritized Periodic Maintenance \u2014 Eastern", "component": "Prioritized Periodic Maintenance", "region": "Eastern", "priority": "Medium", "status": "Programme", "funder": "GOU / TBD", "project_total_km": 180.9, "road_no": "A001", "link_id": "A001_Link06", "link_name": "Kakira Junction - Iganga", "length_km": 26.87}}, {"type": "Feature", "geometry": {"type": "LineString", "coordinates": [[33.47815, 0.615013], [33.4818, 0.616022], [33.48219, 0.616354], [33.482582, 0.616239], [33.483103, 0.616321], [33.48446, 0.616877], [33.493651, 0.622849], [33.497647, 0.626012], [33.498846, 0.626631], [33.505412, 0.627694], [33.50866, 0.627764], [33.515791, 0.627475], [33.516821, 0.627751], [33.518507, 0.628735]]}, "properties": {"project_id": "NDP4-013", "project_name": "Prioritized Periodic Maintenance \u2014 Eastern", "component": "Prioritized Periodic Maintenance", "region": "Eastern", "priority": "Medium", "status": "Programme", "funder": "GOU / TBD", "project_total_km": 180.9, "road_no": "A001", "link_id": "A001_Link07", "link_name": "Iganga - Nakalama", "length_km": 4.907}}, {"type": "Feature", "geometry": {"type": "LineString", "coordinates": [[33.518507, 0.628735], [33.519748, 0.628991], [33.528949, 0.628572], [33.533053, 0.629334], [33.536687, 0.629663], [33.545963, 0.631469], [33.557188, 0.631028], [33.566381, 0.631052], [33.573086, 0.631478], [33.574648, 0.631472], [33.58022, 0.630652], [33.589698, 0.62715], [33.590871, 0.626807], [33.594378, 0.626476], [33.600277, 0.626419], [33.606074, 0.625917], [33.613835, 0.624148], [33.620174, 0.6234], [33.625714, 0.622528], [33.630088, 0.621159], [33.635171, 0.621209], [33.636089, 0.621123], [33.648528, 0.617785], [33.65651, 0.614882], [33.66155, 0.613497], [33.667258, 0.611641], [33.67612, 0.608961], [33.693411, 0.603422], [33.70163, 0.600596], [33.708827, 0.597552], [33.716438, 0.593849], [33.734872, 0.583671], [33.735827, 0.583012], [33.737589, 0.581369], [33.738324, 0.580538], [33.739995, 0.578125], [33.741718, 0.576108], [33.747812, 0.571039], [33.756574, 0.563098]]}, "properties": {"project_id": "NDP4-013", "project_name": "Prioritized Periodic Maintenance \u2014 Eastern", "component": "Prioritized Periodic Maintenance", "region": "Eastern", "priority": "Medium", "status": "Programme", "funder": "GOU / TBD", "project_total_km": 180.9, "road_no": "A001", "link_id": "A001_Link08", "link_name": "Nakalama - Bugiri - Namutere", "length_km": 28.425}}, {"type": "Feature", "geometry": {"type": "LineString", "coordinates": [[33.756574, 0.563098], [33.764051, 0.556342], [33.765624, 0.554685], [33.799124, 0.516133], [33.800233, 0.515065], [33.801923, 0.513921], [33.803422, 0.513255], [33.804875, 0.512858], [33.806317, 0.512679], [33.80789, 0.512712], [33.810123, 0.51318], [33.843941, 0.525735], [33.846353, 0.526524], [33.899834, 0.537244], [33.903777, 0.537944], [33.904629, 0.53794], [33.906056, 0.537734], [33.94502, 0.528577], [33.947859, 0.527126], [33.961519, 0.52328], [33.963, 0.523443], [33.967717, 0.525059]]}, "properties": {"project_id": "NDP4-013", "project_name": "Prioritized Periodic Maintenance \u2014 Eastern", "component": "Prioritized Periodic Maintenance", "region": "Eastern", "priority": "Medium", "status": "Programme", "funder": "GOU / TBD", "project_total_km": 180.9, "road_no": "A001", "link_id": "A001_Link09", "link_name": "Namutere - Busitema Junction", "length_km": 24.986}}, {"type": "Feature", "geometry": {"type": "LineString", "coordinates": [[33.967717, 0.525059], [34.007463, 0.538935], [34.008683, 0.539664], [34.016047, 0.545194], [34.033178, 0.56763], [34.059254, 0.591965], [34.059948, 0.593004], [34.063934, 0.600115], [34.064607, 0.600951], [34.129156, 0.647069], [34.130435, 0.648245], [34.134724, 0.654146], [34.136256, 0.655821], [34.137385, 0.656733], [34.138479, 0.657338], [34.139996, 0.657833], [34.148195, 0.659093], [34.150002, 0.659091], [34.153129, 0.658787], [34.156153, 0.657978], [34.156868, 0.657903], [34.157583, 0.658024], [34.161614, 0.659331], [34.164116, 0.659841], [34.166817, 0.659995], [34.173124, 0.660017]]}, "properties": {"project_id": "NDP4-013", "project_name": "Prioritized Periodic Maintenance \u2014 Eastern", "component": "Prioritized Periodic Maintenance", "region": "Eastern", "priority": "Medium", "status": "Programme", "funder": "GOU / TBD", "project_total_km": 180.9, "road_no": "A001", "link_id": "A001_Link10", "link_name": "Busitema Junction - Tororo Junction", "length_km": 28.29}}, {"type": "Feature", "geometry": {"type": "LineString", "coordinates": [[34.173124, 0.660017], [34.174034, 0.660154], [34.174755, 0.660448], [34.177545, 0.662424], [34.187056, 0.667945], [34.188236, 0.668295], [34.189378, 0.668244], [34.190159, 0.667976], [34.190834, 0.667571], [34.204243, 0.657354], [34.205323, 0.65673], [34.25673, 0.639079], [34.257544, 0.63895], [34.25822, 0.639002], [34.260553, 0.639945], [34.260946, 0.639709], [34.26178, 0.63953], [34.262439, 0.639024], [34.263418, 0.638519], [34.263724, 0.638565], [34.26444, 0.638965], [34.265624, 0.638943], [34.26606, 0.638823], [34.266806, 0.638486], [34.268108, 0.637606]]}, "properties": {"project_id": "NDP4-013", "project_name": "Prioritized Periodic Maintenance \u2014 Eastern", "component": "Prioritized Periodic Maintenance", "region": "Eastern", "priority": "Medium", "status": "Programme", "funder": "GOU / TBD", "project_total_km": 180.9, "road_no": "A001", "link_id": "A001_Link11", "link_name": "Tororo Junction - Malaba (Uganda/Kenya Border)", "length_km": 11.649}}, {"type": "Feature", "geometry": {"type": "LineString", "coordinates": [[33.967717, 0.525059], [33.968211, 0.523454], [33.968426, 0.522295], [33.968597, 0.518418], [33.968848, 0.517447], [33.969231, 0.516609], [33.970175, 0.515332], [33.976987, 0.508434], [33.978561, 0.507146], [33.980271, 0.506049], [33.990956, 0.500654], [33.993278, 0.499242], [33.995185, 0.497758], [34.008725, 0.486164], [34.010402, 0.484943], [34.012996, 0.483566], [34.024486, 0.479196], [34.027218, 0.478389], [34.053849, 0.473413], [34.055705, 0.473295], [34.068287, 0.473386], [34.070632, 0.473244], [34.072641, 0.472944], [34.075789, 0.472335], [34.07809, 0.471633], [34.080067, 0.470769], [34.0844, 0.468329], [34.089673, 0.466047], [34.090475, 0.465907], [34.093544, 0.46594], [34.097334, 0.465484], [34.098513, 0.465453]]}, "properties": {"project_id": "NDP4-013", "project_name": "Prioritized Periodic Maintenance \u2014 Eastern", "component": "Prioritized Periodic Maintenance", "region": "Eastern", "priority": "Medium", "status": "Programme", "funder": "GOU / TBD", "project_total_km": 180.9, "road_no": "B308", "link_id": "B308_Link01", "link_name": "Namutere - Busia", "length_km": 16.905}}, {"type": "Feature", "geometry": {"type": "LineString", "coordinates": [[34.08874, 0.466414], [34.083133, 0.460365], [34.082118, 0.459475], [34.080459, 0.458466], [34.073178, 0.454729], [34.054594, 0.439201], [34.052156, 0.436225], [34.051305, 0.435109], [34.048649, 0.431096], [34.045081, 0.426317], [34.03729, 0.41544], [34.030757, 0.404634], [34.030068, 0.403001], [34.027488, 0.395748], [34.02703, 0.394968], [34.022885, 0.389478], [34.022302, 0.388449], [34.021925, 0.38746], [34.021181, 0.383742], [34.020817, 0.383211], [34.019374, 0.382041], [34.018907, 0.381374], [34.015952, 0.373474], [34.015183, 0.371912], [34.014757, 0.371361], [34.00687, 0.36384], [34.003259, 0.357182], [34.00309, 0.356569], [34.002985, 0.353299], [34.001898, 0.348331], [34.002239, 0.343229], [34.002147, 0.342577], [34.000736, 0.338265], [33.999063, 0.335772], [33.998689, 0.334947], [33.992151, 0.309883], [33.992275, 0.304658], [33.993549, 0.301068], [33.99375, 0.299596], [33.993553, 0.298379], [33.992326, 0.295044], [33.992014, 0.293875], [33.991898, 0.287883], [33.990873, 0.2821], [33.990805, 0.281231], [33.993204, 0.269789], [33.993219, 0.269088], [33.993022, 0.267781], [33.992705, 0.2662], [33.992439, 0.265522], [33.991919, 0.264638], [33.990636, 0.263133], [33.988949, 0.261743], [33.98828, 0.262487], [33.986918, 0.261631]]}, "properties": {"project_id": "NDP4-013", "project_name": "Prioritized Periodic Maintenance \u2014 Eastern", "component": "Prioritized Periodic Maintenance", "region": "Eastern", "priority": "Medium", "status": "Programme", "funder": "GOU / TBD", "project_total_km": 180.9, "road_no": "C830", "link_id": "C830_Link01", "link_name": "Busia - Majanji", "length_km": 26.982}}, {"type": "Feature", "geometry": {"type": "LineString", "coordinates": [[32.239829, 2.242529], [32.239746, 2.243263], [32.239599, 2.243575], [32.238078, 2.244475], [32.237256, 2.245203], [32.23644, 2.246284], [32.235908, 2.247511], [32.23572, 2.248925], [32.235965, 2.250407], [32.236582, 2.251665], [32.237515, 2.252698], [32.238955, 2.25354], [32.245078, 2.255768], [32.247136, 2.256406], [32.250317, 2.257038], [32.254285, 2.257488], [32.25516, 2.257923], [32.257266, 2.259571], [32.258251, 2.25998], [32.258936, 2.260065], [32.260514, 2.259836], [32.266602, 2.258366], [32.298012, 2.248215], [32.299703, 2.24771], [32.301747, 2.247268], [32.304305, 2.246947], [32.314719, 2.246157], [32.331052, 2.246641]]}, "properties": {"project_id": "NDP4-014", "project_name": "Prioritized Periodic Maintenance \u2014 Northern", "component": "Prioritized Periodic Maintenance", "region": "Northern", "priority": "Medium", "status": "Programme", "funder": "TBD", "project_total_km": 179.3, "road_no": "A006", "link_id": "A006_Link09", "link_name": "Karuma - Kamdini", "length_km": 12.157}}, {"type": "Feature", "geometry": {"type": "LineString", "coordinates": [[32.331052, 2.246641], [32.332432, 2.246727], [32.333774, 2.246971], [32.335193, 2.247399], [32.336682, 2.248072], [32.337886, 2.248811], [32.339176, 2.24984], [32.340227, 2.250922], [32.340881, 2.251787], [32.363527, 2.287483], [32.368502, 2.295146], [32.383942, 2.321199], [32.385078, 2.323532], [32.385719, 2.325562], [32.38609, 2.327699], [32.388294, 2.344698], [32.388409, 2.347465], [32.379456, 2.445959]]}, "properties": {"project_id": "NDP4-014", "project_name": "Prioritized Periodic Maintenance \u2014 Northern", "component": "Prioritized Periodic Maintenance", "region": "Northern", "priority": "Medium", "status": "Programme", "funder": "TBD", "project_total_km": 179.3, "road_no": "A006", "link_id": "A006_Link10", "link_name": "Kamdini - Minakulu", "length_km": 24.24}}, {"type": "Feature", "geometry": {"type": "MultiLineString", "coordinates": [[[32.379456, 2.445959], [32.377709, 2.465547], [32.377311, 2.467745], [32.369486, 2.486455], [32.368904, 2.488129], [32.368494, 2.489988], [32.365827, 2.50759], [32.365383, 2.509058], [32.358995, 2.526494], [32.358395, 2.528777], [32.358219, 2.530503], [32.357065, 2.567005], [32.356907, 2.568317], [32.351142, 2.584159], [32.340541, 2.603627], [32.334964, 2.617547], [32.333797, 2.620737], [32.332898, 2.625079], [32.32278, 2.679364], [32.322297, 2.680662], [32.317138, 2.690622], [32.316554, 2.692207], [32.307381, 2.732768], [32.305706, 2.744127], [32.304927, 2.747761], [32.303848, 2.751981], [32.302198, 2.756684], [32.300181, 2.761852], [32.298322, 2.768609], [32.297858, 2.771684]], [[32.297858, 2.771684], [32.297897, 2.771714]], [[32.297858, 2.771684], [32.297457, 2.771641]]]}, "properties": {"project_id": "NDP4-014", "project_name": "Prioritized Periodic Maintenance \u2014 Northern", "component": "Prioritized Periodic Maintenance", "region": "Northern", "priority": "Medium", "status": "Programme", "funder": "TBD", "project_total_km": 179.3, "road_no": "A006", "link_id": "A006_Link11", "link_name": "Minakulu - Bobi - Gulu", "length_km": 37.495}}, {"type": "Feature", "geometry": {"type": "LineString", "coordinates": [[32.297457, 2.771641], [32.289956, 2.770767], [32.28861, 2.768397], [32.286874, 2.765751], [32.285849, 2.764512], [32.283618, 2.763106], [32.280692, 2.762177], [32.279333, 2.761373], [32.279229, 2.761203], [32.278974, 2.761401], [32.277603, 2.761883], [32.274816, 2.762222], [32.27361, 2.76253], [32.270939, 2.764], [32.268171, 2.764852], [32.259943, 2.76591], [32.256982, 2.76594], [32.252552, 2.765402], [32.247103, 2.765762], [32.243987, 2.766295], [32.237171, 2.767828], [32.232445, 2.768555], [32.231607, 2.768867], [32.230753, 2.769499], [32.228435, 2.771597], [32.225012, 2.7742], [32.223344, 2.775319], [32.222321, 2.775896], [32.219689, 2.777045], [32.217687, 2.778245], [32.21263, 2.780755], [32.207946, 2.783384], [32.202299, 2.786838], [32.200848, 2.788166], [32.193661, 2.798991], [32.191925, 2.802198], [32.188042, 2.811523], [32.187571, 2.813396], [32.186644, 2.818387], [32.185806, 2.820944], [32.184577, 2.823466], [32.181409, 2.828425], [32.179578, 2.833011], [32.176845, 2.836296], [32.175683, 2.837321], [32.173761, 2.838381], [32.170293, 2.839469], [32.1688, 2.840443], [32.167722, 2.841651], [32.165334, 2.846134], [32.165138, 2.847016], [32.165119, 2.848103], [32.166123, 2.853692], [32.166043, 2.859039], [32.166855, 2.865849], [32.166403, 2.870898], [32.166087, 2.872552], [32.165717, 2.873777], [32.16481, 2.875833], [32.157612, 2.887881], [32.157053, 2.889043], [32.156801, 2.890055], [32.156306, 2.893982], [32.155918, 2.900371], [32.155664, 2.902963], [32.15529, 2.904824], [32.152343, 2.913436], [32.151033, 2.91676], [32.146149, 2.927423], [32.144642, 2.929693], [32.140516, 2.935071], [32.139786, 2.936497], [32.139538, 2.937552], [32.139022, 2.94415], [32.137297, 2.953088], [32.136953, 2.956664], [32.136743, 2.962729], [32.1369, 2.965956], [32.137365, 2.969938], [32.137986, 2.977762], [32.138752, 2.983347], [32.141598, 2.995816], [32.142484, 2.998342], [32.146345, 3.005432], [32.14841, 3.00852], [32.163227, 3.027032], [32.164405, 3.028438], [32.166915, 3.030768], [32.167621, 3.031571], [32.169708, 3.035581], [32.170479, 3.04011], [32.17045, 3.041534], [32.169584, 3.046786], [32.168718, 3.053797], [32.167585, 3.058456], [32.166634, 3.064293], [32.166161, 3.066272], [32.165389, 3.068494], [32.164084, 3.071186], [32.161699, 3.075236], [32.159069, 3.078738], [32.158624, 3.079852], [32.158458, 3.08115], [32.15848, 3.09079], [32.15813, 3.093295], [32.156662, 3.101272], [32.156388, 3.104582], [32.155322, 3.111359], [32.155159, 3.113767], [32.155099, 3.119294], [32.154883, 3.121222], [32.153968, 3.126342], [32.153934, 3.129077], [32.154571, 3.133853], [32.154984, 3.138541], [32.154869, 3.142538], [32.155604, 3.151672], [32.156235, 3.154074], [32.158353, 3.159834], [32.15861, 3.161071], [32.158726, 3.164994], [32.158236, 3.170368], [32.158195, 3.174945], [32.157961, 3.176082], [32.156333, 3.180696], [32.154078, 3.192398], [32.15061, 3.201935], [32.148929, 3.20487], [32.136372, 3.229892], [32.134454, 3.232862], [32.130551, 3.237915], [32.125118, 3.244027], [32.123584, 3.246204], [32.122264, 3.248945], [32.120859, 3.252462], [32.120832, 3.253028], [32.121184, 3.254497]]}, "properties": {"project_id": "NDP4-014", "project_name": "Prioritized Periodic Maintenance \u2014 Northern", "component": "Prioritized Periodic Maintenance", "region": "Northern", "priority": "Medium", "status": "Programme", "funder": "TBD", "project_total_km": 179.3, "road_no": "A006", "link_id": "A006_Link12", "link_name": "Gulu - Atiak", "length_km": 68.164}}, {"type": "Feature", "geometry": {"type": "LineString", "coordinates": [[32.121184, 3.254497], [32.123018, 3.26167], [32.123268, 3.263298], [32.12186, 3.270754], [32.121228, 3.277551], [32.117359, 3.284721], [32.115346, 3.289881], [32.110163, 3.301845], [32.106705, 3.320606], [32.106347, 3.321925], [32.105608, 3.323678], [32.097985, 3.339507], [32.097371, 3.340286], [32.087122, 3.351311], [32.086062, 3.352691], [32.085461, 3.353998], [32.081054, 3.372367], [32.0775, 3.382059], [32.071786, 3.405228], [32.071591, 3.406846], [32.071981, 3.41402], [32.071918, 3.414994], [32.067559, 3.429831], [32.067163, 3.431476], [32.065883, 3.446801], [32.067972, 3.474099], [32.068271, 3.47516], [32.069587, 3.477856], [32.069799, 3.478583], [32.06993, 3.479314], [32.070218, 3.484587], [32.070303, 3.485247], [32.070774, 3.486645], [32.071721, 3.488121], [32.077193, 3.494061], [32.077843, 3.495106], [32.078134, 3.49609], [32.078223, 3.496934], [32.078085, 3.527769], [32.073665, 3.548372], [32.073287, 3.553007], [32.073037, 3.554806], [32.071043, 3.566496], [32.071089, 3.567641], [32.071375, 3.568597], [32.072157, 3.569847], [32.073221, 3.570954]]}, "properties": {"project_id": "NDP4-014", "project_name": "Prioritized Periodic Maintenance \u2014 Northern", "component": "Prioritized Periodic Maintenance", "region": "Northern", "priority": "Medium", "status": "Programme", "funder": "TBD", "project_total_km": 179.3, "road_no": "A006", "link_id": "A006_Link13", "link_name": "Atiak - Nimule (Uganda/Sudan Border)", "length_km": 37.275}}, {"type": "Feature", "geometry": {"type": "LineString", "coordinates": [[30.26541, -0.88133], [30.261914, -0.880925], [30.258866, -0.879747], [30.258113, -0.879576], [30.257227, -0.879642], [30.254304, -0.880444], [30.251629, -0.880369], [30.250621, -0.879982], [30.249315, -0.878914], [30.248462, -0.878506], [30.24384, -0.878089], [30.242543, -0.878262], [30.239295, -0.879509], [30.238465, -0.879582], [30.237059, -0.87947], [30.23639, -0.879569], [30.235785, -0.879802], [30.234571, -0.880528], [30.233658, -0.880783], [30.232776, -0.880737], [30.231118, -0.88036], [30.229914, -0.879927], [30.228952, -0.879425], [30.227877, -0.87867], [30.227078, -0.877931], [30.226395, -0.877124], [30.225694, -0.876048], [30.225114, -0.874785], [30.224335, -0.872442], [30.222722, -0.869732], [30.221831, -0.866558], [30.221242, -0.865101], [30.220848, -0.864474], [30.219932, -0.863744], [30.218006, -0.862968], [30.215289, -0.86075], [30.214631, -0.859952], [30.211269, -0.854971], [30.209148, -0.853039], [30.207284, -0.851843], [30.206078, -0.850195], [30.202116, -0.84592], [30.201176, -0.845282], [30.198561, -0.844132], [30.195309, -0.843919], [30.194578, -0.843745], [30.193812, -0.843308], [30.191875, -0.84146], [30.191019, -0.840866], [30.188904, -0.840294], [30.186367, -0.83899], [30.184333, -0.838421], [30.180782, -0.837115], [30.179614, -0.836264], [30.178344, -0.834645], [30.17732, -0.833623], [30.172622, -0.830058], [30.171821, -0.829944], [30.170055, -0.830416], [30.169561, -0.83026], [30.16903, -0.829926], [30.16861, -0.82958], [30.168381, -0.829221], [30.167092, -0.825834], [30.165654, -0.823832], [30.165427, -0.823102], [30.165213, -0.821408], [30.164698, -0.82041], [30.16377, -0.819312], [30.162979, -0.818751], [30.162329, -0.818537], [30.160747, -0.818361], [30.159903, -0.818036], [30.159919, -0.817962]]}, "properties": {"project_id": "NDP4-015", "project_name": "Prioritized Periodic Maintenance \u2014 Southern", "component": "Prioritized Periodic Maintenance", "region": "Southern", "priority": "Medium", "status": "Programme", "funder": "TBD", "project_total_km": 49.8, "road_no": "B152", "link_id": "B152_Link01", "link_name": "Ntungamo - Kagamba", "length_km": 15.229}}, {"type": "Feature", "geometry": {"type": "LineString", "coordinates": [[30.159903, -0.818036], [30.158614, -0.817646], [30.156806, -0.817733], [30.155281, -0.817457], [30.154488, -0.817454], [30.150915, -0.81811], [30.148406, -0.81941], [30.147556, -0.819711], [30.146796, -0.819796], [30.141291, -0.819797], [30.140452, -0.819936], [30.139694, -0.820244], [30.139119, -0.820636], [30.138519, -0.821267], [30.135906, -0.824665], [30.135155, -0.825971], [30.134613, -0.827397], [30.13414, -0.829451], [30.134015, -0.830826], [30.134084, -0.83221], [30.133889, -0.832673], [30.132818, -0.833272], [30.131197, -0.833831], [30.12959, -0.834923], [30.127645, -0.835837], [30.1269, -0.836377], [30.125649, -0.837607], [30.125076, -0.837924], [30.124283, -0.838121], [30.123448, -0.838082], [30.122793, -0.837861], [30.120906, -0.836604], [30.120167, -0.835829], [30.119414, -0.834127], [30.118723, -0.833215], [30.116948, -0.831791], [30.116283, -0.831493], [30.115538, -0.831376], [30.114762, -0.831468], [30.112954, -0.832103], [30.112233, -0.832249], [30.109581, -0.832092], [30.105097, -0.832351], [30.09967, -0.832949], [30.097376, -0.833455], [30.096791, -0.833778], [30.095468, -0.834824], [30.094884, -0.835068], [30.094171, -0.835191], [30.092585, -0.83503], [30.090362, -0.834013], [30.089635, -0.833887], [30.088415, -0.833998], [30.086596, -0.834725], [30.085532, -0.834757], [30.084461, -0.834357], [30.083, -0.833055], [30.081954, -0.832595], [30.081011, -0.832551], [30.079282, -0.832813], [30.0768, -0.832639], [30.074286, -0.833354], [30.073196, -0.833791], [30.072026, -0.834516], [30.070616, -0.835724], [30.069999, -0.836042], [30.069284, -0.836207], [30.066884, -0.83643], [30.065685, -0.836777], [30.064049, -0.837449], [30.062899, -0.837519], [30.061812, -0.83712], [30.06026, -0.835748], [30.059226, -0.835182], [30.057318, -0.83483], [30.055414, -0.834123], [30.05185, -0.833657], [30.051519, -0.833298], [30.050734, -0.831818], [30.049764, -0.8312], [30.04971, -0.830916], [30.05002, -0.830155], [30.049907, -0.829841], [30.049347, -0.829678], [30.048383, -0.8298], [30.047611, -0.830109], [30.045854, -0.831116], [30.045467, -0.831627], [30.044982, -0.83287], [30.044682, -0.833207], [30.044361, -0.833375], [30.043727, -0.833398], [30.042605, -0.833054], [30.04036, -0.832659], [30.039887, -0.83275], [30.039477, -0.83306], [30.039231, -0.833561], [30.039007, -0.834881], [30.038989, -0.836288], [30.039219, -0.838434], [30.039093, -0.8391], [30.038833, -0.839698], [30.038101, -0.840529], [30.036113, -0.841652], [30.035483, -0.842193], [30.034579, -0.84394], [30.034429, -0.844881], [30.034276, -0.845204], [30.032008, -0.848132], [30.030265, -0.849562], [30.029604, -0.849852], [30.028752, -0.849966], [30.027879, -0.849814], [30.025898, -0.849061], [30.024768, -0.849034], [30.022717, -0.849934], [30.021985, -0.850395], [30.01981, -0.852983], [30.018761, -0.853725], [30.018068, -0.853916], [30.013913, -0.854537], [30.011712, -0.855662], [30.010946, -0.855765], [30.010178, -0.855655]]}, "properties": {"project_id": "NDP4-015", "project_name": "Prioritized Periodic Maintenance \u2014 Southern", "component": "Prioritized Periodic Maintenance", "region": "Southern", "priority": "Medium", "status": "Programme", "funder": "TBD", "project_total_km": 49.8, "road_no": "C410", "link_id": "C410_Link01", "link_name": "Kagamba - Kebisoni", "length_km": 20.602}}, {"type": "Feature", "geometry": {"type": "LineString", "coordinates": [[30.010178, -0.855655], [30.009387, -0.855293], [30.007055, -0.853669], [30.004882, -0.853021], [30.003193, -0.851814], [30.002385, -0.851505], [30.001541, -0.851461], [30.000062, -0.851743], [29.998954, -0.851775], [29.997004, -0.851373], [29.99541, -0.851301], [29.992608, -0.850839], [29.991478, -0.850943], [29.989306, -0.851599], [29.988621, -0.851619], [29.987884, -0.85149], [29.986791, -0.85097], [29.981051, -0.847013], [29.980023, -0.846663], [29.978024, -0.846494], [29.977019, -0.846166], [29.976177, -0.845576], [29.975545, -0.844796], [29.97467, -0.842452], [29.972648, -0.839567], [29.971666, -0.837549], [29.970803, -0.836712], [29.969267, -0.83592], [29.967605, -0.834691], [29.967024, -0.833892], [29.966253, -0.831942], [29.965604, -0.830672], [29.964939, -0.829605], [29.964375, -0.829021], [29.962477, -0.828007], [29.959959, -0.825988], [29.959152, -0.825498], [29.958238, -0.825302], [29.956691, -0.825366], [29.955874, -0.825215], [29.954164, -0.824218], [29.952371, -0.823646], [29.950139, -0.822431], [29.948139, -0.821999], [29.946988, -0.821544], [29.945604, -0.821166], [29.94479, -0.820696], [29.944044, -0.819743], [29.943523, -0.818085], [29.943093, -0.817188], [29.942194, -0.815779], [29.941099, -0.814413], [29.940391, -0.812216], [29.939166, -0.81022], [29.938373, -0.80934], [29.936993, -0.808344], [29.93571, -0.807073], [29.932316, -0.804274], [29.931646, -0.802998], [29.931242, -0.800561], [29.93091, -0.800287], [29.929792, -0.799824], [29.929528, -0.799512], [29.929498, -0.798976], [29.930197, -0.797473], [29.930183, -0.796374], [29.929954, -0.795753], [29.929549, -0.795205], [29.927114, -0.793321], [29.926948, -0.793067], [29.926947, -0.792522], [29.92751, -0.791863], [29.927569, -0.791522], [29.927447, -0.791247], [29.927159, -0.791023], [29.926325, -0.790871], [29.926433, -0.789814], [29.926271, -0.78757], [29.92651, -0.785409], [29.926377, -0.78494], [29.925468, -0.783196]]}, "properties": {"project_id": "NDP4-015", "project_name": "Prioritized Periodic Maintenance \u2014 Southern", "component": "Prioritized Periodic Maintenance", "region": "Southern", "priority": "Medium", "status": "Programme", "funder": "TBD", "project_total_km": 49.8, "road_no": "C410", "link_id": "C410_Link02", "link_name": "Kebisoni - Rukungiri", "length_km": 13.941}}, {"type": "Feature", "geometry": {"type": "LineString", "coordinates": [[32.01162, 1.809702], [32.033752, 1.849592], [32.034683, 1.851071], [32.035809, 1.85248], [32.05816, 1.87373], [32.101902, 1.920949], [32.103506, 1.922254], [32.105372, 1.923397], [32.119671, 1.930141], [32.121677, 1.931427], [32.123294, 1.932822], [32.158259, 1.973293], [32.169591, 1.985082], [32.170418, 1.986092], [32.171111, 1.987226], [32.171691, 1.988539], [32.172088, 1.989995], [32.184681, 2.043577], [32.202508, 2.118564], [32.20276, 2.120139], [32.203975, 2.132373], [32.204483, 2.135037], [32.205223, 2.137118], [32.206022, 2.138647], [32.214889, 2.15301], [32.216068, 2.155255], [32.246199, 2.234736], [32.24632, 2.235932], [32.246217, 2.237134], [32.245989, 2.237748], [32.245375, 2.23868], [32.244468, 2.239505], [32.242748, 2.240464], [32.242077, 2.241179], [32.241473, 2.241595], [32.240042, 2.242112], [32.239829, 2.242529]]}, "properties": {"project_id": "NDP4-016", "project_name": "Prioritized Periodic Maintenance \u2014 Western", "component": "Prioritized Periodic Maintenance", "region": "Western", "priority": "Medium", "status": "Programme", "funder": "TBD", "project_total_km": 246.7, "road_no": "A006", "link_id": "A006_Link08", "link_name": "Kigumba - Karuma", "length_km": 56.735}}, {"type": "Feature", "geometry": {"type": "LineString", "coordinates": [[32.041459, 1.545126], [32.040328, 1.545138], [32.0394, 1.545436], [32.032135, 1.549388], [32.02345, 1.554562], [32.020706, 1.555889], [32.015701, 1.557748], [32.011362, 1.559202], [32.003948, 1.562267], [31.990283, 1.5654], [31.98111, 1.567031], [31.963531, 1.569149], [31.955271, 1.568897], [31.954005, 1.569045], [31.95101, 1.570373], [31.945173, 1.573389], [31.940105, 1.575751], [31.93899, 1.576178], [31.934275, 1.577502], [31.924906, 1.581653], [31.919252, 1.583952], [31.916558, 1.584745], [31.911651, 1.585327], [31.902205, 1.588205], [31.899288, 1.58938], [31.898343, 1.589902], [31.89613, 1.591468], [31.892781, 1.594192], [31.890267, 1.596729], [31.887261, 1.599097], [31.884757, 1.600868], [31.880871, 1.603172], [31.874612, 1.606398], [31.871313, 1.608499], [31.868116, 1.610021], [31.864407, 1.612585], [31.862911, 1.613749], [31.861713, 1.614476], [31.86044, 1.61491], [31.857359, 1.614815], [31.854627, 1.615277], [31.852622, 1.615487], [31.85158, 1.615805], [31.850673, 1.616346], [31.849248, 1.617508], [31.846641, 1.618873], [31.844206, 1.619976], [31.840733, 1.622065], [31.836921, 1.624699], [31.833768, 1.627285], [31.830025, 1.629651], [31.828974, 1.63002], [31.822366, 1.631375], [31.814503, 1.63453], [31.809837, 1.636585], [31.807642, 1.638167], [31.804186, 1.641269], [31.803574, 1.642178], [31.802838, 1.644402], [31.802485, 1.645114], [31.801592, 1.64613], [31.800714, 1.64685], [31.799684, 1.647413], [31.798861, 1.647692], [31.797395, 1.647905], [31.795249, 1.648025], [31.794204, 1.648353], [31.780029, 1.656932], [31.775762, 1.658885], [31.773402, 1.66086], [31.771371, 1.662168], [31.76525, 1.665498], [31.760483, 1.668256], [31.753585, 1.671427], [31.752528, 1.671479], [31.749626, 1.670316], [31.748756, 1.670186], [31.748003, 1.670242], [31.733186, 1.67475], [31.732402, 1.675005], [31.731116, 1.675635], [31.73003, 1.676282], [31.729586, 1.676697], [31.729282, 1.677206], [31.728421, 1.679566], [31.727845, 1.680232], [31.71869, 1.684996], [31.717975, 1.68551], [31.717491, 1.686079], [31.716866, 1.687185], [31.715466, 1.689192], [31.71292, 1.692589], [31.711543, 1.693964], [31.711143, 1.694197], [31.710759, 1.694263], [31.710156, 1.694112], [31.709263, 1.693296], [31.708791, 1.692674], [31.706634, 1.688688], [31.704114, 1.683681], [31.702843, 1.680656]]}, "properties": {"project_id": "NDP4-016", "project_name": "Prioritized Periodic Maintenance \u2014 Western", "component": "Prioritized Periodic Maintenance", "region": "Western", "priority": "Medium", "status": "Programme", "funder": "TBD", "project_total_km": 246.7, "road_no": "B200", "link_id": "B200_Link01", "link_name": "Kafu - Masindi", "length_km": 43.263}}, {"type": "Feature", "geometry": {"type": "LineString", "coordinates": [[30.274593, 0.652787], [30.274273, 0.653069], [30.261391, 0.656729], [30.259976, 0.65656], [30.259261, 0.656609], [30.2562, 0.6575], [30.255088, 0.65764], [30.254187, 0.657501], [30.253674, 0.657188], [30.252713, 0.655237], [30.251202, 0.654021], [30.248713, 0.65376], [30.2474, 0.653835], [30.243794, 0.655288], [30.241952, 0.65628], [30.241442, 0.656725], [30.240364, 0.658183], [30.239193, 0.659415], [30.238247, 0.659929], [30.236352, 0.660363], [30.23586, 0.660843], [30.235251, 0.661871], [30.234943, 0.66209], [30.231324, 0.662432], [30.230528, 0.662648], [30.22959, 0.663134], [30.22883, 0.663267], [30.223756, 0.662899], [30.222528, 0.662904], [30.221779, 0.663086], [30.220082, 0.664082], [30.217645, 0.665936], [30.215598, 0.667755], [30.213413, 0.669103], [30.212592, 0.669333], [30.209038, 0.669716], [30.206517, 0.670609], [30.203482, 0.671398], [30.201465, 0.672405], [30.197605, 0.674811], [30.197297, 0.675229], [30.196502, 0.67787], [30.195305, 0.679908], [30.193089, 0.684275], [30.193035, 0.684636], [30.193147, 0.685359], [30.193564, 0.686503], [30.19372, 0.687488], [30.193751, 0.690922], [30.194066, 0.691582], [30.195225, 0.693256], [30.195338, 0.694045], [30.18915, 0.711379], [30.18899, 0.712266], [30.189002, 0.713552], [30.18858, 0.714032], [30.188235, 0.714134], [30.1877, 0.714068], [30.187354, 0.714259], [30.186842, 0.716008], [30.186851, 0.716367], [30.186972, 0.716567], [30.187725, 0.71709], [30.188391, 0.717841], [30.189224, 0.718394], [30.189064, 0.718817], [30.188548, 0.719558], [30.188536, 0.719861], [30.189764, 0.721991], [30.189923, 0.7232], [30.190126, 0.72362], [30.190114, 0.723786], [30.189589, 0.724094], [30.189744, 0.724912], [30.189281, 0.725357], [30.189059, 0.727003], [30.188673, 0.727369], [30.188696, 0.727573], [30.189432, 0.727958], [30.189521, 0.728189], [30.189692, 0.728268], [30.190923, 0.727863], [30.19127, 0.728206], [30.19124, 0.728618], [30.190854, 0.729099], [30.190741, 0.729641], [30.191031, 0.731029], [30.191004, 0.731499], [30.190622, 0.731767], [30.189704, 0.731619], [30.189591, 0.731701], [30.189584, 0.73195], [30.190482, 0.732529], [30.191407, 0.732644], [30.192287, 0.732445], [30.192516, 0.732524], [30.193057, 0.733313], [30.192896, 0.73388], [30.192489, 0.734505], [30.19252, 0.734721], [30.193684, 0.734931], [30.193833, 0.735115], [30.193569, 0.735993], [30.193137, 0.736438], [30.193394, 0.737011], [30.193385, 0.737433], [30.193565, 0.737608], [30.194156, 0.73782], [30.194254, 0.738084], [30.193962, 0.738497], [30.193416, 0.738685], [30.193138, 0.738925], [30.192682, 0.739433], [30.192635, 0.739688], [30.193388, 0.739786], [30.193886, 0.739614], [30.194032, 0.739649], [30.194223, 0.739993], [30.195846, 0.740342], [30.196123, 0.741773], [30.195489, 0.742876], [30.19538, 0.743333], [30.195652, 0.743468], [30.196426, 0.743278], [30.197044, 0.743411], [30.19727, 0.743587], [30.197476, 0.744069], [30.197527, 0.744908], [30.19794, 0.745318], [30.197989, 0.745676], [30.197573, 0.746503], [30.196996, 0.746784], [30.197045, 0.747054], [30.197548, 0.747556], [30.198574, 0.748084], [30.199204, 0.748178], [30.199411, 0.748455], [30.19947, 0.74884], [30.199303, 0.749038], [30.198329, 0.749128], [30.197827, 0.749311], [30.197245, 0.749316], [30.197121, 0.749603], [30.196637, 0.74995], [30.196328, 0.750395], [30.195973, 0.751525], [30.196268, 0.751557], [30.197295, 0.750984], [30.197634, 0.750918], [30.198401, 0.751102], [30.19888, 0.751019], [30.199571, 0.751156], [30.199869, 0.751707], [30.200409, 0.751542], [30.200736, 0.751631], [30.200971, 0.752075], [30.20064, 0.752571], [30.200728, 0.752746], [30.201405, 0.752801], [30.20162, 0.752945], [30.20172, 0.753892], [30.201606, 0.754226], [30.20081, 0.754751], [30.20153, 0.754831], [30.201801, 0.755054], [30.202124, 0.754854], [30.202471, 0.754841], [30.202681, 0.754974], [30.202829, 0.7555], [30.20301, 0.75568], [30.203908, 0.755831], [30.204036, 0.756117], [30.204017, 0.756448], [30.20369, 0.756816], [30.203658, 0.757013], [30.204455, 0.757166], [30.204761, 0.75752], [30.20491, 0.757834], [30.204811, 0.758343], [30.205316, 0.759015], [30.205406, 0.759927], [30.205563, 0.760174], [30.206125, 0.760195], [30.206492, 0.759505], [30.206896, 0.759281], [30.207128, 0.75941], [30.207345, 0.759788], [30.207517, 0.760969], [30.208732, 0.761901], [30.209274, 0.761923], [30.20984, 0.761594], [30.210621, 0.76185], [30.212206, 0.761547], [30.214011, 0.761853], [30.214575, 0.762341], [30.215668, 0.762625], [30.215968, 0.762982], [30.216718, 0.765247], [30.218954, 0.770465], [30.220282, 0.77426], [30.225561, 0.787536]]}, "properties": {"project_id": "NDP4-016", "project_name": "Prioritized Periodic Maintenance \u2014 Western", "component": "Prioritized Periodic Maintenance", "region": "Western", "priority": "Medium", "status": "Programme", "funder": "TBD", "project_total_km": 246.7, "road_no": "C540", "link_id": "C540_Link01", "link_name": "Fortportal - Kichwamba - Karugutu", "length_km": 27.414}}, {"type": "Feature", "geometry": {"type": "LineString", "coordinates": [[30.225561, 0.787536], [30.229902, 0.798548], [30.231758, 0.802953], [30.233722, 0.80647], [30.233353, 0.807859], [30.233312, 0.809047], [30.233154, 0.809576], [30.233319, 0.810128], [30.233549, 0.811997], [30.233493, 0.813225], [30.234243, 0.814101], [30.23434, 0.814501], [30.234248, 0.814711], [30.233671, 0.815066], [30.233775, 0.815291], [30.234802, 0.815774], [30.235144, 0.816454], [30.235337, 0.817242], [30.235286, 0.817859], [30.235497, 0.818291], [30.235332, 0.818642], [30.234872, 0.818938], [30.234795, 0.819101], [30.23522, 0.819668], [30.235505, 0.820611], [30.235355, 0.82093], [30.234935, 0.82125], [30.234629, 0.821669], [30.234335, 0.822738], [30.233661, 0.822972], [30.233095, 0.823451], [30.233167, 0.82379], [30.233546, 0.824015], [30.233822, 0.824376], [30.233882, 0.824711], [30.233454, 0.825758], [30.233156, 0.825892], [30.232492, 0.825918], [30.232735, 0.826757], [30.232568, 0.827067], [30.231878, 0.827678], [30.231896, 0.827877], [30.232303, 0.828292], [30.232619, 0.828906], [30.232223, 0.829824], [30.232438, 0.830301], [30.232426, 0.830624], [30.231601, 0.831574], [30.230823, 0.831832], [30.23037, 0.832157], [30.230043, 0.832602], [30.229807, 0.833242], [30.229747, 0.833648], [30.230009, 0.834266], [30.230059, 0.835141], [30.230496, 0.836763], [30.230305, 0.836824], [30.229324, 0.83654], [30.229071, 0.836282], [30.228882, 0.835761], [30.228664, 0.835646], [30.228145, 0.835866], [30.226741, 0.836001], [30.226787, 0.83622], [30.2274, 0.837079], [30.227488, 0.837569], [30.227325, 0.840567], [30.227355, 0.846745], [30.226827, 0.847791], [30.225201, 0.848877], [30.224642, 0.849522], [30.224306, 0.850202], [30.223825, 0.853688], [30.223768, 0.855178], [30.223961, 0.856582], [30.224454, 0.858327], [30.225099, 0.859755], [30.2302, 0.867537], [30.231559, 0.870046], [30.23342, 0.872953], [30.234198, 0.874804], [30.234413, 0.875767], [30.234482, 0.877552], [30.234082, 0.881249], [30.234123, 0.883575], [30.234515, 0.885586], [30.235399, 0.887989], [30.236372, 0.889609], [30.245622, 0.90237], [30.246498, 0.904131], [30.246896, 0.90543], [30.247093, 0.906533], [30.24716, 0.908363], [30.246693, 0.91244], [30.245864, 0.915318], [30.244774, 0.917278], [30.24471, 0.917642], [30.244797, 0.918204], [30.244679, 0.918668], [30.244381, 0.91888], [30.244043, 0.918921], [30.242838, 0.918645], [30.242232, 0.918791], [30.241971, 0.918986], [30.240603, 0.920827], [30.239771, 0.921451], [30.238969, 0.921697], [30.234014, 0.920907], [30.230246, 0.919794], [30.227869, 0.918702], [30.221082, 0.915136], [30.220438, 0.914921], [30.218909, 0.914701], [30.215202, 0.914929], [30.212813, 0.914694], [30.211012, 0.91416], [30.204588, 0.911265], [30.203797, 0.911119], [30.202666, 0.911089], [30.201406, 0.910195], [30.200874, 0.910094], [30.199294, 0.910493], [30.19757, 0.910172], [30.194464, 0.910213], [30.193529, 0.910095], [30.191927, 0.909416], [30.190592, 0.90827], [30.187828, 0.903649], [30.186856, 0.901786], [30.186443, 0.900528], [30.186199, 0.89913], [30.186131, 0.895553], [30.18573, 0.893692], [30.185159, 0.892286], [30.1814, 0.884855], [30.179562, 0.880023], [30.178459, 0.878157], [30.1743, 0.873131], [30.17389, 0.872436], [30.173513, 0.871406], [30.173334, 0.87003], [30.173515, 0.865807], [30.173364, 0.863314], [30.173909, 0.858618], [30.173858, 0.848481], [30.173587, 0.847031], [30.173261, 0.846225], [30.172514, 0.84491], [30.171535, 0.843864], [30.169339, 0.842035], [30.168798, 0.841396], [30.168323, 0.840424], [30.167739, 0.838421], [30.167319, 0.831692], [30.167146, 0.831142], [30.165432, 0.829717], [30.164907, 0.828388], [30.164082, 0.827204], [30.162737, 0.826193], [30.162317, 0.82565], [30.158336, 0.819379], [30.157869, 0.817772], [30.157337, 0.816681], [30.155355, 0.814214], [30.151906, 0.812782], [30.151297, 0.812427], [30.14914, 0.810507], [30.144828, 0.806321], [30.143807, 0.805828], [30.143005, 0.805734], [30.13361, 0.806238], [30.130732, 0.805821], [30.128227, 0.805781], [30.123987, 0.8053], [30.117504, 0.806045], [30.116285, 0.805708], [30.115543, 0.80538], [30.113583, 0.803087], [30.111225, 0.802014], [30.109631, 0.800951], [30.107473, 0.800462], [30.104873, 0.800656], [30.103289, 0.80008], [30.102276, 0.799418], [30.099985, 0.798793], [30.092097, 0.793439], [30.090576, 0.793057], [30.088871, 0.792349], [30.088169, 0.791869], [30.081739, 0.786341], [30.080939, 0.784951], [30.080577, 0.783311], [30.080297, 0.782719], [30.079478, 0.781788], [30.078702, 0.781334], [30.077904, 0.781148], [30.077323, 0.781193], [30.076493, 0.78146], [30.07557, 0.7814], [30.07531, 0.781211], [30.074969, 0.780649], [30.073731, 0.780156], [30.069078, 0.774532], [30.065585, 0.771013], [30.064896, 0.769744], [30.06475, 0.768842], [30.064773, 0.76768], [30.064537, 0.767329], [30.064088, 0.767214], [30.063349, 0.76753], [30.061257, 0.767468], [30.060994, 0.767655], [30.060673, 0.768134], [30.0604, 0.768243], [30.059307, 0.768184], [30.058423, 0.767955], [30.057492, 0.768368], [30.057085, 0.768339], [30.055896, 0.767569], [30.052274, 0.76469], [30.050558, 0.764117], [30.050039, 0.763188], [30.048785, 0.762829], [30.048506, 0.762622], [30.048359, 0.762311], [30.048346, 0.761245], [30.049058, 0.758001], [30.049068, 0.757667], [30.048869, 0.757137], [30.049097, 0.756548], [30.049196, 0.755722], [30.049326, 0.755425], [30.049532, 0.755275], [30.050265, 0.75479], [30.050829, 0.754578], [30.051028, 0.753879], [30.050845, 0.753303], [30.048917, 0.750023], [30.049042, 0.748754], [30.05134, 0.744493], [30.05204, 0.742443], [30.052782, 0.739635], [30.053524, 0.737792], [30.053299, 0.736028], [30.051928, 0.73437], [30.051738, 0.733975], [30.052472, 0.731826], [30.053098, 0.728276], [30.053131, 0.727332], [30.052941, 0.725409], [30.053073, 0.724177], [30.054651, 0.720317], [30.055422, 0.719269], [30.055613, 0.718511], [30.055622, 0.717698], [30.055746, 0.717426], [30.056187, 0.717006], [30.056953, 0.717015], [30.058552, 0.715529], [30.059399, 0.715157], [30.059962, 0.713062], [30.060447, 0.711903], [30.061787, 0.710295], [30.062096, 0.708922], [30.063117, 0.706725], [30.06322, 0.705991], [30.062996, 0.705099], [30.062991, 0.703853], [30.063102, 0.702641], [30.063307, 0.701781], [30.063194, 0.700647], [30.063457, 0.699637], [30.063432, 0.699174], [30.063107, 0.698946], [30.062408, 0.69904], [30.061974, 0.698922], [30.061047, 0.698025], [30.060966, 0.697525], [30.061112, 0.695769], [30.061357, 0.69489], [30.061519, 0.693615], [30.061748, 0.693371], [30.062637, 0.693107], [30.062951, 0.69267], [30.063336, 0.691559], [30.063964, 0.690515], [30.064377, 0.687397], [30.065381, 0.686083], [30.065645, 0.685567], [30.065699, 0.684958], [30.065526, 0.683293], [30.065712, 0.68148], [30.066274, 0.68031], [30.066102, 0.680006], [30.065177, 0.679559], [30.064573, 0.67881], [30.06379, 0.678377], [30.063193, 0.676934], [30.062942, 0.676745], [30.061451, 0.676327], [30.059404, 0.675286], [30.057391, 0.674663], [30.054954, 0.672736], [30.053866, 0.671493], [30.04912, 0.667246], [30.048463, 0.667012], [30.045603, 0.667414], [30.043257, 0.667108], [30.042245, 0.666852], [30.04178, 0.666901], [30.038348, 0.668439], [30.037529, 0.669349], [30.03649, 0.670954], [30.036258, 0.671054], [30.035919, 0.67098], [30.035585, 0.67021], [30.035291, 0.670031], [30.031768, 0.669594], [30.028357, 0.668858], [30.024301, 0.668273], [30.023993, 0.668148], [30.023535, 0.667433], [30.023206, 0.667333], [30.020918, 0.668215], [30.01782, 0.669898], [30.017319, 0.670042], [30.012268, 0.670294], [30.010531, 0.669887], [30.009338, 0.669393], [30.008803, 0.669325], [30.00825, 0.66944], [30.007425, 0.669944], [30.00229, 0.67485], [30.001929, 0.675129], [30.001151, 0.675397], [30.000375, 0.675455], [29.999601, 0.675338], [29.993459, 0.673875], [29.992879, 0.673342], [29.991893, 0.671412], [29.990349, 0.670131], [29.989229, 0.66734], [29.988593, 0.666168], [29.988135, 0.665437], [29.986332, 0.663378], [29.985125, 0.660103], [29.984879, 0.65734], [29.984013, 0.656096], [29.982552, 0.653133], [29.978358, 0.646341], [29.978346, 0.64575], [29.979635, 0.643399], [29.979756, 0.642955], [29.979662, 0.642618], [29.977984, 0.6425], [29.977157, 0.642308], [29.976783, 0.642098], [29.976624, 0.641842], [29.976448, 0.640418], [29.974435, 0.638122], [29.974034, 0.637843], [29.972566, 0.637169], [29.970191, 0.6366], [29.968198, 0.635676], [29.967031, 0.634955], [29.966061, 0.634043], [29.9657, 0.633834], [29.961574, 0.633072], [29.960457, 0.632623], [29.95944, 0.631842], [29.958961, 0.631313], [29.958263, 0.630179], [29.957925, 0.630065]]}, "properties": {"project_id": "NDP4-016", "project_name": "Prioritized Periodic Maintenance \u2014 Western", "component": "Prioritized Periodic Maintenance", "region": "Western", "priority": "Medium", "status": "Programme", "funder": "TBD", "project_total_km": 246.7, "road_no": "C540", "link_id": "C540_Link02", "link_name": "Karugutu - Bundibugyo - Lamia", "length_km": 76.2}}, {"type": "Feature", "geometry": {"type": "LineString", "coordinates": [[31.343785, 1.479196], [31.340958, 1.480059], [31.335354, 1.481135], [31.331362, 1.482651], [31.330655, 1.482817], [31.329814, 1.482843], [31.328662, 1.482733], [31.326525, 1.482098], [31.320299, 1.479527], [31.31919, 1.47939], [31.31744, 1.480006], [31.311386, 1.481507], [31.304171, 1.483496], [31.296178, 1.487318], [31.295375, 1.487668], [31.292486, 1.488451], [31.290486, 1.489212], [31.288207, 1.490487], [31.278863, 1.497058], [31.270752, 1.5023], [31.268536, 1.504513], [31.267204, 1.505344], [31.260943, 1.50776], [31.259401, 1.50812], [31.258203, 1.508108], [31.253835, 1.50678], [31.25203, 1.506413], [31.25025, 1.506375], [31.24938, 1.506605], [31.247871, 1.507264], [31.244645, 1.510105], [31.243853, 1.511208], [31.242763, 1.513112], [31.241536, 1.514528], [31.239932, 1.51593], [31.230599, 1.522327], [31.222785, 1.525799], [31.219383, 1.526742], [31.218245, 1.527288], [31.21722, 1.528205], [31.215954, 1.530024], [31.214426, 1.531528], [31.207761, 1.536964], [31.204731, 1.539572], [31.202406, 1.541348], [31.201361, 1.54201], [31.200121, 1.542438], [31.198457, 1.54265], [31.197572, 1.542613], [31.193774, 1.541887], [31.191465, 1.541629], [31.189103, 1.542032], [31.185139, 1.543127], [31.18225, 1.544124], [31.180772, 1.54478], [31.178453, 1.54638], [31.176098, 1.548628], [31.173321, 1.550129]]}, "properties": {"project_id": "NDP4-016", "project_name": "Prioritized Periodic Maintenance \u2014 Western", "component": "Prioritized Periodic Maintenance", "region": "Western", "priority": "Medium", "status": "Programme", "funder": "TBD", "project_total_km": 246.7, "road_no": "C592", "link_id": "C592_Link01", "link_name": "Parajwoki - Buseruka", "length_km": 21.728}}, {"type": "Feature", "geometry": {"type": "LineString", "coordinates": [[31.173321, 1.550129], [31.170414, 1.551539], [31.166042, 1.552057], [31.161629, 1.552746], [31.146744, 1.552971], [31.145042, 1.552669], [31.140816, 1.551047], [31.139402, 1.550254], [31.137242, 1.548676], [31.136197, 1.548101], [31.135424, 1.546829], [31.133108, 1.541944], [31.131818, 1.539891], [31.131011, 1.538897], [31.128126, 1.536064], [31.122286, 1.532468], [31.120828, 1.531866], [31.114335, 1.529883], [31.11271, 1.529023], [31.11136, 1.527751], [31.109184, 1.525094], [31.108122, 1.523771], [31.106374, 1.52126], [31.104236, 1.519097], [31.102385, 1.517653], [31.097059, 1.514337], [31.096093, 1.513828], [31.093892, 1.513048], [31.092441, 1.51239], [31.091082, 1.511531], [31.089425, 1.510193], [31.083972, 1.50474], [31.080091, 1.499941], [31.078052, 1.498548], [31.074473, 1.495211], [31.073722, 1.494253], [31.073271, 1.493021], [31.072754, 1.490802], [31.072296, 1.489729], [31.071469, 1.488344], [31.063043, 1.4777], [31.062054, 1.476738], [31.060356, 1.47538], [31.058076, 1.472828], [31.057545, 1.472492], [31.056635, 1.472207], [31.055946, 1.472219], [31.054049, 1.472766], [31.05343, 1.472674], [31.052674, 1.472343], [31.048347, 1.468536], [31.045048, 1.466244], [31.040929, 1.462827], [31.037144, 1.458535], [31.036116, 1.456792], [31.035667, 1.455527], [31.035277, 1.453866], [31.033879, 1.446672], [31.033131, 1.444923]]}, "properties": {"project_id": "NDP4-016", "project_name": "Prioritized Periodic Maintenance \u2014 Western", "component": "Prioritized Periodic Maintenance", "region": "Western", "priority": "Medium", "status": "Programme", "funder": "TBD", "project_total_km": 246.7, "road_no": "C592", "link_id": "C592_Link02", "link_name": "Buseruka - Kabaale", "length_km": 21.341}}, {"type": "Feature", "geometry": {"type": "LineString", "coordinates": [[32.609, 0.326245], [32.609927, 0.326593], [32.610884, 0.32736], [32.615801, 0.331896], [32.620502, 0.336049], [32.6215, 0.336777], [32.640871, 0.344252], [32.649993, 0.346847], [32.653009, 0.347969], [32.654527, 0.348927], [32.65658, 0.351301], [32.657385, 0.351876], [32.658256, 0.352291], [32.659841, 0.352623], [32.667193, 0.352948], [32.681939, 0.355601], [32.683325, 0.35595], [32.685203, 0.356748], [32.704427, 0.366451], [32.70573, 0.366813], [32.709704, 0.367307], [32.716684, 0.370298], [32.717557, 0.370574], [32.719146, 0.370686], [32.72005, 0.370528], [32.72221, 0.369852], [32.72327, 0.369749], [32.72415, 0.369822], [32.725643, 0.370304], [32.728615, 0.372123], [32.729691, 0.372614], [32.730736, 0.372852], [32.731747, 0.372885], [32.733416, 0.372515], [32.73409, 0.372199], [32.735033, 0.371533], [32.745689, 0.361204], [32.746632, 0.360562], [32.751375, 0.358299]]}, "properties": {"project_id": "NDP4-017", "project_name": "Proposed Capacity Improvement \u2014 Central", "component": "Proposed Capacity Improvement", "region": "Central", "priority": "Medium", "status": "Planned", "funder": "GOU / TBD", "project_total_km": 186.3, "road_no": "A001", "link_id": "A001_Link01", "link_name": "Kampala - Mukono", "length_km": 17.737}}, {"type": "Feature", "geometry": {"type": "LineString", "coordinates": [[32.516015, 0.306291], [32.50466, 0.29619], [32.50175, 0.2927], [32.50104, 0.29226], [32.49948, 0.29168], [32.49877, 0.29106], [32.49831, 0.29039], [32.49756, 0.28789], [32.49711, 0.28715], [32.49672, 0.2868], [32.491608, 0.285049], [32.48918, 0.28527], [32.488145, 0.284972], [32.487293, 0.284473], [32.48491, 0.28245], [32.483093, 0.280763], [32.48179, 0.27924], [32.480852, 0.278651], [32.479882, 0.278584], [32.47856, 0.27868], [32.47733, 0.27816], [32.47644, 0.27802], [32.4759, 0.2781], [32.47195, 0.27932], [32.47101, 0.27939], [32.47042, 0.27919], [32.46981, 0.27867], [32.46869, 0.27725], [32.46768, 0.27469], [32.46705, 0.27356], [32.46523, 0.27218], [32.46413, 0.27152], [32.46349, 0.27142], [32.46273, 0.27162], [32.46188, 0.27223], [32.46085, 0.2734], [32.45939, 0.2756], [32.45839, 0.27832], [32.45693, 0.28154], [32.45657, 0.28266], [32.4559, 0.28352], [32.45529, 0.28406], [32.45452, 0.28421], [32.45386, 0.28406], [32.45323, 0.28376], [32.45186, 0.28239], [32.44904, 0.28077], [32.446373, 0.278395], [32.441755, 0.275729], [32.440986, 0.275104], [32.440398, 0.274304], [32.438503, 0.270313], [32.43763, 0.26921], [32.43675, 0.26841], [32.43556, 0.26766], [32.421348, 0.260664], [32.415025, 0.258456], [32.414264, 0.258281], [32.413387, 0.258215], [32.406975, 0.258725], [32.405965, 0.258512], [32.404054, 0.257762], [32.403139, 0.25735], [32.400822, 0.255912], [32.399494, 0.254804], [32.397561, 0.252846], [32.39685, 0.252376], [32.387155, 0.249009], [32.384734, 0.248051], [32.383898, 0.247409], [32.381441, 0.244685], [32.380497, 0.244152], [32.352418, 0.241313], [32.35089, 0.24086], [32.34995, 0.24025], [32.34945, 0.23976], [32.34889, 0.23894], [32.345917, 0.231856], [32.344566, 0.229246], [32.343951, 0.228346], [32.340517, 0.225311], [32.337728, 0.223387], [32.335337, 0.221152]]}, "properties": {"project_id": "NDP4-017", "project_name": "Proposed Capacity Improvement \u2014 Central", "component": "Proposed Capacity Improvement", "region": "Central", "priority": "Medium", "status": "Planned", "funder": "GOU / TBD", "project_total_km": 186.3, "road_no": "A002", "link_id": "A002_Link02", "link_name": "Busega - Mpigi", "length_km": 25.342}}, {"type": "Feature", "geometry": {"type": "LineString", "coordinates": [[32.562248, 0.252257], [32.561883, 0.251899], [32.558606, 0.246854], [32.55398, 0.235931], [32.542952, 0.215074], [32.542326, 0.21332], [32.542354, 0.212236], [32.541932, 0.211842], [32.540856, 0.207849], [32.54047, 0.205341], [32.538165, 0.178078], [32.538446, 0.17659], [32.539083, 0.174675], [32.542039, 0.170294], [32.542596, 0.169231], [32.542938, 0.167927], [32.543091, 0.165885], [32.543285, 0.164898], [32.54523, 0.161029], [32.545637, 0.159748], [32.545966, 0.154454], [32.545651, 0.147764], [32.54534, 0.146499], [32.544677, 0.145247], [32.542629, 0.142405], [32.537423, 0.136795], [32.53624, 0.135347], [32.531279, 0.127402], [32.529817, 0.123971], [32.529403, 0.122691], [32.529295, 0.121416], [32.529534, 0.116396], [32.529349, 0.115196], [32.52884, 0.113942], [32.528113, 0.11291], [32.523483, 0.107939], [32.522468, 0.107136], [32.521467, 0.106657], [32.520654, 0.106433], [32.51301, 0.105024], [32.512188, 0.104768], [32.511344, 0.104212], [32.510721, 0.103758], [32.509276, 0.102202], [32.50492, 0.097088], [32.498753, 0.092154], [32.497657, 0.091698], [32.489902, 0.089281], [32.485417, 0.086917], [32.484545, 0.086294], [32.483764, 0.085199], [32.481397, 0.080349], [32.476684, 0.071823], [32.476362, 0.070899], [32.47592, 0.06747], [32.472802, 0.06255], [32.472918, 0.058398], [32.472655, 0.057474], [32.472377, 0.057236], [32.471554, 0.056895], [32.46899, 0.056056], [32.468653, 0.056016], [32.467821, 0.056379], [32.467462, 0.056406], [32.466525, 0.056025], [32.464938, 0.055757], [32.458092, 0.052801], [32.457427, 0.052297], [32.457111, 0.051833], [32.456883, 0.050928], [32.456951, 0.047874], [32.457447, 0.046969], [32.458696, 0.045916], [32.459037, 0.045468], [32.459815, 0.043898], [32.459968, 0.043055], [32.459866, 0.042203], [32.458963, 0.03893], [32.458577, 0.038109], [32.457972, 0.037478], [32.456573, 0.036715], [32.455796, 0.036433], [32.4544, 0.036194], [32.452701, 0.036345], [32.451274, 0.036902], [32.450102, 0.037757], [32.449055, 0.039089], [32.44867, 0.039915], [32.447775, 0.042617], [32.447139, 0.043703], [32.446615, 0.04424], [32.445484, 0.044982], [32.444999, 0.045157], [32.444362, 0.045136]]}, "properties": {"project_id": "NDP4-017", "project_name": "Proposed Capacity Improvement \u2014 Central", "component": "Proposed Capacity Improvement", "region": "Central", "priority": "Medium", "status": "Planned", "funder": "GOU / TBD", "project_total_km": 186.3, "road_no": "A003", "link_id": "A003_Link02", "link_name": "Zana - Entebbe Airport", "length_km": 32.016}}, {"type": "Feature", "geometry": {"type": "LineString", "coordinates": [[32.370432, 0.333542], [32.368873, 0.334454], [32.365846, 0.33586], [32.349675, 0.344214], [32.347919, 0.344892], [32.329374, 0.348649], [32.325549, 0.348337], [32.322518, 0.347725], [32.321739, 0.34789], [32.32045, 0.34851], [32.319693, 0.348589], [32.318897, 0.348334], [32.317242, 0.34711], [32.316773, 0.346974], [32.316132, 0.346986], [32.307384, 0.349049], [32.30449, 0.350694], [32.30162, 0.352765], [32.300778, 0.353147], [32.29975, 0.353283], [32.296467, 0.352877], [32.294932, 0.353037], [32.294322, 0.353203], [32.293868, 0.353499], [32.293519, 0.353908], [32.292299, 0.356498], [32.291352, 0.357909], [32.290769, 0.358457], [32.289286, 0.359071], [32.288465, 0.35926], [32.287762, 0.359156], [32.285996, 0.358467], [32.284962, 0.358609], [32.278488, 0.363591], [32.277822, 0.364276], [32.277135, 0.365262], [32.272497, 0.373124], [32.271866, 0.373906], [32.271139, 0.374516], [32.270152, 0.375059], [32.269091, 0.375363], [32.265927, 0.37561], [32.258937, 0.376904]]}, "properties": {"project_id": "NDP4-017", "project_name": "Proposed Capacity Improvement \u2014 Central", "component": "Proposed Capacity Improvement", "region": "Central", "priority": "Medium", "status": "Planned", "funder": "GOU / TBD", "project_total_km": 186.3, "road_no": "A005", "link_id": "A005_Link01", "link_name": "Busega - Bujuuko", "length_km": 32.23}}, {"type": "Feature", "geometry": {"type": "LineString", "coordinates": [[32.545676, 0.400973], [32.545128, 0.402268], [32.54437, 0.403349], [32.537428, 0.410817], [32.536908, 0.411647], [32.536701, 0.412792], [32.536983, 0.41645], [32.536886, 0.418391], [32.5365, 0.421404], [32.536065, 0.42349], [32.534677, 0.426828], [32.534353, 0.4335], [32.534048, 0.434253], [32.533493, 0.435013], [32.530817, 0.437239], [32.530073, 0.438101], [32.529589, 0.438999], [32.528404, 0.442043], [32.528312, 0.442621], [32.528396, 0.443316], [32.529471, 0.446106], [32.530163, 0.447067], [32.532735, 0.449759], [32.533301, 0.450847], [32.533401, 0.451563], [32.533315, 0.452294], [32.532245, 0.455534], [32.531742, 0.456425], [32.529185, 0.459018], [32.528394, 0.460395], [32.52772, 0.461179], [32.525815, 0.462848], [32.521047, 0.465889]]}, "properties": {"project_id": "NDP4-017", "project_name": "Proposed Capacity Improvement \u2014 Central", "component": "Proposed Capacity Improvement", "region": "Central", "priority": "Medium", "status": "Planned", "funder": "GOU / TBD", "project_total_km": 186.3, "road_no": "A006", "link_id": "A006_Link02", "link_name": "Kawempe - Matuga", "length_km": 8.591}}, {"type": "Feature", "geometry": {"type": "LineString", "coordinates": [[32.56053, 0.324634], [32.558623, 0.325417], [32.557989, 0.325748], [32.557636, 0.32608], [32.557491, 0.326678], [32.557727, 0.329039], [32.557635, 0.329866], [32.556987, 0.331279], [32.556244, 0.332145], [32.555859, 0.332413], [32.555285, 0.332587], [32.55044, 0.333084], [32.549819, 0.333378], [32.549268, 0.333865], [32.547601, 0.337428], [32.545837, 0.340598], [32.543085, 0.344386], [32.542385, 0.344664], [32.541987, 0.345925], [32.532261, 0.358825]]}, "properties": {"project_id": "NDP4-017", "project_name": "Proposed Capacity Improvement \u2014 Central", "component": "Proposed Capacity Improvement", "region": "Central", "priority": "Medium", "status": "Planned", "funder": "GOU / TBD", "project_total_km": 186.3, "road_no": "A009", "link_id": "A009_Link01", "link_name": "Kampala - Nansana", "length_km": 5.305}}, {"type": "Feature", "geometry": {"type": "LineString", "coordinates": [[32.532261, 0.358825], [32.529477, 0.362975], [32.528892, 0.363674], [32.528209, 0.364247], [32.524258, 0.366786], [32.523343, 0.36775], [32.522729, 0.369235], [32.519818, 0.37881], [32.518718, 0.382097], [32.518245, 0.382882], [32.517609, 0.383609], [32.514646, 0.386068], [32.505074, 0.391547], [32.498334, 0.395326], [32.497426, 0.395737], [32.496295, 0.396038], [32.480592, 0.398005], [32.479584, 0.398323], [32.4789, 0.398768], [32.478282, 0.399393], [32.476583, 0.402197], [32.475663, 0.403114], [32.458638, 0.412781], [32.457633, 0.413102], [32.456484, 0.41323], [32.440466, 0.413602], [32.42075, 0.419206], [32.419556, 0.41944], [32.413507, 0.419387], [32.408874, 0.418717], [32.407968, 0.418675], [32.403975, 0.41948], [32.393293, 0.419958], [32.389091, 0.420022], [32.387904, 0.420284], [32.385046, 0.421253], [32.383599, 0.421947], [32.382569, 0.422857], [32.37196, 0.435064], [32.371009, 0.435919], [32.369837, 0.436531], [32.355815, 0.44134], [32.354673, 0.44183], [32.334765, 0.456294], [32.334073, 0.457151], [32.333635, 0.458034], [32.332438, 0.462759], [32.331965, 0.463953], [32.320534, 0.483693], [32.319674, 0.484589], [32.312799, 0.490172], [32.312084, 0.490416], [32.310822, 0.49045], [32.310199, 0.490806], [32.296844, 0.504962], [32.283557, 0.51495], [32.282281, 0.515699], [32.258665, 0.525658], [32.256869, 0.526245], [32.245736, 0.529293], [32.24471, 0.529782], [32.244014, 0.530371], [32.238819, 0.536077], [32.237924, 0.537576], [32.236385, 0.541456], [32.234666, 0.544159], [32.226988, 0.553347], [32.212727, 0.563919], [32.211173, 0.56466], [32.208566, 0.564999]]}, "properties": {"project_id": "NDP4-017", "project_name": "Proposed Capacity Improvement \u2014 Central", "component": "Proposed Capacity Improvement", "region": "Central", "priority": "Medium", "status": "Planned", "funder": "GOU / TBD", "project_total_km": 186.3, "road_no": "A009", "link_id": "A009_Link02", "link_name": "Nansana - Busunju", "length_km": 45.559}}, {"type": "Feature", "geometry": {"type": "LineString", "coordinates": [[32.628904, 0.317992], [32.631138, 0.318951], [32.632998, 0.319209], [32.63531, 0.321087], [32.63631, 0.322325], [32.636567, 0.322872], [32.637261, 0.326863], [32.637753, 0.328003], [32.63791, 0.328893], [32.637651, 0.329484], [32.634182, 0.334364], [32.634092, 0.334649], [32.634376, 0.335686], [32.634984, 0.336533], [32.635688, 0.337247], [32.636199, 0.338052], [32.638577, 0.339915], [32.640501, 0.341045], [32.64234, 0.341756], [32.646151, 0.343516], [32.646238, 0.343765], [32.647969, 0.345794], [32.647966, 0.346288]]}, "properties": {"project_id": "NDP4-017", "project_name": "Proposed Capacity Improvement \u2014 Central", "component": "Proposed Capacity Improvement", "region": "Central", "priority": "Medium", "status": "Planned", "funder": "GOU / TBD", "project_total_km": 186.3, "road_no": "C022", "link_id": "C022_Link01", "link_name": "Mbuya/Silver Springs - Kireka", "length_km": 4.634}}, {"type": "Feature", "geometry": {"type": "LineString", "coordinates": [[32.649077, 0.346604], [32.649117, 0.34694], [32.650393, 0.348025], [32.651256, 0.349048], [32.651535, 0.349934], [32.651536, 0.350622], [32.650771, 0.352395], [32.650537, 0.354603], [32.650152, 0.355885], [32.649575, 0.356964], [32.647787, 0.359642], [32.647328, 0.360872], [32.648254, 0.364681], [32.648595, 0.36792], [32.649179, 0.369766], [32.649305, 0.373964], [32.649161, 0.374941], [32.648694, 0.376578], [32.64669, 0.380197], [32.649062, 0.382386], [32.654391, 0.387652], [32.656503, 0.389588], [32.657509, 0.390366], [32.663144, 0.393868], [32.671942, 0.397695], [32.672643, 0.39784], [32.676202, 0.396953], [32.680264, 0.396537], [32.683041, 0.395696], [32.688864, 0.394457], [32.692728, 0.394819], [32.6952, 0.395624], [32.697249, 0.396031], [32.700682, 0.396312], [32.701472, 0.396484], [32.701688, 0.39643], [32.702021, 0.395986], [32.703144, 0.392983], [32.70345, 0.390902], [32.704519, 0.387365], [32.705175, 0.386641], [32.707764, 0.384524], [32.70842, 0.383601], [32.70931, 0.380064], [32.709831, 0.376092], [32.710092, 0.374925], [32.712437, 0.371035], [32.713824, 0.369092]]}, "properties": {"project_id": "NDP4-017", "project_name": "Proposed Capacity Improvement \u2014 Central", "component": "Proposed Capacity Improvement", "region": "Central", "priority": "Medium", "status": "Planned", "funder": "GOU / TBD", "project_total_km": 186.3, "road_no": "C152", "link_id": "C152_Link01", "link_name": "Kireka - Namugongo - Misindye - Seeta", "length_km": 14.879}}, {"type": "Feature", "geometry": {"type": "LineString", "coordinates": [[31.280477, 0.497866], [31.279567, 0.498093], [31.278116, 0.498783], [31.276559, 0.49916], [31.275723, 0.499079], [31.274029, 0.498687], [31.271315, 0.498882], [31.270565, 0.498764], [31.269829, 0.498478], [31.26828, 0.497331], [31.267655, 0.496992], [31.266923, 0.496775], [31.265934, 0.496725], [31.262773, 0.497078], [31.261826, 0.497462], [31.258615, 0.499173], [31.257618, 0.499519], [31.25498, 0.499649], [31.252296, 0.500152], [31.250676, 0.500014], [31.249643, 0.4996], [31.248809, 0.499014], [31.239606, 0.489509], [31.238557, 0.488632], [31.237325, 0.487947], [31.229711, 0.485265], [31.228335, 0.484916], [31.222026, 0.484851], [31.218275, 0.485545], [31.217233, 0.485561], [31.216142, 0.485401], [31.215058, 0.485045], [31.21401, 0.484497], [31.21121, 0.482174], [31.209866, 0.481659], [31.208931, 0.48156], [31.207545, 0.481762], [31.201725, 0.48373], [31.198732, 0.484074], [31.197987, 0.48436], [31.196431, 0.485211], [31.195542, 0.485489], [31.194351, 0.485581], [31.19149, 0.485164], [31.190049, 0.485209], [31.189101, 0.485499], [31.187282, 0.486541], [31.186242, 0.486926], [31.185369, 0.487062], [31.181659, 0.487236], [31.180427, 0.487578], [31.178931, 0.487491], [31.178484, 0.487602], [31.176584, 0.488535], [31.169881, 0.489924], [31.166273, 0.491398], [31.163759, 0.491906], [31.162697, 0.492342], [31.161769, 0.493023], [31.160069, 0.494816], [31.159192, 0.49537], [31.158187, 0.495722], [31.154631, 0.49601], [31.153391, 0.495836], [31.152236, 0.495268], [31.150672, 0.493785], [31.149911, 0.493309], [31.146216, 0.492397]]}, "properties": {"project_id": "NDP4-018", "project_name": "Proposed Road Rehabilitation \u2014 Central", "component": "Proposed Road Rehabilitation", "region": "Central", "priority": "Medium", "status": "Planned", "funder": "GOU / Prefinancing", "project_total_km": 82.7, "road_no": "A005", "link_id": "A005_Link07", "link_name": "Lusalira - Nabingoola - Lubaale", "length_km": 16.3}}, {"type": "Feature", "geometry": {"type": "LineString", "coordinates": [[32.571458, 0.340746], [32.571667, 0.34112], [32.570861, 0.347935], [32.570895, 0.349231], [32.571616, 0.351975], [32.571528, 0.352479], [32.571619, 0.352892], [32.571753, 0.353295], [32.572264, 0.353889], [32.572777, 0.355217], [32.574029, 0.359233], [32.576588, 0.369213], [32.576659, 0.370432], [32.576364, 0.375466], [32.577141, 0.383316], [32.582747, 0.400283], [32.583236, 0.401281], [32.584337, 0.402522], [32.593111, 0.408158], [32.593816, 0.408839], [32.594385, 0.409613], [32.5947, 0.410253], [32.595159, 0.411802], [32.600698, 0.433039], [32.602239, 0.43747], [32.602565, 0.438087], [32.603324, 0.4389], [32.609562, 0.444023], [32.611296, 0.445595], [32.611708, 0.446166], [32.611944, 0.446739], [32.61205, 0.447414], [32.612, 0.448116]]}, "properties": {"project_id": "NDP4-018", "project_name": "Proposed Road Rehabilitation \u2014 Central", "component": "Proposed Road Rehabilitation", "region": "Central", "priority": "Medium", "status": "Planned", "funder": "GOU / Prefinancing", "project_total_km": 82.7, "road_no": "B100", "link_id": "B100_Link01", "link_name": "Kubiri Round About - Gayaza", "length_km": 13.346}}, {"type": "Feature", "geometry": {"type": "LineString", "coordinates": [[32.612, 0.448116], [32.611771, 0.450081], [32.611866, 0.45058], [32.612205, 0.451251], [32.619239, 0.460896], [32.620036, 0.46151], [32.622624, 0.462851], [32.623871, 0.463323], [32.624582, 0.463367], [32.625542, 0.463186], [32.626621, 0.462575], [32.628431, 0.4606], [32.629165, 0.46019], [32.630052, 0.459966], [32.63777, 0.460458], [32.640316, 0.461091], [32.641151, 0.461503], [32.641803, 0.462176], [32.643511, 0.466247], [32.644218, 0.467196], [32.645445, 0.468157], [32.647003, 0.468752], [32.64786, 0.468853], [32.649094, 0.468755], [32.650419, 0.468304], [32.654037, 0.466313], [32.654974, 0.466138], [32.656077, 0.46629], [32.656842, 0.466642], [32.657529, 0.46722], [32.660378, 0.470897], [32.661531, 0.47208], [32.665177, 0.475053], [32.665786, 0.475465], [32.666687, 0.475818], [32.667996, 0.475919], [32.671056, 0.475449], [32.672722, 0.475305], [32.67345, 0.475376], [32.674081, 0.475598], [32.674705, 0.476004], [32.675165, 0.476502], [32.675823, 0.477525], [32.67628, 0.477937], [32.67677, 0.478194], [32.68022, 0.478885], [32.682229, 0.478923], [32.684173, 0.478467], [32.687093, 0.476934], [32.688862, 0.476497], [32.691682, 0.475219], [32.692702, 0.474467], [32.693993, 0.473048], [32.695062, 0.472417], [32.69628, 0.47219], [32.698037, 0.472359], [32.699018, 0.472292], [32.699939, 0.471967], [32.701464, 0.47098], [32.702393, 0.470585], [32.703564, 0.470432], [32.70484, 0.470662], [32.705665, 0.471069], [32.706311, 0.471584], [32.709125, 0.474751], [32.709343, 0.475354], [32.709381, 0.475976], [32.708986, 0.477557], [32.708939, 0.4782], [32.709126, 0.478952], [32.709656, 0.479701], [32.7103, 0.48012], [32.71119, 0.480312], [32.713826, 0.479841], [32.714464, 0.479834], [32.715388, 0.480164], [32.715998, 0.480745], [32.71638, 0.481518], [32.717706, 0.485246], [32.717848, 0.486246], [32.717784, 0.487922], [32.717921, 0.488572], [32.719462, 0.492057], [32.720166, 0.492917], [32.721135, 0.493338], [32.722926, 0.493389], [32.723796, 0.493656], [32.724439, 0.494108], [32.725943, 0.495671], [32.727138, 0.496657], [32.728035, 0.497291], [32.728775, 0.497518], [32.732844, 0.49717], [32.733635, 0.497002], [32.734423, 0.496484], [32.735727, 0.494978], [32.736383, 0.49458], [32.736994, 0.4944], [32.738154, 0.494425], [32.74071, 0.495311], [32.741731, 0.495857], [32.742532, 0.496634], [32.743065, 0.497543], [32.743789, 0.499438], [32.745229, 0.501089], [32.746179, 0.501921], [32.748251, 0.503256], [32.749018, 0.503974]]}, "properties": {"project_id": "NDP4-018", "project_name": "Proposed Road Rehabilitation \u2014 Central", "component": "Proposed Road Rehabilitation", "region": "Central", "priority": "Medium", "status": "Planned", "funder": "GOU / Prefinancing", "project_total_km": 82.7, "road_no": "B100", "link_id": "B100_Link02", "link_name": "Gayaza - Kalagi", "length_km": 20.154}}, {"type": "Feature", "geometry": {"type": "LineString", "coordinates": [[32.650185, 0.346927], [32.650549, 0.346049], [32.65092, 0.345826], [32.651842, 0.345796], [32.654482, 0.346106], [32.658334, 0.345403], [32.659395, 0.345415], [32.660514, 0.346183], [32.661061, 0.346967], [32.662956, 0.352734]]}, "properties": {"project_id": "NDP4-018", "project_name": "Proposed Road Rehabilitation \u2014 Central", "component": "Proposed Road Rehabilitation", "region": "Central", "priority": "Medium", "status": "Planned", "funder": "GOU / Prefinancing", "project_total_km": 82.7, "road_no": "C170", "link_id": "C170_Link01", "link_name": "Namboole Access Road", "length_km": 2.053}}, {"type": "Feature", "geometry": {"type": "LineString", "coordinates": [[32.611771, 0.450081], [32.611294, 0.450186], [32.610065, 0.451279], [32.608228, 0.451862], [32.607544, 0.452431], [32.606705, 0.453888], [32.605843, 0.456189], [32.605642, 0.457726], [32.605754, 0.467715], [32.606013, 0.471459], [32.60811, 0.478998], [32.608768, 0.48291], [32.61041, 0.487029], [32.614414, 0.501157], [32.615177, 0.503459], [32.616412, 0.508096], [32.617241, 0.510268], [32.617826, 0.512787], [32.617689, 0.513668], [32.616587, 0.516252], [32.616338, 0.517226], [32.616253, 0.518417], [32.616406, 0.520159], [32.615803, 0.522946], [32.615432, 0.525587], [32.61543, 0.526334], [32.615689, 0.527496], [32.617433, 0.53039], [32.620165, 0.535702], [32.623741, 0.541023], [32.624517, 0.542374], [32.625038, 0.54361], [32.625798, 0.546231], [32.62848, 0.554358], [32.628925, 0.555272], [32.629379, 0.55588], [32.633199, 0.55996], [32.636367, 0.563151], [32.640465, 0.566189], [32.641743, 0.567317], [32.64292, 0.56875], [32.644585, 0.571738], [32.645231, 0.572428], [32.646534, 0.573409], [32.647065, 0.57395], [32.647729, 0.575042], [32.648488, 0.577248], [32.649194, 0.578336], [32.657415, 0.58597], [32.657983, 0.586789], [32.65854, 0.588457], [32.659139, 0.589602], [32.66183, 0.592695], [32.662234, 0.593011], [32.662647, 0.593603], [32.662834, 0.594457], [32.662763, 0.596078], [32.663196, 0.59711], [32.663883, 0.598046], [32.664504, 0.598501], [32.665219, 0.598792], [32.668543, 0.599118], [32.66942, 0.5994], [32.670927, 0.600644], [32.673272, 0.603141], [32.674243, 0.603878], [32.67574, 0.604708], [32.681377, 0.607199], [32.685349, 0.60931], [32.686423, 0.610099], [32.687145, 0.611112], [32.688976, 0.614519], [32.689473, 0.61654], [32.690151, 0.621946], [32.690637, 0.623163], [32.691796, 0.625215], [32.692563, 0.626183], [32.696551, 0.630081], [32.69757, 0.630846], [32.699688, 0.632055], [32.701031, 0.633259], [32.701097, 0.633653], [32.700864, 0.634491], [32.698811, 0.6404], [32.698664, 0.641601], [32.698684, 0.643351], [32.698912, 0.644138], [32.699249, 0.644764], [32.700977, 0.646938], [32.701311, 0.647508], [32.703565, 0.654495], [32.704113, 0.655627], [32.707089, 0.659994], [32.707386, 0.660781], [32.707476, 0.661981], [32.707009, 0.663492], [32.699636, 0.673948], [32.69903, 0.675037], [32.698692, 0.676065], [32.698546, 0.677168], [32.698848, 0.680823]]}, "properties": {"project_id": "NDP4-018", "project_name": "Proposed Road Rehabilitation \u2014 Central", "component": "Proposed Road Rehabilitation", "region": "Central", "priority": "Medium", "status": "Planned", "funder": "GOU / Prefinancing", "project_total_km": 82.7, "road_no": "C302", "link_id": "C302_Link01", "link_name": "Gayaza - Zirobwe", "length_km": 30.873}}, {"type": "Feature", "geometry": {"type": "LineString", "coordinates": [[31.089999, 2.478874], [31.090613, 2.480968], [31.090703, 2.481853], [31.090585, 2.482521], [31.089547, 2.485462], [31.089306, 2.486489], [31.089537, 2.488984], [31.089585, 2.491304], [31.089751, 2.491965], [31.091217, 2.49447], [31.092193, 2.496807], [31.092668, 2.498551], [31.092884, 2.500472], [31.092717, 2.502305], [31.091328, 2.508672], [31.090728, 2.510854], [31.089854, 2.512419], [31.089646, 2.513238], [31.089587, 2.519043], [31.090295, 2.524742], [31.092573, 2.533478], [31.093131, 2.534573], [31.095852, 2.538994], [31.096239, 2.540047], [31.096906, 2.542848], [31.097258, 2.543714], [31.097823, 2.544488], [31.099361, 2.546001], [31.099931, 2.546878], [31.102014, 2.552179], [31.102192, 2.553242], [31.102099, 2.554106], [31.101083, 2.556488], [31.100815, 2.557596], [31.100887, 2.560232], [31.10104, 2.561448], [31.101448, 2.562192], [31.10262, 2.563274], [31.103127, 2.564013], [31.103974, 2.566496], [31.108952, 2.576757], [31.111552, 2.583253], [31.113552, 2.588912], [31.114575, 2.591221], [31.115484, 2.595042], [31.115758, 2.597619], [31.115743, 2.598762], [31.115446, 2.601234], [31.115492, 2.602145], [31.115994, 2.603947], [31.116665, 2.605504], [31.117156, 2.606083], [31.117793, 2.606511], [31.120887, 2.608137], [31.12373, 2.609307], [31.128433, 2.6118], [31.129432, 2.612543], [31.131307, 2.614334], [31.13348, 2.61577], [31.134577, 2.616632], [31.137463, 2.619215], [31.138779, 2.620724], [31.139342, 2.621573], [31.140543, 2.624106], [31.142499, 2.626715], [31.144249, 2.629901], [31.145147, 2.632172], [31.14533, 2.632916], [31.145332, 2.633508], [31.14321, 2.640016], [31.142859, 2.641784], [31.142777, 2.643082], [31.142899, 2.644215], [31.143325, 2.645986], [31.145024, 2.650725], [31.145032, 2.651647], [31.144773, 2.652216], [31.144247, 2.652776], [31.129814, 2.665497], [31.129254, 2.665756], [31.128499, 2.665841], [31.123203, 2.66509], [31.12204, 2.665144], [31.11937, 2.666261], [31.11786, 2.667398], [31.116908, 2.668297], [31.116383, 2.669193], [31.115674, 2.672131], [31.114893, 2.678419], [31.114643, 2.679259], [31.114241, 2.679937], [31.113719, 2.680557], [31.11307, 2.680952], [31.11307, 2.681298], [31.111469, 2.683191], [31.110407, 2.684177], [31.108504, 2.685467], [31.105306, 2.687043], [31.103257, 2.688349], [31.100782, 2.691196], [31.097153, 2.696935], [31.094933, 2.700125], [31.091571, 2.703771], [31.089537, 2.706298], [31.088475, 2.707293], [31.086729, 2.708577], [31.081176, 2.712305], [31.079708, 2.713581], [31.07846, 2.714947], [31.07769, 2.716013], [31.07704, 2.71754], [31.076491, 2.718462], [31.071066, 2.725712], [31.063138, 2.735996], [31.057469, 2.744756], [31.052198, 2.751054], [31.045793, 2.759766], [31.043193, 2.763609], [31.036255, 2.775266], [31.035602, 2.775813], [31.029914, 2.779157], [31.025881, 2.781145], [31.024723, 2.781845], [31.024077, 2.782546], [31.023116, 2.784473], [31.021396, 2.786403], [31.019986, 2.787475], [31.016442, 2.789586], [31.015747, 2.790186], [31.014594, 2.792116], [31.011283, 2.798978], [31.011022, 2.800096], [31.010805, 2.803373], [31.010504, 2.804373], [31.009927, 2.805384], [31.007903, 2.807948], [31.007411, 2.808301], [31.006839, 2.808504], [31.005141, 2.808441], [31.004241, 2.808594], [30.999926, 2.810827], [30.997485, 2.811846], [30.996765, 2.812479], [30.99524, 2.814641], [30.994835, 2.815767], [30.994764, 2.817492], [30.995029, 2.823212], [30.995462, 2.825652], [30.995212, 2.829342], [30.994391, 2.831603], [30.992671, 2.837541], [30.991571, 2.841798], [30.986983, 2.853648], [30.984119, 2.858802], [30.98403, 2.859397], [30.984111, 2.860007], [30.985368, 2.863442], [30.985397, 2.865735], [30.985219, 2.86645], [30.984913, 2.866957], [30.982937, 2.868471], [30.982584, 2.868931], [30.982366, 2.869461], [30.98231, 2.870323], [30.98288, 2.874621], [30.981735, 2.878438], [30.981256, 2.879377], [30.979892, 2.881125], [30.97792, 2.883164], [30.976328, 2.885055], [30.974823, 2.887885], [30.970354, 2.894086], [30.970037, 2.895006], [30.969415, 2.898661], [30.968493, 2.901203], [30.968082, 2.901966], [30.967297, 2.902687], [30.963661, 2.905164], [30.961026, 2.907417], [30.9601, 2.908308], [30.959132, 2.909681], [30.957747, 2.911043], [30.957344, 2.911877], [30.95732, 2.913141], [30.957843, 2.917675], [30.958403, 2.919374], [30.959447, 2.92136], [30.959583, 2.922418], [30.959238, 2.923361], [30.957277, 2.92541], [30.955805, 2.927982], [30.955579, 2.928865], [30.955742, 2.930563], [30.95604, 2.931748], [30.957302, 2.934053], [30.958494, 2.935505], [30.960203, 2.938415], [30.963108, 2.942699], [30.963847, 2.944877], [30.963773, 2.945564], [30.963497, 2.94603]]}, "properties": {"project_id": "NDP4-019", "project_name": "Proposed Road Rehabilitation \u2014 Northern", "component": "Proposed Road Rehabilitation", "region": "Northern", "priority": "Medium", "status": "Planned", "funder": "GOU", "project_total_km": 82.6, "road_no": "A008", "link_id": "A008_Link04", "link_name": "Nebbi - Eruba", "length_km": 63.79}}, {"type": "Feature", "geometry": {"type": "LineString", "coordinates": [[30.963497, 2.94603], [30.963016, 2.946405], [30.958524, 2.948186], [30.956429, 2.948886], [30.955741, 2.948969], [30.954821, 2.948758], [30.946075, 2.945505], [30.945483, 2.945383], [30.94487, 2.945429], [30.944148, 2.945724], [30.938086, 2.949235], [30.937361, 2.949392], [30.934928, 2.949524], [30.932728, 2.950491], [30.932019, 2.950996], [30.931617, 2.951451], [30.930657, 2.95368], [30.930066, 2.954399], [30.925423, 2.956953], [30.924645, 2.957109], [30.923867, 2.956974], [30.920269, 2.954977], [30.918631, 2.954388], [30.917971, 2.954458], [30.917352, 2.954808], [30.916536, 2.95605], [30.916446, 2.956791], [30.916732, 2.958814], [30.916938, 2.962914], [30.917097, 2.963953], [30.91851, 2.968683], [30.920114, 2.972242], [30.920241, 2.97344], [30.919893, 2.976066], [30.919398, 2.977699], [30.91851, 2.979624], [30.917053, 2.981182], [30.916571, 2.981981], [30.914959, 2.986242], [30.914383, 2.988401], [30.913623, 2.994093], [30.912031, 3.001359], [30.911407, 3.005011], [30.911215, 3.007546], [30.911279, 3.008494], [30.911474, 3.009096], [30.91354, 3.012309], [30.914541, 3.014191], [30.914565, 3.014674], [30.910238, 3.022577], [30.910594, 3.022848], [30.912055, 3.024634], [30.912915, 3.026165], [30.913152, 3.02703], [30.913393, 3.029742], [30.913426, 3.031915], [30.913176, 3.038375], [30.913265, 3.039763], [30.913541, 3.041155], [30.913221, 3.044478], [30.913244, 3.045125], [30.91342, 3.045597], [30.915476, 3.048388], [30.916415, 3.049204], [30.91824, 3.050426], [30.920581, 3.053723], [30.922186, 3.055677], [30.928306, 3.060397]]}, "properties": {"project_id": "NDP4-019", "project_name": "Proposed Road Rehabilitation \u2014 Northern", "component": "Proposed Road Rehabilitation", "region": "Northern", "priority": "Medium", "status": "Planned", "funder": "GOU", "project_total_km": 82.6, "road_no": "A008", "link_id": "A008_Link05", "link_name": "Eruba - Arua - Manibe", "length_km": 18.82}}, {"type": "Feature", "geometry": {"type": "LineString", "coordinates": [[30.609912, -0.598193], [30.611657, -0.588552], [30.611809, -0.58697], [30.611567, -0.585449], [30.606937, -0.566708], [30.606979, -0.565978], [30.607537, -0.563831], [30.607616, -0.563091], [30.606382, -0.545413], [30.606017, -0.535009], [30.606207, -0.532408], [30.607731, -0.521023], [30.607612, -0.519962], [30.606332, -0.513624], [30.605943, -0.512617], [30.605372, -0.511907], [30.602395, -0.510062], [30.601621, -0.509339], [30.598785, -0.504305], [30.597848, -0.502847], [30.596948, -0.501689], [30.592794, -0.497011], [30.59212, -0.495966], [30.591805, -0.494703], [30.589464, -0.474297], [30.588917, -0.472787], [30.587015, -0.470108], [30.586404, -0.468667], [30.585523, -0.460484], [30.585307, -0.459435], [30.584765, -0.458326], [30.583889, -0.457362], [30.576216, -0.452385], [30.575401, -0.451645], [30.57469, -0.450654], [30.574188, -0.44943], [30.574002, -0.448254], [30.574419, -0.4413], [30.574359, -0.440567], [30.574131, -0.439874]]}, "properties": {"project_id": "NDP4-020", "project_name": "Proposed Road Rehabilitation \u2014 Southern", "component": "Proposed Road Rehabilitation", "region": "Southern", "priority": "Medium", "status": "Planned", "funder": "TBD", "project_total_km": 135.7, "road_no": "B150", "link_id": "B150_Link01", "link_name": "Ishanyu - Bwizibwera", "length_km": 18.949}}, {"type": "Feature", "geometry": {"type": "LineString", "coordinates": [[30.574131, -0.439874], [30.572087, -0.434776], [30.57163, -0.433148], [30.570603, -0.422952], [30.568945, -0.415677], [30.568498, -0.413083], [30.568564, -0.40851], [30.5683, -0.39881], [30.567951, -0.397306], [30.566047, -0.39164], [30.565706, -0.389891], [30.564356, -0.373863], [30.564524, -0.37135], [30.565209, -0.367765], [30.56562, -0.361586], [30.566059, -0.36001], [30.569814, -0.351243], [30.570324, -0.349603], [30.571429, -0.34507], [30.572411, -0.34228], [30.573432, -0.340051], [30.575865, -0.335559], [30.576076, -0.334415], [30.575954, -0.332849], [30.57608, -0.332215], [30.577084, -0.330395], [30.579203, -0.328199], [30.581658, -0.324545], [30.58344, -0.320123], [30.585245, -0.316578], [30.586686, -0.313315], [30.592012, -0.304297], [30.593348, -0.301742], [30.594305, -0.29928], [30.594239, -0.298348], [30.593909, -0.297821], [30.593279, -0.297332], [30.590952, -0.296423], [30.589727, -0.29622], [30.584947, -0.296984], [30.579633, -0.296985], [30.578725, -0.297185], [30.575078, -0.298525], [30.573971, -0.298668], [30.572851, -0.298582], [30.571933, -0.298321], [30.571065, -0.297906], [30.569311, -0.29646], [30.568599, -0.296048], [30.567737, -0.295801], [30.565372, -0.295468], [30.564478, -0.295153], [30.561692, -0.293189], [30.561357, -0.292639], [30.561235, -0.291995], [30.561723, -0.289277], [30.561499, -0.287177], [30.561596, -0.28394], [30.561416, -0.282709], [30.560869, -0.280973], [30.560831, -0.280359], [30.560999, -0.279762], [30.56136, -0.279249], [30.563383, -0.278012], [30.563952, -0.2773], [30.564102, -0.276409], [30.563721, -0.273563], [30.563525, -0.273123], [30.562701, -0.272023], [30.561846, -0.268042], [30.561568, -0.267483], [30.560661, -0.266348], [30.56027, -0.265646], [30.559453, -0.262593], [30.559146, -0.261839], [30.558762, -0.261187], [30.553969, -0.255244], [30.553527, -0.254289], [30.553075, -0.252507], [30.552654, -0.2517], [30.548752, -0.246939], [30.548163, -0.246081], [30.547923, -0.245328], [30.547905, -0.243837], [30.547695, -0.241846], [30.546598, -0.234686], [30.546277, -0.234165], [30.545855, -0.233783], [30.544943, -0.233489], [30.544242, -0.233035], [30.543909, -0.232575], [30.543724, -0.23204], [30.543693, -0.231754], [30.543996, -0.230436], [30.544688, -0.229176], [30.545532, -0.228393], [30.547562, -0.227244], [30.548374, -0.226271], [30.548571, -0.225759], [30.548696, -0.224816], [30.548491, -0.22394], [30.548204, -0.223387], [30.547409, -0.222581], [30.546438, -0.222155], [30.5426, -0.22091], [30.540999, -0.220859], [30.540192, -0.220662], [30.539578, -0.220299], [30.53827, -0.219081], [30.538115, -0.218868], [30.537517, -0.216825], [30.536936, -0.215721], [30.53387, -0.212573], [30.533331, -0.211349], [30.532713, -0.209218], [30.53247, -0.208709], [30.531895, -0.20806], [30.530533, -0.207006], [30.529205, -0.205662], [30.528061, -0.203968], [30.527167, -0.201864], [30.525409, -0.195057], [30.525147, -0.194536], [30.524735, -0.194118], [30.524201, -0.193859], [30.523463, -0.193791], [30.521441, -0.194505], [30.520184, -0.194688], [30.516927, -0.194395], [30.516343, -0.194591], [30.515338, -0.195241], [30.514287, -0.195444], [30.5132, -0.195901], [30.511886, -0.195929], [30.511391, -0.196052], [30.509629, -0.197018], [30.508836, -0.19711], [30.508127, -0.196974], [30.507092, -0.196279], [30.502121, -0.190919], [30.501456, -0.189993], [30.500487, -0.188016], [30.499715, -0.187133], [30.49841, -0.18639], [30.495862, -0.185903], [30.494584, -0.185437], [30.493325, -0.184547], [30.492408, -0.183395], [30.491779, -0.181819], [30.49067, -0.174463], [30.490356, -0.173544], [30.489927, -0.172972], [30.489417, -0.172562], [30.486692, -0.17158], [30.486361, -0.171315], [30.486131, -0.170918], [30.485828, -0.165889], [30.485998, -0.164028], [30.48583, -0.163281], [30.485328, -0.162691], [30.484401, -0.162112], [30.484077, -0.161787], [30.482969, -0.159237], [30.481922, -0.15768], [30.480639, -0.156124], [30.479427, -0.155338], [30.479225, -0.154898], [30.479147, -0.153714], [30.478195, -0.153039], [30.478035, -0.152442], [30.478268, -0.152009], [30.479767, -0.150904], [30.480624, -0.150085], [30.484913, -0.144254], [30.486787, -0.14231], [30.488843, -0.138875], [30.491907, -0.134475], [30.492525, -0.134075], [30.500698, -0.130742]]}, "properties": {"project_id": "NDP4-020", "project_name": "Proposed Road Rehabilitation \u2014 Southern", "component": "Proposed Road Rehabilitation", "region": "Southern", "priority": "Medium", "status": "Planned", "funder": "TBD", "project_total_km": 135.7, "road_no": "B150", "link_id": "B150_Link02", "link_name": "Bwizibwera - Ibanda", "length_km": 45.806}}, {"type": "Feature", "geometry": {"type": "LineString", "coordinates": [[30.648492, -0.617336], [30.648356, -0.616534], [30.64814, -0.616255], [30.647727, -0.616057], [30.646652, -0.615892], [30.64449, -0.615264], [30.641526, -0.61548], [30.640817, -0.615394], [30.640134, -0.615129], [30.639348, -0.61452], [30.638308, -0.612995], [30.637338, -0.612141], [30.630093, -0.609366], [30.628079, -0.608456], [30.625311, -0.606989], [30.620942, -0.603977], [30.613104, -0.599781], [30.609896, -0.598185]]}, "properties": {"project_id": "NDP4-020", "project_name": "Proposed Road Rehabilitation \u2014 Southern", "component": "Proposed Road Rehabilitation", "region": "Southern", "priority": "Medium", "status": "Planned", "funder": "TBD", "project_total_km": 135.7, "road_no": "B151", "link_id": "B151_Link01", "link_name": "Mbarara - Ishanyu", "length_km": 4.934}}, {"type": "Feature", "geometry": {"type": "LineString", "coordinates": [[30.609896, -0.598185], [30.603914, -0.595362], [30.596855, -0.592618], [30.571906, -0.58697], [30.570243, -0.586979], [30.562523, -0.588174], [30.548465, -0.589163], [30.519092, -0.584565], [30.507104, -0.582066], [30.483015, -0.582925], [30.481182, -0.58336], [30.476408, -0.585394], [30.47523, -0.585667], [30.473908, -0.585761], [30.472397, -0.58561], [30.449623, -0.581346], [30.44606, -0.581013], [30.435285, -0.580368], [30.422738, -0.579293], [30.405881, -0.578873], [30.404193, -0.578704], [30.400001, -0.577998], [30.399082, -0.577967], [30.398198, -0.578071], [30.392641, -0.579513], [30.378304, -0.580096]]}, "properties": {"project_id": "NDP4-020", "project_name": "Proposed Road Rehabilitation \u2014 Southern", "component": "Proposed Road Rehabilitation", "region": "Southern", "priority": "Medium", "status": "Planned", "funder": "TBD", "project_total_km": 135.7, "road_no": "B151", "link_id": "B151_Link02", "link_name": "Ishanyu - Kabwohe", "length_km": 26.171}}, {"type": "Feature", "geometry": {"type": "LineString", "coordinates": [[30.378304, -0.580096], [30.377046, -0.579924], [30.359185, -0.575369], [30.357874, -0.574934], [30.356349, -0.574084], [30.353658, -0.571982], [30.352732, -0.571405], [30.351553, -0.570996], [30.349343, -0.570632], [30.348198, -0.570021], [30.347328, -0.569119], [30.345294, -0.565883], [30.344595, -0.565184], [30.343693, -0.564566], [30.337058, -0.561506], [30.329339, -0.558326], [30.327928, -0.557837], [30.326208, -0.557564], [30.324188, -0.557688], [30.323027, -0.557984], [30.316255, -0.560253], [30.314169, -0.560638], [30.312216, -0.560756], [30.309471, -0.560521], [30.3, -0.558644], [30.29692, -0.55851], [30.295946, -0.558236], [30.294119, -0.557356], [30.292977, -0.557091], [30.29135, -0.557143], [30.288687, -0.557923], [30.287573, -0.558045], [30.281481, -0.557223], [30.279031, -0.55684], [30.277472, -0.556271], [30.276589, -0.55574], [30.271487, -0.551999], [30.270046, -0.551294], [30.260923, -0.549038], [30.259483, -0.548931], [30.25214, -0.548945], [30.250899, -0.5488], [30.249438, -0.548215], [30.246179, -0.546046], [30.244576, -0.545505], [30.240424, -0.545482], [30.227239, -0.546399], [30.225794, -0.546391], [30.224335, -0.546141], [30.219025, -0.544295], [30.217598, -0.54399], [30.209797, -0.543124], [30.206281, -0.543266], [30.205193, -0.543202], [30.200029, -0.54185], [30.191603, -0.541235], [30.18729, -0.540467], [30.186389, -0.540445], [30.170837, -0.541695], [30.169373, -0.541461], [30.165803, -0.540155], [30.164622, -0.539926], [30.163633, -0.539869], [30.162584, -0.539928], [30.161377, -0.540153], [30.158501, -0.541244], [30.15713, -0.541509], [30.155951, -0.541467], [30.150227, -0.540451], [30.149102, -0.54034], [30.147722, -0.540418], [30.143501, -0.541085], [30.142114, -0.541597], [30.141032, -0.542355], [30.140309, -0.543151], [30.13935, -0.544746], [30.139003, -0.545048]]}, "properties": {"project_id": "NDP4-020", "project_name": "Proposed Road Rehabilitation \u2014 Southern", "component": "Proposed Road Rehabilitation", "region": "Southern", "priority": "Medium", "status": "Planned", "funder": "TBD", "project_total_km": 135.7, "road_no": "B151", "link_id": "B151_Link03", "link_name": "Kabwohe - Ishaka", "length_km": 28.078}}, {"type": "Feature", "geometry": {"type": "LineString", "coordinates": [[30.085731, 0.172178], [30.085577, 0.172286], [30.085457, 0.172684], [30.084994, 0.173203], [30.080396, 0.177363], [30.076836, 0.180998], [30.07625, 0.181387], [30.073379, 0.182571], [30.072516, 0.183086], [30.071262, 0.18435], [30.070996, 0.185802], [30.070606, 0.186436], [30.070162, 0.18675], [30.06828, 0.187526], [30.066929, 0.18765], [30.064911, 0.187266], [30.063367, 0.188059], [30.061843, 0.188155], [30.060649, 0.187851], [30.059451, 0.187236], [30.058365, 0.187685], [30.057496, 0.187638], [30.056946, 0.187303], [30.056179, 0.186407], [30.055596, 0.186245], [30.054309, 0.186519], [30.05225, 0.187631], [30.050796, 0.188065], [30.050442, 0.187984], [30.04928, 0.187314], [30.047093, 0.186791], [30.046499, 0.186903], [30.044681, 0.187643], [30.043815, 0.187814], [30.040815, 0.188127], [30.037735, 0.187958], [30.036699, 0.187721], [30.031222, 0.185506], [30.030814, 0.185176], [30.030268, 0.184361], [30.029267, 0.18391], [30.028, 0.183886], [30.025838, 0.183143], [30.025067, 0.183026], [30.024022, 0.183315], [30.022757, 0.183132], [30.021304, 0.183371], [30.019454, 0.184708], [30.018818, 0.184933], [30.01856, 0.185152], [30.017265, 0.187657], [30.015606, 0.191636], [30.014367, 0.19364], [30.013755, 0.196342], [30.013321, 0.196986], [30.012696, 0.197626], [30.012697, 0.198151], [30.01223, 0.198796], [30.011651, 0.200529], [30.01121, 0.201184], [30.009952, 0.201547], [30.009364, 0.202129], [30.00848, 0.204251], [30.008391, 0.205349], [30.007779, 0.206926], [30.007477, 0.209239]]}, "properties": {"project_id": "NDP4-020", "project_name": "Proposed Road Rehabilitation \u2014 Southern", "component": "Proposed Road Rehabilitation", "region": "Southern", "priority": "Medium", "status": "Planned", "funder": "TBD", "project_total_km": 135.7, "road_no": "C511", "link_id": "C511_Link01", "link_name": "Kasese - Kilembe Mines", "length_km": 11.734}}, {"type": "Feature", "geometry": {"type": "LineString", "coordinates": [[31.146216, 0.492397], [31.144485, 0.491907], [31.143496, 0.491182], [31.143042, 0.490602], [31.141175, 0.487008], [31.140468, 0.486217], [31.139579, 0.485597], [31.138379, 0.485145], [31.130769, 0.483552], [31.129522, 0.482892], [31.127597, 0.481175], [31.126559, 0.480553], [31.120353, 0.478352], [31.11884, 0.478012], [31.115351, 0.477782], [31.114671, 0.477848], [31.113662, 0.478125], [31.10854, 0.480211], [31.097802, 0.481637], [31.096499, 0.481632], [31.09547, 0.481496], [31.091214, 0.480096], [31.090256, 0.47995], [31.089288, 0.48], [31.088385, 0.480241], [31.087601, 0.480625], [31.086966, 0.481095], [31.085634, 0.482406], [31.084628, 0.483059], [31.082665, 0.48413], [31.080926, 0.484811], [31.079247, 0.485115], [31.075184, 0.485198], [31.07402, 0.485137], [31.06912, 0.484465], [31.067798, 0.484791], [31.065985, 0.485804], [31.064447, 0.486062], [31.06363, 0.485923], [31.062675, 0.485463], [31.060001, 0.483101], [31.057024, 0.481337], [31.056238, 0.481052], [31.055127, 0.480927], [31.054312, 0.481303], [31.053062, 0.483019], [31.051582, 0.484162], [31.050631, 0.484568], [31.04895, 0.484978]]}, "properties": {"project_id": "NDP4-021", "project_name": "Proposed Road Rehabilitation \u2014 Western", "component": "Proposed Road Rehabilitation", "region": "Western", "priority": "Medium", "status": "Planned", "funder": "TBD", "project_total_km": 114.1, "road_no": "A005", "link_id": "A005_Link08", "link_name": "Lubaale - Kyegegwa", "length_km": 12.0}}, {"type": "Feature", "geometry": {"type": "LineString", "coordinates": [[31.04895, 0.484978], [31.045607, 0.485757], [31.043328, 0.486626], [31.039813, 0.486961], [31.038621, 0.486638], [31.034399, 0.484266], [31.03296, 0.483718], [31.029094, 0.482977], [31.02791, 0.483058], [31.02675, 0.483407], [31.025297, 0.484329], [31.023099, 0.486671], [31.0224, 0.487062], [31.020742, 0.487647], [31.01971, 0.488398], [31.018935, 0.489613], [31.01852, 0.491653], [31.018251, 0.492356], [31.017864, 0.492964], [31.017254, 0.493571], [31.016352, 0.494101], [31.014266, 0.49502], [31.011376, 0.495233], [31.010159, 0.495442], [31.008433, 0.49593], [31.007016, 0.496542], [30.997791, 0.502456], [30.995992, 0.503877], [30.992504, 0.507268], [30.991513, 0.50794], [30.987788, 0.510051], [30.981219, 0.512486], [30.97995, 0.512714], [30.977761, 0.512801], [30.976593, 0.513088], [30.97058, 0.515956], [30.967788, 0.517524], [30.959742, 0.522753], [30.954656, 0.525905], [30.951079, 0.528387], [30.949685, 0.529167], [30.948057, 0.52989], [30.94516, 0.530859], [30.942709, 0.531397], [30.935371, 0.532069], [30.933872, 0.532333], [30.932642, 0.532759], [30.931406, 0.533403], [30.927583, 0.536358], [30.926383, 0.537005], [30.924952, 0.537344], [30.921398, 0.537424], [30.919987, 0.537813], [30.918712, 0.538573], [30.908076, 0.546005], [30.906655, 0.546682], [30.90567, 0.546854], [30.902564, 0.546974], [30.895814, 0.548328], [30.893458, 0.548622], [30.890613, 0.548629], [30.88489, 0.548076], [30.88247, 0.548253], [30.880845, 0.548693], [30.879168, 0.549449], [30.875667, 0.551425], [30.873296, 0.553301], [30.872077, 0.553835], [30.868442, 0.554376], [30.86661, 0.554248], [30.864452, 0.553779], [30.863387, 0.55378], [30.862286, 0.554043], [30.860486, 0.554828], [30.85745, 0.555533], [30.856427, 0.555387], [30.854476, 0.554543], [30.853593, 0.554514], [30.852678, 0.554948], [30.851689, 0.556114], [30.85107, 0.556548], [30.850291, 0.556725], [30.848932, 0.55664], [30.84804, 0.556761], [30.847173, 0.55711], [30.845808, 0.55804], [30.844682, 0.558378], [30.843857, 0.55836], [30.843079, 0.558131], [30.841473, 0.557054], [30.840563, 0.55669], [30.83957, 0.5566], [30.837506, 0.556932], [30.836787, 0.556928], [30.836087, 0.556737], [30.834523, 0.555948], [30.833285, 0.555895], [30.832589, 0.556124], [30.831838, 0.556659], [30.825895, 0.562758], [30.824465, 0.563644], [30.823757, 0.563901], [30.823041, 0.564004], [30.820342, 0.564004], [30.818889, 0.563767], [30.817886, 0.563353], [30.811453, 0.560061], [30.810407, 0.5597], [30.809342, 0.559543], [30.80843, 0.559596], [30.807405, 0.559835], [30.804774, 0.560958], [30.803912, 0.561498], [30.80298, 0.562404], [30.802314, 0.562739], [30.801684, 0.562824], [30.800498, 0.562627], [30.79827, 0.562654], [30.797044, 0.562332], [30.793614, 0.561068], [30.79289, 0.560578], [30.791941, 0.559594], [30.791381, 0.559243], [30.789364, 0.558979], [30.788798, 0.558663], [30.788093, 0.558046], [30.787511, 0.557779], [30.786838, 0.557717], [30.78632, 0.557815], [30.781003, 0.559391], [30.779637, 0.560112], [30.775535, 0.563941], [30.774909, 0.564645], [30.77435, 0.565663], [30.77341, 0.568598], [30.772908, 0.569408], [30.772183, 0.570156], [30.764602, 0.57479], [30.757012, 0.578234], [30.756367, 0.57879], [30.755028, 0.58055], [30.75392, 0.581348], [30.752897, 0.58173], [30.751765, 0.581862], [30.746933, 0.581012], [30.746286, 0.580982], [30.745256, 0.581279], [30.742419, 0.582857], [30.740833, 0.583209], [30.739288, 0.58301], [30.736945, 0.58209], [30.736156, 0.582054], [30.735528, 0.58219], [30.73468, 0.582661], [30.734043, 0.583388], [30.733003, 0.586097], [30.731642, 0.58888], [30.730806, 0.5899], [30.729974, 0.59031], [30.729216, 0.59045], [30.728711, 0.590414], [30.727498, 0.590049], [30.72685, 0.590009], [30.726077, 0.590152], [30.725462, 0.590428], [30.724794, 0.590996], [30.719547, 0.596568], [30.718676, 0.597217], [30.717989, 0.59741], [30.717251, 0.59742], [30.712573, 0.596711], [30.711735, 0.596778], [30.710691, 0.597193], [30.709817, 0.598069], [30.708026, 0.601881], [30.707686, 0.602982], [30.707314, 0.605468], [30.706972, 0.606561], [30.706522, 0.607138], [30.705467, 0.607841], [30.704753, 0.60799], [30.703951, 0.607934], [30.702574, 0.607385], [30.701561, 0.607125], [30.700256, 0.607104], [30.698363, 0.607453], [30.696927, 0.607222], [30.687799, 0.6015], [30.687021, 0.601128], [30.686256, 0.600916], [30.684885, 0.600822], [30.684478, 0.600912], [30.683267, 0.601345], [30.681594, 0.602284], [30.680553, 0.602487], [30.679453, 0.602369], [30.67777, 0.601714], [30.676677, 0.601481], [30.66948, 0.601526], [30.668496, 0.601692], [30.667642, 0.602028], [30.66402, 0.604389], [30.661501, 0.605538], [30.66002, 0.606342], [30.657165, 0.608134], [30.654869, 0.61032], [30.653696, 0.611009], [30.650355, 0.612356], [30.649162, 0.612584], [30.648232, 0.61254], [30.645214, 0.611712], [30.644136, 0.611638], [30.643227, 0.611915], [30.641733, 0.61291]]}, "properties": {"project_id": "NDP4-021", "project_name": "Proposed Road Rehabilitation \u2014 Western", "component": "Proposed Road Rehabilitation", "region": "Western", "priority": "Medium", "status": "Planned", "funder": "TBD", "project_total_km": 114.1, "road_no": "A005", "link_id": "A005_Link09", "link_name": "Kyegegwa - Kakabala - Kyenjojo", "length_km": 52.261}}, {"type": "Feature", "geometry": {"type": "LineString", "coordinates": [[30.641733, 0.61291], [30.637097, 0.616168], [30.632635, 0.619679], [30.631687, 0.620018], [30.625106, 0.62106], [30.624215, 0.621317], [30.616054, 0.626497], [30.615523, 0.627159], [30.615337, 0.627813], [30.615418, 0.630775], [30.615318, 0.631597], [30.614317, 0.634595], [30.613929, 0.635382], [30.613213, 0.63621], [30.609878, 0.639064], [30.608802, 0.63979], [30.607042, 0.640746], [30.60617, 0.640887], [30.599954, 0.640899], [30.599083, 0.641088], [30.596886, 0.641916], [30.596347, 0.641983], [30.587483, 0.641232], [30.586223, 0.641385], [30.584918, 0.642048], [30.582329, 0.64467], [30.581682, 0.645105], [30.58105, 0.64527], [30.580572, 0.645258], [30.578458, 0.644529], [30.577696, 0.644584], [30.577083, 0.644833], [30.571768, 0.649745], [30.570938, 0.650255], [30.570337, 0.650373], [30.562893, 0.650547], [30.559189, 0.651708], [30.558502, 0.65217], [30.555301, 0.655657], [30.554749, 0.656018], [30.553971, 0.656258], [30.553028, 0.65623], [30.548267, 0.654781], [30.547179, 0.65458], [30.537585, 0.655232], [30.536332, 0.655124], [30.534004, 0.654588], [30.533207, 0.654572], [30.532095, 0.654892], [30.531327, 0.655469], [30.530793, 0.656149], [30.529917, 0.657864], [30.529277, 0.658473], [30.526308, 0.659589], [30.525467, 0.65973], [30.524792, 0.659578], [30.523358, 0.658716], [30.522667, 0.658522], [30.508318, 0.656484], [30.507352, 0.656603], [30.506893, 0.656815], [30.506405, 0.657257], [30.504436, 0.660374], [30.504295, 0.660901], [30.504266, 0.662762], [30.504071, 0.66331], [30.503699, 0.66386], [30.493611, 0.673282], [30.492718, 0.673638], [30.491823, 0.673708], [30.484788, 0.671925], [30.478272, 0.671535], [30.477458, 0.671784], [30.473142, 0.674204], [30.472139, 0.675153], [30.47043, 0.677423], [30.469848, 0.677894], [30.469146, 0.678164], [30.463728, 0.678324], [30.462553, 0.678274], [30.461436, 0.678049], [30.460032, 0.677571], [30.447196, 0.671533], [30.446228, 0.671408], [30.440445, 0.671721], [30.439858, 0.671651], [30.439177, 0.671387], [30.438605, 0.67095], [30.438188, 0.670411], [30.436971, 0.667016], [30.436513, 0.666407], [30.42627, 0.661751], [30.425365, 0.660942], [30.424, 0.658491], [30.423625, 0.658087], [30.422974, 0.657648], [30.41376, 0.654174], [30.409608, 0.65141], [30.408507, 0.650524], [30.407691, 0.649295], [30.40681, 0.647217], [30.406308, 0.646592], [30.401059, 0.644395], [30.400215, 0.644174], [30.398577, 0.644123], [30.396231, 0.643483], [30.394292, 0.643613], [30.392398, 0.642748], [30.391352, 0.642896], [30.386997, 0.645869], [30.386536, 0.646476], [30.386036, 0.647839], [30.385723, 0.64831], [30.385187, 0.64873], [30.384296, 0.648888], [30.383931, 0.648818], [30.383288, 0.648458], [30.380252, 0.645124], [30.379378, 0.644428], [30.378029, 0.643881], [30.374785, 0.643583], [30.373803, 0.643724], [30.372715, 0.644125], [30.367899, 0.647162], [30.366868, 0.647474], [30.365557, 0.647454], [30.364399, 0.647037], [30.363854, 0.64669], [30.363301, 0.646144], [30.36277, 0.645333], [30.361741, 0.643163], [30.360615, 0.641807], [30.358404, 0.6403], [30.357224, 0.639676], [30.356459, 0.639617], [30.35395, 0.639884], [30.350424, 0.639468], [30.349607, 0.639494], [30.348434, 0.639853], [30.345217, 0.641583], [30.344134, 0.64171], [30.343238, 0.641463], [30.342642, 0.64106], [30.342145, 0.640459], [30.340118, 0.635683], [30.338743, 0.633064], [30.338108, 0.632275], [30.337504, 0.631823], [30.336824, 0.631509], [30.331601, 0.629913], [30.330812, 0.629895], [30.33007, 0.630079], [30.329184, 0.630647], [30.328691, 0.631247], [30.328369, 0.631996], [30.327152, 0.636467], [30.326792, 0.637331], [30.323277, 0.643135], [30.321983, 0.644532], [30.320493, 0.645686], [30.319698, 0.646154], [30.31408, 0.648497], [30.312873, 0.648545], [30.310887, 0.647809], [30.30975, 0.647735], [30.302156, 0.650116], [30.301657, 0.650483], [30.30133, 0.650905], [30.300861, 0.652373], [30.300546, 0.65288], [30.297904, 0.654835], [30.297446, 0.655318], [30.29674, 0.65648], [30.296338, 0.65797], [30.29577, 0.658495], [30.291479, 0.659835], [30.290941, 0.659871], [30.289057, 0.659586], [30.287782, 0.658432], [30.285765, 0.657196], [30.285111, 0.656948], [30.281952, 0.656906], [30.280834, 0.657242], [30.278758, 0.658139], [30.27762, 0.655993], [30.277228, 0.655552], [30.276024, 0.654795], [30.275775, 0.654143], [30.274683, 0.652918]]}, "properties": {"project_id": "NDP4-021", "project_name": "Proposed Road Rehabilitation \u2014 Western", "component": "Proposed Road Rehabilitation", "region": "Western", "priority": "Medium", "status": "Planned", "funder": "TBD", "project_total_km": 114.1, "road_no": "A005", "link_id": "A005_Link10", "link_name": "Kyenjojo - Rugombe - Fortportal", "length_km": 49.811}}, {"type": "Feature", "geometry": {"type": "LineString", "coordinates": [[32.067211, -0.248405], [32.067262, -0.249063], [32.066852, -0.250466], [32.067084, -0.252479], [32.069546, -0.257483], [32.06969, -0.257595], [32.07304, -0.255861], [32.07552, -0.25528], [32.077958, -0.254267], [32.078727, -0.254191], [32.079789, -0.254283], [32.083788, -0.256113], [32.087884, -0.256505], [32.092112, -0.25741], [32.095834, -0.257625], [32.100238, -0.258568], [32.103537, -0.25865], [32.109392, -0.258394], [32.109881, -0.25853], [32.111293, -0.259403], [32.113421, -0.26007], [32.113982, -0.259991], [32.116458, -0.259188], [32.118017, -0.258999], [32.119189, -0.259147], [32.120088, -0.259093], [32.121231, -0.258632], [32.12235, -0.258001], [32.123461, -0.257822], [32.124348, -0.257907], [32.125953, -0.258349], [32.128266, -0.258458], [32.130593, -0.259311], [32.135564, -0.265082], [32.13612, -0.266059], [32.137075, -0.268359], [32.137906, -0.269767], [32.138965, -0.271257], [32.140323, -0.27358], [32.141222, -0.274496], [32.142742, -0.275008], [32.143537, -0.275461], [32.144494, -0.276607], [32.145819, -0.278542], [32.146771, -0.280384], [32.146961, -0.280946], [32.146965, -0.281631], [32.146719, -0.282073], [32.145191, -0.283753], [32.144954, -0.284637], [32.145039, -0.285235], [32.145843, -0.287525], [32.145706, -0.29025], [32.145365, -0.293535], [32.145554, -0.294181], [32.146461, -0.295843], [32.146771, -0.297318], [32.146836, -0.298408], [32.146596, -0.300754], [32.152858, -0.313401], [32.153773, -0.314494], [32.154753, -0.315297], [32.157514, -0.316142], [32.159696, -0.316521], [32.16122, -0.31715], [32.161895, -0.317719], [32.163077, -0.319116], [32.164047, -0.319681], [32.16599, -0.320047], [32.167059, -0.319991], [32.168388, -0.319659], [32.171726, -0.31831], [32.173194, -0.317944], [32.173608, -0.318038], [32.174643, -0.318736], [32.175472, -0.319139], [32.178255, -0.319953], [32.180331, -0.320795], [32.182062, -0.321047], [32.183208, -0.321038], [32.184633, -0.320744], [32.185799, -0.319941], [32.186377, -0.319732], [32.187829, -0.319668], [32.191382, -0.319815], [32.193815, -0.319254], [32.196131, -0.319405], [32.198795, -0.320049], [32.200355, -0.320156], [32.208334, -0.31999], [32.217593, -0.320279], [32.220154, -0.319736], [32.223518, -0.320262], [32.227874, -0.319461], [32.229483, -0.318825], [32.230846, -0.318904], [32.235217, -0.318059], [32.241456, -0.320874], [32.241482, -0.321286], [32.240687, -0.324775], [32.240785, -0.325369], [32.241353, -0.326029], [32.241753, -0.326179], [32.24579, -0.326882], [32.247269, -0.326635], [32.250123, -0.326768], [32.253026, -0.326559], [32.254851, -0.326938], [32.257964, -0.326395], [32.262375, -0.325987], [32.269417, -0.325663], [32.269797, -0.325575], [32.270987, -0.324939], [32.272099, -0.324638], [32.285284, -0.323322], [32.290535, -0.322073], [32.295219, -0.320213], [32.298509, -0.317955], [32.298693, -0.317791], [32.298725, -0.317548], [32.298227, -0.317306], [32.297102, -0.31713], [32.296441, -0.316615], [32.296046, -0.316144], [32.294994, -0.315784], [32.292955, -0.315844], [32.291123, -0.316139], [32.290833, -0.316044], [32.290806, -0.315829], [32.290976, -0.31566], [32.292395, -0.314807], [32.293229, -0.31445], [32.293422, -0.31421], [32.292929, -0.311148], [32.29221, -0.310309]]}, "properties": {"project_id": "NDP4-022", "project_name": "Proposed Upgrade \u2014 Central", "component": "Proposed Upgrade", "region": "Central", "priority": "Medium", "status": "Planned", "funder": "TBD", "project_total_km": 69.4, "road_no": "C229", "link_id": "C229_Link01", "link_name": "Luku Pier - Kalangala HQ", "length_km": 34.652}}, {"type": "Feature", "geometry": {"type": "MultiLineString", "coordinates": [[[32.199441, -0.442592], [32.195592, -0.446213], [32.190564, -0.451205], [32.188655, -0.453765], [32.184887, -0.45958], [32.184603, -0.460457], [32.183737, -0.464698], [32.183361, -0.465857], [32.182791, -0.466956], [32.180885, -0.46902], [32.179984, -0.470162], [32.178204, -0.473081], [32.176897, -0.476766], [32.176367, -0.480418], [32.175973, -0.4809], [32.174835, -0.481397], [32.174357, -0.481896], [32.172222, -0.485705], [32.170505, -0.489652], [32.169372, -0.49167], [32.168623, -0.493901], [32.164558, -0.502949], [32.164276, -0.504848], [32.1623, -0.510191], [32.159517, -0.516698], [32.157983, -0.519555], [32.157116, -0.520443], [32.155756, -0.521376], [32.154914, -0.522228], [32.150463, -0.528695], [32.149334, -0.528244], [32.148652, -0.528669], [32.147977, -0.528621], [32.147543, -0.52807], [32.146577, -0.527482], [32.146068, -0.526173], [32.14552, -0.525962]], [[32.285284, -0.323322], [32.284736, -0.325956], [32.284467, -0.326631], [32.28369, -0.327952], [32.283671, -0.329056], [32.283936, -0.3303], [32.283405, -0.331449], [32.282703, -0.334631], [32.28151, -0.338933], [32.28024, -0.341772], [32.277004, -0.347253], [32.276313, -0.350209], [32.274971, -0.354423], [32.273708, -0.356968], [32.272522, -0.358994], [32.27169, -0.35954], [32.269705, -0.359854], [32.269225, -0.360242], [32.268974, -0.360689], [32.268535, -0.366379], [32.268325, -0.372497], [32.26814, -0.373169], [32.266965, -0.375887], [32.266543, -0.377184], [32.266353, -0.378187], [32.266239, -0.379981], [32.266542, -0.383852], [32.266718, -0.384534], [32.267767, -0.386915], [32.268813, -0.388085], [32.269263, -0.389411], [32.270321, -0.393452], [32.27042, -0.395298], [32.270312, -0.397487], [32.27044, -0.398121], [32.271533, -0.400759], [32.273064, -0.403591], [32.273612, -0.404486], [32.274363, -0.405253], [32.275695, -0.406982], [32.276915, -0.408894], [32.277235, -0.410158], [32.277767, -0.413988], [32.278494, -0.416706], [32.278495, -0.418242], [32.277891, -0.421415], [32.275524, -0.428772], [32.274358, -0.434314], [32.272364, -0.438445], [32.271712, -0.439479], [32.271334, -0.439721], [32.270225, -0.44005], [32.268304, -0.441393], [32.263647, -0.442578], [32.261268, -0.444139], [32.257523, -0.447462], [32.256084, -0.448103], [32.253085, -0.449151], [32.252611, -0.449022], [32.250288, -0.447229], [32.2441, -0.443489], [32.238367, -0.441995], [32.237199, -0.441911], [32.234126, -0.442675], [32.230784, -0.443162], [32.22395, -0.443737], [32.217025, -0.445106], [32.211037, -0.442681], [32.207614, -0.441822], [32.204481, -0.441212], [32.202556, -0.441048], [32.201105, -0.441174], [32.200386, -0.441543], [32.199385, -0.442582]]]}, "properties": {"project_id": "NDP4-022", "project_name": "Proposed Upgrade \u2014 Central", "component": "Proposed Upgrade", "region": "Central", "priority": "Medium", "status": "Planned", "funder": "TBD", "project_total_km": 69.4, "road_no": "C230", "link_id": "C230_Link01", "link_name": "Kalangala HQ - Mulabana", "length_km": 34.705}}, {"type": "Feature", "geometry": {"type": "LineString", "coordinates": [[33.111363, 0.931588], [33.111625, 0.932405], [33.111464, 0.932607], [33.111454, 0.932857], [33.112359, 0.938657], [33.112588, 0.941282], [33.112564, 0.942966], [33.111897, 0.949646], [33.111535, 0.951444], [33.108695, 0.961595], [33.107865, 0.963861], [33.107563, 0.965036], [33.10733, 0.966615], [33.107124, 0.969932], [33.106294, 0.973928], [33.104612, 0.98662], [33.103203, 0.991624], [33.102149, 0.995979], [33.101414, 0.999666], [33.099939, 1.012028], [33.097869, 1.026336], [33.09597, 1.040881], [33.094682, 1.05525], [33.094374, 1.063744], [33.093673, 1.073028]]}, "properties": {"project_id": "NDP4-023", "project_name": "Proposed Upgrade \u2014 Eastern", "component": "Proposed Upgrade", "region": "Eastern", "priority": "Medium", "status": "Planned", "funder": "GOU", "project_total_km": 314.1, "road_no": "B307", "link_id": "B307_Link03", "link_name": "Kamuli - Nawantale", "length_km": 15.86}}, {"type": "Feature", "geometry": {"type": "LineString", "coordinates": [[33.093673, 1.073028], [33.093079, 1.080825], [33.092629, 1.083625], [33.092969, 1.086706], [33.092925, 1.087843], [33.089844, 1.101114], [33.089616, 1.104185], [33.08884, 1.107044], [33.088592, 1.11458], [33.088838, 1.117983], [33.089302, 1.121336], [33.088931, 1.125733], [33.087513, 1.129874], [33.083856, 1.135598], [33.081901, 1.140038], [33.081512, 1.143709], [33.081522, 1.150429], [33.080943, 1.154109], [33.080674, 1.157025], [33.079018, 1.168707], [33.078141, 1.172653], [33.077308, 1.174901], [33.07592, 1.177977], [33.075441, 1.179639], [33.075388, 1.180295], [33.075224, 1.180417], [33.074344, 1.183116], [33.073193, 1.187141], [33.072523, 1.19069], [33.071417, 1.203489], [33.071144, 1.203887], [33.06221, 1.212489], [33.06162, 1.213207], [33.058532, 1.220244], [33.057467, 1.222305], [33.055023, 1.226654], [33.052876, 1.22953], [33.052342, 1.230512], [33.051873, 1.231727], [33.051321, 1.233859], [33.050749, 1.235511], [33.048996, 1.238915], [33.047225, 1.243545], [33.044977, 1.247789], [33.042798, 1.251391], [33.039726, 1.254693], [33.032673, 1.263473], [33.031444, 1.265701], [33.030511, 1.268449], [33.029753, 1.270131], [33.028364, 1.27273], [33.02744, 1.274122], [33.026927, 1.274717], [33.026359, 1.275123], [33.023975, 1.275995], [33.023404, 1.276025], [33.021443, 1.275689], [33.020016, 1.276077], [33.018476, 1.276891], [33.014094, 1.279902], [33.009353, 1.283654], [33.005929, 1.286813], [33.003609, 1.289735], [33.000056, 1.293683], [32.999363, 1.294704], [32.998928, 1.295716], [32.998739, 1.29666], [32.997915, 1.307624], [32.997014, 1.312343], [32.993869, 1.323123], [32.991908, 1.328716], [32.990289, 1.33278], [32.989844, 1.334642], [32.988112, 1.337071], [32.988064, 1.337787], [32.986365, 1.34389], [32.986001, 1.344235], [32.985057, 1.344718], [32.982918, 1.345552], [32.981547, 1.346228], [32.976646, 1.349661], [32.972757, 1.352134], [32.970979, 1.353133], [32.966701, 1.356343], [32.960574, 1.361364], [32.959839, 1.361745], [32.957749, 1.362552], [32.954881, 1.362663], [32.953276, 1.362868], [32.945201, 1.364252], [32.938167, 1.366609], [32.933098, 1.367518], [32.932225, 1.367853], [32.931312, 1.368386], [32.927795, 1.371101], [32.919536, 1.377953], [32.911381, 1.385296], [32.90059, 1.394714], [32.898679, 1.396586], [32.896896, 1.398801], [32.895654, 1.400838], [32.891809, 1.412859], [32.889834, 1.416301], [32.888687, 1.417512], [32.882871, 1.422735], [32.878172, 1.427273], [32.869976, 1.434382], [32.869424, 1.435147], [32.868543, 1.436983], [32.868783, 1.437208]]}, "properties": {"project_id": "NDP4-023", "project_name": "Proposed Upgrade \u2014 Eastern", "component": "Proposed Upgrade", "region": "Eastern", "priority": "Medium", "status": "Planned", "funder": "GOU", "project_total_km": 314.1, "road_no": "B307", "link_id": "B307_Link04", "link_name": "Nawantale - Bukungu", "length_km": 51.319}}, {"type": "Feature", "geometry": {"type": "LineString", "coordinates": [[33.465897, 0.606988], [33.465277, 0.607241], [33.46408, 0.60715], [33.463746, 0.607235], [33.462859, 0.608407], [33.460606, 0.609983], [33.456016, 0.612145], [33.454353, 0.612772], [33.451583, 0.614674], [33.449363, 0.615554], [33.448774, 0.616209], [33.448163, 0.618006], [33.447445, 0.618815], [33.445905, 0.619861], [33.443774, 0.621036], [33.442157, 0.621753], [33.441086, 0.622451], [33.440949, 0.622861], [33.441783, 0.626468], [33.441795, 0.627466], [33.441452, 0.628051], [33.440478, 0.629201], [33.438807, 0.630664], [33.437096, 0.631672], [33.432043, 0.633396], [33.430754, 0.63406], [33.420436, 0.642819], [33.418063, 0.643828], [33.412912, 0.645751], [33.410155, 0.647191], [33.409372, 0.647773], [33.408433, 0.648699], [33.407415, 0.650027], [33.404019, 0.65531], [33.402583, 0.657314], [33.399415, 0.661173], [33.397799, 0.662865], [33.396085, 0.664365], [33.394109, 0.665767], [33.390468, 0.667924], [33.388317, 0.669055], [33.38569, 0.671272], [33.381322, 0.675645], [33.375239, 0.682573], [33.372891, 0.685787], [33.367899, 0.690885], [33.367424, 0.691972], [33.36649, 0.695876], [33.366015, 0.696876], [33.363714, 0.699986], [33.357445, 0.707144], [33.356866, 0.708113], [33.355189, 0.711606], [33.354176, 0.714221], [33.353502, 0.716473], [33.35325, 0.717803], [33.353148, 0.720254], [33.35323, 0.723489], [33.351808, 0.734712], [33.351591, 0.735382], [33.35071, 0.736925], [33.347357, 0.742082], [33.346223, 0.744177], [33.342985, 0.751604], [33.342375, 0.752252], [33.340182, 0.753744], [33.337381, 0.756158], [33.334671, 0.758132], [33.331194, 0.764968], [33.327111, 0.771607], [33.319222, 0.785492], [33.317976, 0.787327], [33.316038, 0.789752], [33.309069, 0.799425], [33.307683, 0.801135], [33.305568, 0.803074], [33.304976, 0.803787], [33.300372, 0.811873], [33.299162, 0.813483], [33.298408, 0.814287], [33.296644, 0.815775], [33.290658, 0.820037], [33.282416, 0.825626], [33.276656, 0.829308], [33.27355, 0.831678], [33.272875, 0.83235], [33.27258, 0.832826], [33.271503, 0.835357], [33.271033, 0.835892], [33.269235, 0.83743], [33.267965, 0.838137], [33.26435, 0.839045], [33.261008, 0.840216], [33.259435, 0.841019], [33.258009, 0.842088], [33.254206, 0.846033], [33.253491, 0.846644], [33.2525, 0.847276], [33.251541, 0.84778], [33.251157, 0.847855], [33.25068, 0.848217], [33.249404, 0.848877], [33.248456, 0.84926], [33.247973, 0.84934], [33.244996, 0.849457], [33.243821, 0.849747], [33.238494, 0.850591], [33.234779, 0.850786], [33.232848, 0.851235], [33.231743, 0.851751], [33.230085, 0.852879], [33.227735, 0.855094], [33.226141, 0.856415], [33.225299, 0.856953], [33.221852, 0.858609], [33.217948, 0.860146], [33.213427, 0.861738], [33.210889, 0.862486], [33.205192, 0.863905], [33.200559, 0.865605], [33.197544, 0.86702], [33.195092, 0.867319], [33.192466, 0.868313], [33.190615, 0.869191], [33.189634, 0.869491], [33.188291, 0.869763], [33.187509, 0.869786], [33.186598, 0.869678], [33.185779, 0.86943], [33.184781, 0.868773], [33.182765, 0.866162], [33.182073, 0.865932], [33.181474, 0.866068], [33.180163, 0.867097], [33.176605, 0.869298], [33.174272, 0.871472], [33.173707, 0.872175], [33.172486, 0.874371], [33.170474, 0.877479], [33.166745, 0.882641], [33.166034, 0.884193], [33.164055, 0.891953], [33.163571, 0.893172], [33.162958, 0.894254]]}, "properties": {"project_id": "NDP4-023", "project_name": "Proposed Upgrade \u2014 Eastern", "component": "Proposed Upgrade", "region": "Eastern", "priority": "Medium", "status": "Planned", "funder": "GOU", "project_total_km": 314.1, "road_no": "C780", "link_id": "C780_Link01", "link_name": "Iganga - Kitayungwa", "length_km": 50.041}}, {"type": "Feature", "geometry": {"type": "LineString", "coordinates": [[33.162958, 0.894254], [33.161988, 0.89579], [33.160875, 0.897233], [33.160169, 0.897911], [33.159358, 0.898585], [33.157542, 0.899796], [33.156045, 0.901418], [33.151402, 0.90453], [33.146911, 0.908854], [33.146235, 0.909051], [33.144027, 0.908922], [33.143075, 0.908986], [33.141059, 0.909631], [33.132072, 0.914545], [33.128684, 0.9169], [33.126266, 0.919174], [33.124109, 0.921745], [33.122432, 0.923211], [33.121594, 0.923728], [33.119337, 0.924719], [33.115036, 0.92615], [33.114432, 0.926468], [33.110913, 0.929519]]}, "properties": {"project_id": "NDP4-023", "project_name": "Proposed Upgrade \u2014 Eastern", "component": "Proposed Upgrade", "region": "Eastern", "priority": "Medium", "status": "Planned", "funder": "GOU", "project_total_km": 314.1, "road_no": "C780", "link_id": "C780_Link02", "link_name": "Kitayungwa - Kamuli", "length_km": 7.185}}, {"type": "Feature", "geometry": {"type": "LineString", "coordinates": [[33.197627, 0.445302], [33.197558, 0.445723], [33.19643, 0.448144], [33.195796, 0.449089], [33.195351, 0.449425], [33.193162, 0.450443], [33.186939, 0.455058], [33.18599, 0.45595], [33.185358, 0.456882], [33.182506, 0.462188], [33.181421, 0.463597], [33.179914, 0.46459], [33.179023, 0.464898], [33.177244, 0.465271], [33.176236, 0.465648], [33.174101, 0.467618], [33.173346, 0.468822], [33.172617, 0.470455], [33.172333, 0.471538], [33.172375, 0.472467], [33.172845, 0.474084], [33.172942, 0.474817], [33.172744, 0.476742], [33.17249, 0.477903], [33.172203, 0.47862], [33.170653, 0.48048], [33.170211, 0.481364], [33.168412, 0.487983], [33.169848, 0.499068], [33.169861, 0.500137], [33.169681, 0.501435], [33.169282, 0.502533], [33.166454, 0.507476], [33.16471, 0.512065], [33.16385, 0.513734], [33.159629, 0.519037], [33.158382, 0.52039], [33.157408, 0.521209], [33.155046, 0.522719], [33.151517, 0.52399], [33.148208, 0.525658], [33.146624, 0.526547], [33.145734, 0.52724], [33.145084, 0.527953], [33.143362, 0.530541], [33.140011, 0.534967], [33.139123, 0.536799], [33.138287, 0.539204], [33.136946, 0.544122], [33.136643, 0.546376], [33.137057, 0.548491], [33.139542, 0.550674], [33.140387, 0.553082], [33.140388, 0.554155], [33.13994, 0.555992], [33.139296, 0.560837], [33.139113, 0.563202], [33.139221, 0.564137], [33.13969, 0.565852], [33.141039, 0.56997], [33.141175, 0.571109], [33.140525, 0.57308], [33.139823, 0.574244], [33.139396, 0.574384], [33.137673, 0.574455], [33.137277, 0.574706], [33.136408, 0.577535], [33.13565, 0.579498], [33.134994, 0.580721], [33.133724, 0.582456]]}, "properties": {"project_id": "NDP4-023", "project_name": "Proposed Upgrade \u2014 Eastern", "component": "Proposed Upgrade", "region": "Eastern", "priority": "Medium", "status": "Planned", "funder": "GOU", "project_total_km": 314.1, "road_no": "C792", "link_id": "C792_Link01", "link_name": "Kaitabawaala - Buyala - Namagera", "length_km": 18.484}}, {"type": "Feature", "geometry": {"type": "LineString", "coordinates": [[33.133724, 0.582456], [33.130957, 0.585941], [33.1305, 0.586894], [33.129332, 0.591517], [33.127941, 0.596236], [33.127862, 0.597222], [33.128053, 0.601937], [33.127889, 0.602892], [33.127218, 0.605053], [33.126838, 0.605766], [33.124302, 0.608895], [33.123273, 0.610468], [33.119981, 0.619057], [33.119487, 0.620107], [33.118765, 0.621076], [33.117213, 0.622687], [33.115726, 0.624566], [33.108082, 0.634677], [33.107117, 0.636123], [33.105139, 0.639825], [33.102144, 0.642951], [33.097819, 0.649553], [33.088952, 0.657674], [33.088165, 0.65863], [33.082179, 0.668708], [33.077513, 0.681203], [33.072539, 0.692559], [33.072134, 0.693767], [33.072207, 0.695825], [33.072884, 0.704344], [33.073854, 0.708484], [33.074981, 0.714384], [33.078089, 0.733388], [33.078575, 0.734552], [33.082899, 0.741338], [33.083525, 0.742529], [33.085546, 0.749242], [33.090559, 0.764549], [33.090846, 0.765842], [33.091421, 0.770063], [33.091619, 0.775401], [33.090654, 0.786263], [33.090847, 0.795299], [33.090506, 0.798882], [33.089389, 0.803387], [33.089547, 0.805872], [33.090208, 0.807785], [33.092014, 0.810858], [33.09855, 0.81924], [33.099769, 0.821311], [33.101836, 0.825438], [33.105167, 0.833099], [33.106563, 0.836785], [33.107, 0.838239], [33.107333, 0.840986], [33.10707, 0.847908], [33.106648, 0.84939], [33.105225, 0.852501], [33.105084, 0.853668], [33.105567, 0.85648], [33.106733, 0.85932], [33.107122, 0.861652], [33.10714, 0.863696], [33.106754, 0.868032], [33.106947, 0.871907], [33.107419, 0.875978], [33.107931, 0.884433], [33.108683, 0.89367], [33.108787, 0.894477], [33.108983, 0.894768]]}, "properties": {"project_id": "NDP4-023", "project_name": "Proposed Upgrade \u2014 Eastern", "component": "Proposed Upgrade", "region": "Eastern", "priority": "Medium", "status": "Planned", "funder": "GOU", "project_total_km": 314.1, "road_no": "C792", "link_id": "C792_Link02", "link_name": "Namagera - Lubanyi", "length_km": 37.199}}, {"type": "Feature", "geometry": {"type": "LineString", "coordinates": [[33.692604, 0.839244], [33.694608, 0.839244], [33.695993, 0.838988], [33.698887, 0.839824], [33.700952, 0.840064], [33.701755, 0.840659], [33.702251, 0.841626], [33.702614, 0.84196], [33.707116, 0.84321], [33.710029, 0.84363], [33.711552, 0.843102], [33.712136, 0.843096], [33.715024, 0.844647], [33.715923, 0.845688], [33.716348, 0.845972], [33.71762, 0.846069], [33.719048, 0.84662], [33.719973, 0.847383], [33.721308, 0.847949], [33.722099, 0.848119], [33.72378, 0.848246], [33.727521, 0.849805], [33.731076, 0.850107], [33.73482, 0.850103], [33.735262, 0.849918], [33.736059, 0.84913], [33.738003, 0.847809], [33.74125, 0.846643], [33.74539, 0.844691], [33.746372, 0.844441], [33.747215, 0.844404], [33.748258, 0.843766], [33.749608, 0.843523], [33.750137, 0.843271], [33.755761, 0.843294], [33.756173, 0.842987], [33.756718, 0.842241], [33.75739, 0.84179], [33.760331, 0.840578], [33.76039, 0.840376], [33.760295, 0.840051], [33.759665, 0.8393], [33.759463, 0.838284], [33.759445, 0.83614], [33.759295, 0.835229], [33.759273, 0.834062], [33.759309, 0.827206]]}, "properties": {"project_id": "NDP4-023", "project_name": "Proposed Upgrade \u2014 Eastern", "component": "Proposed Upgrade", "region": "Eastern", "priority": "Medium", "status": "Planned", "funder": "GOU", "project_total_km": 314.1, "road_no": "C820", "link_id": "C820_Link01", "link_name": "Namutumba - Nawansangwa", "length_km": 9.733}}, {"type": "Feature", "geometry": {"type": "LineString", "coordinates": [[34.166989, 0.984512], [34.166617, 0.983682], [34.166681, 0.982602], [34.166526, 0.982401], [34.156243, 0.981682], [34.155648, 0.981866], [34.15073, 0.984673], [34.149219, 0.986014], [34.148755, 0.986279], [34.143208, 0.988794], [34.142233, 0.988989], [34.119744, 0.986265], [34.11801, 0.986215], [34.109905, 0.986584], [34.10647, 0.986476], [34.097081, 0.984806], [34.07143, 0.973898], [34.064583, 0.971107], [34.051068, 0.965005], [34.043534, 0.961863], [34.041566, 0.960872], [34.03825, 0.95903], [34.029341, 0.953692], [34.017948, 0.945509], [34.014253, 0.943002], [34.008572, 0.939922], [34.005526, 0.938129], [33.995655, 0.930997], [33.994056, 0.930029], [33.990559, 0.92841], [33.98426, 0.925803], [33.982118, 0.925137], [33.974732, 0.923319], [33.967881, 0.920505], [33.956715, 0.915395], [33.954527, 0.914564], [33.954239, 0.914338], [33.953786, 0.913592], [33.951095, 0.907882], [33.949872, 0.904811], [33.94943, 0.903094], [33.949222, 0.901062], [33.949147, 0.895187], [33.949621, 0.882893], [33.949447, 0.880665], [33.948885, 0.878448], [33.947078, 0.873658], [33.944398, 0.864442], [33.943722, 0.860717], [33.943356, 0.857672], [33.943132, 0.857349], [33.94266, 0.857059], [33.939674, 0.85593], [33.933415, 0.853807], [33.931364, 0.852966], [33.926546, 0.850082]]}, "properties": {"project_id": "NDP4-023", "project_name": "Proposed Upgrade \u2014 Eastern", "component": "Proposed Upgrade", "region": "Eastern", "priority": "Medium", "status": "Planned", "funder": "GOU", "project_total_km": 314.1, "road_no": "C833", "link_id": "C833_Link01", "link_name": "Nabumali Junction - Busolwe", "length_km": 34.588}}, {"type": "Feature", "geometry": {"type": "LineString", "coordinates": [[33.926546, 0.850082], [33.926278, 0.849818], [33.925615, 0.849679], [33.921736, 0.848028], [33.907174, 0.841213], [33.906197, 0.840574], [33.903904, 0.838676], [33.903047, 0.838155], [33.897286, 0.837001], [33.894332, 0.836215], [33.893082, 0.835712], [33.889339, 0.833682], [33.886984, 0.832761], [33.87975, 0.830319], [33.874042, 0.828893], [33.870116, 0.827509], [33.867541, 0.826356], [33.858663, 0.821631], [33.857992, 0.82137], [33.856816, 0.821144], [33.855626, 0.821073], [33.849277, 0.821849], [33.835573, 0.822687], [33.826459, 0.823411], [33.822034, 0.823534], [33.802703, 0.82359], [33.801103, 0.823908], [33.796474, 0.825593], [33.794789, 0.825807], [33.792599, 0.826301], [33.789333, 0.82724]]}, "properties": {"project_id": "NDP4-023", "project_name": "Proposed Upgrade \u2014 Eastern", "component": "Proposed Upgrade", "region": "Eastern", "priority": "Medium", "status": "Planned", "funder": "GOU", "project_total_km": 314.1, "road_no": "C833", "link_id": "C833_Link02", "link_name": "Busolwe - Budumba", "length_km": 16.046}}, {"type": "Feature", "geometry": {"type": "LineString", "coordinates": [[34.184327, 1.069868], [34.185366, 1.07104], [34.186936, 1.07796], [34.187067, 1.078366], [34.187228, 1.07845], [34.192299, 1.075643], [34.192876, 1.075416], [34.194757, 1.075047], [34.196845, 1.073953], [34.199445, 1.072792], [34.203527, 1.07148], [34.203954, 1.071585], [34.204808, 1.072063], [34.205381, 1.072039], [34.205754, 1.071752], [34.2076, 1.069608], [34.207917, 1.069393], [34.209055, 1.069359], [34.21038, 1.069768], [34.211996, 1.069897], [34.213331, 1.070312], [34.214331, 1.070107], [34.21529, 1.070072], [34.217873, 1.069279], [34.219529, 1.068514], [34.221092, 1.068593], [34.221426, 1.068516], [34.221776, 1.068197], [34.222276, 1.067293], [34.222111, 1.066254], [34.222266, 1.065831], [34.223214, 1.06517], [34.223532, 1.064554], [34.223556, 1.062999], [34.223237, 1.062555], [34.222545, 1.061948], [34.222375, 1.061413], [34.222801, 1.059859], [34.223258, 1.059345], [34.224045, 1.058972], [34.224321, 1.059137], [34.22478, 1.059992], [34.22516, 1.060225], [34.228781, 1.060472], [34.229182, 1.060112], [34.229411, 1.058758], [34.229605, 1.058588], [34.229914, 1.058659], [34.230772, 1.059199], [34.232422, 1.060482], [34.232957, 1.060553], [34.233952, 1.060213], [34.233947, 1.059967], [34.233258, 1.059305], [34.231997, 1.05737], [34.229666, 1.056585], [34.229463, 1.056125], [34.229525, 1.055855], [34.229769, 1.055632], [34.23026, 1.055598], [34.231261, 1.056215], [34.232013, 1.056142], [34.233373, 1.056705], [34.234766, 1.057671], [34.235424, 1.058306], [34.23728, 1.059094], [34.237967, 1.059741], [34.238257, 1.060346], [34.238674, 1.060722], [34.239499, 1.060919], [34.240346, 1.060904], [34.241265, 1.060606], [34.241471, 1.061005], [34.240768, 1.062162], [34.240868, 1.06238], [34.241099, 1.062369], [34.241193, 1.061828], [34.241857, 1.061279], [34.241789, 1.060579], [34.242063, 1.060329], [34.24334, 1.060134], [34.243855, 1.059842], [34.244292, 1.059905], [34.244542, 1.060277], [34.244914, 1.060177], [34.24611, 1.060242], [34.246502, 1.060086], [34.246997, 1.059645], [34.24824, 1.060365], [34.249022, 1.060159], [34.249669, 1.060535], [34.249992, 1.060566], [34.250535, 1.060267], [34.250869, 1.059784], [34.25189, 1.05901], [34.252004, 1.058854], [34.252038, 1.058356], [34.251656, 1.056975], [34.251197, 1.056944], [34.249997, 1.058256], [34.24949, 1.058219], [34.249052, 1.057992], [34.248898, 1.057779], [34.248967, 1.057275], [34.24974, 1.056435], [34.250541, 1.055864], [34.25072, 1.055171], [34.250647, 1.054872], [34.250237, 1.054855], [34.249882, 1.054622], [34.249709, 1.053327], [34.24905, 1.052746], [34.24534, 1.052544], [34.245075, 1.052727], [34.244844, 1.053395], [34.244334, 1.053602], [34.243978, 1.053506], [34.243156, 1.052993], [34.24268, 1.053014], [34.24226, 1.053233], [34.242047, 1.054209], [34.241484, 1.054775], [34.240159, 1.055206], [34.239701, 1.055064], [34.239424, 1.054761], [34.239403, 1.054292], [34.239815, 1.053149], [34.240133, 1.052761], [34.240994, 1.05215], [34.241312, 1.051692], [34.241617, 1.050656], [34.241704, 1.049642], [34.241868, 1.049311], [34.242304, 1.048943], [34.24308, 1.048619], [34.243069, 1.048459], [34.242751, 1.048083], [34.242823, 1.04788], [34.244409, 1.047133], [34.244284, 1.046932], [34.24297, 1.046998], [34.242399, 1.046851], [34.242349, 1.046611], [34.242775, 1.046245], [34.242799, 1.046029], [34.241829, 1.045717], [34.241428, 1.044704], [34.241539, 1.044385], [34.24237, 1.043943], [34.242975, 1.043195], [34.243128, 1.042278], [34.244601, 1.041346], [34.244942, 1.040865], [34.244995, 1.040216], [34.244518, 1.03915], [34.24459, 1.038307], [34.244118, 1.038056], [34.244064, 1.037282], [34.243909, 1.03707], [34.243507, 1.037107], [34.242903, 1.038394], [34.242641, 1.038639], [34.24238, 1.038619], [34.242233, 1.038462], [34.241833, 1.037315], [34.241547, 1.037074], [34.241096, 1.036919], [34.240459, 1.037093], [34.239656, 1.038014], [34.239228, 1.038162], [34.23874, 1.038169], [34.238326, 1.037865], [34.237605, 1.036412], [34.237363, 1.036143], [34.236962, 1.036005], [34.235978, 1.036057], [34.235537, 1.035819], [34.235364, 1.035404], [34.235402, 1.034145], [34.235198, 1.03376], [34.234838, 1.033642], [34.233415, 1.033859], [34.231634, 1.033718], [34.230908, 1.03403], [34.230656, 1.034391], [34.230537, 1.034836], [34.23074, 1.035608], [34.231643, 1.036329], [34.231846, 1.036695], [34.231683, 1.038556], [34.231435, 1.039121], [34.230855, 1.039309], [34.228086, 1.0392], [34.226722, 1.038833]]}, "properties": {"project_id": "NDP4-023", "project_name": "Proposed Upgrade \u2014 Eastern", "component": "Proposed Upgrade", "region": "Eastern", "priority": "Medium", "status": "Planned", "funder": "GOU", "project_total_km": 314.1, "road_no": "C863", "link_id": "C863_Link01", "link_name": "Mbale - Nkokonjeru", "length_km": 21.067}}, {"type": "Feature", "geometry": {"type": "LineString", "coordinates": [[34.17795, 1.040445], [34.183101, 1.039092], [34.187261, 1.038461], [34.187829, 1.038563], [34.189046, 1.039178], [34.189799, 1.039393], [34.191074, 1.039438], [34.192011, 1.039236], [34.193577, 1.038396], [34.194178, 1.03782], [34.194625, 1.037118], [34.195754, 1.034236], [34.196356, 1.033275], [34.19688, 1.03285], [34.197959, 1.032531], [34.19956, 1.032564], [34.200846, 1.03294], [34.201475, 1.033265], [34.202961, 1.034799], [34.203447, 1.036297], [34.203753, 1.036788], [34.204364, 1.037334], [34.204893, 1.037575], [34.205625, 1.037657], [34.206815, 1.037457], [34.210046, 1.035936], [34.211973, 1.034185], [34.213053, 1.033599], [34.213219, 1.033286], [34.212944, 1.03205], [34.213212, 1.031299], [34.213926, 1.030931], [34.21415, 1.030677], [34.214351, 1.03027], [34.214379, 1.029756], [34.214649, 1.02936], [34.216165, 1.028231], [34.215885, 1.027926], [34.215844, 1.026512], [34.216011, 1.025366], [34.21638, 1.024543], [34.217942, 1.022553], [34.219483, 1.022204], [34.219826, 1.02198], [34.219718, 1.021177], [34.219854, 1.020241], [34.220055, 1.019876], [34.220536, 1.019433], [34.220571, 1.01886], [34.22081, 1.017995], [34.221604, 1.017309], [34.221125, 1.016514], [34.221352, 1.015934], [34.221828, 1.015814], [34.222914, 1.016124], [34.224027, 1.016175], [34.22429, 1.015954], [34.224174, 1.015394], [34.22424, 1.015164], [34.225011, 1.014762], [34.226239, 1.015515], [34.226831, 1.015366], [34.227036, 1.015197], [34.227977, 1.013134], [34.228765, 1.012895], [34.229448, 1.013091], [34.229933, 1.012975], [34.230115, 1.012808], [34.2301, 1.012212], [34.230223, 1.011927], [34.231287, 1.011068], [34.231782, 1.010917], [34.232745, 1.010924], [34.233761, 1.010707], [34.235054, 1.010082], [34.235894, 1.009441], [34.236865, 1.008481], [34.237613, 1.007149], [34.239527, 1.005797], [34.24162, 1.005022], [34.242678, 1.005001], [34.243005, 1.004709], [34.243567, 1.004609], [34.24409, 1.004274], [34.244984, 1.004281], [34.246201, 1.00406], [34.247268, 1.002892], [34.247938, 1.002613], [34.248076, 1.002411], [34.248097, 1.001633], [34.248284, 1.0007], [34.248127, 1.00017], [34.24788, 0.999828]]}, "properties": {"project_id": "NDP4-023", "project_name": "Proposed Upgrade \u2014 Eastern", "component": "Proposed Upgrade", "region": "Eastern", "priority": "Medium", "status": "Planned", "funder": "GOU", "project_total_km": 314.1, "road_no": "C864", "link_id": "C864_Link01", "link_name": "Bugema - Busano", "length_km": 11.389}}, {"type": "Feature", "geometry": {"type": "LineString", "coordinates": [[34.17522, 0.838407], [34.176148, 0.838696], [34.176605, 0.838682], [34.19819, 0.83368], [34.207068, 0.831908], [34.215849, 0.829332], [34.22142, 0.826627], [34.2221, 0.826407], [34.243302, 0.82326], [34.244766, 0.823596], [34.253508, 0.826227], [34.264287, 0.835147], [34.264652, 0.835169], [34.266098, 0.834887], [34.26922, 0.83501], [34.270843, 0.835286], [34.274658, 0.834958], [34.276936, 0.835292], [34.278434, 0.834974], [34.279867, 0.83424], [34.280324, 0.83417], [34.281437, 0.834393], [34.282945, 0.834914]]}, "properties": {"project_id": "NDP4-023", "project_name": "Proposed Upgrade \u2014 Eastern", "component": "Proposed Upgrade", "region": "Eastern", "priority": "Medium", "status": "Planned", "funder": "GOU", "project_total_km": 314.1, "road_no": "C865", "link_id": "C865_Link01", "link_name": "Magodes - Busumbu", "length_km": 12.726}}, {"type": "Feature", "geometry": {"type": "LineString", "coordinates": [[34.276177, 0.948958], [34.279789, 0.950184], [34.281343, 0.951287], [34.282271, 0.952275], [34.283857, 0.95565], [34.285672, 0.957136], [34.28934, 0.958427], [34.293309, 0.96066], [34.296297, 0.961341], [34.300529, 0.963516], [34.303321, 0.965521], [34.303965, 0.966218], [34.304708, 0.967342], [34.307458, 0.972229], [34.30877, 0.973964], [34.311121, 0.976461], [34.313279, 0.977405], [34.315368, 0.979706], [34.315881, 0.979974], [34.316565, 0.980629], [34.316675, 0.98085], [34.316701, 0.981764], [34.317259, 0.983442], [34.317488, 0.983763], [34.318297, 0.984388], [34.320342, 0.984892], [34.321985, 0.985941], [34.322656, 0.986599], [34.323719, 0.987984], [34.32465, 0.989798], [34.325917, 0.99038], [34.328322, 0.992142], [34.330413, 0.994814], [34.33156, 0.997347], [34.333857, 1.001745], [34.334332, 1.003505], [34.334471, 1.005826], [34.334025, 1.007648], [34.333633, 1.008152], [34.332993, 1.008533], [34.331087, 1.00901], [34.33103, 1.009395], [34.331512, 1.010239], [34.330504, 1.012913], [34.329818, 1.014291], [34.329202, 1.015067], [34.327946, 1.017123], [34.327627, 1.017505], [34.326607, 1.018224], [34.326399, 1.018558], [34.325896, 1.021307], [34.325535, 1.022177], [34.325679, 1.023442], [34.325592, 1.025847], [34.326179, 1.027284], [34.325829, 1.028295], [34.325617, 1.029443], [34.326351, 1.030476], [34.326539, 1.031065], [34.326627, 1.032192], [34.32736, 1.033183], [34.327519, 1.033571], [34.327442, 1.034077], [34.327072, 1.034808], [34.327139, 1.035155], [34.327341, 1.03527], [34.328104, 1.035306], [34.329514, 1.03617], [34.330801, 1.037549], [34.331053, 1.038191], [34.331711, 1.038848], [34.332197, 1.039726], [34.333677, 1.040804], [34.33408, 1.041254], [34.335022, 1.042631], [34.335334, 1.043387], [34.335445, 1.044155], [34.335675, 1.044741], [34.336479, 1.046253], [34.338205, 1.047641], [34.339899, 1.049276], [34.342131, 1.049782], [34.345293, 1.051019], [34.346426, 1.051633], [34.347975, 1.051297], [34.348624, 1.051373], [34.349676, 1.051889], [34.351068, 1.052791], [34.353809, 1.053854], [34.355192, 1.054622], [34.3581, 1.054045], [34.358988, 1.053613], [34.360183, 1.053305], [34.36099, 1.052891], [34.361668, 1.052281], [34.362109, 1.052089], [34.365803, 1.051395], [34.368264, 1.051243], [34.369986, 1.051352], [34.37054, 1.051151], [34.371626, 1.050009], [34.372084, 1.049079], [34.372205, 1.048352], [34.371941, 1.047239], [34.371405, 1.046422], [34.370638, 1.0456], [34.370149, 1.044129], [34.368282, 1.040069], [34.368417, 1.038573], [34.368931, 1.036569], [34.369231, 1.034226], [34.369211, 1.033542], [34.368749, 1.031705], [34.368609, 1.029467], [34.368739, 1.028642], [34.369927, 1.026569], [34.371127, 1.024813], [34.371836, 1.023422], [34.372576, 1.021164], [34.372707, 1.020259], [34.371723, 1.017794], [34.370341, 1.015066], [34.369401, 1.013508], [34.368389, 1.012127], [34.366269, 1.009555], [34.363231, 1.006268], [34.361432, 1.003452], [34.360362, 1.002373], [34.359479, 1.00185], [34.354125, 1.001085], [34.349526, 0.999798], [34.349271, 0.999806], [34.347807, 1.000168], [34.342853, 1.002547], [34.339561, 1.001954], [34.334592, 1.003594], [34.334344, 1.003606], [34.334332, 1.003505]]}, "properties": {"project_id": "NDP4-023", "project_name": "Proposed Upgrade \u2014 Eastern", "component": "Proposed Upgrade", "region": "Eastern", "priority": "Medium", "status": "Planned", "funder": "GOU", "project_total_km": 314.1, "road_no": "C867", "link_id": "C867_Link02", "link_name": "Bubulo - Bududa Circle Road", "length_km": 28.482}}, {"type": "Feature", "geometry": {"type": "LineString", "coordinates": [[34.549744, 2.498947], [34.548293, 2.501875], [34.547599, 2.502845], [34.543011, 2.50593], [34.539115, 2.508718], [34.534438, 2.513422], [34.533558, 2.514131], [34.53258, 2.514585], [34.530428, 2.515087], [34.52754, 2.516742], [34.524992, 2.518518], [34.523798, 2.518984], [34.512015, 2.518423], [34.510772, 2.518649], [34.508449, 2.519585], [34.50726, 2.520303], [34.501703, 2.525236], [34.498105, 2.527652], [34.497602, 2.528184], [34.496706, 2.52954], [34.49596, 2.530349], [34.49401, 2.531634], [34.492444, 2.533131], [34.490984, 2.53386], [34.488181, 2.534266], [34.481881, 2.534517], [34.480688, 2.534366], [34.480027, 2.534049], [34.479001, 2.533208], [34.470896, 2.526142], [34.467804, 2.524653], [34.46384, 2.522315], [34.461172, 2.521669], [34.459664, 2.520847], [34.458996, 2.520608], [34.457484, 2.520422], [34.452531, 2.520382], [34.451273, 2.520097], [34.4474, 2.518432], [34.446699, 2.518303], [34.445814, 2.518318], [34.441259, 2.518886], [34.43784, 2.519708], [34.437016, 2.519787], [34.435345, 2.51972], [34.434383, 2.519894], [34.4298, 2.52199], [34.419168, 2.525412], [34.41811, 2.52595], [34.416892, 2.526801], [34.415325, 2.528999], [34.414579, 2.529715], [34.412543, 2.53088], [34.41, 2.531811], [34.407227, 2.533826], [34.406324, 2.534359], [34.397909, 2.538051], [34.393612, 2.539461], [34.391001, 2.54081], [34.387882, 2.541963], [34.383074, 2.544105], [34.381726, 2.544418], [34.378174, 2.544905], [34.375028, 2.544528], [34.373517, 2.544673], [34.372299, 2.545087], [34.371483, 2.545496], [34.36955, 2.547091], [34.368641, 2.547603], [34.36766, 2.547889], [34.364482, 2.548254], [34.361913, 2.548827], [34.361152, 2.549106], [34.360108, 2.549833], [34.359388, 2.550725], [34.356752, 2.556934], [34.354274, 2.560295], [34.341083, 2.572684], [34.333964, 2.579015], [34.329298, 2.58293], [34.328358, 2.584034], [34.327477, 2.585319], [34.327021, 2.586403], [34.3266, 2.589922], [34.325353, 2.593816], [34.324878, 2.598711], [34.32452, 2.599662], [34.323933, 2.600477], [34.32176, 2.602404], [34.320158, 2.603256], [34.317542, 2.604047], [34.311211, 2.605256], [34.30555, 2.606954], [34.304514, 2.607506], [34.303825, 2.608246], [34.303415, 2.609091], [34.303295, 2.60999], [34.303744, 2.612686], [34.303737, 2.616859], [34.302678, 2.621321], [34.302647, 2.622364], [34.302855, 2.625513], [34.30188, 2.629034], [34.301743, 2.630712], [34.302098, 2.633693], [34.303393, 2.637563], [34.304208, 2.640766], [34.30443, 2.642373], [34.304662, 2.646421], [34.305618, 2.649936], [34.306263, 2.652728], [34.306333, 2.653538], [34.306079, 2.65491], [34.305428, 2.655978], [34.302835, 2.65932], [34.300561, 2.661466], [34.300017, 2.662129], [34.29954, 2.663147], [34.299163, 2.664763], [34.299278, 2.666147], [34.30019, 2.668529], [34.300626, 2.669991], [34.30091, 2.672099], [34.300858, 2.675034], [34.301602, 2.677914], [34.302038, 2.680545], [34.302027, 2.681396], [34.301808, 2.682323], [34.299359, 2.687467], [34.299107, 2.688293], [34.29903, 2.689072], [34.299247, 2.690614], [34.299663, 2.691976], [34.301259, 2.694492], [34.301669, 2.695483], [34.301818, 2.696779], [34.301323, 2.699344], [34.300762, 2.700684], [34.300249, 2.701486], [34.298323, 2.703615], [34.296733, 2.706195], [34.294088, 2.71385], [34.292757, 2.718508], [34.290483, 2.723989], [34.289684, 2.725318], [34.28681, 2.728801], [34.286389, 2.729652], [34.285429, 2.732458], [34.284675, 2.734265], [34.284176, 2.734999], [34.282788, 2.736474], [34.28202, 2.737755], [34.279993, 2.743247], [34.278847, 2.748395], [34.277653, 2.751753], [34.276952, 2.755937], [34.276126, 2.757617], [34.274148, 2.760377], [34.273519, 2.761478], [34.272558, 2.76413], [34.271346, 2.768492], [34.269761, 2.772506], [34.269234, 2.773456], [34.26859, 2.774227], [34.265783, 2.776538], [34.264692, 2.77767], [34.262756, 2.78093], [34.261951, 2.782701], [34.261001, 2.785792], [34.260132, 2.791507], [34.258513, 2.799872], [34.258106, 2.806118], [34.257567, 2.809681], [34.25766, 2.810771], [34.258315, 2.813583], [34.258429, 2.814523], [34.257915, 2.819806], [34.257499, 2.820806], [34.255732, 2.823099], [34.254373, 2.825381], [34.252176, 2.827917], [34.251631, 2.828718], [34.251094, 2.830148], [34.250407, 2.833773], [34.249629, 2.835638], [34.248708, 2.837169], [34.247307, 2.83903], [34.246629, 2.839778], [34.245769, 2.840467], [34.24464, 2.84107], [34.242096, 2.841817], [34.241085, 2.842285], [34.236426, 2.845806], [34.234312, 2.847307], [34.232602, 2.848335], [34.230023, 2.849486], [34.225844, 2.850903], [34.224532, 2.851584], [34.222595, 2.853319], [34.219229, 2.856739], [34.218834, 2.857427], [34.218556, 2.85914], [34.218195, 2.859709], [34.217344, 2.860208], [34.213315, 2.861821], [34.212183, 2.862885], [34.211691, 2.863971], [34.211672, 2.864828], [34.211967, 2.865794], [34.220192, 2.8849], [34.220587, 2.886057], [34.22091, 2.887702], [34.221375, 2.893283], [34.22083, 2.899305], [34.222049, 2.9038], [34.222198, 2.904701], [34.222101, 2.905692], [34.221256, 2.907854], [34.221156, 2.908661], [34.221418, 2.909446], [34.224033, 2.913353], [34.22453, 2.914396], [34.224362, 2.915312], [34.223545, 2.916557], [34.223297, 2.91719], [34.222213, 2.921167], [34.222081, 2.921993], [34.222526, 2.924931], [34.224142, 2.928037], [34.224282, 2.928777], [34.224231, 2.929514], [34.223575, 2.930862], [34.222792, 2.931736], [34.222401, 2.932387], [34.222108, 2.934634], [34.221487, 2.937288], [34.218689, 2.94309], [34.218521, 2.943836], [34.218431, 2.945383], [34.218697, 2.945899], [34.220707, 2.948213], [34.223603, 2.951069], [34.22477, 2.951923], [34.226764, 2.952976], [34.2272, 2.9535], [34.227659, 2.955476], [34.227724, 2.956914], [34.227524, 2.959969], [34.22711, 2.961924], [34.226556, 2.9634], [34.223689, 2.968197], [34.222835, 2.971052], [34.222639, 2.971324], [34.222222, 2.971511], [34.218507, 2.971032], [34.216071, 2.970301], [34.215363, 2.96992], [34.212912, 2.967869], [34.212269, 2.967463], [34.209461, 2.966889], [34.205855, 2.965186], [34.205123, 2.96503], [34.200245, 2.965926], [34.192379, 2.971202], [34.191775, 2.971359], [34.19056, 2.971231]]}, "properties": {"project_id": "NDP4-024", "project_name": "Proposed Upgrade \u2014 North Eastern", "component": "Proposed Upgrade", "region": "North Eastern", "priority": "Medium", "status": "Planned", "funder": "AfDB / GOU / IsDB / Prefinancing", "project_total_km": 474.5, "road_no": "B301", "link_id": "B301_Link01", "link_name": "Ariamoi - Kaladonapal - Kaperimoru", "length_km": 83.373}}, {"type": "Feature", "geometry": {"type": "LineString", "coordinates": [[34.19056, 2.971231], [34.186994, 2.970885], [34.180858, 2.970987], [34.174307, 2.969471], [34.173514, 2.969544], [34.166775, 2.971087], [34.165726, 2.971012], [34.161388, 2.969843], [34.152763, 2.967219], [34.147072, 2.965153], [34.141552, 2.962517], [34.138456, 2.960063], [34.136414, 2.958617], [34.133825, 2.956072], [34.133219, 2.955792], [34.132553, 2.955652], [34.131402, 2.955833], [34.129733, 2.956494], [34.129055, 2.956987], [34.122238, 2.964033], [34.120502, 2.965554], [34.117386, 2.970011], [34.113432, 2.973855], [34.111351, 2.97781], [34.111204, 2.978639], [34.111324, 2.980356], [34.112572, 2.984723], [34.112805, 2.987698], [34.116025, 2.995858], [34.116953, 2.999217], [34.116913, 3.0002], [34.115934, 3.003814], [34.115516, 3.004638], [34.114451, 3.006211], [34.114189, 3.006405], [34.113342, 3.006568], [34.112748, 3.006433], [34.106907, 3.002805], [34.103625, 2.999988], [34.102727, 2.999454], [34.090858, 2.995366], [34.08979, 2.995192], [34.08673, 2.996457], [34.086279, 2.996779], [34.085583, 2.997574], [34.084356, 2.999314], [34.082028, 3.005142], [34.080629, 3.007695], [34.079924, 3.008596], [34.077925, 3.010066]]}, "properties": {"project_id": "NDP4-024", "project_name": "Proposed Upgrade \u2014 North Eastern", "component": "Proposed Upgrade", "region": "North Eastern", "priority": "Medium", "status": "Planned", "funder": "AfDB / GOU / IsDB / Prefinancing", "project_total_km": 474.5, "road_no": "B301", "link_id": "B301_Link02", "link_name": "Kapelimoru - Kotido", "length_km": 19.038}}, {"type": "Feature", "geometry": {"type": "LineString", "coordinates": [[34.077925, 3.010066], [34.078172, 3.010385], [34.078853, 3.013096], [34.079254, 3.013982], [34.081242, 3.015748], [34.08479, 3.020367], [34.088027, 3.023142], [34.088557, 3.023907], [34.088867, 3.025118], [34.088767, 3.027405], [34.088879, 3.028014], [34.092306, 3.036025], [34.093229, 3.038746], [34.093397, 3.039554], [34.093407, 3.043303], [34.092123, 3.049093], [34.091949, 3.051724], [34.092063, 3.052632], [34.092627, 3.054069], [34.093404, 3.055296], [34.0949, 3.057297], [34.101202, 3.064636], [34.102168, 3.066621], [34.102835, 3.06859], [34.103575, 3.071401], [34.104585, 3.076161], [34.104635, 3.076636], [34.10436, 3.078369], [34.104425, 3.079142], [34.107995, 3.091599], [34.108983, 3.09621], [34.109428, 3.101107], [34.109682, 3.106798], [34.109988, 3.108498], [34.111067, 3.110737], [34.114043, 3.115902], [34.115346, 3.118805], [34.116911, 3.1228], [34.121453, 3.132211], [34.122186, 3.133507], [34.123487, 3.136629], [34.124, 3.138208], [34.124768, 3.142744], [34.125184, 3.150318], [34.124221, 3.159834], [34.124142, 3.161717], [34.124629, 3.164122], [34.124729, 3.165414], [34.124596, 3.166012], [34.123916, 3.167534], [34.123621, 3.169448], [34.123525, 3.171238], [34.122872, 3.173427], [34.122366, 3.176214], [34.122115, 3.183135], [34.12143, 3.189119], [34.121534, 3.190454], [34.121938, 3.192298], [34.122659, 3.198861], [34.124938, 3.206554], [34.125826, 3.210401], [34.12693, 3.222736], [34.126994, 3.228117], [34.126275, 3.235383], [34.125177, 3.239057], [34.124887, 3.240683], [34.123743, 3.255036], [34.123356, 3.25712], [34.121646, 3.263436], [34.12149, 3.26567], [34.121834, 3.271421], [34.122557, 3.275116], [34.123225, 3.276996], [34.124971, 3.279567], [34.126341, 3.28226], [34.127391, 3.286676], [34.127495, 3.288102], [34.127464, 3.292153], [34.127734, 3.295268], [34.128126, 3.296864], [34.128823, 3.298812], [34.128967, 3.299579], [34.128302, 3.304035], [34.128413, 3.306224], [34.128897, 3.309501], [34.128671, 3.310602], [34.128351, 3.311316], [34.127814, 3.312109], [34.127541, 3.312895], [34.126195, 3.318397], [34.122801, 3.32535], [34.12217, 3.326392], [34.121454, 3.327281], [34.119198, 3.329022], [34.118923, 3.32934], [34.11876, 3.32983], [34.118859, 3.332065], [34.118991, 3.332557], [34.119341, 3.333148], [34.120649, 3.334245], [34.121381, 3.335542], [34.12156, 3.336484], [34.121402, 3.337116], [34.120045, 3.340391], [34.117293, 3.344951], [34.117148, 3.34551], [34.117191, 3.346097], [34.121675, 3.358387], [34.123604, 3.366136], [34.123923, 3.36658], [34.124497, 3.366968], [34.125817, 3.367183], [34.126386, 3.367393], [34.126844, 3.367789], [34.127171, 3.368341], [34.135507, 3.39439], [34.139202, 3.400384], [34.141884, 3.406657], [34.144292, 3.4098], [34.146407, 3.414216], [34.146436, 3.415248], [34.145925, 3.418776], [34.142831, 3.425129], [34.142524, 3.426211], [34.142695, 3.427427], [34.144583, 3.435433], [34.145035, 3.439129], [34.145585, 3.439766], [34.148412, 3.44112], [34.149172, 3.441652], [34.157552, 3.452422], [34.158339, 3.453799], [34.162551, 3.463392], [34.163343, 3.464371], [34.166191, 3.466764], [34.166687, 3.467348], [34.166914, 3.4679], [34.16698, 3.46848], [34.166744, 3.472813], [34.168054, 3.476164], [34.168041, 3.476821], [34.167609, 3.478748], [34.167725, 3.479583], [34.171902, 3.488942], [34.172373, 3.489605], [34.174679, 3.491998], [34.175193, 3.492675], [34.175376, 3.493325], [34.175438, 3.494984], [34.175314, 3.495453], [34.175049, 3.495845], [34.174697, 3.496126], [34.174278, 3.496275], [34.173483, 3.496237], [34.170284, 3.495481], [34.16964, 3.495507], [34.1689, 3.495853], [34.166824, 3.497284], [34.166431, 3.497793], [34.16538, 3.499824], [34.164617, 3.500996], [34.162937, 3.502485], [34.162098, 3.502956], [34.159099, 3.503298], [34.157368, 3.503226], [34.156456, 3.503613], [34.153979, 3.504976], [34.153206, 3.50521], [34.144967, 3.504753], [34.144192, 3.504874], [34.143515, 3.5052], [34.137569, 3.509192], [34.134656, 3.512238], [34.132687, 3.514114], [34.131342, 3.516274], [34.130092, 3.517488], [34.129579, 3.518135], [34.128414, 3.521735], [34.127127, 3.523834], [34.125614, 3.526675], [34.125202, 3.52705], [34.123893, 3.527268], [34.123229, 3.527814], [34.122865, 3.528857], [34.122769, 3.529483], [34.12293, 3.532566], [34.122304, 3.535108], [34.122188, 3.536898], [34.121897, 3.537985], [34.121636, 3.53849], [34.12083, 3.539298], [34.120304, 3.540056], [34.118493, 3.543678], [34.118101, 3.544613], [34.117606, 3.546559], [34.117035, 3.547853], [34.11613, 3.54904], [34.114142, 3.550835], [34.113483, 3.551881], [34.112768, 3.553771], [34.112779, 3.554229], [34.113092, 3.555221], [34.112975, 3.556256], [34.112659, 3.55687], [34.111807, 3.557588], [34.111434, 3.558706], [34.111548, 3.559434], [34.112056, 3.560249], [34.112705, 3.560763], [34.114437, 3.561772], [34.11476, 3.562137], [34.114923, 3.562602], [34.115143, 3.564572], [34.115319, 3.565167], [34.117339, 3.568982], [34.119629, 3.573779], [34.119332, 3.574439], [34.118834, 3.574722], [34.116096, 3.574996], [34.113124, 3.575442], [34.11264, 3.575621], [34.112517, 3.576148], [34.113244, 3.578101], [34.113871, 3.581545], [34.11391, 3.58267], [34.113603, 3.58352], [34.112973, 3.584252], [34.111817, 3.584837], [34.110957, 3.585079], [34.110123, 3.584983], [34.10941, 3.585103], [34.107593, 3.586011], [34.107365, 3.588058], [34.107422, 3.589068], [34.107066, 3.592192], [34.106152, 3.593919], [34.105418, 3.595956], [34.104639, 3.597284], [34.104104, 3.597927], [34.10349, 3.5984], [34.101887, 3.599152], [34.101036, 3.599941], [34.097582, 3.601576], [34.096797, 3.602244], [34.096487, 3.603728], [34.097077, 3.605794], [34.097116, 3.606553], [34.096985, 3.607537], [34.096535, 3.608931], [34.095912, 3.610187], [34.095316, 3.610811], [34.094394, 3.611374], [34.093115, 3.611723], [34.092758, 3.611986], [34.092463, 3.612504], [34.091846, 3.614232], [34.091756, 3.615036], [34.091836, 3.616611], [34.092862, 3.620216], [34.092672, 3.621353], [34.092034, 3.62341], [34.091494, 3.624672], [34.090597, 3.626124], [34.088436, 3.628276], [34.087874, 3.629815], [34.086115, 3.635707], [34.084865, 3.638397], [34.082547, 3.64274], [34.081829, 3.643702], [34.079159, 3.645546], [34.078721, 3.64573], [34.078428, 3.645707], [34.077817, 3.645279], [34.076566, 3.643869], [34.074682, 3.642659], [34.074273, 3.642573], [34.072892, 3.642733], [34.072117, 3.642529], [34.062439, 3.637236], [34.059261, 3.635706], [34.058346, 3.635372], [34.053788, 3.634228], [34.049241, 3.633806], [34.047361, 3.63419], [34.046252, 3.634825], [34.043458, 3.637044], [34.042746, 3.638865], [34.041396, 3.641307], [34.040771, 3.642072], [34.038457, 3.64421], [34.037848, 3.644931], [34.036166, 3.646396], [34.034328, 3.646776], [34.033376, 3.647173], [34.031245, 3.648468], [34.029118, 3.649534], [34.027878, 3.650449], [34.026694, 3.651482], [34.025302, 3.653108], [34.021705, 3.657784], [34.021287, 3.658148], [34.010147, 3.662029], [33.996828, 3.667349], [33.996054, 3.66742], [33.994586, 3.666825], [33.993908, 3.666805], [33.99327, 3.667645], [33.993155, 3.668077], [33.993174, 3.669364], [33.993077, 3.669574], [33.992675, 3.669887], [33.99073, 3.670833], [33.98177, 3.674625], [33.971878, 3.674594], [33.966496, 3.674388], [33.964519, 3.674598], [33.962202, 3.675325], [33.961527, 3.675701], [33.956486, 3.679628], [33.951392, 3.68471], [33.950519, 3.685394], [33.949805, 3.685653]]}, "properties": {"project_id": "NDP4-024", "project_name": "Proposed Upgrade \u2014 North Eastern", "component": "Proposed Upgrade", "region": "North Eastern", "priority": "Medium", "status": "Planned", "funder": "AfDB / GOU / IsDB / Prefinancing", "project_total_km": 474.5, "road_no": "B301", "link_id": "B301_Link03", "link_name": "Kotido - Apaan - Kabong", "length_km": 98.98}}, {"type": "Feature", "geometry": {"type": "LineString", "coordinates": [[33.936865, 1.489081], [33.934944, 1.487633], [33.920034, 1.48555], [33.915033, 1.484656], [33.908403, 1.483299], [33.905772, 1.482596], [33.891499, 1.479461], [33.886511, 1.477983], [33.881363, 1.476127], [33.873538, 1.473686], [33.870019, 1.472454], [33.86632, 1.471593], [33.859587, 1.470672], [33.853011, 1.470016], [33.850832, 1.469967], [33.849198, 1.469487], [33.847422, 1.469719], [33.835513, 1.46952], [33.826155, 1.469069], [33.82228, 1.468365], [33.810106, 1.466955], [33.801252, 1.466133], [33.798727, 1.465753], [33.793358, 1.463814], [33.785401, 1.461312], [33.782672, 1.46034], [33.773149, 1.45634], [33.772167, 1.456046], [33.74437, 1.462745], [33.722103, 1.467879], [33.719023, 1.468169], [33.715257, 1.468022], [33.711196, 1.467704], [33.703483, 1.468105], [33.702126, 1.468002], [33.698097, 1.468957], [33.696691, 1.468695], [33.693568, 1.468541], [33.691792, 1.468283], [33.687037, 1.467133], [33.683189, 1.466352], [33.681728, 1.465806], [33.67977, 1.464511], [33.677439, 1.462701], [33.6771, 1.462259], [33.675294, 1.458787], [33.673676, 1.45648], [33.671801, 1.454354], [33.671168, 1.453919], [33.670135, 1.453443], [33.668229, 1.452825], [33.667201, 1.452704], [33.658838, 1.452743], [33.655166, 1.453043], [33.654438, 1.453276], [33.645319, 1.45933], [33.632212, 1.465977], [33.631197, 1.46641], [33.627487, 1.467621], [33.625303, 1.468957], [33.624029, 1.470127], [33.623263, 1.470641], [33.620917, 1.471764], [33.60533, 1.480066], [33.595467, 1.485492], [33.591277, 1.487573], [33.583507, 1.489932], [33.579185, 1.491865], [33.566637, 1.49579], [33.56438, 1.496249], [33.561264, 1.49741], [33.552518, 1.500283], [33.551523, 1.500433], [33.546915, 1.500146]]}, "properties": {"project_id": "NDP4-024", "project_name": "Proposed Upgrade \u2014 North Eastern", "component": "Proposed Upgrade", "region": "North Eastern", "priority": "Medium", "status": "Planned", "funder": "AfDB / GOU / IsDB / Prefinancing", "project_total_km": 474.5, "road_no": "C920", "link_id": "C920_Link01", "link_name": "Kumi - Brooks Corner", "length_km": 45.953}}, {"type": "Feature", "geometry": {"type": "LineString", "coordinates": [[33.546915, 1.500146], [33.541005, 1.500319], [33.536367, 1.500261], [33.526833, 1.502544], [33.525241, 1.502732], [33.522468, 1.502837], [33.521365, 1.503002], [33.518319, 1.503913], [33.513613, 1.505748], [33.507862, 1.507425], [33.498967, 1.510749], [33.491579, 1.513735], [33.485071, 1.515793], [33.475138, 1.517969], [33.468856, 1.518977], [33.466409, 1.519237], [33.464561, 1.519225], [33.461959, 1.518853], [33.460074, 1.518503], [33.45897, 1.518161], [33.457662, 1.517982], [33.452171, 1.519837], [33.443304, 1.523225], [33.386748, 1.55052], [33.380692, 1.553608], [33.379645, 1.554316], [33.374257, 1.558821], [33.369175, 1.563952], [33.365753, 1.566778], [33.358324, 1.572589], [33.354878, 1.575044], [33.332906, 1.590247], [33.321202, 1.597433], [33.320376, 1.597741], [33.317559, 1.59823], [33.316745, 1.598611], [33.315825, 1.599732], [33.314649, 1.601711], [33.313574, 1.602998], [33.308867, 1.607602], [33.306181, 1.609833], [33.302006, 1.612181], [33.297529, 1.614992], [33.294548, 1.61754], [33.290358, 1.618426], [33.289269, 1.618499], [33.285984, 1.6191], [33.282735, 1.620678], [33.279073, 1.621327], [33.278627, 1.62171], [33.27842, 1.622723]]}, "properties": {"project_id": "NDP4-024", "project_name": "Proposed Upgrade \u2014 North Eastern", "component": "Proposed Upgrade", "region": "North Eastern", "priority": "Medium", "status": "Planned", "funder": "AfDB / GOU / IsDB / Prefinancing", "project_total_km": 474.5, "road_no": "C920", "link_id": "C920_Link02", "link_name": "Brooks Corner - Serere - Bugondo", "length_km": 33.643}}, {"type": "Feature", "geometry": {"type": "LineString", "coordinates": [[33.614488, 1.698667], [33.618091, 1.680859], [33.618231, 1.679305], [33.618211, 1.677891], [33.618008, 1.676455], [33.617643, 1.675047], [33.61689, 1.67303], [33.613963, 1.666589], [33.61305, 1.664025], [33.609566, 1.657554], [33.603995, 1.644828], [33.603325, 1.642932], [33.59923, 1.629363], [33.5967, 1.626316], [33.588127, 1.616735], [33.587614, 1.616077], [33.587257, 1.615379], [33.581117, 1.599082], [33.579613, 1.594745], [33.576023, 1.573694], [33.575558, 1.572137], [33.556285, 1.541546], [33.555058, 1.539224], [33.554522, 1.537565], [33.553838, 1.534512], [33.553537, 1.529664], [33.553671, 1.528243], [33.554199, 1.525327], [33.555721, 1.519965], [33.555829, 1.51874], [33.555698, 1.51752], [33.554887, 1.514997], [33.554066, 1.513452], [33.547177, 1.501494], [33.547133, 1.500976], [33.547427, 1.500162]]}, "properties": {"project_id": "NDP4-024", "project_name": "Proposed Upgrade \u2014 North Eastern", "component": "Proposed Upgrade", "region": "North Eastern", "priority": "Medium", "status": "Planned", "funder": "AfDB / GOU / IsDB / Prefinancing", "project_total_km": 474.5, "road_no": "C921", "link_id": "C921_Link01", "link_name": "Soroti To Brooks Corner", "length_km": 26.076}}, {"type": "Feature", "geometry": {"type": "LineString", "coordinates": [[33.563902, 1.760318], [33.564306, 1.760391], [33.565899, 1.759978], [33.587272, 1.755654], [33.588258, 1.755527], [33.589056, 1.755623], [33.589856, 1.756007], [33.590661, 1.75673], [33.607244, 1.773056], [33.60815, 1.774275], [33.611345, 1.779449], [33.611829, 1.780054], [33.61243, 1.78049], [33.613455, 1.7808], [33.61627, 1.781108], [33.618014, 1.78124], [33.619999, 1.781209], [33.627414, 1.779564], [33.628315, 1.779212]]}, "properties": {"project_id": "NDP4-024", "project_name": "Proposed Upgrade \u2014 North Eastern", "component": "Proposed Upgrade", "region": "North Eastern", "priority": "Medium", "status": "Planned", "funder": "AfDB / GOU / IsDB / Prefinancing", "project_total_km": 474.5, "road_no": "C922", "link_id": "C922_Link01", "link_name": "Lira Junction - Arapai", "length_km": 8.502}}, {"type": "Feature", "geometry": {"type": "LineString", "coordinates": [[33.491616, 1.845872], [33.487893, 1.844514], [33.484853, 1.843626], [33.479293, 1.841474], [33.475166, 1.839711], [33.469347, 1.83666], [33.46722, 1.835907], [33.461129, 1.834114], [33.458528, 1.833493], [33.443411, 1.830577], [33.413427, 1.840515], [33.389341, 1.848022], [33.388229, 1.848236], [33.383812, 1.846674], [33.375711, 1.843539], [33.358981, 1.836881], [33.345994, 1.833463], [33.344154, 1.83284], [33.34335, 1.832446], [33.342735, 1.832004], [33.34191, 1.831095], [33.340149, 1.828851], [33.338142, 1.825974], [33.338806, 1.821916], [33.338976, 1.819541], [33.339021, 1.817478], [33.338673, 1.815393], [33.336919, 1.807868], [33.334631, 1.799726], [33.33102, 1.78508], [33.326826, 1.766262], [33.32328, 1.761761], [33.320825, 1.758127], [33.319339, 1.755662], [33.316529, 1.749995], [33.315578, 1.746897], [33.314788, 1.743166], [33.314355, 1.742322], [33.313151, 1.74052], [33.312159, 1.739539], [33.307052, 1.735718], [33.302803, 1.731453], [33.297877, 1.726021], [33.295862, 1.723309], [33.29393, 1.720286], [33.293554, 1.72003], [33.289345, 1.719327], [33.283786, 1.719474], [33.282462, 1.71967], [33.279177, 1.720811], [33.277562, 1.720965], [33.276918, 1.720796], [33.27637, 1.720397], [33.275685, 1.719193], [33.275419, 1.718966], [33.272662, 1.719631], [33.271966, 1.720082], [33.265667, 1.727676], [33.263163, 1.730473], [33.26247, 1.731082], [33.250801, 1.736013], [33.247479, 1.736976], [33.219152, 1.744308], [33.195875, 1.749959], [33.18506, 1.75283], [33.166634, 1.758158], [33.162906, 1.759462], [33.157997, 1.761589], [33.157757, 1.760743], [33.156643, 1.754424], [33.156164, 1.751567], [33.156104, 1.750535], [33.158818, 1.735643], [33.160166, 1.727941], [33.160105, 1.727832], [33.13843, 1.722995], [33.113975, 1.716567], [33.110884, 1.715646], [33.100176, 1.707139], [33.074964, 1.686361], [33.074451, 1.686135], [33.072334, 1.68567], [33.061042, 1.683856], [33.056255, 1.683279], [33.053168, 1.683132], [33.047749, 1.682136], [33.039255, 1.681], [33.036324, 1.680783], [33.024306, 1.680343], [33.013737, 1.679481]]}, "properties": {"project_id": "NDP4-024", "project_name": "Proposed Upgrade \u2014 North Eastern", "component": "Proposed Upgrade", "region": "North Eastern", "priority": "Medium", "status": "Planned", "funder": "AfDB / GOU / IsDB / Prefinancing", "project_total_km": 474.5, "road_no": "C924", "link_id": "C924_Link01", "link_name": "Katine To Ochero", "length_km": 69.936}}, {"type": "Feature", "geometry": {"type": "LineString", "coordinates": [[33.424466, 1.532262], [33.418478, 1.531032], [33.416077, 1.530806], [33.406944, 1.531052], [33.396273, 1.531579], [33.394736, 1.531507], [33.387041, 1.530631], [33.384523, 1.530034], [33.380028, 1.528732], [33.375111, 1.527901], [33.373987, 1.527811], [33.35804, 1.529288], [33.349661, 1.529697], [33.337795, 1.532024], [33.334307, 1.532603], [33.332527, 1.532784], [33.32227, 1.531194], [33.317981, 1.530715], [33.306115, 1.529938], [33.28889, 1.52568], [33.285842, 1.525074], [33.281563, 1.524441], [33.280529, 1.524468], [33.275135, 1.525202], [33.273481, 1.525284], [33.270245, 1.524886], [33.267907, 1.524271], [33.266469, 1.524018], [33.257407, 1.523693], [33.247518, 1.524961], [33.239895, 1.525206], [33.229916, 1.525841], [33.226545, 1.526547], [33.225556, 1.52661], [33.223156, 1.526239], [33.217287, 1.524037]]}, "properties": {"project_id": "NDP4-024", "project_name": "Proposed Upgrade \u2014 North Eastern", "component": "Proposed Upgrade", "region": "North Eastern", "priority": "Medium", "status": "Planned", "funder": "AfDB / GOU / IsDB / Prefinancing", "project_total_km": 474.5, "road_no": "C934", "link_id": "C934_Link01", "link_name": "Serere - Kasilo - Kadungulu", "length_km": 22.807}}, {"type": "Feature", "geometry": {"type": "LineString", "coordinates": [[33.217287, 1.524037], [33.214921, 1.522938], [33.209113, 1.520704], [33.197373, 1.518805], [33.195664, 1.518299], [33.189254, 1.515268], [33.175778, 1.509307], [33.146417, 1.495133], [33.139998, 1.494518], [33.136348, 1.494618], [33.131377, 1.495369], [33.124176, 1.495704], [33.116454, 1.495795], [33.108588, 1.496103], [33.091516, 1.49604], [33.091201, 1.495941]]}, "properties": {"project_id": "NDP4-024", "project_name": "Proposed Upgrade \u2014 North Eastern", "component": "Proposed Upgrade", "region": "North Eastern", "priority": "Medium", "status": "Planned", "funder": "AfDB / GOU / IsDB / Prefinancing", "project_total_km": 474.5, "road_no": "C934", "link_id": "C934_Link02", "link_name": "Kadungulu - Kagwara", "length_km": 14.378}}, {"type": "Feature", "geometry": {"type": "LineString", "coordinates": [[33.217196, 1.523992], [33.219722, 1.529044], [33.224245, 1.53962], [33.22572, 1.54332], [33.2276, 1.549508], [33.229398, 1.553706], [33.232204, 1.559659], [33.234757, 1.56629], [33.239587, 1.585777], [33.240855, 1.589604], [33.241728, 1.591639], [33.244155, 1.596181], [33.24652, 1.60017], [33.247393, 1.601419], [33.249838, 1.604558], [33.250423, 1.604983], [33.251484, 1.605299], [33.254531, 1.605679], [33.256338, 1.606213], [33.265041, 1.609306], [33.269195, 1.610897], [33.271694, 1.612055], [33.275156, 1.614217], [33.278671, 1.61722], [33.282124, 1.619635], [33.282573, 1.619698], [33.285984, 1.6191]]}, "properties": {"project_id": "NDP4-024", "project_name": "Proposed Upgrade \u2014 North Eastern", "component": "Proposed Upgrade", "region": "North Eastern", "priority": "Medium", "status": "Planned", "funder": "AfDB / GOU / IsDB / Prefinancing", "project_total_km": 474.5, "road_no": "C935", "link_id": "C935_Link01", "link_name": "Bugondo - Butiku - Kadungulu", "length_km": 13.821}}, {"type": "Feature", "geometry": {"type": "LineString", "coordinates": [[33.949805, 3.685653], [33.898998, 3.698112], [33.898129, 3.698134], [33.897106, 3.697804], [33.873203, 3.707327], [33.872452, 3.707165], [33.860619, 3.696246], [33.856886, 3.69413], [33.840892, 3.688185], [33.835767, 3.686539], [33.830701, 3.68601], [33.828152, 3.686122], [33.826459, 3.686387], [33.825319, 3.686922], [33.822409, 3.688668], [33.822147, 3.688732], [33.821356, 3.687331], [33.816504, 3.675898], [33.816857, 3.661848], [33.788879, 3.627162], [33.743074, 3.606938], [33.726826, 3.599655], [33.70095, 3.588572], [33.697072, 3.576429]]}, "properties": {"project_id": "NDP4-024", "project_name": "Proposed Upgrade \u2014 North Eastern", "component": "Proposed Upgrade", "region": "North Eastern", "priority": "Medium", "status": "Planned", "funder": "AfDB / GOU / IsDB / Prefinancing", "project_total_km": 474.5, "road_no": "C993", "link_id": "C993_Link01", "link_name": "Kapedo - Karenga", "length_km": 38.0}}, {"type": "Feature", "geometry": {"type": "LineString", "coordinates": [[32.942525, 2.606462], [32.945296, 2.608987], [32.945639, 2.609767], [32.945659, 2.610453], [32.945433, 2.611122], [32.944883, 2.611724], [32.941926, 2.612931], [32.941254, 2.613424], [32.935988, 2.620948], [32.935353, 2.622179], [32.935216, 2.623152], [32.935097, 2.634389], [32.935355, 2.639355], [32.935542, 2.640694], [32.937896, 2.651131], [32.938781, 2.654409], [32.940509, 2.659216], [32.941183, 2.662446], [32.941574, 2.666972], [32.941252, 2.67613], [32.941476, 2.679811], [32.942983, 2.69108], [32.947301, 2.709199], [32.947934, 2.714965], [32.948199, 2.718716], [32.948863, 2.724338], [32.948879, 2.730476], [32.949661, 2.735649], [32.949915, 2.7403], [32.950001, 2.745894], [32.950405, 2.748446], [32.950853, 2.750608], [32.951972, 2.753434], [32.955067, 2.758625], [32.958394, 2.765924], [32.959367, 2.768838], [32.959868, 2.772072], [32.959657, 2.783091], [32.960448, 2.788451], [32.960837, 2.792466], [32.962037, 2.799602], [32.962204, 2.80115], [32.962151, 2.808275], [32.961806, 2.814845], [32.962641, 2.823857], [32.963507, 2.829232], [32.963289, 2.833578], [32.963311, 2.837901], [32.963564, 2.838793], [32.964618, 2.840047], [32.964784, 2.840575], [32.964599, 2.841122], [32.963369, 2.842845], [32.963013, 2.843589], [32.962262, 2.848155], [32.961229, 2.852534], [32.9589, 2.85883], [32.957633, 2.863754], [32.956608, 2.869315], [32.955595, 2.873902], [32.954865, 2.878402], [32.954862, 2.880215], [32.95527, 2.884306], [32.95543, 2.887795], [32.955429, 2.889753], [32.955203, 2.89149], [32.952869, 2.899239], [32.950728, 2.90912], [32.94568, 2.929521], [32.942529, 2.943009], [32.939415, 2.953488], [32.934533, 2.973499], [32.933366, 2.978671], [32.932593, 2.982491], [32.932046, 2.987018], [32.931543, 2.997845], [32.929751, 3.00189], [32.929554, 3.002896], [32.929443, 3.005564], [32.928823, 3.007623], [32.926948, 3.011936], [32.924344, 3.018948], [32.921506, 3.025152], [32.921154, 3.026836], [32.92094, 3.02906], [32.920897, 3.030645], [32.921068, 3.033272], [32.920846, 3.034767], [32.919997, 3.037138], [32.917946, 3.041176], [32.917465, 3.042797], [32.917392, 3.046981], [32.917875, 3.05173], [32.919137, 3.058234], [32.920508, 3.062901], [32.921538, 3.069361], [32.921615, 3.070394], [32.92121, 3.072726], [32.919475, 3.079881], [32.918447, 3.08559], [32.91451, 3.098034], [32.914268, 3.099121], [32.914078, 3.10533], [32.914334, 3.108783], [32.914802, 3.112324], [32.914848, 3.113405], [32.913872, 3.118516], [32.913499, 3.121659], [32.913439, 3.123111], [32.913606, 3.126937], [32.913347, 3.128909], [32.912687, 3.132146], [32.912474, 3.13628], [32.912592, 3.137659], [32.913659, 3.142354], [32.913864, 3.143788]]}, "properties": {"project_id": "NDP4-025", "project_name": "Proposed Upgrade \u2014 Northern", "component": "Proposed Upgrade", "region": "Northern", "priority": "Medium", "status": "Planned", "funder": "BADEA / IsDB", "project_total_km": 262.1, "road_no": "B252", "link_id": "B252_Link02", "link_name": "Puranga Bridge - Corner Kilak - Pejule - Acholibur", "length_km": 61.6}}, {"type": "Feature", "geometry": {"type": "LineString", "coordinates": [[32.356501, 2.569554], [32.358163, 2.570099], [32.360255, 2.569575], [32.361987, 2.568932], [32.369161, 2.565778], [32.379299, 2.560009], [32.390502, 2.553223], [32.390933, 2.55273], [32.392292, 2.550331], [32.393143, 2.548511], [32.393624, 2.539931], [32.393839, 2.538873], [32.39607, 2.534684], [32.401283, 2.526891], [32.402151, 2.525209], [32.402726, 2.524645], [32.403063, 2.524571], [32.403416, 2.524662], [32.420808, 2.531703], [32.421686, 2.531855], [32.422218, 2.531726], [32.425268, 2.529332], [32.427056, 2.528182], [32.429359, 2.526469], [32.435104, 2.521273], [32.449728, 2.513065], [32.453133, 2.512099], [32.457283, 2.510518], [32.466095, 2.50744], [32.469437, 2.505598], [32.471785, 2.5045], [32.478019, 2.50218], [32.485478, 2.499755], [32.489781, 2.497481], [32.491632, 2.496631], [32.501802, 2.493325], [32.513922, 2.488521], [32.51828, 2.486587], [32.521588, 2.484936], [32.533037, 2.478432], [32.539195, 2.475779], [32.54445, 2.473964], [32.553518, 2.471543], [32.567853, 2.467208], [32.574969, 2.464612], [32.580578, 2.462198], [32.582434, 2.461266], [32.589819, 2.457131], [32.621238, 2.437083], [32.628899, 2.427069], [32.635275, 2.419189], [32.640256, 2.412732], [32.648127, 2.402112], [32.650522, 2.398166], [32.652866, 2.39312], [32.653691, 2.390435], [32.654319, 2.387283], [32.654785, 2.386401], [32.656663, 2.384332], [32.661772, 2.379416], [32.675185, 2.366745], [32.68155, 2.360998], [32.681825, 2.360637], [32.68259, 2.357138], [32.685273, 2.333367], [32.686567, 2.319336], [32.686614, 2.316582], [32.68686, 2.316078], [32.686955, 2.315465], [32.68881, 2.293407], [32.689633, 2.284897], [32.689743, 2.2846]]}, "properties": {"project_id": "NDP4-025", "project_name": "Proposed Upgrade \u2014 Northern", "component": "Proposed Upgrade", "region": "Northern", "priority": "Medium", "status": "Planned", "funder": "BADEA / IsDB", "project_total_km": 262.1, "road_no": "C655", "link_id": "C655_Link01", "link_name": "Bobi - Aboke - Ayer", "length_km": 54.222}}, {"type": "Feature", "geometry": {"type": "LineString", "coordinates": [[32.898535, 3.273389], [32.903111, 3.272499], [32.905238, 3.27194], [32.911784, 3.269425], [32.915715, 3.267773], [32.919018, 3.265852], [32.927632, 3.260219], [32.930674, 3.257644], [32.934498, 3.254658], [32.936652, 3.252687], [32.942358, 3.24665], [32.947509, 3.240835], [32.948759, 3.239571], [32.949477, 3.239057], [32.952236, 3.237957], [32.954792, 3.236676], [32.956254, 3.236087], [32.961208, 3.234763], [32.964689, 3.233996], [32.967697, 3.232669], [32.968828, 3.232306], [32.971457, 3.231828], [32.977773, 3.231186], [32.982211, 3.230487], [32.983737, 3.230373], [32.984726, 3.230464], [32.994695, 3.232305], [32.997247, 3.23318], [33.000573, 3.234142], [33.001617, 3.234624], [33.004085, 3.236241], [33.00678, 3.236977], [33.011167, 3.239226], [33.014161, 3.241175], [33.016585, 3.24296], [33.019068, 3.245069], [33.021093, 3.247018], [33.022142, 3.249387], [33.023518, 3.251836], [33.024852, 3.254551], [33.025377, 3.255425], [33.02585, 3.255882], [33.030692, 3.258859], [33.03886, 3.263343], [33.047586, 3.267745], [33.049118, 3.268113], [33.054677, 3.268759], [33.055425, 3.268787], [33.055998, 3.268662], [33.060945, 3.266325], [33.062447, 3.26547], [33.067155, 3.261957], [33.068638, 3.260453], [33.069694, 3.260253], [33.074166, 3.258401], [33.076112, 3.257865], [33.095727, 3.256071], [33.103487, 3.255219], [33.111036, 3.255039], [33.118201, 3.254726], [33.123011, 3.254726], [33.12639, 3.255028], [33.129997, 3.255926], [33.135352, 3.256874], [33.137818, 3.257218], [33.144903, 3.257913], [33.155585, 3.259371], [33.159088, 3.259438], [33.164991, 3.259012], [33.170958, 3.258957], [33.174934, 3.259325], [33.179412, 3.260396], [33.185348, 3.261503], [33.195134, 3.26404], [33.20357, 3.266014], [33.206028, 3.265804], [33.206569, 3.265994], [33.208344, 3.267355], [33.211965, 3.268201], [33.216984, 3.270358], [33.224191, 3.274863], [33.2285, 3.278192], [33.233127, 3.281249], [33.237674, 3.284439], [33.242833, 3.288482], [33.25115, 3.294271], [33.255757, 3.297239], [33.262277, 3.30171], [33.266297, 3.303936], [33.272047, 3.306649], [33.280922, 3.311873], [33.289107, 3.316485], [33.290978, 3.317373], [33.294387, 3.318489], [33.296707, 3.31968], [33.300124, 3.32114], [33.302486, 3.322561], [33.304064, 3.323638], [33.307681, 3.326873], [33.30982, 3.328602], [33.31161, 3.329774], [33.314659, 3.332288], [33.317809, 3.334597], [33.320603, 3.338504], [33.329463, 3.346799], [33.330485, 3.347339], [33.334567, 3.348114], [33.339942, 3.358514], [33.347798, 3.37253], [33.351963, 3.378375], [33.355483, 3.383791], [33.358456, 3.387783], [33.359944, 3.390483], [33.362043, 3.395337], [33.362554, 3.396243], [33.365667, 3.397418], [33.368737, 3.397727], [33.376968, 3.398127], [33.394665, 3.398722], [33.403777, 3.399183], [33.41418, 3.399894], [33.42824, 3.40111], [33.439609, 3.401896], [33.443403, 3.401795], [33.452692, 3.400614], [33.455971, 3.400593], [33.459447, 3.400795], [33.461897, 3.400717], [33.469506, 3.399508]]}, "properties": {"project_id": "NDP4-025", "project_name": "Proposed Upgrade \u2014 Northern", "component": "Proposed Upgrade", "region": "Northern", "priority": "Medium", "status": "Planned", "funder": "BADEA / IsDB", "project_total_km": 262.1, "road_no": "C703", "link_id": "C703_Link01", "link_name": "Kitgum - Orom", "length_km": 79.113}}, {"type": "Feature", "geometry": {"type": "LineString", "coordinates": [[33.469506, 3.399508], [33.468567, 3.402867], [33.468309, 3.405292], [33.476771, 3.412988], [33.483383, 3.419774], [33.484889, 3.421126], [33.493067, 3.427844], [33.494984, 3.430723], [33.497585, 3.433125], [33.499336, 3.435487], [33.499839, 3.43636], [33.50048, 3.438092], [33.50267, 3.44149], [33.504138, 3.444109], [33.506291, 3.447222], [33.507035, 3.449201], [33.507726, 3.450311], [33.511296, 3.452873], [33.514614, 3.4549], [33.522299, 3.457577], [33.523266, 3.458822], [33.523827, 3.459749], [33.525275, 3.46282], [33.527412, 3.466414], [33.528024, 3.467096], [33.533101, 3.471599], [33.534285, 3.472816], [33.536623, 3.474095], [33.538854, 3.475012], [33.54192, 3.475944], [33.544499, 3.476472], [33.54888, 3.477127], [33.553186, 3.478795], [33.556737, 3.479528], [33.559263, 3.480546], [33.561826, 3.481847], [33.563605, 3.482335], [33.565788, 3.483214], [33.567757, 3.483853], [33.568274, 3.483929], [33.569093, 3.483638], [33.569546, 3.483686], [33.570595, 3.484193], [33.572933, 3.486052], [33.574286, 3.486775], [33.57761, 3.487506], [33.581127, 3.488663], [33.583102, 3.488931], [33.587933, 3.490014], [33.588853, 3.49056], [33.59047, 3.491921], [33.593195, 3.492638], [33.595777, 3.493803], [33.597006, 3.49465], [33.597931, 3.495049], [33.599201, 3.495263], [33.604893, 3.495419], [33.606382, 3.495788], [33.607096, 3.496086], [33.607986, 3.496649], [33.609003, 3.497401], [33.610666, 3.498982], [33.612303, 3.499878], [33.613277, 3.499671], [33.616424, 3.497508], [33.61815, 3.496693], [33.619867, 3.496433], [33.622077, 3.496664], [33.623152, 3.496355], [33.623901, 3.495772], [33.624765, 3.494676], [33.625621, 3.493875], [33.626272, 3.493409], [33.627072, 3.493053], [33.628006, 3.491572], [33.629735, 3.48988], [33.63341, 3.487535], [33.63462, 3.486889], [33.635728, 3.486515], [33.63683, 3.484345], [33.63735, 3.480985], [33.637977, 3.478173], [33.638748, 3.4771], [33.640453, 3.475928], [33.641111, 3.475695], [33.641597, 3.475998], [33.645958, 3.479646], [33.647701, 3.482122], [33.651585, 3.488513], [33.654649, 3.494723], [33.657375, 3.499743], [33.661887, 3.510253], [33.662723, 3.511406], [33.662864, 3.511962], [33.662712, 3.513156], [33.661873, 3.514547], [33.661742, 3.515191], [33.662741, 3.520215], [33.662961, 3.523898], [33.662901, 3.525881], [33.661226, 3.528656], [33.655034, 3.535262], [33.652101, 3.539227], [33.651342, 3.540981], [33.650382, 3.54203], [33.650309, 3.542568], [33.650508, 3.545187], [33.650819, 3.546971], [33.651062, 3.547273], [33.65284, 3.54859], [33.653507, 3.548736], [33.654176, 3.548721], [33.654798, 3.548936], [33.657254, 3.548961], [33.659379, 3.54946], [33.660232, 3.549844], [33.662261, 3.551226], [33.666859, 3.551742], [33.667685, 3.552357], [33.668888, 3.55295], [33.669966, 3.553645], [33.67297, 3.553844], [33.67398, 3.554493], [33.676317, 3.554522], [33.677222, 3.554851], [33.678054, 3.555334], [33.679189, 3.555556], [33.680723, 3.556278], [33.681308, 3.556872], [33.684, 3.55853], [33.684476, 3.558573], [33.686546, 3.558329], [33.687226, 3.558469], [33.687888, 3.558811], [33.688974, 3.559635], [33.691156, 3.562266], [33.693471, 3.564295], [33.694145, 3.565136], [33.694863, 3.566824], [33.695866, 3.570301], [33.696347, 3.57226], [33.697037, 3.576435]]}, "properties": {"project_id": "NDP4-025", "project_name": "Proposed Upgrade \u2014 Northern", "component": "Proposed Upgrade", "region": "Northern", "priority": "Medium", "status": "Planned", "funder": "BADEA / IsDB", "project_total_km": 262.1, "road_no": "C710", "link_id": "C710_Link01", "link_name": "Orom - Locomo - Karenga", "length_km": 41.4}}, {"type": "Feature", "geometry": {"type": "LineString", "coordinates": [[31.722403, 3.654097], [31.722203, 3.654533], [31.721166, 3.655104], [31.720852, 3.655161], [31.720502, 3.65548], [31.718944, 3.656365], [31.717241, 3.657633], [31.716496, 3.658452], [31.715595, 3.660169], [31.715081, 3.660686], [31.711657, 3.662323], [31.711139, 3.66278], [31.711097, 3.663417], [31.711299, 3.664386], [31.712609, 3.666932], [31.712718, 3.667556], [31.71219, 3.671763], [31.711506, 3.675147], [31.710733, 3.677053], [31.709714, 3.678529], [31.708358, 3.679875], [31.707509, 3.680488], [31.704838, 3.68192], [31.701923, 3.683923], [31.697087, 3.686075], [31.693759, 3.686909], [31.692808, 3.687381], [31.69198, 3.68823], [31.686102, 3.696927], [31.681268, 3.700132], [31.677378, 3.703235], [31.67593, 3.704527], [31.674277, 3.706855], [31.673685, 3.707425], [31.671899, 3.7083], [31.667951, 3.708848], [31.667134, 3.709201], [31.666691, 3.709728], [31.666084, 3.711833], [31.664482, 3.714965], [31.664173, 3.716395], [31.663447, 3.717913], [31.663212, 3.718778]]}, "properties": {"project_id": "NDP4-025", "project_name": "Proposed Upgrade \u2014 Northern", "component": "Proposed Upgrade", "region": "Northern", "priority": "Medium", "status": "Planned", "funder": "BADEA / IsDB", "project_total_km": 262.1, "road_no": "C720", "link_id": "C720_Link01", "link_name": "Moyo - Sudan Border", "length_km": 10.662}}, {"type": "Feature", "geometry": {"type": "LineString", "coordinates": [[31.089897, 2.478487], [31.088099, 2.477998], [31.083647, 2.477838], [31.081997, 2.477642], [31.076528, 2.476422], [31.07612, 2.476469], [31.074141, 2.477268], [31.07335, 2.477332], [31.073074, 2.477213], [31.072978, 2.476831], [31.073623, 2.475243], [31.073594, 2.474675], [31.073315, 2.474358], [31.072425, 2.47427], [31.071829, 2.474011], [31.070518, 2.472205], [31.069615, 2.471341], [31.069427, 2.470075], [31.06977, 2.469375], [31.069749, 2.468348], [31.069591, 2.46792], [31.069225, 2.467746], [31.068366, 2.468195], [31.067296, 2.468482], [31.066668, 2.468362], [31.066241, 2.468098], [31.065935, 2.467469], [31.065834, 2.465814], [31.06467, 2.462569], [31.063241, 2.460259], [31.060327, 2.456522], [31.059675, 2.455269], [31.058642, 2.452477], [31.057161, 2.449653], [31.05623, 2.448588], [31.054378, 2.447519], [31.053742, 2.446964], [31.053282, 2.446349], [31.05274, 2.445073], [31.052117, 2.443145], [31.051472, 2.441946], [31.050856, 2.440219], [31.04618, 2.432496], [31.043824, 2.426589], [31.042903, 2.42276], [31.042395, 2.421728], [31.040692, 2.418967], [31.03995, 2.417131], [31.039796, 2.416523], [31.039812, 2.415371], [31.039487, 2.414223], [31.036308, 2.410469], [31.033744, 2.40611], [31.033498, 2.405517], [31.033211, 2.403919], [31.032739, 2.402717], [31.032411, 2.401136], [31.031308, 2.398165], [31.030708, 2.397187], [31.029528, 2.395845], [31.029076, 2.395019], [31.029141, 2.394453], [31.029766, 2.393255], [31.030063, 2.391697], [31.031044, 2.390213], [31.031628, 2.386581], [31.031317, 2.385129], [31.031783, 2.384129], [31.031969, 2.383393], [31.031913, 2.382977], [31.031666, 2.382475], [31.030576, 2.381311], [31.030247, 2.380807], [31.030033, 2.379773], [31.030329, 2.378104], [31.030206, 2.377597], [31.029931, 2.377142]]}, "properties": {"project_id": "NDP4-025", "project_name": "Proposed Upgrade \u2014 Northern", "component": "Proposed Upgrade", "region": "Northern", "priority": "Medium", "status": "Planned", "funder": "BADEA / IsDB", "project_total_km": 262.1, "road_no": "C745", "link_id": "C745_Link01", "link_name": "Nebbi - Goli", "length_km": 15.141}}, {"type": "Feature", "geometry": {"type": "LineString", "coordinates": [[29.628197, -0.72738], [29.63279, -0.723794], [29.633965, -0.722531], [29.63472, -0.721432], [29.637915, -0.715633], [29.639241, -0.713495], [29.656143, -0.692106], [29.671515, -0.677598], [29.673201, -0.675826], [29.694342, -0.645689], [29.695167, -0.643924], [29.71171, -0.599191], [29.712706, -0.59722], [29.717067, -0.590046], [29.71795, -0.588345], [29.718425, -0.586585], [29.718666, -0.582988], [29.718822, -0.582024], [29.719345, -0.580624], [29.720007, -0.579575], [29.72332, -0.575454], [29.724486, -0.574427], [29.725686, -0.572527], [29.737761, -0.557579], [29.739141, -0.556008], [29.741596, -0.553989], [29.758998, -0.540955], [29.760317, -0.539725], [29.762045, -0.537119], [29.779738, -0.508162], [29.781103, -0.506303], [29.781881, -0.505582], [29.783019, -0.504766], [29.797798, -0.494912], [29.798635, -0.494228], [29.799415, -0.493251], [29.800099, -0.491514], [29.80012, -0.489777], [29.796482, -0.474617], [29.796192, -0.473022], [29.796196, -0.471838], [29.796635, -0.470042], [29.801062, -0.459322], [29.801216, -0.458561], [29.802529, -0.456215], [29.803423, -0.455398], [29.804569, -0.454865], [29.811575, -0.453333], [29.813624, -0.4527], [29.824319, -0.447655], [29.853765, -0.436478], [29.854674, -0.435952], [29.856033, -0.434889], [29.865554, -0.426828], [29.866251, -0.426041], [29.866853, -0.425091], [29.86879, -0.420953], [29.869283, -0.419187], [29.87514, -0.388663], [29.875857, -0.384642], [29.875911, -0.383506], [29.875898, -0.382133], [29.875677, -0.380992], [29.869551, -0.361965], [29.869224, -0.36045], [29.869239, -0.35932], [29.871192, -0.347321], [29.87133, -0.345941], [29.871235, -0.344068], [29.870643, -0.338802], [29.870745, -0.335041], [29.868794, -0.317779], [29.868956, -0.31609], [29.869335, -0.315108], [29.869767, -0.314378], [29.872129, -0.311285], [29.87284, -0.310767], [29.873355, -0.310645], [29.873974, -0.310729], [29.876455, -0.311957], [29.877269, -0.312109], [29.878176, -0.311718], [29.880107, -0.30967], [29.880831, -0.309174], [29.881713, -0.308954], [29.885197, -0.308744], [29.885784, -0.308556], [29.886317, -0.308133], [29.886976, -0.306752], [29.88759, -0.305951], [29.890662, -0.3038], [29.893854, -0.301761], [29.894833, -0.30125], [29.89575, -0.300974], [29.898364, -0.300511], [29.899735, -0.299968], [29.901071, -0.299115], [29.906792, -0.294918], [29.907621, -0.294025], [29.908307, -0.292892], [29.9112, -0.285591], [29.911679, -0.284672], [29.915763, -0.279048], [29.917257, -0.277276], [29.926877, -0.267656], [29.927761, -0.266881], [29.928606, -0.266322], [29.929387, -0.265915], [29.93073, -0.265482], [29.938729, -0.263839], [29.940044, -0.263315], [29.941112, -0.262668], [29.942886, -0.261097], [29.953046, -0.251153], [29.955714, -0.248463], [29.956479, -0.247409], [29.962975, -0.234031], [29.963581, -0.232991], [29.964215, -0.232183], [29.96547, -0.231011], [29.995456, -0.206532], [30.003812, -0.199015], [30.005329, -0.197182], [30.024317, -0.171652], [30.025844, -0.169945], [30.027485, -0.168857], [30.032778, -0.166315], [30.040111, -0.160949], [30.041504, -0.160046], [30.060722, -0.152681], [30.062337, -0.151584], [30.066166, -0.148287]]}, "properties": {"project_id": "NDP4-026", "project_name": "Proposed Upgrade \u2014 Southern", "component": "Proposed Upgrade", "region": "Southern", "priority": "Medium", "status": "Planned", "funder": "AfDB", "project_total_km": 246.7, "road_no": "C414", "link_id": "C414_Link01", "link_name": "Katunguru - Ishasha", "length_km": 87.025}}, {"type": "Feature", "geometry": {"type": "LineString", "coordinates": [[30.378387, -0.580106], [30.379095, -0.57785], [30.379514, -0.575346], [30.379541, -0.574559], [30.379349, -0.573116], [30.379517, -0.571556], [30.382702, -0.567031], [30.38264, -0.566577], [30.381962, -0.564687], [30.381183, -0.563173], [30.384311, -0.555275], [30.385545, -0.552808], [30.387266, -0.548419], [30.387702, -0.545921], [30.387701, -0.543763], [30.38748, -0.541839], [30.38697, -0.539462], [30.387024, -0.538237], [30.386694, -0.536411], [30.386436, -0.535963], [30.382991, -0.532042], [30.381001, -0.527462], [30.380866, -0.526963], [30.380874, -0.526336], [30.381252, -0.525185], [30.383937, -0.518953], [30.384589, -0.515253], [30.385663, -0.510942], [30.386008, -0.510412], [30.387046, -0.509398], [30.387205, -0.508014], [30.388236, -0.505059], [30.388438, -0.502188], [30.388182, -0.500928], [30.388192, -0.500296], [30.391081, -0.495161], [30.394601, -0.490806], [30.397217, -0.484666], [30.397766, -0.483011], [30.399311, -0.480107], [30.400035, -0.478426], [30.400434, -0.476932], [30.400653, -0.47558], [30.401327, -0.473679], [30.401877, -0.471615], [30.403163, -0.469122], [30.404229, -0.465433], [30.405933, -0.464455], [30.407515, -0.463727], [30.408009, -0.46268], [30.408195, -0.462503], [30.414454, -0.461437], [30.416146, -0.460959], [30.416647, -0.460689], [30.4179, -0.45968], [30.421711, -0.458477], [30.423497, -0.457621], [30.425798, -0.45599], [30.428941, -0.454157], [30.430763, -0.453253], [30.432393, -0.452737], [30.433954, -0.451853], [30.435339, -0.451239], [30.437059, -0.450156], [30.4443, -0.447636], [30.449102, -0.444059], [30.450478, -0.443479], [30.451762, -0.442749], [30.45513, -0.438816], [30.459656, -0.435336], [30.460241, -0.434574]]}, "properties": {"project_id": "NDP4-026", "project_name": "Proposed Upgrade \u2014 Southern", "component": "Proposed Upgrade", "region": "Southern", "priority": "Medium", "status": "Planned", "funder": "AfDB", "project_total_km": 246.7, "road_no": "C415", "link_id": "C415_Link01", "link_name": "Kabwohe - Nyakambu - Bihanga", "length_km": 21.129}}, {"type": "Feature", "geometry": {"type": "LineString", "coordinates": [[30.460241, -0.434574], [30.460648, -0.434117], [30.46247, -0.432699], [30.46469, -0.431988], [30.468253, -0.430318], [30.469599, -0.429481], [30.4709, -0.42847], [30.471838, -0.427085], [30.47259, -0.42621], [30.473312, -0.4257], [30.476052, -0.424444], [30.478197, -0.42379], [30.47972, -0.423137], [30.480175, -0.422801], [30.481786, -0.421132], [30.482543, -0.420548], [30.484063, -0.420385], [30.485479, -0.419841], [30.488122, -0.419446], [30.489885, -0.419613], [30.492378, -0.420158], [30.495037, -0.420481], [30.497605, -0.420196], [30.501143, -0.419612], [30.502202, -0.419566], [30.505757, -0.420095], [30.509814, -0.421435], [30.512003, -0.421977], [30.515688, -0.423739], [30.518489, -0.424804], [30.521204, -0.426094], [30.522809, -0.427512], [30.52345, -0.427675], [30.525088, -0.42779], [30.526051, -0.428137], [30.527402, -0.428761], [30.528135, -0.429248], [30.530589, -0.43159], [30.531284, -0.432532], [30.531849, -0.432892], [30.533309, -0.433127], [30.536156, -0.432516], [30.536615, -0.432637], [30.537473, -0.433102], [30.53792, -0.433122], [30.538677, -0.43296], [30.540498, -0.432224], [30.541387, -0.432035], [30.542017, -0.432131], [30.544798, -0.433166], [30.545094, -0.433109], [30.546093, -0.432563], [30.546781, -0.432449], [30.551739, -0.432813], [30.553932, -0.432346], [30.556685, -0.431303], [30.557819, -0.430737], [30.558707, -0.430671], [30.559268, -0.430895], [30.563138, -0.433702], [30.564865, -0.435284], [30.5673, -0.437122], [30.570844, -0.438207], [30.57404, -0.439638]]}, "properties": {"project_id": "NDP4-026", "project_name": "Proposed Upgrade \u2014 Southern", "component": "Proposed Upgrade", "region": "Southern", "priority": "Medium", "status": "Planned", "funder": "AfDB", "project_total_km": 246.7, "road_no": "C415", "link_id": "C415_Link02", "link_name": "Bihanga - Bwizibwera", "length_km": 14.057}}, {"type": "Feature", "geometry": {"type": "LineString", "coordinates": [[30.455497, -0.438509], [30.453242, -0.435276], [30.451431, -0.433305], [30.451459, -0.432664], [30.452141, -0.431453], [30.452366, -0.430513], [30.45269, -0.427774], [30.453157, -0.425778], [30.453135, -0.425215], [30.452901, -0.424698], [30.452225, -0.424032], [30.451695, -0.42377], [30.450734, -0.42367], [30.449801, -0.423372], [30.448032, -0.423461], [30.446847, -0.423316], [30.445438, -0.422837], [30.4441, -0.421878], [30.442682, -0.421236], [30.441066, -0.420314], [30.438639, -0.418085], [30.437004, -0.417303], [30.435146, -0.415828], [30.43358, -0.414961], [30.432647, -0.413325], [30.432037, -0.411309], [30.431615, -0.41055], [30.431724, -0.409284], [30.431571, -0.408742], [30.430432, -0.406843], [30.429104, -0.403689], [30.429032, -0.402758], [30.428512, -0.40198], [30.42843, -0.401096], [30.428153, -0.400552], [30.428144, -0.400299], [30.428656, -0.40001], [30.429001, -0.399449], [30.429041, -0.397602], [30.429977, -0.396784], [30.430097, -0.395761], [30.429696, -0.394988], [30.430101, -0.394567], [30.43067, -0.393368], [30.430714, -0.392496], [30.431469, -0.391967], [30.431665, -0.391593], [30.431706, -0.391078], [30.431559, -0.390556], [30.431242, -0.390084], [30.430069, -0.388812], [30.429529, -0.388602], [30.429046, -0.387646], [30.428624, -0.387221], [30.42866, -0.386742], [30.427934, -0.384817], [30.427252, -0.381653], [30.426974, -0.381174], [30.426714, -0.380361], [30.425655, -0.378625], [30.424614, -0.377667], [30.424252, -0.377101], [30.424241, -0.376674], [30.42453, -0.375417], [30.424534, -0.374585], [30.424687, -0.374187], [30.425019, -0.373925], [30.425953, -0.373988], [30.426554, -0.373663], [30.426518, -0.373229], [30.42633, -0.372958], [30.426177, -0.372886], [30.425603, -0.372958], [30.425396, -0.372741], [30.425425, -0.371324], [30.425491, -0.371187], [30.426229, -0.37084], [30.426927, -0.369454], [30.430021, -0.368567], [30.430299, -0.368558], [30.430515, -0.368748], [30.430685, -0.369163], [30.430676, -0.369887], [30.430919, -0.37014], [30.431269, -0.370167], [30.431996, -0.369959], [30.432795, -0.369345], [30.433073, -0.369453], [30.433262, -0.369896], [30.433315, -0.371098], [30.433584, -0.372581], [30.433952, -0.372825], [30.434284, -0.372708], [30.434509, -0.372084], [30.434896, -0.370168], [30.43556, -0.369608], [30.436754, -0.369075], [30.43882, -0.367521], [30.439061, -0.367255], [30.439206, -0.366744], [30.43917, -0.366436], [30.439027, -0.366274], [30.435141, -0.364243], [30.434352, -0.36409]]}, "properties": {"project_id": "NDP4-026", "project_name": "Proposed Upgrade \u2014 Southern", "component": "Proposed Upgrade", "region": "Southern", "priority": "Medium", "status": "Planned", "funder": "AfDB", "project_total_km": 246.7, "road_no": "C416", "link_id": "C416_Link01", "link_name": "Bihanga - Nsiika", "length_km": 13.222}}, {"type": "Feature", "geometry": {"type": "LineString", "coordinates": [[30.010707, -1.423107], [30.010122, -1.424151], [30.009301, -1.425069], [30.009034, -1.425769], [30.009029, -1.426527], [30.008684, -1.427423], [30.007757, -1.428008], [30.006846, -1.428089], [30.006418, -1.428242], [30.005736, -1.428917], [30.004592, -1.429175], [30.004221, -1.4291], [30.001614, -1.426384], [30.000477, -1.424798], [29.999391, -1.424082], [29.998776, -1.423366], [29.997905, -1.422909], [29.996185, -1.421096], [29.993314, -1.418796], [29.992518, -1.417644], [29.992281, -1.416793], [29.992207, -1.415821], [29.992055, -1.415522], [29.989732, -1.414288], [29.988909, -1.413268], [29.988154, -1.411777], [29.987648, -1.411092], [29.987331, -1.4108], [29.986643, -1.41057], [29.986111, -1.410769], [29.985673, -1.411235], [29.985634, -1.412485], [29.985457, -1.413006], [29.985085, -1.413202], [29.984304, -1.413256], [29.983819, -1.413787], [29.983708, -1.414058], [29.983754, -1.414252], [29.984414, -1.414778], [29.984522, -1.415071], [29.984384, -1.41527], [29.98387, -1.415461], [29.98332, -1.415864], [29.982963, -1.415836], [29.982619, -1.415538], [29.982051, -1.414655], [29.981374, -1.414261], [29.981075, -1.414239], [29.980616, -1.414501], [29.979954, -1.414538], [29.979571, -1.414816], [29.979436, -1.416427], [29.979307, -1.416646], [29.97887, -1.416567], [29.978191, -1.415916], [29.977148, -1.415624], [29.976875, -1.415647], [29.975605, -1.416742], [29.975592, -1.417142], [29.975893, -1.418146], [29.975462, -1.418231], [29.974883, -1.417988], [29.97432, -1.418144], [29.973826, -1.418717], [29.973723, -1.419455], [29.972474, -1.419014], [29.972109, -1.419279], [29.971686, -1.420021], [29.971449, -1.420127], [29.970602, -1.419666], [29.969688, -1.419474], [29.969042, -1.41955], [29.968867, -1.419634], [29.968418, -1.42027], [29.967465, -1.420515], [29.966919, -1.421408], [29.966677, -1.421535], [29.966339, -1.421496], [29.96504, -1.420762], [29.963686, -1.420378], [29.962249, -1.419175], [29.961618, -1.419239], [29.961311, -1.419407], [29.960913, -1.419168], [29.960164, -1.419355], [29.960031, -1.419167], [29.959899, -1.418133], [29.95936, -1.4174], [29.958496, -1.417203], [29.95772, -1.416841], [29.956744, -1.416786], [29.95598, -1.416289], [29.955296, -1.415473], [29.954244, -1.415636], [29.95339, -1.416439], [29.952611, -1.416863], [29.951958, -1.4193], [29.951166, -1.421182], [29.950818, -1.42284], [29.949658, -1.42442], [29.949205, -1.426132], [29.949269, -1.426973], [29.949671, -1.428732], [29.950627, -1.430999], [29.951449, -1.432524], [29.95145, -1.433612], [29.951202, -1.435121], [29.951174, -1.436607], [29.951272, -1.437165], [29.951537, -1.43759], [29.951308, -1.438167], [29.951321, -1.4384], [29.951494, -1.438815], [29.951992, -1.4393], [29.951994, -1.439745], [29.952356, -1.440262], [29.952349, -1.440578], [29.952061, -1.441091], [29.952041, -1.441356], [29.952487, -1.442192], [29.952847, -1.442621], [29.95321, -1.442802], [29.953674, -1.442708], [29.954383, -1.443432], [29.954458, -1.443695], [29.954031, -1.443898], [29.953147, -1.443676], [29.952479, -1.443695], [29.951947, -1.443873], [29.951657, -1.444154], [29.951164, -1.445039], [29.951096, -1.445448], [29.95136, -1.446047], [29.952172, -1.446689], [29.952233, -1.447222], [29.952046, -1.447498], [29.951293, -1.447718], [29.949927, -1.447331], [29.948696, -1.447659], [29.948478, -1.447816], [29.948282, -1.451379], [29.948969, -1.453096], [29.948883, -1.453523], [29.949073, -1.454113], [29.949113, -1.455104], [29.949327, -1.455569], [29.949441, -1.456619], [29.949286, -1.457159], [29.948983, -1.45762], [29.948743, -1.457805], [29.948553, -1.457762], [29.948121, -1.456609], [29.947987, -1.456489], [29.947205, -1.456614], [29.946855, -1.456429], [29.946853, -1.4561], [29.947403, -1.455467], [29.947483, -1.455192], [29.947305, -1.454969], [29.946719, -1.454696], [29.94689, -1.453666], [29.94677, -1.453413], [29.946354, -1.453126], [29.945355, -1.453502], [29.94475, -1.453474], [29.944246, -1.453828], [29.943941, -1.454203], [29.942733, -1.454508], [29.942528, -1.454721], [29.941317, -1.457242], [29.941052, -1.457511], [29.939692, -1.457249], [29.939534, -1.457074], [29.940502, -1.455056], [29.940509, -1.454777], [29.939375, -1.454247], [29.938855, -1.454337], [29.937878, -1.455191], [29.938295, -1.456021], [29.938155, -1.456578], [29.938431, -1.457154], [29.938131, -1.458334], [29.938036, -1.460545], [29.938225, -1.460781], [29.938885, -1.460905], [29.939497, -1.461217], [29.940074, -1.462122], [29.939343, -1.461855], [29.938191, -1.461801], [29.937487, -1.461897], [29.935914, -1.461354], [29.935622, -1.460725], [29.935467, -1.459438], [29.935018, -1.45797], [29.934467, -1.457628], [29.934122, -1.457647], [29.93354, -1.458227], [29.933597, -1.458437], [29.934008, -1.458694], [29.934439, -1.459168], [29.93485, -1.460166], [29.934665, -1.461395], [29.934766, -1.461783], [29.934704, -1.462159], [29.93452, -1.462568], [29.934215, -1.462872], [29.933644, -1.462907], [29.933263, -1.462744], [29.933026, -1.463131], [29.932581, -1.463446], [29.932739, -1.464145], [29.932572, -1.464827], [29.932792, -1.465403], [29.932529, -1.46663], [29.931959, -1.467757], [29.931852, -1.468372], [29.931569, -1.469007], [29.931455, -1.469164], [29.931203, -1.469206], [29.930761, -1.469764], [29.930414, -1.469962], [29.928996, -1.469581], [29.92742, -1.469586], [29.926732, -1.469358], [29.926466, -1.469371], [29.925827, -1.469667], [29.922924, -1.468859], [29.922462, -1.468843], [29.921455, -1.468061], [29.919042, -1.466846], [29.917764, -1.467201], [29.917186, -1.467229], [29.916716, -1.468044], [29.916295, -1.468031], [29.916045, -1.468157], [29.915224, -1.46902], [29.914671, -1.468917], [29.914139, -1.468516], [29.914005, -1.468262], [29.913916, -1.467427], [29.914641, -1.465863], [29.914769, -1.46489], [29.914487, -1.464486], [29.913547, -1.464209], [29.913056, -1.463722], [29.91301, -1.463151], [29.91328, -1.462449], [29.91323, -1.461566], [29.912023, -1.461079], [29.911198, -1.460128], [29.911001, -1.459732], [29.911206, -1.459072], [29.911139, -1.458867], [29.909139, -1.457963], [29.909054, -1.457452], [29.909527, -1.456699], [29.909559, -1.456414], [29.908863, -1.455229], [29.908351, -1.453437], [29.907622, -1.451764], [29.90697, -1.451273], [29.906725, -1.450924], [29.905731, -1.450674], [29.904585, -1.449981], [29.904455, -1.449715], [29.904442, -1.4493], [29.904613, -1.448941], [29.90489, -1.44877], [29.905023, -1.448527], [29.904714, -1.448037], [29.904782, -1.447487], [29.904628, -1.447072], [29.904391, -1.446844], [29.903724, -1.44656], [29.903704, -1.445417], [29.903475, -1.44524], [29.902711, -1.445041], [29.90216, -1.444476], [29.901847, -1.443732], [29.901321, -1.442949], [29.898423, -1.439997], [29.897069, -1.438034], [29.896373, -1.436419], [29.896277, -1.435299], [29.895807, -1.434175], [29.895844, -1.433521], [29.895295, -1.432186], [29.895289, -1.431163], [29.895683, -1.427603], [29.895164, -1.426687], [29.894212, -1.425656], [29.894083, -1.424755], [29.893491, -1.423765], [29.893143, -1.423479], [29.892806, -1.423639], [29.892615, -1.42352], [29.89179, -1.421511], [29.891711, -1.420723], [29.891512, -1.420107], [29.891601, -1.419646], [29.891923, -1.419103], [29.891615, -1.418519], [29.891569, -1.417145], [29.891337, -1.416473], [29.891739, -1.415007], [29.892069, -1.412661], [29.89209, -1.41123], [29.891343, -1.409999], [29.889958, -1.407214], [29.889753, -1.407012], [29.889107, -1.407048], [29.888807, -1.406721], [29.888645, -1.406168], [29.888584, -1.404975], [29.888873, -1.404283], [29.887987, -1.403289], [29.887505, -1.403054], [29.887416, -1.402825], [29.887414, -1.402099], [29.887716, -1.401683], [29.887815, -1.401342], [29.887497, -1.399475], [29.887648, -1.398146], [29.887233, -1.397566], [29.887202, -1.397253], [29.888098, -1.396533], [29.888235, -1.39582], [29.888668, -1.39524], [29.888755, -1.394776], [29.888009, -1.393745], [29.8871, -1.392933], [29.886887, -1.392047], [29.886951, -1.39153], [29.887344, -1.391059], [29.88809, -1.389553], [29.88823, -1.388804], [29.88787, -1.387805], [29.88764, -1.38735], [29.887212, -1.386955], [29.886791, -1.386903], [29.886008, -1.387212], [29.885788, -1.387057], [29.885644, -1.386639], [29.88562, -1.385738], [29.886657, -1.385362], [29.887008, -1.384502], [29.88705, -1.382858], [29.886545, -1.381807], [29.886817, -1.380688], [29.886783, -1.380107], [29.886489, -1.379449], [29.885867, -1.37884], [29.885295, -1.378683], [29.884883, -1.378798], [29.883593, -1.378713], [29.883165, -1.377431], [29.883361, -1.377008], [29.883211, -1.376743], [29.883055, -1.375919], [29.884272, -1.375195], [29.884676, -1.374708], [29.885199, -1.374368], [29.885352, -1.374093], [29.885046, -1.371656], [29.884864, -1.371445], [29.88431, -1.371254], [29.883864, -1.370602], [29.883834, -1.370126], [29.88415, -1.369934], [29.884293, -1.369675], [29.884119, -1.368787], [29.88385, -1.36852], [29.883802, -1.368031], [29.883336, -1.367621], [29.882481, -1.367396], [29.882555, -1.366796], [29.882908, -1.366233], [29.883108, -1.365525], [29.882884, -1.365019], [29.882168, -1.364679], [29.882583, -1.364143], [29.882511, -1.36331], [29.882658, -1.362471], [29.882154, -1.361596], [29.882068, -1.360778], [29.882199, -1.359678], [29.882494, -1.359002], [29.882927, -1.358524], [29.883047, -1.35818], [29.883065, -1.357416], [29.883181, -1.357249], [29.88384, -1.356946], [29.884536, -1.356352], [29.884704, -1.356082], [29.884566, -1.355663], [29.884237, -1.355445], [29.883198, -1.355403], [29.882628, -1.355256], [29.882113, -1.354686], [29.880395, -1.352197], [29.879664, -1.35164], [29.878832, -1.351465], [29.878323, -1.351595], [29.87805, -1.351851], [29.87732, -1.351795], [29.876986, -1.351228], [29.87661, -1.35014], [29.875538, -1.348984], [29.874443, -1.348065], [29.873927, -1.347135], [29.873823, -1.345871], [29.873629, -1.345698], [29.873206, -1.345635], [29.872459, -1.344295], [29.87164, -1.343556], [29.871754, -1.342594], [29.871293, -1.341444], [29.870766, -1.340869], [29.87026, -1.339709], [29.870289, -1.339131], [29.870661, -1.338688], [29.870611, -1.33853], [29.870313, -1.338254], [29.870163, -1.33772], [29.869766, -1.337758], [29.869467, -1.337642], [29.869316, -1.336458], [29.868437, -1.335064], [29.867028, -1.33412], [29.86706, -1.333881], [29.86762, -1.333445], [29.867667, -1.333255], [29.867463, -1.333133], [29.866446, -1.332983], [29.866072, -1.332134], [29.866127, -1.330288], [29.865591, -1.32951], [29.865502, -1.328798], [29.864539, -1.328466], [29.864353, -1.328263], [29.864402, -1.327092], [29.864279, -1.326714], [29.863748, -1.325922], [29.863867, -1.325434], [29.863554, -1.325268], [29.863264, -1.324684], [29.8632, -1.324115], [29.863364, -1.323468], [29.862943, -1.323144], [29.862676, -1.32269], [29.862635, -1.321371], [29.862245, -1.320022], [29.861569, -1.319143], [29.860938, -1.318886], [29.860528, -1.318578], [29.86, -1.317815], [29.859972, -1.316257], [29.859591, -1.315451], [29.85952, -1.313621], [29.859367, -1.31267], [29.858477, -1.311775], [29.858151, -1.310841], [29.857849, -1.310371], [29.856947, -1.309823], [29.856443, -1.308769], [29.855989, -1.308375], [29.85543, -1.307556], [29.854987, -1.307115], [29.85399, -1.305523], [29.852914, -1.304826], [29.852432, -1.304273], [29.852268, -1.30391], [29.852397, -1.303154], [29.852321, -1.302914], [29.85193, -1.302628], [29.851008, -1.302382], [29.850448, -1.301826], [29.85026, -1.301359], [29.850328, -1.300995], [29.850239, -1.30064], [29.849852, -1.30013], [29.850265, -1.299198], [29.85022, -1.298249], [29.850355, -1.297741], [29.850877, -1.297352], [29.851668, -1.297176], [29.851897, -1.297309], [29.852565, -1.29823], [29.853027, -1.298462], [29.854097, -1.298741], [29.854218, -1.299098], [29.854106, -1.299517], [29.854263, -1.299483], [29.854499, -1.298992], [29.854474, -1.298615], [29.854184, -1.298275], [29.853075, -1.297587], [29.852884, -1.296951], [29.852306, -1.295903], [29.852248, -1.295484], [29.852333, -1.295133], [29.852756, -1.294486], [29.853411, -1.293986], [29.854115, -1.293934], [29.854972, -1.294467], [29.85542, -1.294313], [29.855932, -1.293842], [29.856111, -1.29357], [29.856382, -1.291951], [29.856959, -1.290175], [29.857397, -1.289265], [29.857964, -1.288709], [29.858256, -1.28869], [29.858489, -1.288836], [29.859148, -1.289922], [29.861113, -1.291148], [29.861895, -1.292682], [29.862467, -1.292716], [29.863939, -1.293087], [29.864132, -1.293041], [29.86433, -1.292205], [29.864098, -1.291477], [29.86475, -1.291525], [29.864988, -1.291436], [29.865616, -1.290565], [29.865712, -1.289514], [29.865659, -1.28857], [29.865835, -1.287293], [29.865555, -1.284284], [29.865232, -1.283972], [29.864586, -1.28369], [29.864095, -1.282716], [29.864197, -1.282465], [29.864722, -1.282038], [29.864748, -1.2817], [29.864406, -1.281332], [29.862459, -1.281116], [29.862352, -1.280767], [29.8624, -1.279491], [29.862169, -1.279174], [29.861882, -1.279161], [29.861292, -1.279555], [29.860766, -1.279558], [29.860222, -1.279248], [29.859878, -1.278869], [29.85973, -1.278561], [29.859643, -1.277563], [29.859941, -1.277111], [29.859933, -1.27656], [29.859225, -1.276031], [29.858961, -1.275503], [29.858883, -1.274563], [29.859179, -1.273976], [29.859007, -1.273018], [29.856682, -1.269716], [29.855738, -1.266793], [29.854735, -1.266325], [29.854013, -1.266664], [29.853645, -1.266587], [29.852672, -1.265438], [29.853282, -1.264106], [29.853313, -1.263501], [29.853108, -1.262825], [29.852141, -1.261565], [29.851715, -1.259924], [29.851714, -1.259216], [29.850368, -1.257147], [29.849366, -1.256576], [29.848546, -1.256369], [29.848634, -1.255859], [29.848456, -1.255253], [29.848132, -1.25497], [29.847762, -1.254834], [29.847498, -1.254102], [29.846635, -1.253303], [29.84656, -1.252942], [29.846641, -1.251681], [29.846901, -1.250457], [29.846164, -1.249311], [29.84436, -1.24867], [29.843341, -1.248731], [29.842492, -1.248388], [29.84074, -1.248203], [29.838737, -1.247785], [29.837046, -1.246834], [29.8368, -1.24687], [29.836527, -1.247221], [29.835811, -1.247668], [29.835474, -1.247701], [29.834839, -1.247016], [29.83471, -1.246375], [29.834072, -1.245509], [29.833718, -1.245492], [29.832967, -1.245966], [29.832606, -1.24593], [29.832591, -1.24547], [29.832914, -1.244653], [29.833142, -1.24299], [29.832932, -1.242776], [29.832449, -1.242763], [29.831534, -1.243503], [29.831342, -1.243507], [29.831438, -1.241675], [29.831238, -1.241094], [29.830927, -1.240707], [29.830641, -1.240547], [29.830252, -1.240526], [29.828966, -1.240792], [29.827535, -1.24035], [29.827382, -1.240126], [29.827292, -1.239627], [29.826859, -1.239328], [29.826183, -1.23825], [29.825827, -1.238017], [29.825062, -1.237923], [29.824485, -1.237483], [29.824557, -1.237293], [29.825297, -1.237079], [29.82581, -1.236703], [29.825844, -1.23593], [29.826535, -1.235169], [29.826671, -1.23487], [29.826795, -1.234383], [29.826746, -1.234059], [29.826031, -1.232456], [29.82641, -1.231535], [29.826479, -1.230746], [29.826176, -1.230157], [29.825609, -1.230107], [29.825248, -1.229879], [29.825247, -1.229646], [29.825709, -1.22906], [29.825721, -1.228737], [29.824749, -1.227154], [29.824241, -1.225947], [29.824176, -1.225367], [29.823919, -1.224907], [29.82437, -1.223821], [29.824428, -1.223032], [29.823452, -1.222715], [29.822388, -1.223504], [29.822129, -1.223508], [29.821809, -1.223215], [29.821656, -1.222824], [29.822264, -1.22221], [29.822203, -1.221806], [29.821631, -1.221086], [29.820777, -1.220908], [29.8205, -1.220746], [29.820391, -1.220249], [29.820518, -1.219792], [29.820752, -1.219577], [29.821324, -1.219355], [29.821796, -1.219563], [29.822038, -1.219456], [29.822153, -1.219203], [29.822101, -1.218538], [29.822421, -1.218228], [29.823755, -1.218506], [29.824154, -1.218249], [29.824419, -1.21824], [29.825229, -1.218897], [29.825863, -1.218381], [29.826685, -1.218121], [29.826933, -1.217895], [29.826826, -1.21774], [29.825956, -1.217298], [29.825236, -1.216521], [29.82416, -1.215754], [29.823917, -1.215745], [29.823553, -1.216042], [29.822474, -1.215863], [29.822245, -1.215744], [29.821709, -1.214986], [29.821748, -1.214568], [29.822193, -1.213576], [29.822391, -1.213427], [29.823016, -1.213382], [29.823274, -1.212909], [29.823207, -1.212542], [29.822998, -1.212276], [29.822411, -1.212426], [29.821741, -1.212062], [29.82152, -1.211778], [29.821368, -1.211251], [29.821201, -1.210284], [29.8213, -1.209582], [29.821603, -1.208873], [29.822263, -1.208504]]}, "properties": {"project_id": "NDP4-026", "project_name": "Proposed Upgrade \u2014 Southern", "component": "Proposed Upgrade", "region": "Southern", "priority": "Medium", "status": "Planned", "funder": "AfDB", "project_total_km": 246.7, "road_no": "C425", "link_id": "C425_Link01", "link_name": "Katuna - Rubaya - Muko", "length_km": 66.59}}, {"type": "Feature", "geometry": {"type": "LineString", "coordinates": [[29.69688, -1.28245], [29.697006, -1.282139], [29.697382, -1.281732], [29.700021, -1.279299], [29.702977, -1.277443], [29.704366, -1.275214], [29.704945, -1.273906], [29.70513, -1.272735], [29.705615, -1.27151], [29.70624, -1.270928], [29.707051, -1.271019], [29.707345, -1.270936], [29.707943, -1.270313]]}, "properties": {"project_id": "NDP4-026", "project_name": "Proposed Upgrade \u2014 Southern", "component": "Proposed Upgrade", "region": "Southern", "priority": "Medium", "status": "Planned", "funder": "AfDB", "project_total_km": 246.7, "road_no": "C436", "link_id": "C436_Link01", "link_name": "Kisoro - Nyabwishenya", "length_km": 1.964}}, {"type": "Feature", "geometry": {"type": "LineString", "coordinates": [[29.707943, -1.270313], [29.708088, -1.270225], [29.708372, -1.269478], [29.70966, -1.268119], [29.710096, -1.266402], [29.711136, -1.263872], [29.712095, -1.262854], [29.713762, -1.261534], [29.713892, -1.261267], [29.713638, -1.256217], [29.713439, -1.254652], [29.713856, -1.251426], [29.713132, -1.249199], [29.71309, -1.248357], [29.713798, -1.243499], [29.713868, -1.24206], [29.713781, -1.239075], [29.712676, -1.235699], [29.712315, -1.234076], [29.71144, -1.232482], [29.710836, -1.229558], [29.711396, -1.228625], [29.712652, -1.227299], [29.712963, -1.226062], [29.713463, -1.225341], [29.715098, -1.224943], [29.715917, -1.224139], [29.716282, -1.223516], [29.717383, -1.223888], [29.717566, -1.223845], [29.717612, -1.223675], [29.717503, -1.222362], [29.71597, -1.22109], [29.715479, -1.220463], [29.715942, -1.217727], [29.715825, -1.217133], [29.715189, -1.215909], [29.714415, -1.215232], [29.713359, -1.215266], [29.713132, -1.215185], [29.713038, -1.214956], [29.713112, -1.214052], [29.713026, -1.213634], [29.711853, -1.212403], [29.71146, -1.211716], [29.710685, -1.211018], [29.710026, -1.210003], [29.709338, -1.209571], [29.7095, -1.209162], [29.710439, -1.208568], [29.710773, -1.207875], [29.710704, -1.206873], [29.711108, -1.205095], [29.710923, -1.205046], [29.710338, -1.205459], [29.70973, -1.205286], [29.709918, -1.204662], [29.709942, -1.204134], [29.709561, -1.203605], [29.709565, -1.202978], [29.709174, -1.202234], [29.709546, -1.201212], [29.709562, -1.199991], [29.709397, -1.199472], [29.709881, -1.199018], [29.709687, -1.198204], [29.710051, -1.197043], [29.709918, -1.196891], [29.709339, -1.197115], [29.70922, -1.196978], [29.709609, -1.19609], [29.70942, -1.195485], [29.709682, -1.194781], [29.709598, -1.193972], [29.71011, -1.193264], [29.710081, -1.192087], [29.710236, -1.191544], [29.7105, -1.191127], [29.709779, -1.190997], [29.708867, -1.190501], [29.708801, -1.190257], [29.709125, -1.18928], [29.709063, -1.188826], [29.708571, -1.188739], [29.70775, -1.187704], [29.707866, -1.187344], [29.708386, -1.186999], [29.708641, -1.186646], [29.708605, -1.185871], [29.708804, -1.185148], [29.7087, -1.18507], [29.707992, -1.185211], [29.707199, -1.185919], [29.707104, -1.186479], [29.70673, -1.186515], [29.706369, -1.186852], [29.706054, -1.187636], [29.705275, -1.18766], [29.705058, -1.186456], [29.704846, -1.186243], [29.704333, -1.18605], [29.704151, -1.185594], [29.704101, -1.18505], [29.704449, -1.184325], [29.704213, -1.183465], [29.704469, -1.183119], [29.704645, -1.18244], [29.704641, -1.18131], [29.705031, -1.180938], [29.705345, -1.180205], [29.705273, -1.179891], [29.704897, -1.179376], [29.703794, -1.180069], [29.702371, -1.180016], [29.702289, -1.179828], [29.702393, -1.179424], [29.70231, -1.178782], [29.702634, -1.177987], [29.702604, -1.177778], [29.702263, -1.177682], [29.701335, -1.178136], [29.70108, -1.17816], [29.700899, -1.178013], [29.700797, -1.177661], [29.700309, -1.177665], [29.700127, -1.17728], [29.699349, -1.176692], [29.698364, -1.176535], [29.698522, -1.175224], [29.698746, -1.174562], [29.69868, -1.174379], [29.698243, -1.17422], [29.69762, -1.174568], [29.697059, -1.174651], [29.696694, -1.174893], [29.696385, -1.174363], [29.695639, -1.17417], [29.695021, -1.172975], [29.694057, -1.172861], [29.693518, -1.17194], [29.693477, -1.171341], [29.69299, -1.17102], [29.692902, -1.170471], [29.69247, -1.170095], [29.692432, -1.169464], [29.691742, -1.16899], [29.69187, -1.168501], [29.691796, -1.16817], [29.691112, -1.167265], [29.690565, -1.16621], [29.690893, -1.16484], [29.690708, -1.163949], [29.690298, -1.163714], [29.689353, -1.163969], [29.688776, -1.164294], [29.688131, -1.164322], [29.687857, -1.164181], [29.687692, -1.163405], [29.687024, -1.162567], [29.686637, -1.1623], [29.686172, -1.1623], [29.685687, -1.161876], [29.685766, -1.161257], [29.685571, -1.160501], [29.685024, -1.160089], [29.68525, -1.159353], [29.685207, -1.158972], [29.6849, -1.158698], [29.684406, -1.159015], [29.68428, -1.158948], [29.684438, -1.158008], [29.684384, -1.157616], [29.683899, -1.15725], [29.683026, -1.157293], [29.682977, -1.157149], [29.683194, -1.1565], [29.682983, -1.156213], [29.682305, -1.156287], [29.682004, -1.156138], [29.682003, -1.155932], [29.682783, -1.154633], [29.682841, -1.154233], [29.682723, -1.153939], [29.68232, -1.15377], [29.681686, -1.153829], [29.681394, -1.153982], [29.680556, -1.153851], [29.680952, -1.153419], [29.681423, -1.152552], [29.681626, -1.151977], [29.681589, -1.151775], [29.68087, -1.151477], [29.679852, -1.151529], [29.678936, -1.151041], [29.678461, -1.151018], [29.678956, -1.14992], [29.678143, -1.149518], [29.678445, -1.147617], [29.677844, -1.147204], [29.677237, -1.146229], [29.676849, -1.144912], [29.676444, -1.144527], [29.676003, -1.143415], [29.675704, -1.142272], [29.675571, -1.142084], [29.675159, -1.141942], [29.675335, -1.141177], [29.674685, -1.140755], [29.674574, -1.140173], [29.67387, -1.139147], [29.673705, -1.138718], [29.673382, -1.136814], [29.67386, -1.13563], [29.673698, -1.135512], [29.673301, -1.135486], [29.673084, -1.13532], [29.67287, -1.13423], [29.673323, -1.133405], [29.673245, -1.133284], [29.672796, -1.133276], [29.672606, -1.133034], [29.672877, -1.132624], [29.672988, -1.132055], [29.673179, -1.13176], [29.672915, -1.131665], [29.672168, -1.131705], [29.672019, -1.131596], [29.671936, -1.131218], [29.672084, -1.130433], [29.671654, -1.12972], [29.670192, -1.129253], [29.669821, -1.128984], [29.669364, -1.129064], [29.669065, -1.128418], [29.668092, -1.127662], [29.668022, -1.127267], [29.667665, -1.127409], [29.666443, -1.126894], [29.666241, -1.125976], [29.665901, -1.125544], [29.663632, -1.125155], [29.663438, -1.123916], [29.662612, -1.123289], [29.662614, -1.122913], [29.66284, -1.122213], [29.662019, -1.122047], [29.661624, -1.121826], [29.661164, -1.121348], [29.660576, -1.121199], [29.660462, -1.12043], [29.659603, -1.120138], [29.659675, -1.119633], [29.659078, -1.119132], [29.658689, -1.118106], [29.658247, -1.117651], [29.658209, -1.116931], [29.657987, -1.116462], [29.65696, -1.116164], [29.656763, -1.11585], [29.656715, -1.114887], [29.656252, -1.114432], [29.656231, -1.11369], [29.656467, -1.113171], [29.656309, -1.11296], [29.655721, -1.112698], [29.655539, -1.112427], [29.655702, -1.111017], [29.655989, -1.110157], [29.655877, -1.10985], [29.655596, -1.109746], [29.654986, -1.110102], [29.653684, -1.109358], [29.653338, -1.109561], [29.65264, -1.109326], [29.651627, -1.108533], [29.650646, -1.10879], [29.650259, -1.108635], [29.649703, -1.107475], [29.649694, -1.106573], [29.650203, -1.105764], [29.650891, -1.105491], [29.651684, -1.10476], [29.65136, -1.104149], [29.650743, -1.103589], [29.650607, -1.103043], [29.64826, -1.102401], [29.647846, -1.101274], [29.647321, -1.100996], [29.646576, -1.101043], [29.646274, -1.100867], [29.645774, -1.100188], [29.645396, -1.099241], [29.645066, -1.098828], [29.644804, -1.098852], [29.64384, -1.099454], [29.643282, -1.099262], [29.642642, -1.098645], [29.641865, -1.097474], [29.640915, -1.096888], [29.640716, -1.096173], [29.640359, -1.096367], [29.639168, -1.096238], [29.638589, -1.096797], [29.638176, -1.096845], [29.637841, -1.095656], [29.638191, -1.095255], [29.638233, -1.094989], [29.637736, -1.093665], [29.637907, -1.092806], [29.637526, -1.092642], [29.636223, -1.092967], [29.635962, -1.092846], [29.63581, -1.092292], [29.635763, -1.091249], [29.635882, -1.090556], [29.635768, -1.089807], [29.635353, -1.089226], [29.63524, -1.088672], [29.634774, -1.088516], [29.634552, -1.088192], [29.634077, -1.088141], [29.633869, -1.087989], [29.633361, -1.087064], [29.632863, -1.086579], [29.632726, -1.085952], [29.63249, -1.085634], [29.631397, -1.085146], [29.630709, -1.085386], [29.630573, -1.085302], [29.630897, -1.083607], [29.630845, -1.08339], [29.629846, -1.082902], [29.629166, -1.082143], [29.628073, -1.081636], [29.627662, -1.08084], [29.625924, -1.079103], [29.625632, -1.07808], [29.625148, -1.077855], [29.624701, -1.0774], [29.623957, -1.077056], [29.623202, -1.076939], [29.622193, -1.076472], [29.621332, -1.07665], [29.619774, -1.075483], [29.618713, -1.075453], [29.617461, -1.074047], [29.616638, -1.073578], [29.616312, -1.07385], [29.616373, -1.074155], [29.616263, -1.074673], [29.615888, -1.075223], [29.615987, -1.075871], [29.615569, -1.076387], [29.615296, -1.077187], [29.615077, -1.077302], [29.614037, -1.077109], [29.61342, -1.076117], [29.613338, -1.075325], [29.61309, -1.074604], [29.612556, -1.07386], [29.612206, -1.073792], [29.611811, -1.074419], [29.611243, -1.073252], [29.610661, -1.073146], [29.609886, -1.072661], [29.609494, -1.072593], [29.60927, -1.072241], [29.609243, -1.071776], [29.608924, -1.071384], [29.608585, -1.070598], [29.608038, -1.069776], [29.607331, -1.069117], [29.606874, -1.068125], [29.606468, -1.067651], [29.606471, -1.0666], [29.606143, -1.065681], [29.605006, -1.064737], [29.604065, -1.064486], [29.603216, -1.064512], [29.603245, -1.064302], [29.603618, -1.064193], [29.603857, -1.063849], [29.604511, -1.062059], [29.604438, -1.061383], [29.603939, -1.06107], [29.602653, -1.060616], [29.601472, -1.058996], [29.601032, -1.058746], [29.600332, -1.058596], [29.599252, -1.057324], [29.598202, -1.057573], [29.598015, -1.057525], [29.597991, -1.05719], [29.598251, -1.056534], [29.598137, -1.055519], [29.597821, -1.05472], [29.597712, -1.052077], [29.597107, -1.051352], [29.59641, -1.050805], [29.595197, -1.050664], [29.594428, -1.050112], [29.593512, -1.050217], [29.593285, -1.05001], [29.592855, -1.04904], [29.592545, -1.047485], [29.592194, -1.04692], [29.592179, -1.046305], [29.592017, -1.045786], [29.592283, -1.04526], [29.592216, -1.044751], [29.590852, -1.043954], [29.590951, -1.043749], [29.591929, -1.042917], [29.59222, -1.041674], [29.593406, -1.040553], [29.593641, -1.039338], [29.593571, -1.03855], [29.593414, -1.037807], [29.592937, -1.037205], [29.59243, -1.036153], [29.591613, -1.035405], [29.591128, -1.03464], [29.591214, -1.034228], [29.591166, -1.032255], [29.591028, -1.031792], [29.590154, -1.030914], [29.588671, -1.029955], [29.588214, -1.029281], [29.588771, -1.028313], [29.588964, -1.027226], [29.588675, -1.026483], [29.58847, -1.024759], [29.588056, -1.023716]]}, "properties": {"project_id": "NDP4-026", "project_name": "Proposed Upgrade \u2014 Southern", "component": "Proposed Upgrade", "region": "Southern", "priority": "Medium", "status": "Planned", "funder": "AfDB", "project_total_km": 246.7, "road_no": "C436", "link_id": "C436_Link02", "link_name": "Nyabwishenya - Nteko", "length_km": 42.736}}, {"type": "Feature", "geometry": {"type": "LineString", "coordinates": [[30.226209, 0.789188], [30.227715, 0.788618], [30.228742, 0.788448], [30.234605, 0.789147], [30.250115, 0.795072], [30.251423, 0.795848], [30.25248, 0.796978], [30.257057, 0.802877], [30.260867, 0.810023], [30.261915, 0.811202], [30.264558, 0.813725], [30.26511, 0.814413], [30.265483, 0.81527], [30.266047, 0.817428], [30.270162, 0.82461], [30.270785, 0.82527], [30.272058, 0.826053], [30.272377, 0.826497], [30.27247, 0.827222], [30.27133, 0.82991], [30.271213, 0.83076], [30.271578, 0.831598], [30.277613, 0.842413], [30.277922, 0.843993], [30.277697, 0.849228], [30.281248, 0.855872], [30.282043, 0.856698], [30.290745, 0.86228], [30.299399, 0.870938], [30.335308, 0.925425], [30.336098, 0.925853], [30.34636, 0.92971], [30.360515, 0.93633], [30.361602, 0.936747], [30.36214, 0.936503], [30.367667, 0.929757], [30.368184, 0.929375], [30.368407, 0.929332], [30.38022, 0.93099], [30.396519, 0.936947], [30.404413, 0.939872], [30.404855, 0.940142], [30.453481, 0.97211], [30.454287, 0.972313], [30.461455, 0.971995], [30.462277, 0.972312], [30.479907, 0.98403], [30.498457, 1.014112], [30.499882, 1.016235], [30.506253, 1.020142], [30.51653, 1.024145], [30.527185, 1.031628], [30.536705, 1.044107], [30.53686, 1.044393], [30.536958, 1.04502], [30.536752, 1.04981], [30.539033, 1.052377], [30.539483, 1.05402], [30.539983, 1.055037], [30.540932, 1.05579], [30.541537, 1.056025], [30.542782, 1.056253], [30.54452, 1.05807]]}, "properties": {"project_id": "NDP4-027", "project_name": "Proposed Upgrade \u2014 Western", "component": "Proposed Upgrade", "region": "Western", "priority": "Medium", "status": "Planned", "funder": "TBD", "project_total_km": 91.6, "road_no": "C541", "link_id": "C541_Link01", "link_name": "Karugutu - Ntoroko", "length_km": 50.281}}, {"type": "Feature", "geometry": {"type": "LineString", "coordinates": [[31.083372, 1.245925], [31.080922, 1.246622], [31.079058, 1.246644], [31.077912, 1.246481], [31.073157, 1.245315], [31.070569, 1.243911], [31.069413, 1.243083], [31.067548, 1.242006], [31.062651, 1.239423], [31.054378, 1.236121], [31.049176, 1.235419], [31.046475, 1.234704], [31.043738, 1.233114], [31.042231, 1.231677], [31.040989, 1.231212], [31.03827, 1.231143], [31.037616, 1.231234], [31.035261, 1.23375], [31.03469, 1.234225], [31.033642, 1.23485], [31.031505, 1.235856], [31.030339, 1.23623], [31.029496, 1.236152], [31.026478, 1.235168], [31.025123, 1.234944], [31.022482, 1.233771], [31.01999, 1.232849], [31.01909, 1.232566], [31.018327, 1.23254], [31.016776, 1.233216], [31.010309, 1.236956], [31.002134, 1.241146], [30.9947, 1.24546], [30.992544, 1.24734], [30.989012, 1.249901], [30.987194, 1.251134], [30.985308, 1.252019], [30.983827, 1.253195], [30.979262, 1.259346], [30.978035, 1.260403], [30.977248, 1.260927], [30.975629, 1.26148], [30.97316, 1.261946], [30.971663, 1.262137], [30.969327, 1.262152], [30.968653, 1.262008], [30.967429, 1.261452], [30.965598, 1.260203], [30.965045, 1.259483], [30.964314, 1.257843], [30.963464, 1.256393], [30.962966, 1.255185], [30.962228, 1.253825], [30.960966, 1.252005], [30.95898, 1.250973], [30.955565, 1.248861], [30.954423, 1.248537], [30.951573, 1.248151], [30.947514, 1.246769], [30.945611, 1.245407], [30.942913, 1.244264], [30.939693, 1.242433], [30.937603, 1.240714], [30.934696, 1.237855], [30.933518, 1.236422], [30.931417, 1.233338], [30.929148, 1.231591], [30.926539, 1.230533], [30.923743, 1.229975], [30.916699, 1.229675], [30.915368, 1.229434], [30.914117, 1.229582], [30.911457, 1.230376], [30.910429, 1.230164], [30.909819, 1.229902], [30.908755, 1.229149], [30.905039, 1.227406], [30.903882, 1.226757], [30.903322, 1.226068], [30.901795, 1.222966], [30.900347, 1.221472], [30.89977, 1.2212], [30.898555, 1.2213], [30.895624, 1.220828], [30.89462, 1.220867], [30.89302, 1.221648], [30.891245, 1.222338], [30.888295, 1.225046], [30.886054, 1.226542], [30.88506, 1.227035], [30.884503, 1.227156], [30.883676, 1.227113], [30.881563, 1.22661], [30.878964, 1.226756], [30.87801, 1.226931], [30.87658, 1.227652], [30.874154, 1.228658], [30.872183, 1.228916], [30.869414, 1.228926], [30.864768, 1.228495], [30.863216, 1.227551], [30.86221, 1.226322], [30.86097, 1.225296], [30.860291, 1.225082], [30.859678, 1.225129], [30.857741, 1.225786], [30.855184, 1.227118], [30.850768, 1.227264], [30.849487, 1.226754], [30.847387, 1.225705], [30.846259, 1.225405], [30.843446, 1.225082], [30.839728, 1.224161], [30.838238, 1.224395], [30.837371, 1.224132], [30.836632, 1.224066], [30.835683, 1.22416], [30.830467, 1.225768], [30.828784, 1.22656], [30.824657, 1.226378], [30.821903, 1.227395], [30.820525, 1.227543], [30.819525, 1.227376], [30.818772, 1.226912], [30.815768, 1.223046], [30.814598, 1.221371], [30.810296, 1.218244], [30.809842, 1.217647], [30.808088, 1.214419], [30.807587, 1.213701], [30.806352, 1.213252], [30.804917, 1.212554], [30.802989, 1.21238], [30.801702, 1.212577], [30.796108, 1.21498], [30.791304, 1.216575], [30.789125, 1.217506], [30.788359, 1.218007], [30.786938, 1.219385], [30.785826, 1.219874], [30.784739, 1.220765], [30.78377, 1.221389], [30.778848, 1.223761], [30.775019, 1.225433], [30.773333, 1.225987], [30.771872, 1.226286], [30.770134, 1.226297], [30.767472, 1.225953], [30.765805, 1.226409]]}, "properties": {"project_id": "NDP4-027", "project_name": "Proposed Upgrade \u2014 Western", "component": "Proposed Upgrade", "region": "Western", "priority": "Medium", "status": "Planned", "funder": "TBD", "project_total_km": 91.6, "road_no": "C591", "link_id": "C591_Link01", "link_name": "Kabwoya - Kituti", "length_km": 41.302}}]}