{"type": "FeatureCollection", "features": [{"type": "Feature", "geometry": {"type": "LineString", "coordinates": [[32.488322, 0.849141], [32.487787, 0.849918], [32.487186, 0.851136], [32.486714, 0.853016], [32.484189, 0.87909], [32.483819, 0.881355], [32.48238, 0.885668], [32.471582, 0.915325], [32.471135, 0.916836], [32.470908, 0.918426], [32.470623, 0.944432], [32.470729, 0.947865], [32.475827, 0.985457], [32.475925, 0.986928], [32.475752, 0.988402], [32.475376, 0.989639], [32.470727, 0.999976], [32.470215, 1.001802], [32.469967, 1.00367], [32.467187, 1.048946], [32.464547, 1.157604], [32.464283, 1.160492], [32.461106, 1.183761], [32.460924, 1.185724], [32.460991, 1.187824], [32.461216, 1.189654], [32.465268, 1.218805], [32.46539, 1.221078], [32.465257, 1.222877], [32.462113, 1.24384], [32.461298, 1.246621], [32.460545, 1.248227], [32.458966, 1.250658], [32.424154, 1.295322], [32.423226, 1.296727], [32.422676, 1.297868], [32.422113, 1.299765], [32.421911, 1.301502], [32.42216, 1.326926]]}, "properties": {"lot_id": "OPRC-CEN-01", "lot_name": "Central Region OPRC scope", "region": "Central", "status": "Scoped under OPRC", "contractor": "TBD \u2014 scoping (FY25-26 NDPIV master)", "lot_total_km": 470.2, "road_no": "A006", "link_id": "A006_Link05", "link_name": "Luweero - Nakasongola", "length_km": 54.829}}, {"type": "Feature", "geometry": {"type": "LineString", "coordinates": [[32.521047, 0.465889], [32.519653, 0.466835], [32.519211, 0.467393], [32.518947, 0.467974], [32.518311, 0.474315], [32.51807, 0.475239], [32.517178, 0.477439], [32.517065, 0.478136], [32.517106, 0.47872], [32.517531, 0.479805], [32.521854, 0.487179], [32.522366, 0.488538], [32.522835, 0.492862], [32.522407, 0.498271], [32.522474, 0.499664], [32.523746, 0.505575], [32.525872, 0.511612], [32.527387, 0.520368], [32.527393, 0.521861], [32.526526, 0.525096], [32.526483, 0.526652], [32.528419, 0.531996], [32.529816, 0.53506], [32.531672, 0.536651], [32.532225, 0.537571], [32.533497, 0.544105], [32.533742, 0.545995], [32.533082, 0.552762], [32.532853, 0.553784], [32.532492, 0.55466], [32.528759, 0.561881], [32.528519, 0.562872], [32.528657, 0.563893], [32.532208, 0.575763], [32.532499, 0.57724], [32.532124, 0.606899], [32.533953, 0.622223], [32.534002, 0.623999], [32.528374, 0.67265], [32.52786, 0.674262], [32.523307, 0.684386], [32.523059, 0.685156], [32.522931, 0.686104], [32.522647, 0.698924], [32.523036, 0.700116], [32.527537, 0.708213], [32.527984, 0.709239], [32.528292, 0.711015], [32.528207, 0.717847]]}, "properties": {"lot_id": "OPRC-CEN-01", "lot_name": "Central Region OPRC scope", "region": "Central", "status": "Scoped under OPRC", "contractor": "TBD \u2014 scoping (FY25-26 NDPIV master)", "lot_total_km": 470.2, "road_no": "A006", "link_id": "A006_Link03", "link_name": "Matuga - Wobulenzi", "length_km": 28.92}}, {"type": "Feature", "geometry": {"type": "LineString", "coordinates": [[32.42216, 1.326926], [32.422047, 1.328352], [32.421648, 1.329643], [32.420773, 1.331027], [32.41956, 1.332113], [32.418269, 1.332762], [32.398232, 1.34046], [32.395885, 1.341633], [32.310792, 1.39964], [32.3088, 1.400709], [32.307565, 1.401095], [32.305844, 1.401407], [32.183109, 1.421158], [32.180556, 1.421824], [32.178029, 1.422973], [32.176528, 1.423937], [32.175197, 1.425018], [32.173871, 1.42638], [32.172702, 1.427909], [32.130629, 1.495795], [32.12967, 1.497085], [32.12863, 1.498123], [32.12756, 1.498938], [32.126586, 1.499509], [32.124387, 1.500353], [32.049691, 1.52046], [32.048298, 1.520873], [32.047286, 1.521325], [32.045989, 1.522217], [32.044887, 1.523349], [32.044038, 1.524664], [32.043437, 1.526237], [32.043154, 1.527961], [32.041459, 1.545126]]}, "properties": {"lot_id": "OPRC-CEN-01", "lot_name": "Central Region OPRC scope", "region": "Central", "status": "Scoped under OPRC", "contractor": "TBD \u2014 scoping (FY25-26 NDPIV master)", "lot_total_km": 470.2, "road_no": "A006", "link_id": "A006_Link06", "link_name": "Nakasongola - Kafu", "length_km": 52.216}}, {"type": "Feature", "geometry": {"type": "LineString", "coordinates": [[32.545676, 0.400973], [32.545128, 0.402268], [32.54437, 0.403349], [32.537428, 0.410817], [32.536908, 0.411647], [32.536701, 0.412792], [32.536983, 0.41645], [32.536886, 0.418391], [32.5365, 0.421404], [32.536065, 0.42349], [32.534677, 0.426828], [32.534353, 0.4335], [32.534048, 0.434253], [32.533493, 0.435013], [32.530817, 0.437239], [32.530073, 0.438101], [32.529589, 0.438999], [32.528404, 0.442043], [32.528312, 0.442621], [32.528396, 0.443316], [32.529471, 0.446106], [32.530163, 0.447067], [32.532735, 0.449759], [32.533301, 0.450847], [32.533401, 0.451563], [32.533315, 0.452294], [32.532245, 0.455534], [32.531742, 0.456425], [32.529185, 0.459018], [32.528394, 0.460395], [32.52772, 0.461179], [32.525815, 0.462848], [32.521047, 0.465889]]}, "properties": {"lot_id": "OPRC-CEN-01", "lot_name": "Central Region OPRC scope", "region": "Central", "status": "Scoped under OPRC", "contractor": "TBD \u2014 scoping (FY25-26 NDPIV master)", "lot_total_km": 470.2, "road_no": "A006", "link_id": "A006_Link02", "link_name": "Kawempe - Matuga", "length_km": 8.591}}, {"type": "Feature", "geometry": {"type": "LineString", "coordinates": [[32.528207, 0.717847], [32.528045, 0.729373], [32.527713, 0.730792], [32.527308, 0.731505], [32.52676, 0.732128], [32.518201, 0.739191], [32.517431, 0.740132], [32.516876, 0.741518], [32.515163, 0.753388], [32.514809, 0.754893], [32.513725, 0.758292], [32.5134, 0.759776], [32.513021, 0.765211], [32.512702, 0.767832], [32.50772, 0.796734], [32.501499, 0.829158], [32.50101, 0.830479], [32.500289, 0.83183], [32.488322, 0.849141]]}, "properties": {"lot_id": "OPRC-CEN-01", "lot_name": "Central Region OPRC scope", "region": "Central", "status": "Scoped under OPRC", "contractor": "TBD \u2014 scoping (FY25-26 NDPIV master)", "lot_total_km": 470.2, "road_no": "A006", "link_id": "A006_Link04", "link_name": "Wobulenzi - Kasana - Luweero", "length_km": 15.644}}, {"type": "Feature", "geometry": {"type": "LineString", "coordinates": [[32.571679, 0.34036], [32.571221, 0.34101], [32.570601, 0.342473], [32.569731, 0.343832], [32.566923, 0.347033], [32.565508, 0.347847], [32.564156, 0.348197], [32.563235, 0.348772], [32.562808, 0.348888], [32.562694, 0.349074], [32.562612, 0.349764], [32.56281, 0.350286], [32.562754, 0.355653], [32.561913, 0.360339], [32.561206, 0.362037], [32.560281, 0.365429], [32.556607, 0.374829], [32.556678, 0.375563], [32.55736, 0.377207], [32.557492, 0.378459], [32.55737, 0.379249], [32.556787, 0.380711], [32.554864, 0.384493], [32.548388, 0.39397], [32.54787, 0.395092], [32.545676, 0.400973]]}, "properties": {"lot_id": "OPRC-CEN-01", "lot_name": "Central Region OPRC scope", "region": "Central", "status": "Scoped under OPRC", "contractor": "TBD \u2014 scoping (FY25-26 NDPIV master)", "lot_total_km": 470.2, "road_no": "A006", "link_id": "A006_Link01", "link_name": "Kampala - Kawempe", "length_km": 7.675}}, {"type": "Feature", "geometry": {"type": "LineString", "coordinates": [[32.297457, 2.771641], [32.289956, 2.770767], [32.28861, 2.768397], [32.286874, 2.765751], [32.285849, 2.764512], [32.283618, 2.763106], [32.280692, 2.762177], [32.279333, 2.761373], [32.279229, 2.761203], [32.278974, 2.761401], [32.277603, 2.761883], [32.274816, 2.762222], [32.27361, 2.76253], [32.270939, 2.764], [32.268171, 2.764852], [32.259943, 2.76591], [32.256982, 2.76594], [32.252552, 2.765402], [32.247103, 2.765762], [32.243987, 2.766295], [32.237171, 2.767828], [32.232445, 2.768555], [32.231607, 2.768867], [32.230753, 2.769499], [32.228435, 2.771597], [32.225012, 2.7742], [32.223344, 2.775319], [32.222321, 2.775896], [32.219689, 2.777045], [32.217687, 2.778245], [32.21263, 2.780755], [32.207946, 2.783384], [32.202299, 2.786838], [32.200848, 2.788166], [32.193661, 2.798991], [32.191925, 2.802198], [32.188042, 2.811523], [32.187571, 2.813396], [32.186644, 2.818387], [32.185806, 2.820944], [32.184577, 2.823466], [32.181409, 2.828425], [32.179578, 2.833011], [32.176845, 2.836296], [32.175683, 2.837321], [32.173761, 2.838381], [32.170293, 2.839469], [32.1688, 2.840443], [32.167722, 2.841651], [32.165334, 2.846134], [32.165138, 2.847016], [32.165119, 2.848103], [32.166123, 2.853692], [32.166043, 2.859039], [32.166855, 2.865849], [32.166403, 2.870898], [32.166087, 2.872552], [32.165717, 2.873777], [32.16481, 2.875833], [32.157612, 2.887881], [32.157053, 2.889043], [32.156801, 2.890055], [32.156306, 2.893982], [32.155918, 2.900371], [32.155664, 2.902963], [32.15529, 2.904824], [32.152343, 2.913436], [32.151033, 2.91676], [32.146149, 2.927423], [32.144642, 2.929693], [32.140516, 2.935071], [32.139786, 2.936497], [32.139538, 2.937552], [32.139022, 2.94415], [32.137297, 2.953088], [32.136953, 2.956664], [32.136743, 2.962729], [32.1369, 2.965956], [32.137365, 2.969938], [32.137986, 2.977762], [32.138752, 2.983347], [32.141598, 2.995816], [32.142484, 2.998342], [32.146345, 3.005432], [32.14841, 3.00852], [32.163227, 3.027032], [32.164405, 3.028438], [32.166915, 3.030768], [32.167621, 3.031571], [32.169708, 3.035581], [32.170479, 3.04011], [32.17045, 3.041534], [32.169584, 3.046786], [32.168718, 3.053797], [32.167585, 3.058456], [32.166634, 3.064293], [32.166161, 3.066272], [32.165389, 3.068494], [32.164084, 3.071186], [32.161699, 3.075236], [32.159069, 3.078738], [32.158624, 3.079852], [32.158458, 3.08115], [32.15848, 3.09079], [32.15813, 3.093295], [32.156662, 3.101272], [32.156388, 3.104582], [32.155322, 3.111359], [32.155159, 3.113767], [32.155099, 3.119294], [32.154883, 3.121222], [32.153968, 3.126342], [32.153934, 3.129077], [32.154571, 3.133853], [32.154984, 3.138541], [32.154869, 3.142538], [32.155604, 3.151672], [32.156235, 3.154074], [32.158353, 3.159834], [32.15861, 3.161071], [32.158726, 3.164994], [32.158236, 3.170368], [32.158195, 3.174945], [32.157961, 3.176082], [32.156333, 3.180696], [32.154078, 3.192398], [32.15061, 3.201935], [32.148929, 3.20487], [32.136372, 3.229892], [32.134454, 3.232862], [32.130551, 3.237915], [32.125118, 3.244027], [32.123584, 3.246204], [32.122264, 3.248945], [32.120859, 3.252462], [32.120832, 3.253028], [32.121184, 3.254497]]}, "properties": {"lot_id": "OPRC-CEN-01", "lot_name": "Central Region OPRC scope", "region": "Central", "status": "Scoped under OPRC", "contractor": "TBD \u2014 scoping (FY25-26 NDPIV master)", "lot_total_km": 470.2, "road_no": "A006", "link_id": "A006_Link12", "link_name": "Gulu - Atiak", "length_km": 68.164}}, {"type": "Feature", "geometry": {"type": "LineString", "coordinates": [[32.331052, 2.246641], [32.332432, 2.246727], [32.333774, 2.246971], [32.335193, 2.247399], [32.336682, 2.248072], [32.337886, 2.248811], [32.339176, 2.24984], [32.340227, 2.250922], [32.340881, 2.251787], [32.363527, 2.287483], [32.368502, 2.295146], [32.383942, 2.321199], [32.385078, 2.323532], [32.385719, 2.325562], [32.38609, 2.327699], [32.388294, 2.344698], [32.388409, 2.347465], [32.379456, 2.445959]]}, "properties": {"lot_id": "OPRC-CEN-01", "lot_name": "Central Region OPRC scope", "region": "Central", "status": "Scoped under OPRC", "contractor": "TBD \u2014 scoping (FY25-26 NDPIV master)", "lot_total_km": 470.2, "road_no": "A006", "link_id": "A006_Link10", "link_name": "Kamdini - Minakulu", "length_km": 24.24}}, {"type": "Feature", "geometry": {"type": "LineString", "coordinates": [[32.121184, 3.254497], [32.123018, 3.26167], [32.123268, 3.263298], [32.12186, 3.270754], [32.121228, 3.277551], [32.117359, 3.284721], [32.115346, 3.289881], [32.110163, 3.301845], [32.106705, 3.320606], [32.106347, 3.321925], [32.105608, 3.323678], [32.097985, 3.339507], [32.097371, 3.340286], [32.087122, 3.351311], [32.086062, 3.352691], [32.085461, 3.353998], [32.081054, 3.372367], [32.0775, 3.382059], [32.071786, 3.405228], [32.071591, 3.406846], [32.071981, 3.41402], [32.071918, 3.414994], [32.067559, 3.429831], [32.067163, 3.431476], [32.065883, 3.446801], [32.067972, 3.474099], [32.068271, 3.47516], [32.069587, 3.477856], [32.069799, 3.478583], [32.06993, 3.479314], [32.070218, 3.484587], [32.070303, 3.485247], [32.070774, 3.486645], [32.071721, 3.488121], [32.077193, 3.494061], [32.077843, 3.495106], [32.078134, 3.49609], [32.078223, 3.496934], [32.078085, 3.527769], [32.073665, 3.548372], [32.073287, 3.553007], [32.073037, 3.554806], [32.071043, 3.566496], [32.071089, 3.567641], [32.071375, 3.568597], [32.072157, 3.569847], [32.073221, 3.570954]]}, "properties": {"lot_id": "OPRC-CEN-01", "lot_name": "Central Region OPRC scope", "region": "Central", "status": "Scoped under OPRC", "contractor": "TBD \u2014 scoping (FY25-26 NDPIV master)", "lot_total_km": 470.2, "road_no": "A006", "link_id": "A006_Link13", "link_name": "Atiak - Nimule (Uganda/Sudan Border)", "length_km": 37.275}}, {"type": "Feature", "geometry": {"type": "MultiLineString", "coordinates": [[[32.379456, 2.445959], [32.377709, 2.465547], [32.377311, 2.467745], [32.369486, 2.486455], [32.368904, 2.488129], [32.368494, 2.489988], [32.365827, 2.50759], [32.365383, 2.509058], [32.358995, 2.526494], [32.358395, 2.528777], [32.358219, 2.530503], [32.357065, 2.567005], [32.356907, 2.568317], [32.351142, 2.584159], [32.340541, 2.603627], [32.334964, 2.617547], [32.333797, 2.620737], [32.332898, 2.625079], [32.32278, 2.679364], [32.322297, 2.680662], [32.317138, 2.690622], [32.316554, 2.692207], [32.307381, 2.732768], [32.305706, 2.744127], [32.304927, 2.747761], [32.303848, 2.751981], [32.302198, 2.756684], [32.300181, 2.761852], [32.298322, 2.768609], [32.297858, 2.771684]], [[32.297858, 2.771684], [32.297897, 2.771714]], [[32.297858, 2.771684], [32.297457, 2.771641]]]}, "properties": {"lot_id": "OPRC-CEN-01", "lot_name": "Central Region OPRC scope", "region": "Central", "status": "Scoped under OPRC", "contractor": "TBD \u2014 scoping (FY25-26 NDPIV master)", "lot_total_km": 470.2, "road_no": "A006", "link_id": "A006_Link11", "link_name": "Minakulu - Bobi - Gulu", "length_km": 37.495}}, {"type": "Feature", "geometry": {"type": "LineString", "coordinates": [[32.239829, 2.242529], [32.239746, 2.243263], [32.239599, 2.243575], [32.238078, 2.244475], [32.237256, 2.245203], [32.23644, 2.246284], [32.235908, 2.247511], [32.23572, 2.248925], [32.235965, 2.250407], [32.236582, 2.251665], [32.237515, 2.252698], [32.238955, 2.25354], [32.245078, 2.255768], [32.247136, 2.256406], [32.250317, 2.257038], [32.254285, 2.257488], [32.25516, 2.257923], [32.257266, 2.259571], [32.258251, 2.25998], [32.258936, 2.260065], [32.260514, 2.259836], [32.266602, 2.258366], [32.298012, 2.248215], [32.299703, 2.24771], [32.301747, 2.247268], [32.304305, 2.246947], [32.314719, 2.246157], [32.331052, 2.246641]]}, "properties": {"lot_id": "OPRC-CEN-01", "lot_name": "Central Region OPRC scope", "region": "Central", "status": "Scoped under OPRC", "contractor": "TBD \u2014 scoping (FY25-26 NDPIV master)", "lot_total_km": 470.2, "road_no": "A006", "link_id": "A006_Link09", "link_name": "Karuma - Kamdini", "length_km": 12.157}}, {"type": "Feature", "geometry": {"type": "LineString", "coordinates": [[32.041459, 1.545126], [32.041183, 1.546281], [32.040569, 1.547665], [32.037486, 1.55222], [32.036903, 1.553268], [32.035136, 1.557912], [32.034635, 1.56029], [32.030968, 1.653553], [32.029075, 1.706266], [32.017215, 1.782575], [32.016422, 1.785126], [32.010236, 1.800154], [32.009711, 1.802019], [32.009586, 1.803975], [32.009838, 1.805799], [32.010391, 1.807417], [32.01162, 1.809702]]}, "properties": {"lot_id": "OPRC-CEN-01", "lot_name": "Central Region OPRC scope", "region": "Central", "status": "Scoped under OPRC", "contractor": "TBD \u2014 scoping (FY25-26 NDPIV master)", "lot_total_km": 470.2, "road_no": "A006", "link_id": "A006_Link07", "link_name": "Kafu - Kigumba", "length_km": 29.676}}, {"type": "Feature", "geometry": {"type": "LineString", "coordinates": [[32.01162, 1.809702], [32.033752, 1.849592], [32.034683, 1.851071], [32.035809, 1.85248], [32.05816, 1.87373], [32.101902, 1.920949], [32.103506, 1.922254], [32.105372, 1.923397], [32.119671, 1.930141], [32.121677, 1.931427], [32.123294, 1.932822], [32.158259, 1.973293], [32.169591, 1.985082], [32.170418, 1.986092], [32.171111, 1.987226], [32.171691, 1.988539], [32.172088, 1.989995], [32.184681, 2.043577], [32.202508, 2.118564], [32.20276, 2.120139], [32.203975, 2.132373], [32.204483, 2.135037], [32.205223, 2.137118], [32.206022, 2.138647], [32.214889, 2.15301], [32.216068, 2.155255], [32.246199, 2.234736], [32.24632, 2.235932], [32.246217, 2.237134], [32.245989, 2.237748], [32.245375, 2.23868], [32.244468, 2.239505], [32.242748, 2.240464], [32.242077, 2.241179], [32.241473, 2.241595], [32.240042, 2.242112], [32.239829, 2.242529]]}, "properties": {"lot_id": "OPRC-CEN-01", "lot_name": "Central Region OPRC scope", "region": "Central", "status": "Scoped under OPRC", "contractor": "TBD \u2014 scoping (FY25-26 NDPIV master)", "lot_total_km": 470.2, "road_no": "A006", "link_id": "A006_Link08", "link_name": "Kigumba - Karuma", "length_km": 56.735}}, {"type": "Feature", "geometry": {"type": "LineString", "coordinates": [[32.532261, 0.358825], [32.529477, 0.362975], [32.528892, 0.363674], [32.528209, 0.364247], [32.524258, 0.366786], [32.523343, 0.36775], [32.522729, 0.369235], [32.519818, 0.37881], [32.518718, 0.382097], [32.518245, 0.382882], [32.517609, 0.383609], [32.514646, 0.386068], [32.505074, 0.391547], [32.498334, 0.395326], [32.497426, 0.395737], [32.496295, 0.396038], [32.480592, 0.398005], [32.479584, 0.398323], [32.4789, 0.398768], [32.478282, 0.399393], [32.476583, 0.402197], [32.475663, 0.403114], [32.458638, 0.412781], [32.457633, 0.413102], [32.456484, 0.41323], [32.440466, 0.413602], [32.42075, 0.419206], [32.419556, 0.41944], [32.413507, 0.419387], [32.408874, 0.418717], [32.407968, 0.418675], [32.403975, 0.41948], [32.393293, 0.419958], [32.389091, 0.420022], [32.387904, 0.420284], [32.385046, 0.421253], [32.383599, 0.421947], [32.382569, 0.422857], [32.37196, 0.435064], [32.371009, 0.435919], [32.369837, 0.436531], [32.355815, 0.44134], [32.354673, 0.44183], [32.334765, 0.456294], [32.334073, 0.457151], [32.333635, 0.458034], [32.332438, 0.462759], [32.331965, 0.463953], [32.320534, 0.483693], [32.319674, 0.484589], [32.312799, 0.490172], [32.312084, 0.490416], [32.310822, 0.49045], [32.310199, 0.490806], [32.296844, 0.504962], [32.283557, 0.51495], [32.282281, 0.515699], [32.258665, 0.525658], [32.256869, 0.526245], [32.245736, 0.529293], [32.24471, 0.529782], [32.244014, 0.530371], [32.238819, 0.536077], [32.237924, 0.537576], [32.236385, 0.541456], [32.234666, 0.544159], [32.226988, 0.553347], [32.212727, 0.563919], [32.211173, 0.56466], [32.208566, 0.564999]]}, "properties": {"lot_id": "OPRC-CEN-01", "lot_name": "Central Region OPRC scope", "region": "Central", "status": "Scoped under OPRC", "contractor": "TBD \u2014 scoping (FY25-26 NDPIV master)", "lot_total_km": 470.2, "road_no": "A009", "link_id": "A009_Link02", "link_name": "Nansana - Busunju", "length_km": 45.559}}, {"type": "Feature", "geometry": {"type": "LineString", "coordinates": [[32.208566, 0.564999], [32.204442, 0.565448], [32.203806, 0.565796], [32.199193, 0.569427], [32.198351, 0.56979], [32.195047, 0.570773], [32.194129, 0.571291], [32.19359, 0.571801], [32.19308, 0.572581], [32.191939, 0.575744], [32.190037, 0.578726], [32.189158, 0.580613], [32.186632, 0.583596], [32.185825, 0.58416], [32.184083, 0.584669], [32.183217, 0.585046], [32.179928, 0.587415], [32.178813, 0.587817], [32.176416, 0.587971], [32.17538, 0.588263], [32.165352, 0.592806], [32.163656, 0.59374], [32.163099, 0.593917], [32.162524, 0.59398], [32.161146, 0.593882], [32.159149, 0.593396], [32.157012, 0.593354], [32.15607, 0.593533], [32.155119, 0.594081], [32.152695, 0.596386], [32.150591, 0.598014], [32.148129, 0.601071], [32.144324, 0.603914], [32.142485, 0.605565], [32.142119, 0.606384], [32.141341, 0.609463], [32.140169, 0.6113], [32.138773, 0.613027], [32.138216, 0.613927], [32.135651, 0.620153], [32.13447, 0.623818], [32.13384, 0.624583], [32.133144, 0.624857], [32.131995, 0.624875], [32.131235, 0.624781], [32.129512, 0.624298], [32.127077, 0.624178], [32.125758, 0.624807], [32.12459, 0.6252], [32.123369, 0.62607], [32.122855, 0.626113], [32.120603, 0.62585], [32.11983, 0.625997], [32.118592, 0.626731], [32.117345, 0.627304], [32.116955, 0.627622], [32.1159, 0.629701], [32.115027, 0.630815], [32.110309, 0.633962], [32.105204, 0.637211], [32.104558, 0.637433], [32.102876, 0.637656], [32.100934, 0.638231], [32.098856, 0.639466], [32.098103, 0.640318], [32.097519, 0.641701], [32.096435, 0.645547], [32.095546, 0.649533], [32.095111, 0.650893], [32.094986, 0.652436], [32.094705, 0.65349], [32.092624, 0.65731], [32.090692, 0.662711], [32.090019, 0.663692], [32.088331, 0.665336], [32.087257, 0.667198], [32.086462, 0.66889], [32.086401, 0.669724], [32.086882, 0.671415], [32.086763, 0.671872], [32.08638, 0.672323], [32.08561, 0.672531], [32.083079, 0.67253], [32.081532, 0.672362], [32.077888, 0.67162], [32.075218, 0.670709], [32.074235, 0.670555], [32.073537, 0.670631], [32.06947, 0.671999], [32.068636, 0.672409], [32.068206, 0.672834], [32.067956, 0.673259], [32.067512, 0.674597], [32.067022, 0.675147], [32.066592, 0.675368], [32.064546, 0.67588], [32.0634, 0.67647], [32.060112, 0.678921], [32.057123, 0.681563], [32.055261, 0.682735], [32.048928, 0.685818], [32.045836, 0.688059], [32.043326, 0.690268], [32.042325, 0.690772], [32.039436, 0.690966], [32.037824, 0.690645], [32.036383, 0.690045], [32.035903, 0.689967], [32.033856, 0.690437], [32.033086, 0.690425], [32.03083, 0.689736], [32.02537, 0.687375], [32.024181, 0.686979], [32.02272, 0.686734], [32.021489, 0.68665], [32.019517, 0.686719], [32.017811, 0.686458], [32.016992, 0.686561], [32.014814, 0.68719], [32.011441, 0.689093], [32.010358, 0.689815], [32.009566, 0.690613], [32.008515, 0.692062], [32.006216, 0.694573], [32.005426, 0.697119], [32.004594, 0.699056], [32.002811, 0.701869], [31.999532, 0.705467], [31.997703, 0.70705], [31.996333, 0.708457], [31.994518, 0.709706], [31.993944, 0.710278], [31.993664, 0.710907], [31.993487, 0.711712], [31.993571, 0.712295], [31.994055, 0.713292], [31.994175, 0.713876], [31.994024, 0.715162], [31.993715, 0.715983], [31.99277, 0.717369], [31.991851, 0.719222], [31.990716, 0.721103], [31.98908, 0.722929], [31.988559, 0.724467], [31.988324, 0.724871], [31.987323, 0.72595], [31.98612, 0.727644], [31.98251, 0.730818], [31.981708, 0.731821], [31.979704, 0.735787], [31.977867, 0.738776], [31.977151, 0.741969], [31.976062, 0.745469], [31.974561, 0.748043], [31.968905, 0.758636], [31.967841, 0.760002], [31.966944, 0.761605], [31.962809, 0.766334], [31.958515, 0.773035], [31.953837, 0.778297], [31.952629, 0.780434], [31.951339, 0.782076], [31.950382, 0.784573], [31.948425, 0.787774], [31.947494, 0.789804], [31.945461, 0.792503], [31.944449, 0.794389], [31.943017, 0.79646], [31.941919, 0.797588], [31.940969, 0.798319], [31.938651, 0.799494], [31.936596, 0.801474], [31.935988, 0.801914], [31.934255, 0.802331], [31.931635, 0.802287], [31.930594, 0.802534], [31.929124, 0.803466], [31.926831, 0.804593], [31.923751, 0.806835], [31.9198, 0.809424], [31.917622, 0.811712], [31.915731, 0.814549], [31.913603, 0.817341], [31.909416, 0.820367], [31.908687, 0.821112], [31.907509, 0.822781], [31.905158, 0.824979], [31.901832, 0.827561], [31.899851, 0.828858], [31.89872, 0.829979]]}, "properties": {"lot_id": "OPRC-CEN-01", "lot_name": "Central Region OPRC scope", "region": "Central", "status": "Scoped under OPRC", "contractor": "TBD \u2014 scoping (FY25-26 NDPIV master)", "lot_total_km": 470.2, "road_no": "A009", "link_id": "A009_Link03", "link_name": "Busunju - Kiboga - Lwamata", "length_km": 50.0}}, {"type": "Feature", "geometry": {"type": "LineString", "coordinates": [[32.56053, 0.324634], [32.558623, 0.325417], [32.557989, 0.325748], [32.557636, 0.32608], [32.557491, 0.326678], [32.557727, 0.329039], [32.557635, 0.329866], [32.556987, 0.331279], [32.556244, 0.332145], [32.555859, 0.332413], [32.555285, 0.332587], [32.55044, 0.333084], [32.549819, 0.333378], [32.549268, 0.333865], [32.547601, 0.337428], [32.545837, 0.340598], [32.543085, 0.344386], [32.542385, 0.344664], [32.541987, 0.345925], [32.532261, 0.358825]]}, "properties": {"lot_id": "OPRC-CEN-01", "lot_name": "Central Region OPRC scope", "region": "Central", "status": "Scoped under OPRC", "contractor": "TBD \u2014 scoping (FY25-26 NDPIV master)", "lot_total_km": 470.2, "road_no": "A009", "link_id": "A009_Link01", "link_name": "Kampala - Nansana", "length_km": 5.305}}, {"type": "Feature", "geometry": {"type": "LineString", "coordinates": [[31.89872, 0.829979], [31.894605, 0.833741], [31.891873, 0.835933], [31.891018, 0.836393], [31.887168, 0.837997], [31.884752, 0.839139], [31.884116, 0.839543], [31.875618, 0.846873], [31.872779, 0.849692], [31.86506, 0.85811], [31.859687, 0.863533], [31.858425, 0.865176], [31.85647, 0.868316], [31.855033, 0.869842], [31.85372, 0.871906], [31.851179, 0.874301], [31.848838, 0.875962], [31.846273, 0.877374], [31.842184, 0.878642], [31.841582, 0.878953], [31.840426, 0.879866], [31.835811, 0.884067], [31.83407, 0.885362], [31.832908, 0.885898], [31.832019, 0.88613], [31.831416, 0.886142], [31.828119, 0.885323], [31.826927, 0.885221], [31.826019, 0.885271], [31.823394, 0.88563], [31.820273, 0.886771], [31.819015, 0.887107], [31.817575, 0.887325], [31.814354, 0.887533], [31.813612, 0.887757], [31.813088, 0.888108], [31.811313, 0.889721], [31.810352, 0.890786], [31.810113, 0.891691], [31.810142, 0.894271], [31.810008, 0.895206], [31.809488, 0.896001], [31.808529, 0.896804], [31.807595, 0.897149], [31.806305, 0.897394], [31.802313, 0.897699], [31.801096, 0.897929], [31.799061, 0.89868], [31.796992, 0.900192], [31.796161, 0.900575], [31.795538, 0.900541], [31.794157, 0.899896], [31.793452, 0.899838], [31.790528, 0.901052], [31.788423, 0.901427], [31.787163, 0.901781], [31.786085, 0.902644], [31.785193, 0.904503], [31.784603, 0.905122], [31.781116, 0.907062], [31.777957, 0.909402], [31.776649, 0.910212], [31.772135, 0.91233], [31.767588, 0.914809], [31.766038, 0.915902], [31.76455, 0.917136], [31.76292, 0.918107], [31.758033, 0.922665], [31.757591, 0.923652], [31.755332, 0.932374], [31.753745, 0.935196], [31.753164, 0.937773], [31.749914, 0.944623], [31.747694, 0.948532], [31.743889, 0.955791], [31.741789, 0.960044], [31.741336, 0.961472], [31.740031, 0.967877], [31.739665, 0.968774], [31.739034, 0.969718], [31.736765, 0.9722], [31.735844, 0.973042], [31.734817, 0.973788], [31.732767, 0.974981], [31.732107, 0.975199], [31.731257, 0.975307], [31.728278, 0.974954], [31.72502, 0.975255], [31.724131, 0.975628], [31.721793, 0.977282], [31.718211, 0.978554], [31.715237, 0.980562], [31.713223, 0.982758], [31.712137, 0.983711], [31.704666, 0.989158], [31.704266, 0.989805], [31.702739, 0.99376], [31.69912, 1.001017], [31.697391, 1.004896], [31.696262, 1.007013], [31.694065, 1.010689], [31.690826, 1.015032], [31.689425, 1.017182], [31.685354, 1.021942], [31.678147, 1.031129], [31.674481, 1.036072], [31.664291, 1.050446], [31.65534, 1.064336], [31.649403, 1.072458], [31.646679, 1.07562], [31.638156, 1.082852], [31.63721, 1.083883], [31.634881, 1.087178], [31.633529, 1.088736], [31.626356, 1.095286], [31.611351, 1.11087], [31.60643, 1.115156], [31.589962, 1.131137], [31.589126, 1.132054], [31.587263, 1.134556], [31.586341, 1.136027], [31.580097, 1.14716], [31.576596, 1.153], [31.573011, 1.161097], [31.571342, 1.165282], [31.56759, 1.172763], [31.566929, 1.174809], [31.564372, 1.18592], [31.561879, 1.197779], [31.561755, 1.198879], [31.561629, 1.203771], [31.561435, 1.205025], [31.560533, 1.207665], [31.559904, 1.20886], [31.55833, 1.211298], [31.556422, 1.213753], [31.550413, 1.221005], [31.545823, 1.226895], [31.544402, 1.228486], [31.539944, 1.232778], [31.532039, 1.24002], [31.526525, 1.244879], [31.520931, 1.249488], [31.520151, 1.250377], [31.51906, 1.252142], [31.51818, 1.253044], [31.517107, 1.253706], [31.514064, 1.254896], [31.512849, 1.255556], [31.50182, 1.264545], [31.483217, 1.276146], [31.481425, 1.277558], [31.477201, 1.28181], [31.475463, 1.283201], [31.474264, 1.283914], [31.472967, 1.284509], [31.469324, 1.285659], [31.468188, 1.286418], [31.466823, 1.287956], [31.466033, 1.289114], [31.465479, 1.290149], [31.464868, 1.291738], [31.464186, 1.294642], [31.463856, 1.297544], [31.464081, 1.302176], [31.463874, 1.302885], [31.46338, 1.303596], [31.456375, 1.309493], [31.450974, 1.313401], [31.447817, 1.31468], [31.444259, 1.315631], [31.441409, 1.316995], [31.440435, 1.317669], [31.437365, 1.320474], [31.434272, 1.3231], [31.425836, 1.331127], [31.421654, 1.335391], [31.417302, 1.340204], [31.415808, 1.34215], [31.415413, 1.343052], [31.415151, 1.344926], [31.414703, 1.345683], [31.414168, 1.34603], [31.413126, 1.346224], [31.412647, 1.346437], [31.410716, 1.347857], [31.409654, 1.348944], [31.407555, 1.349905], [31.406909, 1.350423], [31.405124, 1.353643], [31.404358, 1.355468], [31.403248, 1.35903], [31.402471, 1.362858], [31.402127, 1.36371], [31.39701, 1.371204], [31.392471, 1.379124], [31.384781, 1.390292], [31.378142, 1.400627], [31.377653, 1.402112], [31.377399, 1.404676], [31.37726, 1.405192], [31.37652, 1.406711], [31.374915, 1.408627], [31.374527, 1.409512], [31.374504, 1.410074], [31.374967, 1.414574], [31.374767, 1.418918], [31.37454, 1.419652], [31.373296, 1.420747], [31.371037, 1.421813], [31.368142, 1.421438], [31.366777, 1.421387], [31.364024, 1.421734], [31.363223, 1.421999], [31.362849, 1.422356], [31.360859, 1.425253], [31.35861, 1.427269], [31.354529, 1.431732], [31.351222, 1.435623], [31.350092, 1.43676]]}, "properties": {"lot_id": "OPRC-CEN-01", "lot_name": "Central Region OPRC scope", "region": "Central", "status": "Scoped under OPRC", "contractor": "TBD \u2014 scoping (FY25-26 NDPIV master)", "lot_total_km": 470.2, "road_no": "A009", "link_id": "A009_Link04", "link_name": "Lwamata - Hoima", "length_km": 96.5}}, {"type": "Feature", "geometry": {"type": "LineString", "coordinates": [[32.628904, 0.317992], [32.631138, 0.318951], [32.632998, 0.319209], [32.63531, 0.321087], [32.63631, 0.322325], [32.636567, 0.322872], [32.637261, 0.326863], [32.637753, 0.328003], [32.63791, 0.328893], [32.637651, 0.329484], [32.634182, 0.334364], [32.634092, 0.334649], [32.634376, 0.335686], [32.634984, 0.336533], [32.635688, 0.337247], [32.636199, 0.338052], [32.638577, 0.339915], [32.640501, 0.341045], [32.64234, 0.341756], [32.646151, 0.343516], [32.646238, 0.343765], [32.647969, 0.345794], [32.647966, 0.346288]]}, "properties": {"lot_id": "OPRC-CEN-01", "lot_name": "Central Region OPRC scope", "region": "Central", "status": "Scoped under OPRC", "contractor": "TBD \u2014 scoping (FY25-26 NDPIV master)", "lot_total_km": 470.2, "road_no": "C022", "link_id": "C022_Link01", "link_name": "Mbuya/Silver Springs - Kireka", "length_km": 4.634}}, {"type": "Feature", "geometry": {"type": "LineString", "coordinates": [[32.761576, 0.351104], [32.761713, 0.350142], [32.76377, 0.346539], [32.76455, 0.343798], [32.764663, 0.342483], [32.764508, 0.341356], [32.764162, 0.34039], [32.762015, 0.337186], [32.76165, 0.336341], [32.761418, 0.332154], [32.761536, 0.33107], [32.7621, 0.329933], [32.763932, 0.328067], [32.76576, 0.323516], [32.766177, 0.322953], [32.768091, 0.321077], [32.76862, 0.320321], [32.769039, 0.319381], [32.769784, 0.31661], [32.770042, 0.316031], [32.773916, 0.311454], [32.775587, 0.31034], [32.776706, 0.309254], [32.777133, 0.308334], [32.777316, 0.307178], [32.776687, 0.303873], [32.776681, 0.303507], [32.77703, 0.302388], [32.777754, 0.301548], [32.780903, 0.299339], [32.781433, 0.298795], [32.783615, 0.295961], [32.792683, 0.283362], [32.795039, 0.280692], [32.797105, 0.278554], [32.799098, 0.277232], [32.807113, 0.274075], [32.808749, 0.272992], [32.809863, 0.27149], [32.814048, 0.264114], [32.814298, 0.263484], [32.814945, 0.26077], [32.817514, 0.252512], [32.817448, 0.252326], [32.816962, 0.252138], [32.816764, 0.251931], [32.811995, 0.244754], [32.808305, 0.238467], [32.807318, 0.236489], [32.805816, 0.231982], [32.80576, 0.231225], [32.805962, 0.230492], [32.808645, 0.225094], [32.808813, 0.22405], [32.808674, 0.223103], [32.803603, 0.214354], [32.802648, 0.213065], [32.80164, 0.212062], [32.797212, 0.208762], [32.796888, 0.208418], [32.796102, 0.206472], [32.795163, 0.203668], [32.795091, 0.202757], [32.795216, 0.199834], [32.796171, 0.195016], [32.795704, 0.189549], [32.795948, 0.184654], [32.795629, 0.183406], [32.790563, 0.169684], [32.790552, 0.168726], [32.790617, 0.168378], [32.791217, 0.167228], [32.792363, 0.165321], [32.793455, 0.162881], [32.793905, 0.157997], [32.794238, 0.156629], [32.796756, 0.152896], [32.797419, 0.15239], [32.79833, 0.152245], [32.802628, 0.152254]]}, "properties": {"lot_id": "OPRC-CEN-01", "lot_name": "Central Region OPRC scope", "region": "Central", "status": "Scoped under OPRC", "contractor": "TBD \u2014 scoping (FY25-26 NDPIV master)", "lot_total_km": 470.2, "road_no": "C024", "link_id": "C024_Link01", "link_name": "Mukono - Kyetume - Kisoga - Katosi", "length_km": 26.643}}, {"type": "Feature", "geometry": {"type": "LineString", "coordinates": [[33.031417, 0.269921], [33.033021, 0.270559], [33.033734, 0.270677], [33.03552, 0.270609], [33.037458, 0.270847], [33.039118, 0.270791], [33.039922, 0.270873], [33.040515, 0.271004], [33.044252, 0.272441], [33.04641, 0.273597], [33.049074, 0.274579], [33.050389, 0.275366], [33.051404, 0.276106], [33.054516, 0.279888], [33.055592, 0.280365], [33.056074, 0.280454], [33.056913, 0.28037], [33.060571, 0.279655], [33.061618, 0.279659], [33.062603, 0.279999], [33.062982, 0.279883], [33.063996, 0.280493], [33.064308, 0.280574], [33.074809, 0.282814], [33.079574, 0.284549], [33.081123, 0.284716], [33.081311, 0.285068], [33.081088, 0.286758], [33.081413, 0.287523], [33.083467, 0.288081], [33.083889, 0.288053], [33.084484, 0.288274], [33.089193, 0.288944], [33.09038, 0.289419], [33.091091, 0.290027], [33.091536, 0.290711], [33.092205, 0.292972], [33.092716, 0.294138], [33.093479, 0.294969], [33.09572, 0.296755], [33.0964, 0.297744], [33.096653, 0.298754], [33.096641, 0.299707], [33.09599, 0.303201], [33.096169, 0.30429], [33.096681, 0.305412], [33.098049, 0.307644], [33.102069, 0.311984]]}, "properties": {"lot_id": "OPRC-CEN-01", "lot_name": "Central Region OPRC scope", "region": "Central", "status": "Scoped under OPRC", "contractor": "TBD \u2014 scoping (FY25-26 NDPIV master)", "lot_total_km": 470.2, "road_no": "C025", "link_id": "C025_Link02", "link_name": "Lugasa - Najja", "length_km": 10.408}}, {"type": "Feature", "geometry": {"type": "LineString", "coordinates": [[32.817382, 0.253117], [32.817833, 0.253592], [32.818188, 0.254191], [32.819661, 0.257257], [32.820435, 0.257909], [32.821154, 0.258209], [32.821874, 0.258275], [32.824705, 0.257789], [32.826101, 0.257888], [32.831185, 0.25936], [32.832807, 0.260233], [32.836686, 0.263557], [32.838694, 0.265531], [32.839327, 0.265984], [32.840016, 0.26638], [32.841459, 0.26646], [32.848977, 0.264938], [32.851347, 0.264715], [32.851891, 0.264523], [32.855908, 0.261977], [32.856758, 0.261308], [32.860258, 0.257429], [32.861959, 0.254607], [32.864445, 0.251138], [32.865296, 0.250201], [32.868036, 0.247397], [32.870649, 0.245715], [32.871884, 0.245186], [32.876698, 0.244446], [32.877468, 0.244508], [32.878262, 0.244771], [32.878949, 0.245186], [32.881204, 0.247905], [32.881581, 0.248216], [32.882257, 0.248475], [32.885759, 0.24931], [32.891977, 0.249], [32.892492, 0.249138], [32.894118, 0.249908], [32.895533, 0.250331], [32.896432, 0.250391], [32.89939, 0.249693], [32.900479, 0.249333], [32.906169, 0.246054], [32.906687, 0.245855], [32.910778, 0.245003], [32.915742, 0.244379], [32.916657, 0.243658], [32.920402, 0.241334], [32.922378, 0.239547], [32.924038, 0.239103], [32.925128, 0.238642], [32.926155, 0.238494], [32.927154, 0.238696], [32.927576, 0.238863], [32.930644, 0.241113], [32.93143, 0.241357], [32.932536, 0.241357], [32.937173, 0.240847], [32.940885, 0.239813], [32.942367, 0.239182], [32.944353, 0.237343], [32.945149, 0.237047], [32.949272, 0.237433], [32.952204, 0.237446], [32.954936, 0.237299], [32.958439, 0.236513], [32.960469, 0.235617], [32.961201, 0.235494], [32.964153, 0.235994], [32.990514, 0.242244], [32.992743, 0.243273], [32.994488, 0.243905], [32.999823, 0.244729], [33.002548, 0.245491], [33.0038, 0.246027], [33.005799, 0.247145], [33.007941, 0.248019], [33.008842, 0.248698], [33.00932, 0.249188], [33.009535, 0.249581], [33.009945, 0.252604], [33.010597, 0.253574], [33.011483, 0.25397], [33.012474, 0.253774], [33.014486, 0.252913], [33.015617, 0.252796], [33.017497, 0.253063], [33.019353, 0.253587], [33.021998, 0.255475], [33.023775, 0.256879], [33.024678, 0.257771], [33.025356, 0.258928], [33.026395, 0.261997], [33.027646, 0.265176], [33.031466, 0.269871]]}, "properties": {"lot_id": "OPRC-CEN-01", "lot_name": "Central Region OPRC scope", "region": "Central", "status": "Scoped under OPRC", "contractor": "TBD \u2014 scoping (FY25-26 NDPIV master)", "lot_total_km": 470.2, "road_no": "C025", "link_id": "C025_Link01", "link_name": "Kisoga - Lugasa", "length_km": 27.926}}, {"type": "Feature", "geometry": {"type": "LineString", "coordinates": [[32.942236, 0.368751], [32.942309, 0.368557], [32.943143, 0.367906], [32.944671, 0.366997], [32.945371, 0.3668], [32.947458, 0.366594], [32.950481, 0.367095], [32.953792, 0.368051], [32.954356, 0.368023], [32.955082, 0.367563], [32.956419, 0.366159], [32.957161, 0.365619], [32.960336, 0.364179], [32.961689, 0.363422], [32.963109, 0.362849], [32.964303, 0.362457], [32.966774, 0.362203], [32.96871, 0.36121], [32.969033, 0.361272], [32.970396, 0.36205], [32.971345, 0.362154], [32.971961, 0.362076], [32.972546, 0.361643], [32.973385, 0.360008], [32.973792, 0.359701], [32.974266, 0.359565], [32.975147, 0.359577], [32.976081, 0.360318], [32.976762, 0.360542], [32.978512, 0.360168], [32.979248, 0.360123], [32.981814, 0.360581], [32.986009, 0.360538], [32.988977, 0.360963], [32.993153, 0.36128], [32.996304, 0.360994], [32.997567, 0.360736], [32.998934, 0.360281], [32.999428, 0.359987], [33.001734, 0.357605], [33.003315, 0.356199], [33.004954, 0.355216], [33.007821, 0.353108], [33.009182, 0.351406], [33.010055, 0.350589], [33.012134, 0.34939], [33.013559, 0.348845], [33.014451, 0.348259], [33.016802, 0.345771], [33.018304, 0.344505], [33.019694, 0.34416], [33.023739, 0.34402], [33.02851, 0.344096], [33.0294, 0.344233]]}, "properties": {"lot_id": "OPRC-CEN-01", "lot_name": "Central Region OPRC scope", "region": "Central", "status": "Scoped under OPRC", "contractor": "TBD \u2014 scoping (FY25-26 NDPIV master)", "lot_total_km": 470.2, "road_no": "C027", "link_id": "C027_Link01", "link_name": "Lugazi - Buikwe", "length_km": 10.804}}, {"type": "Feature", "geometry": {"type": "LineString", "coordinates": [[33.102069, 0.311984], [33.102434, 0.312377], [33.103003, 0.312699], [33.104653, 0.313322], [33.109017, 0.315322], [33.109907, 0.316079], [33.113578, 0.322298], [33.115504, 0.326822], [33.116712, 0.328984], [33.119405, 0.332095], [33.121934, 0.334582], [33.125771, 0.337165], [33.130837, 0.339581], [33.132017, 0.340409], [33.135496, 0.343388], [33.136262, 0.344298], [33.13712, 0.345887], [33.138503, 0.349141], [33.139404, 0.351677], [33.140737, 0.354253], [33.141043, 0.355241], [33.141107, 0.356919], [33.140118, 0.359778], [33.139951, 0.360578], [33.139697, 0.364744], [33.139793, 0.365296], [33.140256, 0.366208], [33.141933, 0.368026], [33.142294, 0.368624], [33.142513, 0.369406], [33.14248, 0.370689], [33.141696, 0.37425], [33.141828, 0.375398], [33.142681, 0.376726], [33.14545, 0.378188], [33.146221, 0.379155]]}, "properties": {"lot_id": "OPRC-CEN-01", "lot_name": "Central Region OPRC scope", "region": "Central", "status": "Scoped under OPRC", "contractor": "TBD \u2014 scoping (FY25-26 NDPIV master)", "lot_total_km": 470.2, "road_no": "C028", "link_id": "C028_Link01", "link_name": "Najja - Nyenga", "length_km": 9.791}}, {"type": "Feature", "geometry": {"type": "LineString", "coordinates": [[33.145568, 0.379357], [33.144351, 0.379843], [33.14307, 0.380967], [33.142355, 0.381323], [33.141668, 0.381374], [33.139557, 0.380767], [33.137339, 0.379887], [33.135791, 0.378817], [33.132258, 0.376971], [33.131793, 0.376588], [33.131397, 0.375772], [33.130972, 0.375404], [33.13026, 0.375288], [33.128495, 0.375647], [33.127603, 0.375552], [33.126886, 0.37534], [33.125885, 0.374784], [33.122306, 0.372086], [33.12173, 0.371748], [33.121132, 0.37162], [33.12039, 0.371688], [33.118828, 0.372412], [33.117221, 0.373603], [33.115731, 0.375214], [33.114915, 0.375649], [33.114028, 0.375884], [33.111191, 0.375731], [33.110001, 0.375442], [33.108119, 0.374795], [33.106416, 0.373596], [33.103789, 0.372881], [33.102705, 0.372911], [33.101187, 0.372732], [33.096153, 0.373401], [33.093744, 0.372935], [33.092159, 0.372273], [33.091659, 0.371995], [33.091236, 0.371585], [33.090078, 0.369415], [33.088601, 0.366164], [33.087291, 0.364841], [33.086598, 0.3643], [33.083995, 0.363485], [33.080167, 0.361779], [33.078572, 0.361348], [33.078095, 0.361367], [33.076244, 0.361827], [33.071554, 0.361805], [33.069106, 0.362227], [33.067399, 0.362074], [33.065835, 0.36167], [33.060606, 0.35927], [33.058345, 0.357406], [33.057447, 0.356515], [33.056147, 0.355875], [33.053904, 0.355637], [33.049416, 0.35554], [33.047745, 0.354867], [33.044268, 0.354019], [33.041239, 0.35286], [33.038588, 0.351035], [33.036655, 0.348793], [33.033932, 0.346017], [33.033402, 0.345766], [33.031869, 0.345375], [33.0294, 0.344233]]}, "properties": {"lot_id": "OPRC-CEN-01", "lot_name": "Central Region OPRC scope", "region": "Central", "status": "Scoped under OPRC", "contractor": "TBD \u2014 scoping (FY25-26 NDPIV master)", "lot_total_km": 470.2, "road_no": "C029", "link_id": "C029_Link02", "link_name": "Nyenga - Buikwe", "length_km": 14.709}}, {"type": "Feature", "geometry": {"type": "MultiLineString", "coordinates": [[[33.184021, 0.438015], [33.184388, 0.437483], [33.184764, 0.436422], [33.185132, 0.433084], [33.185357, 0.432342], [33.185734, 0.431627], [33.186893, 0.430496], [33.190596, 0.428107], [33.190883, 0.427773], [33.190883, 0.427248], [33.190308, 0.425945], [33.18452, 0.417477], [33.173682, 0.395746], [33.173187, 0.395112], [33.167966, 0.389956], [33.165342, 0.38754], [33.163526, 0.38697], [33.163005, 0.386699], [33.152625, 0.380167], [33.151879, 0.379922], [33.149983, 0.379859], [33.147476, 0.379045], [33.1469, 0.379], [33.146221, 0.379155]], [[33.146221, 0.379155], [33.145568, 0.379357]]]}, "properties": {"lot_id": "OPRC-CEN-01", "lot_name": "Central Region OPRC scope", "region": "Central", "status": "Scoped under OPRC", "contractor": "TBD \u2014 scoping (FY25-26 NDPIV master)", "lot_total_km": 470.2, "road_no": "C029", "link_id": "C029_Link01", "link_name": "Njeru - Nyenga - Buikwe", "length_km": 9.8}}, {"type": "Feature", "geometry": {"type": "LineString", "coordinates": [[33.029478, 0.338735], [33.029912, 0.338781], [33.031228, 0.339414], [33.03216, 0.339698], [33.033248, 0.339743], [33.034726, 0.339583], [33.035284, 0.339323], [33.037422, 0.337823], [33.040146, 0.336154], [33.044088, 0.334615], [33.04761, 0.333764], [33.050646, 0.333883], [33.062079, 0.334733], [33.0628, 0.334659], [33.063041, 0.334525], [33.068797, 0.328763], [33.076137, 0.321143], [33.076942, 0.320516], [33.090179, 0.316402], [33.09728, 0.312524], [33.10208, 0.311983]]}, "properties": {"lot_id": "OPRC-CEN-01", "lot_name": "Central Region OPRC scope", "region": "Central", "status": "Scoped under OPRC", "contractor": "TBD \u2014 scoping (FY25-26 NDPIV master)", "lot_total_km": 470.2, "road_no": "C030", "link_id": "C030_Link01", "link_name": "Buikwe - Najja", "length_km": 9.029}}, {"type": "Feature", "geometry": {"type": "LineString", "coordinates": [[33.1022, 0.312017], [33.103597, 0.311739], [33.104145, 0.311474], [33.107895, 0.308152], [33.108813, 0.307603], [33.110906, 0.307428], [33.112465, 0.307114], [33.115025, 0.306374], [33.118511, 0.305137], [33.120454, 0.304656], [33.122386, 0.303723], [33.123477, 0.303629], [33.126083, 0.303775], [33.127116, 0.303659], [33.128084, 0.303264], [33.128661, 0.30221], [33.130431, 0.301051], [33.132024, 0.298241], [33.13674, 0.290936], [33.137129, 0.287912], [33.137096, 0.285759], [33.137198, 0.285527], [33.139986, 0.283649], [33.14155, 0.28231], [33.14233, 0.281887], [33.14425, 0.28131], [33.145148, 0.280593], [33.147299, 0.279358], [33.147678, 0.278946], [33.14841, 0.276779], [33.150032, 0.27303], [33.151551, 0.271935], [33.152159, 0.27162], [33.152875, 0.271445]]}, "properties": {"lot_id": "OPRC-CEN-01", "lot_name": "Central Region OPRC scope", "region": "Central", "status": "Scoped under OPRC", "contractor": "TBD \u2014 scoping (FY25-26 NDPIV master)", "lot_total_km": 470.2, "road_no": "C030", "link_id": "C030_Link02", "link_name": "Najja - Kiyindi", "length_km": 7.83}}, {"type": "Feature", "geometry": {"type": "LineString", "coordinates": [[32.661836, 0.348021], [32.662561, 0.349793], [32.662884, 0.3501], [32.66336, 0.350299], [32.666802, 0.350408], [32.672976, 0.349893], [32.676724, 0.349703], [32.679357, 0.350264], [32.682502, 0.351847], [32.684497, 0.352155], [32.685612, 0.352137], [32.686951, 0.351929], [32.693233, 0.349577], [32.696737, 0.348663], [32.697322, 0.348591], [32.697798, 0.348663], [32.698373, 0.348989], [32.698813, 0.349495], [32.69964, 0.351169], [32.700206, 0.353178], [32.700044, 0.355249], [32.700494, 0.356733], [32.701141, 0.357927], [32.702435, 0.359429], [32.703208, 0.36075], [32.703944, 0.362424], [32.704627, 0.363084], [32.705248, 0.363437], [32.707252, 0.363664], [32.709444, 0.364369], [32.710002, 0.364451], [32.710667, 0.364279], [32.711772, 0.363365], [32.712446, 0.363012], [32.713183, 0.362886], [32.714109, 0.362976], [32.714711, 0.362831], [32.715493, 0.362515], [32.717631, 0.36133], [32.719249, 0.361339], [32.720552, 0.361185], [32.721819, 0.360706], [32.722718, 0.360271], [32.723194, 0.359873], [32.723653, 0.359222], [32.723761, 0.358498], [32.724012, 0.358191], [32.72545, 0.357792], [32.728901, 0.355784], [32.729198, 0.355187], [32.730132, 0.351107], [32.730753, 0.346855], [32.730879, 0.345145], [32.731139, 0.344593], [32.731553, 0.344367], [32.733386, 0.345353], [32.736738, 0.346086], [32.737322, 0.346393], [32.737682, 0.346828], [32.738086, 0.34766], [32.738248, 0.348411], [32.738463, 0.350103], [32.738634, 0.353106], [32.738939, 0.355024], [32.739847, 0.357259], [32.741474, 0.360236], [32.741779, 0.360616], [32.7423, 0.361023], [32.743801, 0.36096], [32.746075, 0.360417], [32.746371, 0.360616]]}, "properties": {"lot_id": "OPRC-CEN-01", "lot_name": "Central Region OPRC scope", "region": "Central", "status": "Scoped under OPRC", "contractor": "TBD \u2014 scoping (FY25-26 NDPIV master)", "lot_total_km": 470.2, "road_no": "C036", "link_id": "C036_Link01", "link_name": "Nambole - Kampala Industrial Park - Mukono", "length_km": 13.692}}, {"type": "Feature", "geometry": {"type": "LineString", "coordinates": [[32.82836, 0.630272], [32.828999, 0.628056], [32.829179, 0.627749], [32.833852, 0.622266], [32.834787, 0.621307], [32.835281, 0.621027], [32.835866, 0.620882], [32.838858, 0.620701], [32.839407, 0.620556], [32.840332, 0.62014], [32.841636, 0.619199], [32.841842, 0.618855], [32.843361, 0.614395], [32.844449, 0.612513], [32.844305, 0.607718], [32.844781, 0.604877], [32.84479, 0.603982], [32.842768, 0.599657], [32.841663, 0.595893], [32.840072, 0.593921], [32.839569, 0.593107], [32.839381, 0.592464], [32.839345, 0.591098], [32.839641, 0.590049], [32.840216, 0.589253], [32.841609, 0.588031], [32.843713, 0.586937], [32.844279, 0.586511], [32.845726, 0.584213], [32.846229, 0.583155], [32.846526, 0.582051], [32.846759, 0.580613], [32.846894, 0.577401], [32.846598, 0.576252], [32.845295, 0.574904], [32.844899, 0.574126], [32.843947, 0.569955], [32.841655, 0.564164], [32.841323, 0.561125], [32.841377, 0.559496], [32.841736, 0.558347], [32.844378, 0.552503], [32.851856, 0.543302], [32.852243, 0.542478], [32.8528, 0.540325], [32.849034, 0.531178], [32.845323, 0.523253], [32.844847, 0.522601], [32.843364, 0.521126], [32.840146, 0.518204], [32.839113, 0.516159], [32.838385, 0.514275], [32.838295, 0.508478], [32.838188, 0.507709], [32.837684, 0.507103], [32.834907, 0.504552], [32.83284, 0.502805], [32.831115, 0.501629], [32.829344, 0.500598], [32.821265, 0.496381], [32.820039, 0.496399], [32.818278, 0.496096], [32.815484, 0.496393], [32.813778, 0.496217], [32.812911, 0.49638], [32.810611, 0.497733], [32.809747, 0.498057], [32.807775, 0.497856], [32.803387, 0.49814], [32.802815, 0.498073], [32.800918, 0.496833], [32.799436, 0.496028], [32.798564, 0.495178], [32.795622, 0.493419], [32.791633, 0.490061], [32.789754, 0.489126], [32.786075, 0.486908], [32.782687, 0.485343], [32.78128, 0.485096], [32.780411, 0.484817], [32.778531, 0.483546], [32.777398, 0.483059], [32.774588, 0.482111], [32.771834, 0.481386], [32.770738, 0.480934], [32.770217, 0.48044], [32.768557, 0.477916], [32.767712, 0.477787], [32.76239, 0.478605], [32.760236, 0.477987], [32.756639, 0.477741], [32.755707, 0.477046], [32.754513, 0.474774], [32.754222, 0.47368], [32.75407, 0.473472], [32.751122, 0.471572], [32.750879, 0.471599], [32.750349, 0.471047], [32.748233, 0.470259], [32.742791, 0.467554], [32.740248, 0.466586], [32.739187, 0.466396], [32.737512, 0.466521], [32.73659, 0.466161], [32.735961, 0.465491], [32.731917, 0.459113], [32.730659, 0.455711], [32.730084, 0.454643], [32.729482, 0.454001], [32.728332, 0.453169], [32.726436, 0.4522], [32.725958, 0.45176], [32.725645, 0.451033], [32.724962, 0.447695], [32.724405, 0.443723], [32.723758, 0.442031], [32.722904, 0.440602], [32.718456, 0.437498], [32.714065, 0.436122], [32.712354, 0.4352], [32.711024, 0.433698], [32.70884, 0.431608], [32.706935, 0.42836], [32.70492, 0.426818], [32.703816, 0.425284], [32.703124, 0.42352], [32.702118, 0.421728], [32.70121, 0.418146], [32.700878, 0.415613], [32.700105, 0.413776], [32.699368, 0.412708], [32.69918, 0.411731], [32.698605, 0.410266], [32.698398, 0.409433], [32.698389, 0.408366], [32.698515, 0.407714], [32.700142, 0.404132], [32.700654, 0.402639], [32.700906, 0.399907], [32.700906, 0.397943], [32.701058, 0.397292], [32.701503, 0.396484]]}, "properties": {"lot_id": "OPRC-CEN-01", "lot_name": "Central Region OPRC scope", "region": "Central", "status": "Scoped under OPRC", "contractor": "TBD \u2014 scoping (FY25-26 NDPIV master)", "lot_total_km": 470.2, "road_no": "C045", "link_id": "C045_Link01", "link_name": "Kabimbiri - Misindye", "length_km": 38.549}}, {"type": "Feature", "geometry": {"type": "LineString", "coordinates": [[32.649077, 0.346604], [32.649117, 0.34694], [32.650393, 0.348025], [32.651256, 0.349048], [32.651535, 0.349934], [32.651536, 0.350622], [32.650771, 0.352395], [32.650537, 0.354603], [32.650152, 0.355885], [32.649575, 0.356964], [32.647787, 0.359642], [32.647328, 0.360872], [32.648254, 0.364681], [32.648595, 0.36792], [32.649179, 0.369766], [32.649305, 0.373964], [32.649161, 0.374941], [32.648694, 0.376578], [32.64669, 0.380197], [32.649062, 0.382386], [32.654391, 0.387652], [32.656503, 0.389588], [32.657509, 0.390366], [32.663144, 0.393868], [32.671942, 0.397695], [32.672643, 0.39784], [32.676202, 0.396953], [32.680264, 0.396537], [32.683041, 0.395696], [32.688864, 0.394457], [32.692728, 0.394819], [32.6952, 0.395624], [32.697249, 0.396031], [32.700682, 0.396312], [32.701472, 0.396484], [32.701688, 0.39643], [32.702021, 0.395986], [32.703144, 0.392983], [32.70345, 0.390902], [32.704519, 0.387365], [32.705175, 0.386641], [32.707764, 0.384524], [32.70842, 0.383601], [32.70931, 0.380064], [32.709831, 0.376092], [32.710092, 0.374925], [32.712437, 0.371035], [32.713824, 0.369092]]}, "properties": {"lot_id": "OPRC-CEN-01", "lot_name": "Central Region OPRC scope", "region": "Central", "status": "Scoped under OPRC", "contractor": "TBD \u2014 scoping (FY25-26 NDPIV master)", "lot_total_km": 470.2, "road_no": "C152", "link_id": "C152_Link01", "link_name": "Kireka - Namugongo - Misindye - Seeta", "length_km": 14.879}}, {"type": "Feature", "geometry": {"type": "LineString", "coordinates": [[32.50238, 0.095019], [32.504116, 0.09542], [32.504457, 0.095293], [32.511224, 0.087838], [32.513695, 0.086156], [32.514243, 0.085504], [32.514585, 0.084772], [32.515475, 0.078991], [32.516194, 0.076656], [32.516966, 0.072223], [32.516877, 0.069699], [32.516598, 0.066632], [32.516661, 0.065031], [32.516409, 0.064398], [32.515655, 0.063647], [32.515214, 0.062416], [32.515385, 0.062145], [32.515942, 0.061865], [32.516221, 0.061548], [32.516382, 0.058888], [32.517101, 0.057323], [32.518377, 0.055287], [32.518449, 0.054328]]}, "properties": {"lot_id": "OPRC-CEN-01", "lot_name": "Central Region OPRC scope", "region": "Central", "status": "Scoped under OPRC", "contractor": "TBD \u2014 scoping (FY25-26 NDPIV master)", "lot_total_km": 470.2, "road_no": "C175", "link_id": "C175_Link01", "link_name": "Abayita Ababiri - Kasenyi", "length_km": 5.446}}, {"type": "Feature", "geometry": {"type": "LineString", "coordinates": [[32.458091, 0.052952], [32.457767, 0.053464], [32.45687, 0.053475], [32.455394, 0.05263], [32.455067, 0.052276], [32.454821, 0.051701], [32.454564, 0.050494], [32.454653, 0.04826], [32.454307, 0.047527], [32.449594, 0.046605], [32.449023, 0.04658], [32.441265, 0.051633], [32.440327, 0.052107], [32.439833, 0.0532], [32.438379, 0.054353], [32.438125, 0.054695], [32.437178, 0.057104], [32.436318, 0.058796], [32.435793, 0.059032], [32.435356, 0.058768], [32.43443, 0.056796], [32.434335, 0.055933], [32.434849, 0.052237], [32.435457, 0.050202], [32.437298, 0.036737], [32.437109, 0.035979], [32.43718, 0.034975], [32.437087, 0.029833], [32.436297, 0.029499], [32.436323, 0.028334], [32.43621, 0.027923]]}, "properties": {"lot_id": "OPRC-CEN-01", "lot_name": "Central Region OPRC scope", "region": "Central", "status": "Scoped under OPRC", "contractor": "TBD \u2014 scoping (FY25-26 NDPIV master)", "lot_total_km": 470.2, "road_no": "C177", "link_id": "C177_Link01", "link_name": "Access To Kigungu", "length_km": 10.0}}, {"type": "Feature", "geometry": {"type": "LineString", "coordinates": [[32.468455, 0.32722], [32.467577, 0.332223], [32.467496, 0.334506], [32.467604, 0.335417], [32.467849, 0.336318], [32.468516, 0.337763], [32.47021, 0.340176], [32.470512, 0.341279], [32.470569, 0.342021], [32.470282, 0.343912], [32.470587, 0.347024], [32.470558, 0.348827], [32.469688, 0.352905], [32.469616, 0.357238], [32.46905, 0.359735], [32.46905, 0.360631], [32.469652, 0.363291], [32.470775, 0.366665], [32.471125, 0.367362], [32.472538, 0.369199], [32.473282, 0.370628], [32.473344, 0.371103], [32.473084, 0.373713], [32.47312, 0.374753], [32.474126, 0.382208], [32.474611, 0.384678], [32.474656, 0.385537], [32.474541, 0.388936], [32.474307, 0.390176], [32.471869, 0.395742], [32.471968, 0.395824], [32.472867, 0.395688], [32.47328, 0.395788], [32.477055, 0.397547], [32.477773, 0.398013], [32.479634, 0.398104], [32.479824, 0.398229]]}, "properties": {"lot_id": "OPRC-CEN-01", "lot_name": "Central Region OPRC scope", "region": "Central", "status": "Scoped under OPRC", "contractor": "TBD \u2014 scoping (FY25-26 NDPIV master)", "lot_total_km": 470.2, "road_no": "C182", "link_id": "C182_Link01", "link_name": "Buloba - Wakiso", "length_km": 8.869}}, {"type": "Feature", "geometry": {"type": "LineString", "coordinates": [[32.480479, 0.398034], [32.480604, 0.398176], [32.481224, 0.398131], [32.481603, 0.398221], [32.482496, 0.398705], [32.486553, 0.401904], [32.490723, 0.405415], [32.491109, 0.405939], [32.491756, 0.407894], [32.49216, 0.408762], [32.493059, 0.41021], [32.493616, 0.410952], [32.496088, 0.413447], [32.496422, 0.413944], [32.49748, 0.416054], [32.497645, 0.416762], [32.497785, 0.419655], [32.496786, 0.422037], [32.496751, 0.424106], [32.496787, 0.42578], [32.497353, 0.428069], [32.49791, 0.433009], [32.500748, 0.437033], [32.502169, 0.439568], [32.503412, 0.440467], [32.50527, 0.442852], [32.508487, 0.446055], [32.511785, 0.448986], [32.512656, 0.451465], [32.513528, 0.455184], [32.513895, 0.45617], [32.514103, 0.456441], [32.515684, 0.457708], [32.517463, 0.459744], [32.517841, 0.459988], [32.520016, 0.460006], [32.522768, 0.459845], [32.523727, 0.459599], [32.525336, 0.458867], [32.526846, 0.458333], [32.527655, 0.458541], [32.528904, 0.459445]]}, "properties": {"lot_id": "OPRC-CEN-01", "lot_name": "Central Region OPRC scope", "region": "Central", "status": "Scoped under OPRC", "contractor": "TBD \u2014 scoping (FY25-26 NDPIV master)", "lot_total_km": 470.2, "road_no": "C193", "link_id": "C193_Link01", "link_name": "Wakiso - Kassengejja - Matugga", "length_km": 9.914}}, {"type": "Feature", "geometry": {"type": "LineString", "coordinates": [[32.044404, 0.405345], [32.04506, 0.40629], [32.04466, 0.40887], [32.04485, 0.410164], [32.045189, 0.410425], [32.046562, 0.410731], [32.047057, 0.411129], [32.048379, 0.412886], [32.049916, 0.415858], [32.050072, 0.416403], [32.049979, 0.417042], [32.049466, 0.41802], [32.048771, 0.418756], [32.047562, 0.419654], [32.047052, 0.420194], [32.045603, 0.421935], [32.045445, 0.42234], [32.045488, 0.422652], [32.046386, 0.424786], [32.04671, 0.424811], [32.048745, 0.42442], [32.049602, 0.424634], [32.050133, 0.425075], [32.05109, 0.426208], [32.05342, 0.428567], [32.056208, 0.430991], [32.056603, 0.431448], [32.056932, 0.432391], [32.056694, 0.434497], [32.056842, 0.434868], [32.057502, 0.435724], [32.057578, 0.436019], [32.056727, 0.440183], [32.056784, 0.441818], [32.057169, 0.443155], [32.058115, 0.444541], [32.058346, 0.445902], [32.05901, 0.446995], [32.059547, 0.44743], [32.060773, 0.448022], [32.063298, 0.448629], [32.065958, 0.449078], [32.066675, 0.449034], [32.069016, 0.448555], [32.069734, 0.44855], [32.070862, 0.448847], [32.071475, 0.448893], [32.075723, 0.448312], [32.077434, 0.448406], [32.080084, 0.448319], [32.081889, 0.448599], [32.082451, 0.448871], [32.083381, 0.450241], [32.084347, 0.452471], [32.085629, 0.453577], [32.088994, 0.458336], [32.090772, 0.459363], [32.092804, 0.46082], [32.094412, 0.46172], [32.09567, 0.462885], [32.096299, 0.464438], [32.09653, 0.465759], [32.096853, 0.466721], [32.098527, 0.469863], [32.099592, 0.471438], [32.10282, 0.474212], [32.106551, 0.478073], [32.108847, 0.479655], [32.109457, 0.480232], [32.111193, 0.483178], [32.111779, 0.486291], [32.112225, 0.487194], [32.112767, 0.487859], [32.115756, 0.489544], [32.117572, 0.489932], [32.118389, 0.489963], [32.120111, 0.490448], [32.120981, 0.49081], [32.12215, 0.490868], [32.122787, 0.491061], [32.126353, 0.494346], [32.129758, 0.496942], [32.133081, 0.499433], [32.135307, 0.500565], [32.135853, 0.500741], [32.139521, 0.501234], [32.140386, 0.501851], [32.141608, 0.503262], [32.142733, 0.503789], [32.143309, 0.503869], [32.146868, 0.503802], [32.1473, 0.503904], [32.147663, 0.504161], [32.148411, 0.505098], [32.148698, 0.50579], [32.149064, 0.507282], [32.152913, 0.514284], [32.15434, 0.516], [32.155289, 0.517828], [32.15613, 0.518924], [32.158285, 0.521272], [32.160515, 0.524575], [32.163009, 0.526304], [32.164935, 0.527148], [32.166172, 0.527872], [32.169316, 0.530029], [32.171243, 0.532275], [32.17353, 0.534183], [32.175676, 0.536747], [32.177282, 0.539478], [32.178386, 0.540602], [32.180108, 0.54298], [32.181784, 0.54463], [32.182227, 0.544808], [32.18504, 0.546976], [32.186404, 0.548941], [32.187441, 0.550768], [32.1895, 0.552575], [32.192988, 0.556258], [32.193755, 0.557431], [32.194789, 0.558596], [32.19538, 0.558942], [32.199116, 0.560238], [32.202427, 0.561946], [32.204397, 0.563256], [32.206104, 0.565227]]}, "properties": {"lot_id": "OPRC-CEN-01", "lot_name": "Central Region OPRC scope", "region": "Central", "status": "Scoped under OPRC", "contractor": "TBD \u2014 scoping (FY25-26 NDPIV master)", "lot_total_km": 470.2, "road_no": "C260", "link_id": "C260_Link01", "link_name": "Mityana - Busunju", "length_km": 28.372}}, {"type": "Feature", "geometry": {"type": "LineString", "coordinates": [[34.430798, 1.390685], [34.437266, 1.392598], [34.440801, 1.393942], [34.44135, 1.394448], [34.441479, 1.394964], [34.441343, 1.395504], [34.439963, 1.397919], [34.43993, 1.398571], [34.440289, 1.400406], [34.440284, 1.401382], [34.439821, 1.40228], [34.439683, 1.40305], [34.439139, 1.403698], [34.438984, 1.404086], [34.439161, 1.404536], [34.439525, 1.40471], [34.439927, 1.404615], [34.440172, 1.40442], [34.443366, 1.40099], [34.444692, 1.399726], [34.448591, 1.396606], [34.448971, 1.396426], [34.449477, 1.39637], [34.450217, 1.396634], [34.452231, 1.397968], [34.452528, 1.398503], [34.45278, 1.399821], [34.4531, 1.400258], [34.453716, 1.400383], [34.455006, 1.399698], [34.455641, 1.399781], [34.456695, 1.400853], [34.458262, 1.403022], [34.458623, 1.403373], [34.463336, 1.405507], [34.464421, 1.405887], [34.470947, 1.405683], [34.472679, 1.405029], [34.475491, 1.404538], [34.475924, 1.40465], [34.476567, 1.40502], [34.477569, 1.40621], [34.478794, 1.406678], [34.481252, 1.407416], [34.482068, 1.407304], [34.482677, 1.40698], [34.483338, 1.406871], [34.483738, 1.407026], [34.485741, 1.408379], [34.486239, 1.408439], [34.490252, 1.406088], [34.493608, 1.404854], [34.495271, 1.404926], [34.501739, 1.402691], [34.502642, 1.402666], [34.504896, 1.403589], [34.508189, 1.405731], [34.508391, 1.406308], [34.506885, 1.409881], [34.506823, 1.410689], [34.506888, 1.410961], [34.507408, 1.41155], [34.509401, 1.413024], [34.510601, 1.413776], [34.512827, 1.414808], [34.514256, 1.414611], [34.518358, 1.414809], [34.518651, 1.414926], [34.520086, 1.41612], [34.522912, 1.417149], [34.524105, 1.417987], [34.524532, 1.41814], [34.524924, 1.418118], [34.525487, 1.417869], [34.527239, 1.416738], [34.527836, 1.416533], [34.533028, 1.417055], [34.53614, 1.416777], [34.539765, 1.416735], [34.540221, 1.41644], [34.541102, 1.414595], [34.541782, 1.414132], [34.542387, 1.414046], [34.545826, 1.414802], [34.548319, 1.415677], [34.549844, 1.41559], [34.550207, 1.415707], [34.553631, 1.419471], [34.55426, 1.419822], [34.555336, 1.419901], [34.556192, 1.419554], [34.556462, 1.419362], [34.556815, 1.418857], [34.558184, 1.415875], [34.559065, 1.41308], [34.55925, 1.412722], [34.559781, 1.412523], [34.560149, 1.412668], [34.560377, 1.412912], [34.561847, 1.414775], [34.561967, 1.4152], [34.562005, 1.417695], [34.562264, 1.418249], [34.562551, 1.418524], [34.563333, 1.418884], [34.563817, 1.418869], [34.564231, 1.418719], [34.566363, 1.417228], [34.568063, 1.416167], [34.568927, 1.415771], [34.570276, 1.415633], [34.57139, 1.415638], [34.57214, 1.415764], [34.575033, 1.415641], [34.579561, 1.415838], [34.58298, 1.416702], [34.584242, 1.416502], [34.588531, 1.415276], [34.590449, 1.414878], [34.595421, 1.417804], [34.598285, 1.418603], [34.602045, 1.42175], [34.602877, 1.422242], [34.609321, 1.422716], [34.613363, 1.422502], [34.61653, 1.421374], [34.61825, 1.420912], [34.618729, 1.4206], [34.619729, 1.419387], [34.621693, 1.417817], [34.622037, 1.417236], [34.622046, 1.416262], [34.621097, 1.414566], [34.620948, 1.414126], [34.620994, 1.413732], [34.622244, 1.410797], [34.624059, 1.408909], [34.624198, 1.40785], [34.624351, 1.407573], [34.624898, 1.407379], [34.626549, 1.407749], [34.627224, 1.407698], [34.628435, 1.406946], [34.629048, 1.406049], [34.629523, 1.401405], [34.629342, 1.400518], [34.628945, 1.399917], [34.628242, 1.399428], [34.627641, 1.398814], [34.625778, 1.397645], [34.624975, 1.397016], [34.623324, 1.395444], [34.62234, 1.394089], [34.622564, 1.393619], [34.623146, 1.393337], [34.626745, 1.393263], [34.627274, 1.392878], [34.62734, 1.392331], [34.62698, 1.388915], [34.627391, 1.388305], [34.627722, 1.388113], [34.628192, 1.388071], [34.630267, 1.388677], [34.63229, 1.38908], [34.632457, 1.389094], [34.632766, 1.388854], [34.632708, 1.388395], [34.631581, 1.387258], [34.630515, 1.38461], [34.630451, 1.383], [34.63079, 1.381264], [34.630617, 1.380649], [34.630242, 1.380158], [34.629203, 1.379269], [34.627767, 1.378864], [34.627459, 1.378508], [34.627438, 1.378107], [34.627606, 1.37736], [34.627933, 1.376845], [34.628496, 1.376399], [34.628824, 1.376373], [34.62951, 1.376653], [34.630088, 1.376622], [34.630651, 1.376483], [34.631481, 1.376031], [34.632579, 1.375923], [34.633421, 1.375557], [34.633575, 1.375283], [34.63357, 1.374698], [34.633303, 1.373665], [34.632829, 1.372929], [34.631809, 1.372013], [34.631263, 1.370436], [34.630432, 1.369046], [34.630255, 1.368499], [34.630374, 1.368168], [34.630679, 1.368037], [34.632469, 1.368579], [34.633263, 1.368672], [34.633702, 1.368435], [34.634023, 1.368035], [34.63403, 1.367376], [34.633466, 1.366156], [34.633067, 1.365693], [34.631409, 1.364335], [34.631046, 1.363707], [34.631241, 1.36352], [34.634243, 1.363073], [34.635146, 1.362196], [34.636082, 1.360715], [34.636405, 1.359884], [34.636142, 1.359396], [34.635051, 1.358572], [34.634374, 1.35822], [34.634382, 1.357717], [34.634604, 1.357466], [34.635812, 1.356944], [34.638522, 1.354848], [34.637081, 1.353283], [34.636375, 1.351817], [34.635345, 1.350687], [34.634399, 1.348992], [34.633431, 1.348246], [34.633258, 1.347981], [34.633315, 1.347755], [34.633943, 1.347644], [34.635615, 1.347682], [34.636546, 1.347835], [34.637747, 1.348263], [34.639605, 1.348542], [34.640228, 1.34849], [34.640561, 1.348295], [34.640785, 1.348081], [34.640981, 1.347514], [34.641239, 1.347239], [34.641494, 1.347301], [34.642265, 1.347847], [34.643231, 1.347987], [34.644743, 1.347175], [34.646121, 1.34723], [34.646463, 1.34715], [34.647052, 1.346682], [34.647689, 1.345632], [34.648357, 1.344818], [34.648607, 1.344345], [34.648659, 1.343855], [34.648916, 1.343523], [34.651769, 1.34059], [34.654007, 1.340608], [34.655821, 1.341795], [34.657177, 1.342915], [34.658277, 1.343166], [34.659465, 1.343018], [34.661676, 1.345466], [34.662506, 1.345797], [34.663047, 1.345087], [34.663022, 1.343972], [34.663384, 1.342627], [34.663392, 1.342179], [34.663202, 1.341562], [34.662117, 1.339728], [34.662405, 1.33784], [34.662083, 1.336518], [34.662203, 1.336369], [34.662871, 1.336118], [34.664681, 1.336926], [34.664941, 1.337294], [34.66521, 1.338513], [34.665586, 1.33942], [34.666877, 1.340657], [34.668407, 1.34169], [34.669268, 1.341753], [34.670209, 1.341381], [34.672056, 1.3409], [34.672598, 1.340624], [34.672756, 1.340686], [34.673416, 1.341426], [34.673592, 1.341837], [34.673399, 1.34328], [34.673558, 1.344313], [34.673017, 1.345416], [34.672984, 1.345705], [34.673651, 1.346421], [34.67692, 1.346796], [34.67796, 1.34669], [34.679674, 1.346938], [34.680628, 1.346896], [34.681086, 1.346042], [34.681112, 1.344149], [34.6811, 1.34337], [34.68066, 1.342126], [34.680656, 1.341546], [34.683003, 1.341566], [34.683897, 1.34171], [34.685179, 1.342192], [34.685756, 1.342145], [34.685945, 1.341855], [34.685971, 1.341258], [34.685494, 1.339709], [34.685843, 1.338689], [34.687385, 1.337092], [34.688914, 1.334876], [34.689271, 1.334812], [34.6895, 1.334861], [34.689593, 1.335052], [34.689655, 1.336667], [34.690375, 1.338609], [34.690851, 1.340466], [34.691945, 1.342384], [34.692852, 1.343217], [34.695401, 1.343401], [34.695806, 1.343016], [34.696389, 1.341684], [34.696655, 1.341445], [34.697438, 1.341316], [34.69727, 1.341771], [34.697357, 1.342108], [34.698449, 1.344131], [34.699084, 1.344942], [34.7002, 1.34553], [34.702125, 1.346202], [34.70318, 1.346405], [34.703902, 1.346159], [34.70678, 1.344485], [34.70716, 1.344381], [34.707736, 1.344628], [34.709099, 1.345641], [34.709531, 1.345546], [34.709712, 1.345415], [34.709781, 1.344445], [34.709444, 1.343462], [34.709439, 1.342724], [34.709884, 1.341506], [34.709537, 1.341103], [34.709652, 1.339275], [34.710032, 1.339051], [34.710655, 1.339267], [34.712436, 1.339139], [34.71278, 1.338792], [34.71291, 1.338399], [34.712984, 1.337335], [34.712732, 1.336717], [34.712095, 1.335757], [34.712192, 1.335172], [34.712085, 1.334079], [34.711738, 1.333148], [34.710987, 1.332834], [34.709779, 1.332585], [34.706942, 1.331432], [34.70685, 1.331006], [34.707179, 1.330467], [34.707213, 1.330158], [34.706549, 1.328741], [34.707489, 1.327822], [34.707744, 1.327291], [34.707978, 1.326224], [34.708809, 1.326234], [34.70947, 1.325849], [34.710221, 1.325057], [34.710302, 1.32433], [34.710486, 1.324117], [34.713823, 1.323288], [34.714725, 1.323221], [34.715267, 1.323266], [34.716239, 1.323771], [34.716971, 1.324321], [34.717212, 1.324285], [34.716558, 1.323059], [34.714998, 1.321699], [34.71348, 1.320966], [34.71285, 1.320486], [34.711378, 1.320424], [34.711077, 1.320629], [34.710998, 1.320239], [34.711087, 1.319921], [34.711761, 1.319686], [34.711738, 1.319367], [34.710225, 1.318816], [34.709043, 1.318088], [34.70734, 1.318131], [34.707047, 1.317944], [34.706963, 1.317717], [34.707107, 1.31689], [34.707052, 1.316405], [34.707736, 1.315814], [34.708099, 1.31517], [34.708033, 1.31491], [34.707178, 1.313709], [34.708344, 1.313231], [34.708726, 1.312905], [34.708791, 1.312539], [34.708174, 1.311124], [34.706209, 1.308641], [34.706209, 1.308383], [34.709111, 1.306851], [34.711076, 1.306619], [34.71136, 1.306495], [34.711638, 1.306145], [34.711866, 1.306307], [34.711879, 1.30706], [34.713054, 1.308673], [34.713397, 1.308932], [34.7155, 1.308512], [34.716011, 1.308512], [34.720108, 1.308986], [34.720316, 1.308842], [34.72042, 1.308254], [34.720607, 1.308091], [34.7224, 1.308527], [34.723418, 1.307914], [34.723683, 1.307913], [34.725551, 1.308503], [34.726851, 1.308477], [34.729102, 1.309974], [34.729851, 1.310243], [34.730205, 1.310147], [34.730727, 1.309537], [34.731009, 1.308362], [34.731385, 1.307758], [34.731803, 1.306594], [34.731838, 1.305996], [34.731446, 1.305193], [34.731773, 1.304172], [34.73171, 1.303413], [34.73234, 1.302032], [34.732167, 1.301998], [34.731619, 1.30241], [34.731178, 1.302544], [34.730233, 1.301909], [34.729717, 1.3017], [34.729215, 1.300872], [34.728866, 1.300089], [34.728887, 1.299888], [34.729115, 1.299963], [34.729607, 1.300804], [34.73006, 1.30133], [34.731003, 1.301308], [34.731498, 1.300019], [34.731351, 1.300027], [34.730873, 1.300613], [34.730651, 1.300603], [34.730364, 1.299777], [34.729328, 1.298464], [34.728887, 1.298209], [34.727891, 1.298319], [34.727184, 1.297421], [34.726998, 1.296967], [34.727087, 1.29647], [34.729079, 1.291963], [34.730214, 1.289901], [34.732532, 1.290415], [34.734497, 1.291186], [34.736191, 1.291153], [34.736796, 1.290867], [34.73792, 1.290022], [34.739307, 1.289294], [34.739695, 1.288845], [34.739946, 1.288151], [34.740965, 1.287874], [34.743796, 1.289311], [34.745706, 1.289893], [34.749413, 1.291886], [34.752297, 1.292762], [34.752682, 1.292714], [34.752987, 1.292394], [34.753063, 1.291948], [34.752807, 1.291192], [34.752774, 1.29043], [34.754327, 1.28435], [34.754279, 1.283265], [34.753882, 1.282301], [34.750528, 1.276874], [34.747945, 1.271911], [34.747132, 1.270916], [34.743592, 1.267159], [34.743639, 1.266771], [34.744171, 1.266294], [34.743705, 1.265615], [34.743599, 1.265055], [34.743686, 1.264226], [34.744259, 1.262365], [34.744288, 1.261858], [34.743558, 1.258404], [34.742618, 1.255808], [34.741676, 1.251998], [34.741213, 1.251229], [34.740261, 1.250527], [34.739884, 1.249995], [34.739498, 1.249168], [34.738972, 1.247413], [34.737977, 1.245973], [34.737226, 1.244169], [34.736105, 1.242712], [34.735864, 1.242004], [34.735895, 1.241448], [34.736281, 1.24114], [34.737526, 1.240968], [34.738341, 1.240645], [34.740059, 1.238739], [34.740798, 1.237479], [34.741865, 1.23695], [34.742045, 1.236757], [34.74214, 1.236135], [34.741959, 1.235117], [34.740701, 1.233595], [34.740411, 1.23303], [34.740544, 1.232802], [34.741597, 1.232178], [34.742575, 1.231095], [34.74276, 1.230338], [34.742713, 1.22899], [34.74204, 1.22736], [34.739948, 1.225326], [34.739448, 1.223805], [34.738605, 1.221877], [34.737411, 1.221225], [34.735915, 1.219798], [34.732668, 1.217484], [34.732448, 1.217082], [34.732554, 1.216553], [34.732815, 1.216377]]}, "properties": {"lot_id": "OPRC-EAS-02", "lot_name": "Eastern Region OPRC scope", "region": "Eastern", "status": "Scoped under OPRC", "contractor": "TBD \u2014 scoping (FY25-26 NDPIV master)", "lot_total_km": 667.1, "road_no": "B304", "link_id": "B304_Link02", "link_name": "Kapchorwa - Suam", "length_km": 80.7}}, {"type": "Feature", "geometry": {"type": "LineString", "coordinates": [[34.297365, 1.335823], [34.30172, 1.333966], [34.308992, 1.32974], [34.31001, 1.329435], [34.31119, 1.329442], [34.312197, 1.32976], [34.313085, 1.33035], [34.313703, 1.331052], [34.31486, 1.333054], [34.315248, 1.333529], [34.317184, 1.334695], [34.317812, 1.335291], [34.318286, 1.336112], [34.318717, 1.337639], [34.318734, 1.339466], [34.319095, 1.339811], [34.31962, 1.339787], [34.319936, 1.339487], [34.320429, 1.338358], [34.322252, 1.337525], [34.322765, 1.337017], [34.322935, 1.33652], [34.322929, 1.336098], [34.322801, 1.335701], [34.322168, 1.334658], [34.322092, 1.33416], [34.322188, 1.333631], [34.322472, 1.333154], [34.326004, 1.328884], [34.326916, 1.328247], [34.328528, 1.327895], [34.329191, 1.327512], [34.32964, 1.326877], [34.330191, 1.325081], [34.330526, 1.324588], [34.331162, 1.324054], [34.33618, 1.321397], [34.338979, 1.319454], [34.339662, 1.319203], [34.340852, 1.319063], [34.341669, 1.319198], [34.34278, 1.319815], [34.343051, 1.320098], [34.343655, 1.321301], [34.345545, 1.322531], [34.346355, 1.322782], [34.350491, 1.323505], [34.352571, 1.324253], [34.353753, 1.324847], [34.355827, 1.326544], [34.3562, 1.326991], [34.356478, 1.32769], [34.357845, 1.333448], [34.357854, 1.335482], [34.358001, 1.336214], [34.359039, 1.338076], [34.359261, 1.339216], [34.359646, 1.340004], [34.359892, 1.340904], [34.360387, 1.341631], [34.360749, 1.341585], [34.360859, 1.341307], [34.360598, 1.340288], [34.360747, 1.338926], [34.360613, 1.337881], [34.361029, 1.335036], [34.361294, 1.334492], [34.362256, 1.333208], [34.3631, 1.332615], [34.365905, 1.332213], [34.367007, 1.332714], [34.36798, 1.3326], [34.36898, 1.333375], [34.370527, 1.334002], [34.371162, 1.334085], [34.372372, 1.333929], [34.373187, 1.334029], [34.376355, 1.335073], [34.378303, 1.335356], [34.378768, 1.3353], [34.379299, 1.335038], [34.381032, 1.333285], [34.381529, 1.332954], [34.382261, 1.332864], [34.383398, 1.333112], [34.383672, 1.333415], [34.383651, 1.333728], [34.382242, 1.336012], [34.381996, 1.336779], [34.382027, 1.337559], [34.382579, 1.339016], [34.382576, 1.339582], [34.382226, 1.340038], [34.381048, 1.340791], [34.380667, 1.341523], [34.380769, 1.342409], [34.381464, 1.343863], [34.381546, 1.344444], [34.381476, 1.345122], [34.381126, 1.345966], [34.379673, 1.348184], [34.379535, 1.348734], [34.37958, 1.349159], [34.37987, 1.349683], [34.38072, 1.350692], [34.382899, 1.351352], [34.383698, 1.352312], [34.384154, 1.352598], [34.384824, 1.352671], [34.386776, 1.352218], [34.387178, 1.352343], [34.387477, 1.352623], [34.388556, 1.354424], [34.388834, 1.355822], [34.389837, 1.356991], [34.390088, 1.357711], [34.389947, 1.358272], [34.389183, 1.359129], [34.388956, 1.359609], [34.388747, 1.363535], [34.390349, 1.366681], [34.391435, 1.367918], [34.391866, 1.368667], [34.392128, 1.368903], [34.392931, 1.369182], [34.393644, 1.370185], [34.397205, 1.373106], [34.399008, 1.374027], [34.400298, 1.374387], [34.40063, 1.374577], [34.400819, 1.375024], [34.400719, 1.375762], [34.40078, 1.37613], [34.401866, 1.378301], [34.402526, 1.378994], [34.404781, 1.380154], [34.405323, 1.380126], [34.407398, 1.379512], [34.408095, 1.379558], [34.408605, 1.379914], [34.409839, 1.381317], [34.410509, 1.381877], [34.410891, 1.382053], [34.417573, 1.382854], [34.418652, 1.383134], [34.422545, 1.38483], [34.423425, 1.385507], [34.42634, 1.388289], [34.430798, 1.390685]]}, "properties": {"lot_id": "OPRC-EAS-02", "lot_name": "Eastern Region OPRC scope", "region": "Eastern", "status": "Scoped under OPRC", "contractor": "TBD \u2014 scoping (FY25-26 NDPIV master)", "lot_total_km": 667.1, "road_no": "B304", "link_id": "B304_Link01", "link_name": "Muyembe - Kaserem - Kapchorwa", "length_km": 24.68}}, {"type": "Feature", "geometry": {"type": "LineString", "coordinates": [[33.521199, 0.395608], [33.522219, 0.394346], [33.524153, 0.393497], [33.524528, 0.393166], [33.528008, 0.388254], [33.528723, 0.385382], [33.528818, 0.384562], [33.528758, 0.383254], [33.529306, 0.381225], [33.52933, 0.378318], [33.531928, 0.373495], [33.534438, 0.369782], [33.535467, 0.368051], [33.535914, 0.366999], [33.536445, 0.364433], [33.536644, 0.355523], [33.536058, 0.352484], [33.535379, 0.350066], [33.535166, 0.347343], [33.534898, 0.346128], [33.531492, 0.336805], [33.530707, 0.336012], [33.526623, 0.333295], [33.526566, 0.333045], [33.52765, 0.331359], [33.52949, 0.330283], [33.530028, 0.330082], [33.53081, 0.330419], [33.531286, 0.330423], [33.533411, 0.329247], [33.534981, 0.328731], [33.535773, 0.328086], [33.536714, 0.326723], [33.539633, 0.324176], [33.540324, 0.323433], [33.540548, 0.322793], [33.5406, 0.320412], [33.54121, 0.318285], [33.541145, 0.317818], [33.540877, 0.317178], [33.539836, 0.315702], [33.538521, 0.314591], [33.535618, 0.312838], [33.535239, 0.312367], [33.53473, 0.311215], [33.534706, 0.30806], [33.534492, 0.305129], [33.534765, 0.303359], [33.535577, 0.301184], [33.535821, 0.299461], [33.535564, 0.296182], [33.535773, 0.294106], [33.535395, 0.292222], [33.534844, 0.290434], [33.533338, 0.287363], [33.53302, 0.286001], [33.533249, 0.284563], [33.533048, 0.283018], [33.533255, 0.281258], [33.533499, 0.279977], [33.533878, 0.279188], [33.534241, 0.277649], [33.533607, 0.276039], [33.531594, 0.274334], [33.53125, 0.273862], [33.530951, 0.272892], [33.530489, 0.270322], [33.530038, 0.268939], [33.52951, 0.267991], [33.528413, 0.266869], [33.527175, 0.265992], [33.526276, 0.264691], [33.525488, 0.264124], [33.524775, 0.262238], [33.523486, 0.26039], [33.523221, 0.259583], [33.523164, 0.258542], [33.52385, 0.256837], [33.524043, 0.255785], [33.524027, 0.255232], [33.523627, 0.253232], [33.523677, 0.252708], [33.523916, 0.251816], [33.525542, 0.24881], [33.52582, 0.247809], [33.525728, 0.246451], [33.525283, 0.244811], [33.525295, 0.243841], [33.525724, 0.242514], [33.526616, 0.24167], [33.528784, 0.240828], [33.530385, 0.239894], [33.531737, 0.239455], [33.533496, 0.239156], [33.534078, 0.238854], [33.53545, 0.237621], [33.537607, 0.234489], [33.539119, 0.233457], [33.541281, 0.232993], [33.541503, 0.232291], [33.541731, 0.231948], [33.544608, 0.229248], [33.546146, 0.228306], [33.547877, 0.226199], [33.54952, 0.221676], [33.549441, 0.220596], [33.548518, 0.218876], [33.54843, 0.217546], [33.548623, 0.216659], [33.549034, 0.215728], [33.549995, 0.214571], [33.551777, 0.213185], [33.552637, 0.212677], [33.553087, 0.212241], [33.555835, 0.208138], [33.556118, 0.206663], [33.556311, 0.203267], [33.556699, 0.200668], [33.556408, 0.196301], [33.556569, 0.194625], [33.557109, 0.193453], [33.557668, 0.192553], [33.558902, 0.1911], [33.560154, 0.189274], [33.561863, 0.185529], [33.562443, 0.182154], [33.562519, 0.178853], [33.56306, 0.17428], [33.563449, 0.173516], [33.564082, 0.172695], [33.565127, 0.17185], [33.565557, 0.170788]]}, "properties": {"lot_id": "OPRC-EAS-02", "lot_name": "Eastern Region OPRC scope", "region": "Eastern", "status": "Scoped under OPRC", "contractor": "TBD \u2014 scoping (FY25-26 NDPIV master)", "lot_total_km": 667.1, "road_no": "C781", "link_id": "C781_Link03", "link_name": "Kaluuba - Bugadde - Bwondha", "length_km": 29.851}}, {"type": "Feature", "geometry": {"type": "LineString", "coordinates": [[33.477697, 0.614884], [33.477932, 0.614039], [33.478143, 0.611856], [33.478588, 0.609284], [33.4785, 0.608834], [33.476741, 0.604273], [33.476436, 0.602998], [33.477244, 0.598053], [33.477328, 0.597731], [33.477813, 0.597057], [33.480304, 0.594917], [33.480766, 0.594315], [33.483071, 0.587253], [33.484798, 0.583633], [33.485687, 0.581266], [33.486236, 0.578986], [33.486303, 0.57792], [33.486204, 0.575317], [33.487239, 0.572662], [33.488164, 0.569459], [33.488995, 0.567109], [33.489475, 0.565051], [33.490118, 0.563315], [33.491576, 0.556006], [33.493219, 0.553146], [33.493627, 0.552124], [33.493848, 0.551334], [33.493986, 0.549844], [33.493924, 0.54919], [33.493551, 0.546542], [33.493296, 0.543478], [33.493063, 0.542403], [33.492157, 0.539567], [33.488607, 0.531801], [33.4864, 0.525394], [33.486178, 0.523961], [33.475452, 0.522851], [33.472487, 0.522901], [33.470318, 0.523399], [33.469992, 0.523252], [33.469614, 0.522012], [33.468903, 0.517284], [33.467867, 0.51157], [33.466538, 0.506313], [33.465288, 0.500107], [33.464943, 0.497839], [33.464824, 0.496112], [33.465315, 0.491789], [33.465918, 0.488631], [33.467978, 0.483023], [33.469221, 0.478822], [33.470567, 0.477097], [33.471724, 0.474635], [33.472118, 0.474047], [33.473886, 0.472396], [33.477678, 0.469169], [33.478541, 0.468153], [33.479522, 0.466715], [33.481611, 0.464471], [33.481743, 0.463348], [33.481608, 0.461606], [33.480769, 0.458823]]}, "properties": {"lot_id": "OPRC-EAS-02", "lot_name": "Eastern Region OPRC scope", "region": "Eastern", "status": "Scoped under OPRC", "contractor": "TBD \u2014 scoping (FY25-26 NDPIV master)", "lot_total_km": 667.1, "road_no": "C781", "link_id": "C781_Link01", "link_name": "Iganga - Mayuge", "length_km": 20.406}}, {"type": "Feature", "geometry": {"type": "LineString", "coordinates": [[33.480769, 0.458823], [33.480438, 0.457619], [33.480395, 0.456643], [33.480873, 0.454736], [33.481048, 0.452646], [33.48226, 0.447914], [33.482572, 0.44584], [33.485639, 0.439684], [33.490472, 0.431746], [33.491742, 0.42899], [33.492034, 0.428103], [33.492583, 0.425466], [33.493904, 0.422372], [33.494045, 0.418503], [33.494281, 0.416356], [33.496703, 0.41196], [33.49971, 0.408566], [33.501437, 0.405304], [33.502299, 0.404053], [33.504254, 0.40238], [33.505642, 0.401567], [33.508283, 0.400555], [33.512463, 0.399634], [33.515483, 0.398602], [33.518607, 0.397736], [33.520071, 0.396706], [33.521199, 0.395608]]}, "properties": {"lot_id": "OPRC-EAS-02", "lot_name": "Eastern Region OPRC scope", "region": "Eastern", "status": "Scoped under OPRC", "contractor": "TBD \u2014 scoping (FY25-26 NDPIV master)", "lot_total_km": 667.1, "road_no": "C781", "link_id": "C781_Link02", "link_name": "Mayuge - Kaluuba", "length_km": 9.061}}, {"type": "Feature", "geometry": {"type": "LineString", "coordinates": [[33.482035, 0.616258], [33.482053, 0.616572], [33.480299, 0.620679], [33.479424, 0.625007], [33.479648, 0.626552], [33.480638, 0.628526], [33.480939, 0.629392], [33.481066, 0.630428], [33.480976, 0.631443], [33.480537, 0.632694], [33.477218, 0.63976], [33.47681, 0.641464], [33.476391, 0.646398], [33.476435, 0.647516], [33.477691, 0.66227], [33.476129, 0.6728], [33.476077, 0.674633], [33.47644, 0.676128], [33.482063, 0.694587], [33.482187, 0.695961], [33.48203, 0.700716], [33.482067, 0.701269], [33.482638, 0.703213], [33.4849, 0.707855], [33.485676, 0.70905], [33.492833, 0.716208], [33.493944, 0.717826], [33.495618, 0.722692], [33.503425, 0.737737], [33.509213, 0.757516], [33.509504, 0.759127], [33.509498, 0.760536], [33.509256, 0.761904], [33.504254, 0.778336], [33.49773, 0.817138], [33.497819, 0.818711], [33.49997, 0.831423], [33.500917, 0.847621], [33.502196, 0.863516], [33.502177, 0.865042], [33.501293, 0.87657], [33.501404, 0.878742], [33.501854, 0.882963], [33.503267, 0.887497], [33.504132, 0.892187], [33.504237, 0.893259], [33.504507, 0.894023]]}, "properties": {"lot_id": "OPRC-EAS-02", "lot_name": "Eastern Region OPRC scope", "region": "Eastern", "status": "Scoped under OPRC", "contractor": "TBD \u2014 scoping (FY25-26 NDPIV master)", "lot_total_km": 667.1, "road_no": "C784", "link_id": "C784_Link01", "link_name": "Iganga - Kaliro", "length_km": 32.032}}, {"type": "Feature", "geometry": {"type": "MultiLineString", "coordinates": [[[33.504507, 0.894023], [33.504813, 0.894845]], [[33.505598, 0.896888], [33.50476, 0.897236], [33.50381, 0.898211], [33.502317, 0.899999], [33.501474, 0.90133], [33.499711, 0.906803], [33.498704, 0.910983], [33.49781, 0.915363], [33.496385, 0.91783], [33.493099, 0.924348], [33.491073, 0.929189], [33.487194, 0.93727], [33.483129, 0.94684], [33.482266, 0.947832], [33.481077, 0.948938], [33.478417, 0.950577], [33.476667, 0.951467], [33.475905, 0.952125], [33.473162, 0.956138], [33.471562, 0.958826], [33.469888, 0.962184], [33.466916, 0.966022], [33.463688, 0.969368], [33.461081, 0.974035], [33.457732, 0.978518], [33.457374, 0.979316], [33.457275, 0.979854], [33.457139, 0.984175], [33.456931, 0.985627], [33.455623, 0.988909], [33.454301, 0.992886], [33.453511, 0.996295], [33.452378, 0.999884], [33.451561, 1.002107], [33.450262, 1.005129], [33.448356, 1.012885], [33.447397, 1.015792], [33.44657, 1.017849], [33.444403, 1.021374], [33.437449, 1.031548], [33.435856, 1.035233], [33.435171, 1.037855], [33.434836, 1.038416], [33.43346, 1.040084], [33.432837, 1.04135], [33.432643, 1.042366], [33.43257, 1.045544], [33.432262, 1.046511], [33.431678, 1.047652], [33.42796, 1.051689], [33.425594, 1.055455], [33.423032, 1.059885], [33.419344, 1.065625], [33.417948, 1.067574], [33.41641, 1.069322], [33.414901, 1.070814], [33.414409, 1.071526], [33.414045, 1.073258], [33.413802, 1.0765], [33.414107, 1.081715], [33.414065, 1.084449], [33.413917, 1.085325], [33.413605, 1.085986], [33.412993, 1.086971], [33.412259, 1.087549], [33.407774, 1.089641], [33.406364, 1.090558], [33.405533, 1.091445], [33.405229, 1.093897], [33.405355, 1.096394], [33.405695, 1.098684], [33.407872, 1.107561], [33.408201, 1.11027], [33.408469, 1.114], [33.40847, 1.117067], [33.407903, 1.120093], [33.405915, 1.127494], [33.404614, 1.131493], [33.403907, 1.137113], [33.405178, 1.141226], [33.406815, 1.145498], [33.411029, 1.153202], [33.413182, 1.15756], [33.415016, 1.161887], [33.418468, 1.167254], [33.41937, 1.170531], [33.418975, 1.172574], [33.416259, 1.182554], [33.413583, 1.192304], [33.41186, 1.198031], [33.41163, 1.198404], [33.411193, 1.198689], [33.407645, 1.199595], [33.40592, 1.200532], [33.404164, 1.201232], [33.402721, 1.201956], [33.399466, 1.203774], [33.397599, 1.204581], [33.389078, 1.207439], [33.387716, 1.20804], [33.385775, 1.209134], [33.383516, 1.210719], [33.379598, 1.213113], [33.376826, 1.215826], [33.376146, 1.216316], [33.374748, 1.217037]]]}, "properties": {"lot_id": "OPRC-EAS-02", "lot_name": "Eastern Region OPRC scope", "region": "Eastern", "status": "Scoped under OPRC", "contractor": "TBD \u2014 scoping (FY25-26 NDPIV master)", "lot_total_km": 667.1, "road_no": "C784", "link_id": "C784_Link02", "link_name": "Kaliro - Nawaikoke - Irundu", "length_km": 52.2}}, {"type": "Feature", "geometry": {"type": "LineString", "coordinates": [[33.310872, 0.79691], [33.321992, 0.8079], [33.322764, 0.808551], [33.329652, 0.809365], [33.333645, 0.810036], [33.337029, 0.81223], [33.338777, 0.813722], [33.342365, 0.814147], [33.346216, 0.815218], [33.354843, 0.818904], [33.356371, 0.819793], [33.35772, 0.820981], [33.358646, 0.821429], [33.367481, 0.822493], [33.369953, 0.822962], [33.371437, 0.823488], [33.377416, 0.826942], [33.380187, 0.828284], [33.383914, 0.829899], [33.386282, 0.831218], [33.388392, 0.832144], [33.390066, 0.833067], [33.39172, 0.834097], [33.393155, 0.83579], [33.393706, 0.836203], [33.396912, 0.837139], [33.401232, 0.839308], [33.403048, 0.840424], [33.410367, 0.84424], [33.422616, 0.851192], [33.439241, 0.861119], [33.441391, 0.861893], [33.447085, 0.863466], [33.452263, 0.865506], [33.460064, 0.868224], [33.462975, 0.869067], [33.470185, 0.872146], [33.474672, 0.874323], [33.476845, 0.875249], [33.47754, 0.875634], [33.478278, 0.87635], [33.481526, 0.880249], [33.48313, 0.881853], [33.49098, 0.886157], [33.502672, 0.892139], [33.502949, 0.892206], [33.503382, 0.891762], [33.504037, 0.891649]]}, "properties": {"lot_id": "OPRC-EAS-02", "lot_name": "Eastern Region OPRC scope", "region": "Eastern", "status": "Scoped under OPRC", "contractor": "TBD \u2014 scoping (FY25-26 NDPIV master)", "lot_total_km": 667.1, "road_no": "C785", "link_id": "C785_Link02", "link_name": "Nakabugu - Kaliro", "length_km": 24.376}}, {"type": "Feature", "geometry": {"type": "LineString", "coordinates": [[33.171288, 0.64966], [33.174671, 0.652214], [33.178513, 0.654827], [33.17943, 0.655716], [33.180679, 0.658214], [33.183482, 0.664887], [33.18536, 0.668874], [33.186011, 0.669693], [33.188603, 0.671945], [33.190073, 0.673875], [33.190883, 0.675349], [33.193661, 0.681165], [33.195311, 0.684029], [33.198732, 0.689242], [33.202646, 0.694723], [33.202849, 0.694789], [33.203817, 0.69462], [33.204369, 0.694689], [33.205406, 0.695031], [33.20609, 0.695441], [33.222777, 0.711314], [33.234254, 0.72242], [33.234923, 0.722801], [33.235671, 0.723039], [33.242346, 0.724299], [33.243033, 0.724573], [33.243668, 0.725017], [33.244374, 0.725831], [33.246291, 0.728601], [33.249437, 0.731875], [33.249974, 0.732612], [33.250346, 0.733575], [33.251579, 0.739114], [33.251873, 0.739746], [33.252582, 0.740581], [33.259111, 0.746944], [33.265344, 0.751298], [33.266327, 0.752139], [33.310872, 0.79691]]}, "properties": {"lot_id": "OPRC-EAS-02", "lot_name": "Eastern Region OPRC scope", "region": "Eastern", "status": "Scoped under OPRC", "contractor": "TBD \u2014 scoping (FY25-26 NDPIV master)", "lot_total_km": 667.1, "road_no": "C785", "link_id": "C785_Link01", "link_name": "Buwenge - Nakabugu", "length_km": 23.051}}, {"type": "Feature", "geometry": {"type": "LineString", "coordinates": [[33.504813, 0.894845], [33.503911, 0.895118], [33.499724, 0.895038], [33.497395, 0.89513], [33.493783, 0.895783], [33.492273, 0.896235], [33.48831, 0.897972], [33.477502, 0.90435], [33.476065, 0.90507], [33.473657, 0.905665], [33.46856, 0.906106], [33.467087, 0.906395], [33.461248, 0.908344], [33.458584, 0.909776], [33.457221, 0.910371], [33.453725, 0.911011], [33.45146, 0.911658], [33.445444, 0.914479], [33.440626, 0.916498], [33.432767, 0.917983], [33.427263, 0.918878], [33.42379, 0.919611], [33.419341, 0.920163], [33.416852, 0.920858], [33.414399, 0.921755], [33.413602, 0.922204], [33.412257, 0.923399], [33.410899, 0.924102], [33.409471, 0.924625], [33.406697, 0.925402], [33.401689, 0.92633], [33.399019, 0.926613], [33.396297, 0.926218], [33.395808, 0.926055], [33.393847, 0.924453], [33.390682, 0.922197], [33.38933, 0.920739], [33.388018, 0.919575], [33.386871, 0.918633], [33.385525, 0.917724], [33.38456, 0.916769], [33.384127, 0.916024], [33.383407, 0.914039], [33.382831, 0.913359], [33.382291, 0.912923], [33.380156, 0.911844], [33.376416, 0.910727], [33.372186, 0.908884], [33.371461, 0.908312], [33.369535, 0.906068], [33.365733, 0.902768], [33.364469, 0.902226], [33.362577, 0.901697], [33.36048, 0.900943], [33.359776, 0.900582], [33.358727, 0.899702], [33.358138, 0.899356], [33.356465, 0.898692], [33.355265, 0.898359], [33.35451, 0.897997], [33.353448, 0.897219], [33.352455, 0.895675], [33.351258, 0.894411], [33.350789, 0.894133], [33.350067, 0.89417], [33.348547, 0.894608], [33.340049, 0.898789], [33.336525, 0.900404], [33.335958, 0.900439], [33.335243, 0.900292], [33.331357, 0.898752], [33.330574, 0.898578], [33.327902, 0.899158], [33.319148, 0.900662], [33.31646, 0.901397], [33.307379, 0.904656], [33.303602, 0.906291], [33.301075, 0.9076], [33.297832, 0.909814], [33.295579, 0.910595], [33.29281, 0.911376], [33.290131, 0.912513], [33.289192, 0.91309], [33.286765, 0.915007], [33.285702, 0.915415], [33.281163, 0.915953], [33.276993, 0.916608], [33.272943, 0.916982], [33.268152, 0.918187], [33.263144, 0.919154], [33.259158, 0.920116], [33.256352, 0.92067], [33.255008, 0.920801], [33.247022, 0.920817], [33.240001, 0.920496], [33.238288, 0.920234], [33.234837, 0.919447], [33.232117, 0.919276], [33.230268, 0.919033], [33.226525, 0.919566], [33.223562, 0.920361], [33.216847, 0.920976], [33.215302, 0.921409], [33.211792, 0.922135], [33.208846, 0.922467], [33.204547, 0.923265], [33.202441, 0.923986], [33.195981, 0.926637], [33.192389, 0.927919], [33.189771, 0.928689], [33.184284, 0.92997], [33.180533, 0.930592], [33.176493, 0.931061], [33.175106, 0.931042], [33.172736, 0.930681], [33.171936, 0.930659], [33.170914, 0.930956], [33.16716, 0.932716], [33.166079, 0.932995], [33.16083, 0.933548], [33.156612, 0.933326], [33.153121, 0.93352], [33.150243, 0.933902], [33.145046, 0.934916], [33.142145, 0.935287], [33.139443, 0.935459], [33.139046, 0.93575], [33.138569, 0.936578], [33.136775, 0.938909], [33.136503, 0.94071], [33.136089, 0.941214], [33.135426, 0.941464], [33.131555, 0.942199], [33.128844, 0.942445], [33.128379, 0.942576]]}, "properties": {"lot_id": "OPRC-EAS-02", "lot_name": "Eastern Region OPRC scope", "region": "Eastern", "status": "Scoped under OPRC", "contractor": "TBD \u2014 scoping (FY25-26 NDPIV master)", "lot_total_km": 667.1, "road_no": "C786", "link_id": "C786_Link01", "link_name": "Kaliro - Kamuli", "length_km": 45.284}}, {"type": "Feature", "geometry": {"type": "LineString", "coordinates": [[33.600272, 0.626511], [33.600652, 0.623712], [33.600164, 0.620609], [33.59987, 0.618287], [33.599885, 0.617661], [33.601039, 0.60983], [33.600788, 0.605393], [33.600838, 0.603376], [33.601456, 0.599013], [33.601795, 0.594674], [33.601707, 0.593887], [33.601421, 0.593062], [33.59985, 0.589592], [33.599533, 0.588551], [33.599582, 0.585204], [33.599285, 0.581798], [33.599657, 0.5781], [33.600336, 0.57594], [33.60101, 0.571252], [33.60139, 0.565797], [33.60184, 0.561443], [33.603046, 0.551619]]}, "properties": {"lot_id": "OPRC-EAS-02", "lot_name": "Eastern Region OPRC scope", "region": "Eastern", "status": "Scoped under OPRC", "contractor": "TBD \u2014 scoping (FY25-26 NDPIV master)", "lot_total_km": 667.1, "road_no": "C787", "link_id": "C787_Link02", "link_name": "Busesa - Nakivumbi", "length_km": 8.39}}, {"type": "Feature", "geometry": {"type": "LineString", "coordinates": [[33.583188, 0.724752], [33.58593, 0.718549], [33.586456, 0.7168], [33.587283, 0.713063], [33.588253, 0.710006], [33.590613, 0.704269], [33.592541, 0.698922], [33.592917, 0.698086], [33.595313, 0.694586], [33.596094, 0.693166], [33.59861, 0.688012], [33.599215, 0.686108], [33.599317, 0.685205], [33.599219, 0.684375], [33.598833, 0.683354], [33.597884, 0.681478], [33.597548, 0.67983], [33.597451, 0.678065], [33.59783, 0.67668], [33.59863, 0.675121], [33.598801, 0.674345], [33.598893, 0.673249], [33.59887, 0.670309], [33.600039, 0.665585], [33.600474, 0.662093], [33.600088, 0.65875], [33.600096, 0.655845], [33.601195, 0.64574], [33.601646, 0.639888], [33.601663, 0.638107], [33.601586, 0.633493], [33.601108, 0.631038], [33.600315, 0.628576], [33.600272, 0.626511]]}, "properties": {"lot_id": "OPRC-EAS-02", "lot_name": "Eastern Region OPRC scope", "region": "Eastern", "status": "Scoped under OPRC", "contractor": "TBD \u2014 scoping (FY25-26 NDPIV master)", "lot_total_km": 667.1, "road_no": "C787", "link_id": "C787_Link01", "link_name": "Nawangasi - Busesa", "length_km": 11.37}}, {"type": "Feature", "geometry": {"type": "LineString", "coordinates": [[33.478581, 0.609148], [33.483697, 0.605184], [33.48466, 0.604506], [33.485197, 0.604273], [33.485912, 0.604198], [33.490744, 0.604306], [33.500158, 0.604054], [33.502278, 0.603474], [33.50443, 0.602694], [33.505551, 0.602012], [33.507771, 0.600353], [33.510098, 0.597689], [33.510861, 0.596334], [33.512577, 0.595182], [33.515271, 0.594119], [33.516623, 0.59304], [33.520192, 0.589361], [33.52482, 0.584194], [33.527348, 0.581857], [33.530474, 0.579377], [33.532149, 0.578361], [33.535496, 0.577279], [33.540624, 0.575073], [33.545124, 0.572606], [33.553343, 0.568921], [33.555512, 0.568519], [33.558411, 0.568653], [33.564808, 0.567776], [33.566486, 0.567944], [33.569175, 0.569071], [33.570422, 0.569296], [33.571496, 0.568994], [33.574184, 0.567641], [33.575339, 0.567368], [33.576959, 0.567194], [33.580834, 0.566508], [33.586362, 0.566516], [33.588199, 0.566662], [33.589582, 0.56695], [33.594977, 0.568705], [33.597871, 0.569475], [33.600813, 0.570444], [33.601086, 0.570621]]}, "properties": {"lot_id": "OPRC-EAS-02", "lot_name": "Eastern Region OPRC scope", "region": "Eastern", "status": "Scoped under OPRC", "contractor": "TBD \u2014 scoping (FY25-26 NDPIV master)", "lot_total_km": 667.1, "road_no": "C788", "link_id": "C788_Link01", "link_name": "Iganga - Buniantole", "length_km": 15.286}}, {"type": "Feature", "geometry": {"type": "LineString", "coordinates": [[33.76878, 0.551047], [33.765414, 0.54965], [33.763661, 0.549099], [33.753764, 0.548335], [33.750521, 0.547977], [33.744631, 0.548021], [33.745715, 0.54047], [33.745652, 0.539729], [33.743045, 0.53448], [33.74207, 0.532858], [33.73906, 0.527115], [33.738238, 0.525223], [33.737591, 0.522858], [33.737094, 0.521705], [33.73505, 0.517998], [33.732574, 0.51244], [33.731828, 0.510477], [33.731134, 0.506366], [33.730718, 0.505397], [33.729013, 0.502976], [33.728213, 0.502043], [33.727618, 0.50165], [33.725773, 0.500856], [33.72323, 0.498558], [33.72172, 0.496603], [33.720095, 0.49478], [33.718253, 0.493041], [33.715881, 0.489912], [33.714668, 0.488788], [33.713315, 0.486981], [33.711133, 0.484725], [33.710133, 0.48351], [33.709645, 0.482347], [33.70894, 0.477099], [33.708165, 0.474546], [33.707696, 0.473793], [33.706515, 0.472817], [33.706327, 0.472479], [33.706272, 0.471879], [33.706418, 0.470619], [33.70621, 0.469409], [33.705171, 0.467866], [33.702227, 0.466081], [33.701682, 0.465559], [33.700447, 0.461972], [33.699896, 0.460682], [33.698233, 0.457172], [33.697157, 0.455529], [33.696754, 0.455395], [33.694981, 0.455471], [33.691486, 0.455262], [33.688259, 0.454358], [33.685593, 0.452248], [33.68278, 0.449558]]}, "properties": {"lot_id": "OPRC-EAS-02", "lot_name": "Eastern Region OPRC scope", "region": "Eastern", "status": "Scoped under OPRC", "contractor": "TBD \u2014 scoping (FY25-26 NDPIV master)", "lot_total_km": 667.1, "road_no": "C800", "link_id": "C800_Link01", "link_name": "Bugiri - Nankoma", "length_km": 16.699}}, {"type": "Feature", "geometry": {"type": "LineString", "coordinates": [[33.745203, 0.573214], [33.745131, 0.573971], [33.744171, 0.577172], [33.74358, 0.582849], [33.742532, 0.591175], [33.740941, 0.599215], [33.738158, 0.610539], [33.737525, 0.61247], [33.735416, 0.617972], [33.734967, 0.619534], [33.73438, 0.622682], [33.732693, 0.634643], [33.727959, 0.654888], [33.725182, 0.66803], [33.72311, 0.675478], [33.718936, 0.685653], [33.717721, 0.689993], [33.717284, 0.693353], [33.716459, 0.704545], [33.716217, 0.706813], [33.715826, 0.708588], [33.715448, 0.709742], [33.714278, 0.71239], [33.710967, 0.718726], [33.709173, 0.722692], [33.707938, 0.72445], [33.701828, 0.73182], [33.700945, 0.733286], [33.700043, 0.735237], [33.699713, 0.736383], [33.699712, 0.737189]]}, "properties": {"lot_id": "OPRC-EAS-02", "lot_name": "Eastern Region OPRC scope", "region": "Eastern", "status": "Scoped under OPRC", "contractor": "TBD \u2014 scoping (FY25-26 NDPIV master)", "lot_total_km": 667.1, "road_no": "C804", "link_id": "C804_Link01", "link_name": "Bugiri - Kisetaka - Nabukalu - Naigaga", "length_km": 19.174}}, {"type": "Feature", "geometry": {"type": "LineString", "coordinates": [[33.608185, 0.75592], [33.61292, 0.754985], [33.61901, 0.754052], [33.62578, 0.753289], [33.629357, 0.753088], [33.631521, 0.752776], [33.632891, 0.752465], [33.634725, 0.751831], [33.643106, 0.747826], [33.644028, 0.747431], [33.64491, 0.747203], [33.645596, 0.747062], [33.652448, 0.746764], [33.658201, 0.746238], [33.663217, 0.745975], [33.666444, 0.745574], [33.688176, 0.740463], [33.692371, 0.739386], [33.699692, 0.737192]]}, "properties": {"lot_id": "OPRC-EAS-02", "lot_name": "Eastern Region OPRC scope", "region": "Eastern", "status": "Scoped under OPRC", "contractor": "TBD \u2014 scoping (FY25-26 NDPIV master)", "lot_total_km": 667.1, "road_no": "C805", "link_id": "C805_Link01", "link_name": "Namalemba - Nawampandhu - Bulange", "length_km": 10.517}}, {"type": "Feature", "geometry": {"type": "LineString", "coordinates": [[33.699692, 0.737192], [33.702669, 0.736184], [33.706766, 0.734986], [33.710812, 0.734312], [33.714909, 0.733783], [33.717093, 0.733293], [33.718966, 0.732731], [33.729589, 0.730969], [33.731911, 0.730799], [33.734866, 0.730961], [33.735919, 0.730864], [33.745202, 0.72872], [33.75049, 0.727328], [33.753564, 0.725965], [33.756281, 0.72458], [33.77198, 0.715893], [33.773576, 0.714945], [33.778418, 0.711621], [33.779898, 0.710828], [33.782112, 0.710097], [33.792316, 0.708309], [33.793966, 0.70819], [33.79705, 0.70826], [33.803211, 0.709027], [33.807108, 0.708789], [33.808992, 0.708817], [33.812155, 0.709237], [33.816647, 0.709529], [33.823679, 0.70936], [33.828258, 0.709626], [33.831575, 0.709971], [33.833299, 0.710537], [33.843404, 0.715704], [33.844997, 0.716292]]}, "properties": {"lot_id": "OPRC-EAS-02", "lot_name": "Eastern Region OPRC scope", "region": "Eastern", "status": "Scoped under OPRC", "contractor": "TBD \u2014 scoping (FY25-26 NDPIV master)", "lot_total_km": 667.1, "road_no": "C805", "link_id": "C805_Link02", "link_name": "Bulange - Kisiro", "length_km": 17.005}}, {"type": "Feature", "geometry": {"type": "LineString", "coordinates": [[33.505578, 0.896897], [33.507852, 0.902623], [33.508724, 0.905672], [33.51188, 0.912538], [33.51509, 0.922218], [33.515324, 0.923231], [33.516187, 0.930541], [33.517393, 0.935589], [33.517932, 0.938963], [33.517942, 0.943315], [33.517664, 0.945558], [33.517107, 0.948137], [33.517143, 0.950751], [33.517656, 0.953393], [33.519004, 0.956776], [33.519229, 0.957663], [33.519625, 0.959916], [33.519715, 0.962005], [33.519383, 0.96424], [33.518476, 0.966963], [33.517461, 0.971424], [33.51694, 0.976707], [33.516734, 0.980009], [33.517076, 0.982144], [33.517139, 0.983601], [33.516079, 0.988088], [33.51599, 0.989183], [33.516115, 0.989898], [33.517878, 0.995977], [33.519056, 0.998998], [33.519775, 1.001757], [33.520504, 1.003702], [33.521295, 1.005267], [33.522949, 1.007294], [33.52356, 1.008316], [33.52651, 1.016385], [33.526716, 1.01757], [33.526933, 1.020122], [33.526897, 1.021325], [33.526394, 1.024636], [33.52652, 1.02583], [33.526979, 1.02763], [33.528058, 1.030245], [33.530018, 1.033311], [33.53071, 1.03465], [33.531177, 1.035899], [33.533489, 1.045596], [33.533723, 1.05021], [33.534389, 1.054616], [33.535384, 1.058048], [33.536202, 1.061591], [33.536937, 1.06563], [33.537681, 1.068891], [33.538167, 1.070031], [33.539704, 1.072284], [33.542932, 1.077983], [33.544514, 1.080289], [33.547876, 1.084749], [33.550515, 1.089062], [33.552103, 1.091324]]}, "properties": {"lot_id": "OPRC-EAS-02", "lot_name": "Eastern Region OPRC scope", "region": "Eastern", "status": "Scoped under OPRC", "contractor": "TBD \u2014 scoping (FY25-26 NDPIV master)", "lot_total_km": 667.1, "road_no": "C809", "link_id": "C809_Link01", "link_name": "Kaliro - Namwiwa", "length_km": 22.26}}, {"type": "Feature", "geometry": {"type": "LineString", "coordinates": [[33.123754, 0.94891], [33.124312, 0.949792], [33.125929, 0.953507], [33.133175, 0.962345], [33.133692, 0.963164], [33.134485, 0.964954], [33.135225, 0.966019], [33.141494, 0.972419], [33.147238, 0.976687], [33.153268, 0.983502], [33.161466, 0.991951], [33.164097, 0.996203], [33.166138, 1.000855], [33.168392, 1.00385], [33.170325, 1.006737], [33.172281, 1.008575], [33.173887, 1.009786], [33.174776, 1.010615], [33.17611, 1.012106], [33.178829, 1.015782], [33.180179, 1.018347], [33.181246, 1.021458], [33.182079, 1.023387]]}, "properties": {"lot_id": "OPRC-EAS-02", "lot_name": "Eastern Region OPRC scope", "region": "Eastern", "status": "Scoped under OPRC", "contractor": "TBD \u2014 scoping (FY25-26 NDPIV master)", "lot_total_km": 667.1, "road_no": "C811", "link_id": "C811_Link01", "link_name": "Kamuli - Nabirumba", "length_km": 10.427}}, {"type": "Feature", "geometry": {"type": "LineString", "coordinates": [[33.182079, 1.023387], [33.18276, 1.024262], [33.190783, 1.030324], [33.193001, 1.032307], [33.19731, 1.035669], [33.200451, 1.038431], [33.202902, 1.040988], [33.205512, 1.044075], [33.207626, 1.046112], [33.209572, 1.048298], [33.212162, 1.050421], [33.213103, 1.051377], [33.214499, 1.053328], [33.215094, 1.055067], [33.215338, 1.056092], [33.216203, 1.062346], [33.216472, 1.063227], [33.218239, 1.066213], [33.221774, 1.07125], [33.222723, 1.072919], [33.224986, 1.077715], [33.226279, 1.080004], [33.230056, 1.083329], [33.233354, 1.08709], [33.234126, 1.087817], [33.235277, 1.088578], [33.238448, 1.090161], [33.241288, 1.092574], [33.244708, 1.095847], [33.246574, 1.097139], [33.248995, 1.098419], [33.255659, 1.104688], [33.25777, 1.106403], [33.264932, 1.112713], [33.272407, 1.124396], [33.27501, 1.128789], [33.277288, 1.132175], [33.278804, 1.133938], [33.2796, 1.135234], [33.28018, 1.13688], [33.280902, 1.13997], [33.2832, 1.144195], [33.285112, 1.148401], [33.28594, 1.150813], [33.286029, 1.151544], [33.285899, 1.153965], [33.284805, 1.156331], [33.284541, 1.157392], [33.284504, 1.158297], [33.284818, 1.159483], [33.28626, 1.16276], [33.287341, 1.167893], [33.288495, 1.17261], [33.289007, 1.173798], [33.29095, 1.177303], [33.294106, 1.182661], [33.29476, 1.184549], [33.29551, 1.187324], [33.299708, 1.198027], [33.300964, 1.202072], [33.302174, 1.204925], [33.302417, 1.206151], [33.303023, 1.210385], [33.303482, 1.216007], [33.304465, 1.223525], [33.304821, 1.227214], [33.304634, 1.234027], [33.304875, 1.237172], [33.305406, 1.24114], [33.305481, 1.243434], [33.305343, 1.249117], [33.305035, 1.252023], [33.305057, 1.253118], [33.305416, 1.255117], [33.306451, 1.258375], [33.307142, 1.262644], [33.307341, 1.264549], [33.307207, 1.26579], [33.306742, 1.266999], [33.305955, 1.268465], [33.303574, 1.27212], [33.302619, 1.274066], [33.302139, 1.276737], [33.302254, 1.280386], [33.302137, 1.284169], [33.30449, 1.299587], [33.306324, 1.308456], [33.305995, 1.30971], [33.305956, 1.310362], [33.306175, 1.311136]]}, "properties": {"lot_id": "OPRC-EAS-02", "lot_name": "Eastern Region OPRC scope", "region": "Eastern", "status": "Scoped under OPRC", "contractor": "TBD \u2014 scoping (FY25-26 NDPIV master)", "lot_total_km": 667.1, "road_no": "C811", "link_id": "C811_Link02", "link_name": "Nabirumba - Iyingo", "length_km": 36.418}}, {"type": "Feature", "geometry": {"type": "LineString", "coordinates": [[32.98838, 1.336665], [32.989075, 1.336579], [32.991168, 1.336857], [32.995155, 1.336742], [32.996186, 1.336539], [32.998972, 1.335516], [33.002754, 1.333428], [33.008694, 1.330676], [33.012526, 1.328396], [33.013858, 1.327758], [33.015156, 1.327246], [33.016386, 1.327018], [33.01889, 1.326919], [33.021474, 1.327592], [33.027847, 1.328818], [33.030656, 1.329213], [33.039254, 1.328959], [33.043472, 1.329662], [33.046645, 1.329322], [33.05465, 1.33003], [33.061851, 1.329353], [33.064126, 1.329321], [33.065476, 1.324825], [33.068258, 1.316878], [33.07046, 1.310173], [33.072863, 1.300448], [33.074319, 1.295665], [33.076432, 1.291168], [33.078264, 1.286601], [33.080141, 1.282714], [33.081531, 1.27922], [33.083573, 1.27528], [33.084215, 1.273258], [33.085244, 1.268846], [33.086049, 1.266243], [33.088422, 1.26123], [33.090958, 1.253754], [33.091866, 1.251472], [33.100655, 1.240364], [33.102081, 1.238112], [33.104654, 1.233573], [33.105818, 1.23201], [33.110184, 1.228395], [33.116141, 1.223693], [33.11966, 1.220548], [33.126792, 1.215594], [33.130754, 1.212571], [33.132949, 1.210752], [33.135071, 1.20949], [33.137025, 1.208034], [33.140339, 1.206467], [33.143334, 1.204272], [33.143968, 1.203593], [33.149601, 1.196073], [33.153107, 1.189277], [33.154417, 1.185983], [33.15491, 1.184112], [33.156111, 1.177253], [33.157475, 1.170341], [33.158216, 1.167775], [33.159393, 1.164341], [33.159977, 1.162177], [33.160373, 1.159422], [33.160612, 1.154557], [33.161314, 1.148042], [33.161345, 1.146916], [33.161165, 1.145198], [33.161126, 1.142796], [33.161217, 1.140912], [33.16144, 1.139841], [33.163212, 1.136134], [33.164458, 1.134172], [33.166856, 1.131071], [33.169242, 1.126349], [33.171346, 1.123261], [33.171798, 1.122096], [33.171892, 1.121301], [33.17184, 1.120039], [33.170643, 1.1144], [33.170056, 1.110083], [33.169442, 1.107836], [33.169215, 1.106169], [33.169109, 1.101483], [33.16922, 1.098947], [33.168934, 1.094735], [33.16912, 1.090569], [33.169071, 1.088701], [33.168517, 1.083311], [33.167977, 1.079902], [33.167304, 1.073951], [33.167335, 1.072993], [33.167974, 1.069627], [33.168778, 1.067067], [33.16955, 1.062561], [33.169951, 1.061132], [33.170644, 1.059428], [33.171307, 1.056666], [33.171596, 1.054946], [33.172185, 1.048484], [33.17204, 1.041519], [33.172087, 1.038585], [33.172243, 1.037218], [33.172575, 1.03586], [33.174957, 1.030172], [33.175708, 1.029165], [33.177367, 1.027578], [33.178545, 1.025539], [33.180296, 1.023223], [33.181276, 1.021535]]}, "properties": {"lot_id": "OPRC-EAS-02", "lot_name": "Eastern Region OPRC scope", "region": "Eastern", "status": "Scoped under OPRC", "contractor": "TBD \u2014 scoping (FY25-26 NDPIV master)", "lot_total_km": 667.1, "road_no": "C812", "link_id": "C812_Link01", "link_name": "Nabirumbi - Buyende - Nkondo - Kidera", "length_km": 46.019}}, {"type": "Feature", "geometry": {"type": "LineString", "coordinates": [[33.682211, 0.449586], [33.681693, 0.44743], [33.681653, 0.445983], [33.681779, 0.445064], [33.682217, 0.443762], [33.682307, 0.440823], [33.682805, 0.438375], [33.68373, 0.436746], [33.684872, 0.435386], [33.685346, 0.434573], [33.6869, 0.432979], [33.687499, 0.432039], [33.687706, 0.431505], [33.687464, 0.429286], [33.687468, 0.427228], [33.687351, 0.426464], [33.685971, 0.422667], [33.684557, 0.420816], [33.683525, 0.41763], [33.684755, 0.413818], [33.686751, 0.411098], [33.686923, 0.410324], [33.686695, 0.409689], [33.686518, 0.409522], [33.68402, 0.408923], [33.680751, 0.405851], [33.679209, 0.405256], [33.677114, 0.401839], [33.665359, 0.401853], [33.65623, 0.40215], [33.631565, 0.402584], [33.630185, 0.402398], [33.628918, 0.402552], [33.621563, 0.402458], [33.620396, 0.402349], [33.618887, 0.402387], [33.59573, 0.401726], [33.589589, 0.40133], [33.574875, 0.400686], [33.574232, 0.400753], [33.573168, 0.401135], [33.572746, 0.401174], [33.571828, 0.40101], [33.570435, 0.400533], [33.563859, 0.400195], [33.561275, 0.399344], [33.560037, 0.399136], [33.549041, 0.398775], [33.548283, 0.398829], [33.546382, 0.399324], [33.545514, 0.399411], [33.539421, 0.399163], [33.538756, 0.398966], [33.536509, 0.397734], [33.535744, 0.397456], [33.534542, 0.397279], [33.531627, 0.39716], [33.530032, 0.396977], [33.521656, 0.395045]]}, "properties": {"lot_id": "OPRC-EAS-02", "lot_name": "Eastern Region OPRC scope", "region": "Eastern", "status": "Scoped under OPRC", "contractor": "TBD \u2014 scoping (FY25-26 NDPIV master)", "lot_total_km": 667.1, "road_no": "C817", "link_id": "C817_Link01", "link_name": "Nankoma - Kaluba", "length_km": 23.866}}, {"type": "Feature", "geometry": {"type": "LineString", "coordinates": [[33.609794, 0.757957], [33.608586, 0.758261], [33.606415, 0.758589], [33.603961, 0.758791], [33.600235, 0.760306], [33.599307, 0.760546], [33.58407, 0.760742], [33.570699, 0.762703], [33.561952, 0.763217], [33.559958, 0.763839], [33.556357, 0.764707], [33.547018, 0.766104], [33.544202, 0.766383], [33.539744, 0.766173], [33.537482, 0.766423], [33.536225, 0.766775], [33.533243, 0.768096], [33.52935, 0.770324], [33.528425, 0.770714], [33.521855, 0.772466], [33.516734, 0.773537], [33.511697, 0.775823], [33.509306, 0.77626], [33.506153, 0.776654], [33.504832, 0.776341]]}, "properties": {"lot_id": "OPRC-EAS-02", "lot_name": "Eastern Region OPRC scope", "region": "Eastern", "status": "Scoped under OPRC", "contractor": "TBD \u2014 scoping (FY25-26 NDPIV master)", "lot_total_km": 667.1, "road_no": "C818", "link_id": "C818_Link01", "link_name": "Namalemba - Nambale - Nawandala", "length_km": 12.051}}, {"type": "Feature", "geometry": {"type": "LineString", "coordinates": [[33.504512, 0.777387], [33.503208, 0.777063], [33.499316, 0.777169], [33.495816, 0.776674], [33.491596, 0.77658], [33.489789, 0.776882], [33.486201, 0.777886], [33.483258, 0.778511], [33.482094, 0.779017], [33.480201, 0.780076], [33.478342, 0.781386], [33.475907, 0.7836], [33.474068, 0.78598], [33.472717, 0.787211], [33.471416, 0.78812], [33.467947, 0.790183], [33.464986, 0.791748], [33.460027, 0.793639], [33.458425, 0.79393], [33.456956, 0.794348], [33.455478, 0.79511], [33.45479, 0.795631], [33.453444, 0.79702], [33.452003, 0.798946], [33.450718, 0.800246], [33.442678, 0.807356], [33.440633, 0.808958], [33.439196, 0.809901], [33.437208, 0.810954], [33.433915, 0.81227], [33.431441, 0.813118], [33.430355, 0.813412], [33.425225, 0.81433], [33.422968, 0.814879], [33.422014, 0.81523], [33.41812, 0.817491], [33.410761, 0.820802], [33.406641, 0.822337], [33.404845, 0.823174], [33.401708, 0.8248], [33.398341, 0.826853], [33.39723, 0.827188], [33.394823, 0.827257], [33.392249, 0.8277], [33.392018, 0.828077], [33.391328, 0.830395], [33.390663, 0.831848], [33.389947, 0.832999]]}, "properties": {"lot_id": "OPRC-EAS-02", "lot_name": "Eastern Region OPRC scope", "region": "Eastern", "status": "Scoped under OPRC", "contractor": "TBD \u2014 scoping (FY25-26 NDPIV master)", "lot_total_km": 667.1, "road_no": "C819", "link_id": "C819_Link01", "link_name": "Nambale - Nawandala", "length_km": 14.874}}, {"type": "Feature", "geometry": {"type": "LineString", "coordinates": [[34.356958, 0.823546], [34.368249, 0.814272], [34.371547, 0.812652], [34.374128, 0.812108], [34.375393, 0.811442], [34.376828, 0.810386], [34.377173, 0.809831], [34.377544, 0.806], [34.378514, 0.799864], [34.378618, 0.798692], [34.378411, 0.795231], [34.378515, 0.794725], [34.378691, 0.794599]]}, "properties": {"lot_id": "OPRC-EAS-02", "lot_name": "Eastern Region OPRC scope", "region": "Eastern", "status": "Scoped under OPRC", "contractor": "TBD \u2014 scoping (FY25-26 NDPIV master)", "lot_total_km": 667.1, "road_no": "C866", "link_id": "C866_Link01", "link_name": "Munamba - Lwakhakha", "length_km": 4.518}}, {"type": "Feature", "geometry": {"type": "LineString", "coordinates": [[34.276177, 0.948958], [34.279789, 0.950184], [34.281343, 0.951287], [34.282271, 0.952275], [34.283857, 0.95565], [34.285672, 0.957136], [34.28934, 0.958427], [34.293309, 0.96066], [34.296297, 0.961341], [34.300529, 0.963516], [34.303321, 0.965521], [34.303965, 0.966218], [34.304708, 0.967342], [34.307458, 0.972229], [34.30877, 0.973964], [34.311121, 0.976461], [34.313279, 0.977405], [34.315368, 0.979706], [34.315881, 0.979974], [34.316565, 0.980629], [34.316675, 0.98085], [34.316701, 0.981764], [34.317259, 0.983442], [34.317488, 0.983763], [34.318297, 0.984388], [34.320342, 0.984892], [34.321985, 0.985941], [34.322656, 0.986599], [34.323719, 0.987984], [34.32465, 0.989798], [34.325917, 0.99038], [34.328322, 0.992142], [34.330413, 0.994814], [34.33156, 0.997347], [34.333857, 1.001745], [34.334332, 1.003505], [34.334471, 1.005826], [34.334025, 1.007648], [34.333633, 1.008152], [34.332993, 1.008533], [34.331087, 1.00901], [34.33103, 1.009395], [34.331512, 1.010239], [34.330504, 1.012913], [34.329818, 1.014291], [34.329202, 1.015067], [34.327946, 1.017123], [34.327627, 1.017505], [34.326607, 1.018224], [34.326399, 1.018558], [34.325896, 1.021307], [34.325535, 1.022177], [34.325679, 1.023442], [34.325592, 1.025847], [34.326179, 1.027284], [34.325829, 1.028295], [34.325617, 1.029443], [34.326351, 1.030476], [34.326539, 1.031065], [34.326627, 1.032192], [34.32736, 1.033183], [34.327519, 1.033571], [34.327442, 1.034077], [34.327072, 1.034808], [34.327139, 1.035155], [34.327341, 1.03527], [34.328104, 1.035306], [34.329514, 1.03617], [34.330801, 1.037549], [34.331053, 1.038191], [34.331711, 1.038848], [34.332197, 1.039726], [34.333677, 1.040804], [34.33408, 1.041254], [34.335022, 1.042631], [34.335334, 1.043387], [34.335445, 1.044155], [34.335675, 1.044741], [34.336479, 1.046253], [34.338205, 1.047641], [34.339899, 1.049276], [34.342131, 1.049782], [34.345293, 1.051019], [34.346426, 1.051633], [34.347975, 1.051297], [34.348624, 1.051373], [34.349676, 1.051889], [34.351068, 1.052791], [34.353809, 1.053854], [34.355192, 1.054622], [34.3581, 1.054045], [34.358988, 1.053613], [34.360183, 1.053305], [34.36099, 1.052891], [34.361668, 1.052281], [34.362109, 1.052089], [34.365803, 1.051395], [34.368264, 1.051243], [34.369986, 1.051352], [34.37054, 1.051151], [34.371626, 1.050009], [34.372084, 1.049079], [34.372205, 1.048352], [34.371941, 1.047239], [34.371405, 1.046422], [34.370638, 1.0456], [34.370149, 1.044129], [34.368282, 1.040069], [34.368417, 1.038573], [34.368931, 1.036569], [34.369231, 1.034226], [34.369211, 1.033542], [34.368749, 1.031705], [34.368609, 1.029467], [34.368739, 1.028642], [34.369927, 1.026569], [34.371127, 1.024813], [34.371836, 1.023422], [34.372576, 1.021164], [34.372707, 1.020259], [34.371723, 1.017794], [34.370341, 1.015066], [34.369401, 1.013508], [34.368389, 1.012127], [34.366269, 1.009555], [34.363231, 1.006268], [34.361432, 1.003452], [34.360362, 1.002373], [34.359479, 1.00185], [34.354125, 1.001085], [34.349526, 0.999798], [34.349271, 0.999806], [34.347807, 1.000168], [34.342853, 1.002547], [34.339561, 1.001954], [34.334592, 1.003594], [34.334344, 1.003606], [34.334332, 1.003505]]}, "properties": {"lot_id": "OPRC-EAS-02", "lot_name": "Eastern Region OPRC scope", "region": "Eastern", "status": "Scoped under OPRC", "contractor": "TBD \u2014 scoping (FY25-26 NDPIV master)", "lot_total_km": 667.1, "road_no": "C867", "link_id": "C867_Link02", "link_name": "Bubulo - Bududa Circle Road", "length_km": 28.482}}, {"type": "Feature", "geometry": {"type": "LineString", "coordinates": [[34.166844, 0.994666], [34.168639, 0.992557], [34.172329, 0.987773], [34.173095, 0.98731], [34.191914, 0.984332], [34.198417, 0.981462], [34.202595, 0.980633], [34.203234, 0.98067], [34.203396, 0.979963], [34.205421, 0.975269], [34.207741, 0.970419], [34.210423, 0.964429], [34.212521, 0.960598], [34.213177, 0.958594], [34.217932, 0.948751], [34.218761, 0.947675], [34.222294, 0.943918], [34.223065, 0.943363], [34.22364, 0.94325], [34.230517, 0.944447], [34.241449, 0.946844], [34.242145, 0.947082], [34.244546, 0.948315], [34.245363, 0.948527], [34.253323, 0.949259], [34.262283, 0.950527], [34.268973, 0.951015], [34.270917, 0.951024], [34.271457, 0.950789], [34.273775, 0.949237], [34.274989, 0.948838], [34.27563, 0.948825], [34.276177, 0.948958]]}, "properties": {"lot_id": "OPRC-EAS-02", "lot_name": "Eastern Region OPRC scope", "region": "Eastern", "status": "Scoped under OPRC", "contractor": "TBD \u2014 scoping (FY25-26 NDPIV master)", "lot_total_km": 667.1, "road_no": "C867", "link_id": "C867_Link01", "link_name": "Bumbobi - Bubulo", "length_km": 15.402}}, {"type": "Feature", "geometry": {"type": "LineString", "coordinates": [[34.356948, 0.823537], [34.366909, 0.83169], [34.370389, 0.83478], [34.371107, 0.836261], [34.371471, 0.837735], [34.372551, 0.845035], [34.371507, 0.848139], [34.370729, 0.851644], [34.369783, 0.861187], [34.369192, 0.862977], [34.368839, 0.863695], [34.366756, 0.866191], [34.366226, 0.866971], [34.366145, 0.868012], [34.366321, 0.869347], [34.366202, 0.870328], [34.365519, 0.873142], [34.364617, 0.875245], [34.364598, 0.875701], [34.364993, 0.877692], [34.365566, 0.878099], [34.365701, 0.878323], [34.365748, 0.878909], [34.365446, 0.879462], [34.365397, 0.880774], [34.36547, 0.881411], [34.365934, 0.882232], [34.365978, 0.882593], [34.365558, 0.883403], [34.364971, 0.883999], [34.364921, 0.884971], [34.364462, 0.886069], [34.364437, 0.886634], [34.362361, 0.887397], [34.36025, 0.887967], [34.358543, 0.889668], [34.3584, 0.890392], [34.358481, 0.890736], [34.359901, 0.891242], [34.360521, 0.891648], [34.361339, 0.892336], [34.36159, 0.892661], [34.361665, 0.892963], [34.361126, 0.89389], [34.359948, 0.895204], [34.35935, 0.895676], [34.35842, 0.896009], [34.358141, 0.89628], [34.355645, 0.901346], [34.35605, 0.903662], [34.356617, 0.905307], [34.357228, 0.905922], [34.35855, 0.906718], [34.359634, 0.907712], [34.359796, 0.908029], [34.359934, 0.909422], [34.360502, 0.910391], [34.360505, 0.910841], [34.359881, 0.91152], [34.359888, 0.912361], [34.359046, 0.913573], [34.358876, 0.91427], [34.359056, 0.914858], [34.35973, 0.915781], [34.36011, 0.916118], [34.360108, 0.917553], [34.359677, 0.918349], [34.359309, 0.919396], [34.358968, 0.919633], [34.358213, 0.919824], [34.357989, 0.920647], [34.35886, 0.921243], [34.359383, 0.921957], [34.358798, 0.923043], [34.358727, 0.924961], [34.358799, 0.925404], [34.359123, 0.92573], [34.359482, 0.925847], [34.360911, 0.925476], [34.361477, 0.925683], [34.361783, 0.925937], [34.361998, 0.926407], [34.362062, 0.92742], [34.362041, 0.927897], [34.361816, 0.928462], [34.361574, 0.928597], [34.361154, 0.92861], [34.359429, 0.928425], [34.35863, 0.928606], [34.357345, 0.928254], [34.356734, 0.927873], [34.355979, 0.928011], [34.355954, 0.928357], [34.355844, 0.928458], [34.355092, 0.928523], [34.354804, 0.928305], [34.354684, 0.927683], [34.354553, 0.927536], [34.353759, 0.927535], [34.352897, 0.927267], [34.352265, 0.927362], [34.350129, 0.92652], [34.348781, 0.926765], [34.347684, 0.925725], [34.34722, 0.926257], [34.346454, 0.926159], [34.345744, 0.92635], [34.342649, 0.927906], [34.342051, 0.927988], [34.341512, 0.927907], [34.339436, 0.927058], [34.338832, 0.926975], [34.338522, 0.926797], [34.337126, 0.925738], [34.335437, 0.924174], [34.328526, 0.920938], [34.327896, 0.920541], [34.327249, 0.919673], [34.327051, 0.919564], [34.323905, 0.920819], [34.310475, 0.923188], [34.308678, 0.923704], [34.308139, 0.923994], [34.307864, 0.92465], [34.307258, 0.925089], [34.303458, 0.926872], [34.3015, 0.927524], [34.299415, 0.9289], [34.293971, 0.931823], [34.28511, 0.93516]]}, "properties": {"lot_id": "OPRC-EAS-02", "lot_name": "Eastern Region OPRC scope", "region": "Eastern", "status": "Scoped under OPRC", "contractor": "TBD \u2014 scoping (FY25-26 NDPIV master)", "lot_total_km": 667.1, "road_no": "C870", "link_id": "C870_Link03", "link_name": "Munamba - Magale - Nangya", "length_km": 23.947}}, {"type": "Feature", "geometry": {"type": "LineString", "coordinates": [[34.283709, 0.835694], [34.284075, 0.83389], [34.284302, 0.833366], [34.286639, 0.83066], [34.298294, 0.817584], [34.299258, 0.816677], [34.300785, 0.815656], [34.301941, 0.814446], [34.302482, 0.814186], [34.303273, 0.814227], [34.305727, 0.814719], [34.307732, 0.816004], [34.308466, 0.816167], [34.309046, 0.816057], [34.310326, 0.815441], [34.312234, 0.814731], [34.313997, 0.81421], [34.315406, 0.814021], [34.316969, 0.814124], [34.321988, 0.815072], [34.322607, 0.815097], [34.32473, 0.814413], [34.329178, 0.814289], [34.330823, 0.813586], [34.333889, 0.811577], [34.334711, 0.811315], [34.335752, 0.811253], [34.337884, 0.811879], [34.343954, 0.81427], [34.351703, 0.818892], [34.356948, 0.823537]]}, "properties": {"lot_id": "OPRC-EAS-02", "lot_name": "Eastern Region OPRC scope", "region": "Eastern", "status": "Scoped under OPRC", "contractor": "TBD \u2014 scoping (FY25-26 NDPIV master)", "lot_total_km": 667.1, "road_no": "C870", "link_id": "C870_Link02", "link_name": "Busumbu - Munamba", "length_km": 9.898}}, {"type": "Feature", "geometry": {"type": "LineString", "coordinates": [[34.275005, 0.948837], [34.276677, 0.948208], [34.27764, 0.94747], [34.278967, 0.944904], [34.279882, 0.942693], [34.2803, 0.94141], [34.280226, 0.940358], [34.280345, 0.939848], [34.280662, 0.93939], [34.281632, 0.938526], [34.283121, 0.936934], [34.28511, 0.93516], [34.281211, 0.926217], [34.280651, 0.92469], [34.280613, 0.92445], [34.280846, 0.923683], [34.281582, 0.922235], [34.281647, 0.921431], [34.281451, 0.920972], [34.280907, 0.920302], [34.277669, 0.917048], [34.272276, 0.910087], [34.268814, 0.902529], [34.267421, 0.89806], [34.266857, 0.896627], [34.25702, 0.881318], [34.256517, 0.880327], [34.255957, 0.878298], [34.253116, 0.865555], [34.259087, 0.859671], [34.263576, 0.855463], [34.277133, 0.841607], [34.278167, 0.840786], [34.278681, 0.840604], [34.28165, 0.840128], [34.282225, 0.839816], [34.282722, 0.839353], [34.283296, 0.838329], [34.283709, 0.835694], [34.282964, 0.834888]]}, "properties": {"lot_id": "OPRC-EAS-02", "lot_name": "Eastern Region OPRC scope", "region": "Eastern", "status": "Scoped under OPRC", "contractor": "TBD \u2014 scoping (FY25-26 NDPIV master)", "lot_total_km": 667.1, "road_no": "C870", "link_id": "C870_Link01", "link_name": "Bubulo - Busumbu", "length_km": 15.69}}, {"type": "Feature", "geometry": {"type": "LineString", "coordinates": [[34.45086, 1.397021], [34.451156, 1.396424], [34.451182, 1.3959], [34.450921, 1.394598], [34.45091, 1.392011], [34.450802, 1.391541], [34.450163, 1.390637], [34.449587, 1.388783], [34.448949, 1.388024], [34.447996, 1.3875], [34.44689, 1.386578], [34.445999, 1.384453], [34.444175, 1.384036], [34.443194, 1.382582], [34.442376, 1.382013], [34.440632, 1.380504], [34.440398, 1.379862], [34.440361, 1.378442], [34.439498, 1.37752], [34.439237, 1.37695], [34.439563, 1.375869], [34.439658, 1.374752], [34.440361, 1.374254], [34.443, 1.374307], [34.444564, 1.373872], [34.44832, 1.374367], [34.449165, 1.373562], [34.450027, 1.373335], [34.450674, 1.373497], [34.451905, 1.373388], [34.452642, 1.373071], [34.453154, 1.372691], [34.454492, 1.371415], [34.454761, 1.37061], [34.454779, 1.369741], [34.455237, 1.368837], [34.45511, 1.367914], [34.453968, 1.366992], [34.454148, 1.36654], [34.454579, 1.366142], [34.455181, 1.36587], [34.455864, 1.36606], [34.456314, 1.366476], [34.456736, 1.366222], [34.457912, 1.364304], [34.458217, 1.363227], [34.458243, 1.361916], [34.458575, 1.361482], [34.459167, 1.360215], [34.462095, 1.357708], [34.464189, 1.356694], [34.466004, 1.356313], [34.466273, 1.355128], [34.466245, 1.354621], [34.466468, 1.353432], [34.466819, 1.352595], [34.46752, 1.35198], [34.468867, 1.351074], [34.470466, 1.349464], [34.472936, 1.347328], [34.473376, 1.346812], [34.473986, 1.344985], [34.475, 1.34341], [34.475295, 1.341366], [34.475178, 1.341104], [34.474412, 1.340772], [34.47434, 1.340529], [34.474695, 1.339669], [34.475475, 1.338405], [34.476392, 1.338197], [34.477449, 1.338368], [34.479568, 1.338018], [34.481252, 1.337459], [34.482266, 1.33684]]}, "properties": {"lot_id": "OPRC-EAS-02", "lot_name": "Eastern Region OPRC scope", "region": "Eastern", "status": "Scoped under OPRC", "contractor": "TBD \u2014 scoping (FY25-26 NDPIV master)", "lot_total_km": 667.1, "road_no": "C888", "link_id": "C888_Link01", "link_name": "Kapenguria - Kwot", "length_km": 10.629}}, {"type": "Feature", "geometry": {"type": "LineString", "coordinates": [[34.720098, 1.448191], [34.719082, 1.447997], [34.719019, 1.447897], [34.720294, 1.446088], [34.721147, 1.445101], [34.722117, 1.444404], [34.724137, 1.443554], [34.728323, 1.440628], [34.73055, 1.43946], [34.734601, 1.43688], [34.736496, 1.435838], [34.740546, 1.432336], [34.742755, 1.430652], [34.745511, 1.427928], [34.749202, 1.424534], [34.752434, 1.421629], [34.753521, 1.420787], [34.754679, 1.420108], [34.755659, 1.419908], [34.757842, 1.419997], [34.761131, 1.420492], [34.762704, 1.420545], [34.763108, 1.420273], [34.764135, 1.419042], [34.764992, 1.418274], [34.765441, 1.416934], [34.766133, 1.416156], [34.765727, 1.414221], [34.765787, 1.413729], [34.766454, 1.413037], [34.768304, 1.412067], [34.769435, 1.410149], [34.769586, 1.408539], [34.769703, 1.408241], [34.771975, 1.406575], [34.772558, 1.405689], [34.772117, 1.40455], [34.771981, 1.403537], [34.771956, 1.402118], [34.772474, 1.40133], [34.771871, 1.400272], [34.772058, 1.398536], [34.771674, 1.397247], [34.771679, 1.395878], [34.771544, 1.395163], [34.771139, 1.394431], [34.770671, 1.393934], [34.76882, 1.393294], [34.767229, 1.392128], [34.766743, 1.391487], [34.766518, 1.390809], [34.766508, 1.389651], [34.766849, 1.388557], [34.767362, 1.388212], [34.767921, 1.388081], [34.768905, 1.387307], [34.768006, 1.385743], [34.766533, 1.385347], [34.765741, 1.384669], [34.766647, 1.38352], [34.766809, 1.383031], [34.766646, 1.382435], [34.765765, 1.381423], [34.765648, 1.381124], [34.765675, 1.380781], [34.765854, 1.38031], [34.767057, 1.378338], [34.767497, 1.378139], [34.768054, 1.378156], [34.769123, 1.37745], [34.769545, 1.376982], [34.768699, 1.375687], [34.768663, 1.375497], [34.768878, 1.375027], [34.767188, 1.373599], [34.76714, 1.373329], [34.769083, 1.372902], [34.769757, 1.372313], [34.770016, 1.371782], [34.770106, 1.371273], [34.770376, 1.370862], [34.771173, 1.370907], [34.771975, 1.370802], [34.772028, 1.369771], [34.77227, 1.369201], [34.772432, 1.369101], [34.774147, 1.369281], [34.775292, 1.369194], [34.77555, 1.369346], [34.776027, 1.370238], [34.776629, 1.370681], [34.777756, 1.370864], [34.780079, 1.370949], [34.780798, 1.370903], [34.781714, 1.370559], [34.782586, 1.370441], [34.782927, 1.370468], [34.783296, 1.370884], [34.783679, 1.369909], [34.785956, 1.369352], [34.787905, 1.369949], [34.789963, 1.371123], [34.791311, 1.371474], [34.792718, 1.371512], [34.793548, 1.371473], [34.793934, 1.371282], [34.795066, 1.37007], [34.795398, 1.369364], [34.795414, 1.36742], [34.794603, 1.3645], [34.794324, 1.363089], [34.793873, 1.36253], [34.79287, 1.362014], [34.792723, 1.361807], [34.79257, 1.360902], [34.792569, 1.360007], [34.792641, 1.359067], [34.792856, 1.358343], [34.792586, 1.357638], [34.79236, 1.356336], [34.791748, 1.354266], [34.792025, 1.352339], [34.791997, 1.351724], [34.791799, 1.351209], [34.791278, 1.350468], [34.791178, 1.349898], [34.791474, 1.348496], [34.792326, 1.346778], [34.79235, 1.342202], [34.793313, 1.34119], [34.794346, 1.340386], [34.794442, 1.340066], [34.79337, 1.336947], [34.793216, 1.335347], [34.792423, 1.332219], [34.791973, 1.330953], [34.791378, 1.327526], [34.790595, 1.325836], [34.789497, 1.323847], [34.789228, 1.323648], [34.787835, 1.32345], [34.787412, 1.323161], [34.786261, 1.321435], [34.786072, 1.320875], [34.785001, 1.31904], [34.784542, 1.317819], [34.783373, 1.316626], [34.782842, 1.315044], [34.781727, 1.313517], [34.780639, 1.312496], [34.779498, 1.311764], [34.778841, 1.310978], [34.778149, 1.310535], [34.777232, 1.309396], [34.776045, 1.308592], [34.774526, 1.307789], [34.773601, 1.307618], [34.770185, 1.306028], [34.76926, 1.305785], [34.767292, 1.305524], [34.766573, 1.305561], [34.764139, 1.306015], [34.762944, 1.306558], [34.762153, 1.30655], [34.758425, 1.307692], [34.75547, 1.30811], [34.754958, 1.308011], [34.752666, 1.307063], [34.751812, 1.306412], [34.75129, 1.306159], [34.749251, 1.306034], [34.748685, 1.306134], [34.748065, 1.305908], [34.747327, 1.30448], [34.746436, 1.302048], [34.746246, 1.299977], [34.746425, 1.299109], [34.746325, 1.298133], [34.745749, 1.296777], [34.745416, 1.295113], [34.744337, 1.294236], [34.742809, 1.293623], [34.742279, 1.292872], [34.741882, 1.291806], [34.741163, 1.290486], [34.740533, 1.289898], [34.739263, 1.289326]]}, "properties": {"lot_id": "OPRC-EAS-02", "lot_name": "Eastern Region OPRC scope", "region": "Eastern", "status": "Scoped under OPRC", "contractor": "TBD \u2014 scoping (FY25-26 NDPIV master)", "lot_total_km": 667.1, "road_no": "C889", "link_id": "C889_Link02", "link_name": "Girik - Bukwa", "length_km": 29.559}}, {"type": "Feature", "geometry": {"type": "LineString", "coordinates": [[34.532088, 1.572894], [34.546508, 1.575334], [34.549302, 1.575406], [34.551073, 1.575231], [34.552427, 1.574961], [34.557254, 1.573164], [34.589318, 1.560307], [34.602445, 1.556281], [34.603747, 1.55553], [34.648473, 1.521591], [34.664963, 1.510012], [34.66787, 1.504276], [34.669278, 1.500477], [34.671827, 1.496369], [34.672894, 1.493872], [34.673451, 1.49294], [34.676252, 1.489954], [34.676602, 1.489737], [34.677689, 1.489437], [34.678588, 1.489518], [34.682597, 1.491396], [34.684619, 1.491304], [34.684987, 1.491177], [34.685454, 1.490797], [34.69271, 1.480625], [34.694296, 1.478175], [34.702959, 1.465882], [34.705139, 1.462576], [34.708702, 1.457898], [34.71205, 1.453139], [34.713011, 1.452215], [34.717517, 1.449069], [34.719019, 1.447897]]}, "properties": {"lot_id": "OPRC-EAS-02", "lot_name": "Eastern Region OPRC scope", "region": "Eastern", "status": "Scoped under OPRC", "contractor": "TBD \u2014 scoping (FY25-26 NDPIV master)", "lot_total_km": 667.1, "road_no": "C889", "link_id": "C889_Link01", "link_name": "Chepsikunya - Girik", "length_km": 26.246}}, {"type": "Feature", "geometry": {"type": "LineString", "coordinates": [[33.552103, 1.091324], [33.553297, 1.09242], [33.554538, 1.093306], [33.558098, 1.095359], [33.561208, 1.096878], [33.566493, 1.099863], [33.571689, 1.102268], [33.574583, 1.104023], [33.578233, 1.106008], [33.58493, 1.11124], [33.586871, 1.113393], [33.591258, 1.117499], [33.59537, 1.120515], [33.597908, 1.121922]]}, "properties": {"lot_id": "OPRC-EAS-02", "lot_name": "Eastern Region OPRC scope", "region": "Eastern", "status": "Scoped under OPRC", "contractor": "TBD \u2014 scoping (FY25-26 NDPIV master)", "lot_total_km": 667.1, "road_no": "C892", "link_id": "C892_Link02", "link_name": "Namwiwa - Saaka", "length_km": 5.85}}, {"type": "Feature", "geometry": {"type": "LineString", "coordinates": [[33.452394, 0.999748], [33.454129, 1.002147], [33.455135, 1.003785], [33.461581, 1.015798], [33.463029, 1.018105], [33.465034, 1.02204], [33.46872, 1.031077], [33.469395, 1.03419], [33.470968, 1.039437], [33.471499, 1.042196], [33.472155, 1.044168], [33.473144, 1.04595], [33.474322, 1.04737], [33.47558, 1.048619], [33.476237, 1.049876], [33.47657, 1.05155], [33.476804, 1.053685], [33.477272, 1.061031], [33.477641, 1.062017], [33.479439, 1.065626], [33.479808, 1.066639], [33.480105, 1.074266], [33.480384, 1.076491], [33.480745, 1.082164], [33.480961, 1.08372], [33.483245, 1.09083], [33.483649, 1.09178], [33.48427, 1.092631], [33.489052, 1.095869], [33.49396, 1.099405], [33.496756, 1.101666], [33.498641, 1.103607], [33.498976, 1.103711], [33.499785, 1.103548], [33.50054, 1.103593], [33.50312, 1.104569], [33.507497, 1.105844], [33.508602, 1.105871], [33.511658, 1.105554], [33.513986, 1.105472], [33.516179, 1.10568], [33.518193, 1.106639], [33.521447, 1.108502], [33.525285, 1.111912], [33.525861, 1.112373], [33.526427, 1.112626], [33.527227, 1.1124], [33.530274, 1.110744], [33.53199, 1.110047], [33.535028, 1.10849], [33.536286, 1.107477], [33.53838, 1.105133], [33.538937, 1.104645], [33.541579, 1.103504], [33.542523, 1.102925], [33.544563, 1.100247], [33.54565, 1.098084], [33.546133, 1.097398], [33.548532, 1.095689], [33.55212, 1.091343]]}, "properties": {"lot_id": "OPRC-EAS-02", "lot_name": "Eastern Region OPRC scope", "region": "Eastern", "status": "Scoped under OPRC", "contractor": "TBD \u2014 scoping (FY25-26 NDPIV master)", "lot_total_km": 667.1, "road_no": "C892", "link_id": "C892_Link01", "link_name": "Bulumba - Namwiwa", "length_km": 19.822}}, {"type": "Feature", "geometry": {"type": "LineString", "coordinates": [[34.077925, 3.010066], [34.078172, 3.010385], [34.078853, 3.013096], [34.079254, 3.013982], [34.081242, 3.015748], [34.08479, 3.020367], [34.088027, 3.023142], [34.088557, 3.023907], [34.088867, 3.025118], [34.088767, 3.027405], [34.088879, 3.028014], [34.092306, 3.036025], [34.093229, 3.038746], [34.093397, 3.039554], [34.093407, 3.043303], [34.092123, 3.049093], [34.091949, 3.051724], [34.092063, 3.052632], [34.092627, 3.054069], [34.093404, 3.055296], [34.0949, 3.057297], [34.101202, 3.064636], [34.102168, 3.066621], [34.102835, 3.06859], [34.103575, 3.071401], [34.104585, 3.076161], [34.104635, 3.076636], [34.10436, 3.078369], [34.104425, 3.079142], [34.107995, 3.091599], [34.108983, 3.09621], [34.109428, 3.101107], [34.109682, 3.106798], [34.109988, 3.108498], [34.111067, 3.110737], [34.114043, 3.115902], [34.115346, 3.118805], [34.116911, 3.1228], [34.121453, 3.132211], [34.122186, 3.133507], [34.123487, 3.136629], [34.124, 3.138208], [34.124768, 3.142744], [34.125184, 3.150318], [34.124221, 3.159834], [34.124142, 3.161717], [34.124629, 3.164122], [34.124729, 3.165414], [34.124596, 3.166012], [34.123916, 3.167534], [34.123621, 3.169448], [34.123525, 3.171238], [34.122872, 3.173427], [34.122366, 3.176214], [34.122115, 3.183135], [34.12143, 3.189119], [34.121534, 3.190454], [34.121938, 3.192298], [34.122659, 3.198861], [34.124938, 3.206554], [34.125826, 3.210401], [34.12693, 3.222736], [34.126994, 3.228117], [34.126275, 3.235383], [34.125177, 3.239057], [34.124887, 3.240683], [34.123743, 3.255036], [34.123356, 3.25712], [34.121646, 3.263436], [34.12149, 3.26567], [34.121834, 3.271421], [34.122557, 3.275116], [34.123225, 3.276996], [34.124971, 3.279567], [34.126341, 3.28226], [34.127391, 3.286676], [34.127495, 3.288102], [34.127464, 3.292153], [34.127734, 3.295268], [34.128126, 3.296864], [34.128823, 3.298812], [34.128967, 3.299579], [34.128302, 3.304035], [34.128413, 3.306224], [34.128897, 3.309501], [34.128671, 3.310602], [34.128351, 3.311316], [34.127814, 3.312109], [34.127541, 3.312895], [34.126195, 3.318397], [34.122801, 3.32535], [34.12217, 3.326392], [34.121454, 3.327281], [34.119198, 3.329022], [34.118923, 3.32934], [34.11876, 3.32983], [34.118859, 3.332065], [34.118991, 3.332557], [34.119341, 3.333148], [34.120649, 3.334245], [34.121381, 3.335542], [34.12156, 3.336484], [34.121402, 3.337116], [34.120045, 3.340391], [34.117293, 3.344951], [34.117148, 3.34551], [34.117191, 3.346097], [34.121675, 3.358387], [34.123604, 3.366136], [34.123923, 3.36658], [34.124497, 3.366968], [34.125817, 3.367183], [34.126386, 3.367393], [34.126844, 3.367789], [34.127171, 3.368341], [34.135507, 3.39439], [34.139202, 3.400384], [34.141884, 3.406657], [34.144292, 3.4098], [34.146407, 3.414216], [34.146436, 3.415248], [34.145925, 3.418776], [34.142831, 3.425129], [34.142524, 3.426211], [34.142695, 3.427427], [34.144583, 3.435433], [34.145035, 3.439129], [34.145585, 3.439766], [34.148412, 3.44112], [34.149172, 3.441652], [34.157552, 3.452422], [34.158339, 3.453799], [34.162551, 3.463392], [34.163343, 3.464371], [34.166191, 3.466764], [34.166687, 3.467348], [34.166914, 3.4679], [34.16698, 3.46848], [34.166744, 3.472813], [34.168054, 3.476164], [34.168041, 3.476821], [34.167609, 3.478748], [34.167725, 3.479583], [34.171902, 3.488942], [34.172373, 3.489605], [34.174679, 3.491998], [34.175193, 3.492675], [34.175376, 3.493325], [34.175438, 3.494984], [34.175314, 3.495453], [34.175049, 3.495845], [34.174697, 3.496126], [34.174278, 3.496275], [34.173483, 3.496237], [34.170284, 3.495481], [34.16964, 3.495507], [34.1689, 3.495853], [34.166824, 3.497284], [34.166431, 3.497793], [34.16538, 3.499824], [34.164617, 3.500996], [34.162937, 3.502485], [34.162098, 3.502956], [34.159099, 3.503298], [34.157368, 3.503226], [34.156456, 3.503613], [34.153979, 3.504976], [34.153206, 3.50521], [34.144967, 3.504753], [34.144192, 3.504874], [34.143515, 3.5052], [34.137569, 3.509192], [34.134656, 3.512238], [34.132687, 3.514114], [34.131342, 3.516274], [34.130092, 3.517488], [34.129579, 3.518135], [34.128414, 3.521735], [34.127127, 3.523834], [34.125614, 3.526675], [34.125202, 3.52705], [34.123893, 3.527268], [34.123229, 3.527814], [34.122865, 3.528857], [34.122769, 3.529483], [34.12293, 3.532566], [34.122304, 3.535108], [34.122188, 3.536898], [34.121897, 3.537985], [34.121636, 3.53849], [34.12083, 3.539298], [34.120304, 3.540056], [34.118493, 3.543678], [34.118101, 3.544613], [34.117606, 3.546559], [34.117035, 3.547853], [34.11613, 3.54904], [34.114142, 3.550835], [34.113483, 3.551881], [34.112768, 3.553771], [34.112779, 3.554229], [34.113092, 3.555221], [34.112975, 3.556256], [34.112659, 3.55687], [34.111807, 3.557588], [34.111434, 3.558706], [34.111548, 3.559434], [34.112056, 3.560249], [34.112705, 3.560763], [34.114437, 3.561772], [34.11476, 3.562137], [34.114923, 3.562602], [34.115143, 3.564572], [34.115319, 3.565167], [34.117339, 3.568982], [34.119629, 3.573779], [34.119332, 3.574439], [34.118834, 3.574722], [34.116096, 3.574996], [34.113124, 3.575442], [34.11264, 3.575621], [34.112517, 3.576148], [34.113244, 3.578101], [34.113871, 3.581545], [34.11391, 3.58267], [34.113603, 3.58352], [34.112973, 3.584252], [34.111817, 3.584837], [34.110957, 3.585079], [34.110123, 3.584983], [34.10941, 3.585103], [34.107593, 3.586011], [34.107365, 3.588058], [34.107422, 3.589068], [34.107066, 3.592192], [34.106152, 3.593919], [34.105418, 3.595956], [34.104639, 3.597284], [34.104104, 3.597927], [34.10349, 3.5984], [34.101887, 3.599152], [34.101036, 3.599941], [34.097582, 3.601576], [34.096797, 3.602244], [34.096487, 3.603728], [34.097077, 3.605794], [34.097116, 3.606553], [34.096985, 3.607537], [34.096535, 3.608931], [34.095912, 3.610187], [34.095316, 3.610811], [34.094394, 3.611374], [34.093115, 3.611723], [34.092758, 3.611986], [34.092463, 3.612504], [34.091846, 3.614232], [34.091756, 3.615036], [34.091836, 3.616611], [34.092862, 3.620216], [34.092672, 3.621353], [34.092034, 3.62341], [34.091494, 3.624672], [34.090597, 3.626124], [34.088436, 3.628276], [34.087874, 3.629815], [34.086115, 3.635707], [34.084865, 3.638397], [34.082547, 3.64274], [34.081829, 3.643702], [34.079159, 3.645546], [34.078721, 3.64573], [34.078428, 3.645707], [34.077817, 3.645279], [34.076566, 3.643869], [34.074682, 3.642659], [34.074273, 3.642573], [34.072892, 3.642733], [34.072117, 3.642529], [34.062439, 3.637236], [34.059261, 3.635706], [34.058346, 3.635372], [34.053788, 3.634228], [34.049241, 3.633806], [34.047361, 3.63419], [34.046252, 3.634825], [34.043458, 3.637044], [34.042746, 3.638865], [34.041396, 3.641307], [34.040771, 3.642072], [34.038457, 3.64421], [34.037848, 3.644931], [34.036166, 3.646396], [34.034328, 3.646776], [34.033376, 3.647173], [34.031245, 3.648468], [34.029118, 3.649534], [34.027878, 3.650449], [34.026694, 3.651482], [34.025302, 3.653108], [34.021705, 3.657784], [34.021287, 3.658148], [34.010147, 3.662029], [33.996828, 3.667349], [33.996054, 3.66742], [33.994586, 3.666825], [33.993908, 3.666805], [33.99327, 3.667645], [33.993155, 3.668077], [33.993174, 3.669364], [33.993077, 3.669574], [33.992675, 3.669887], [33.99073, 3.670833], [33.98177, 3.674625], [33.971878, 3.674594], [33.966496, 3.674388], [33.964519, 3.674598], [33.962202, 3.675325], [33.961527, 3.675701], [33.956486, 3.679628], [33.951392, 3.68471], [33.950519, 3.685394], [33.949805, 3.685653]]}, "properties": {"lot_id": "OPRC-NOR-03", "lot_name": "North Eastern Region OPRC scope", "region": "North Eastern", "status": "Scoped under OPRC", "contractor": "TBD \u2014 scoping (FY25-26 NDPIV master)", "lot_total_km": 311.6, "road_no": "B301", "link_id": "B301_Link03", "link_name": "Kotido - Apaan - Kabong", "length_km": 98.98}}, {"type": "Feature", "geometry": {"type": "LineString", "coordinates": [[34.549744, 2.498947], [34.548293, 2.501875], [34.547599, 2.502845], [34.543011, 2.50593], [34.539115, 2.508718], [34.534438, 2.513422], [34.533558, 2.514131], [34.53258, 2.514585], [34.530428, 2.515087], [34.52754, 2.516742], [34.524992, 2.518518], [34.523798, 2.518984], [34.512015, 2.518423], [34.510772, 2.518649], [34.508449, 2.519585], [34.50726, 2.520303], [34.501703, 2.525236], [34.498105, 2.527652], [34.497602, 2.528184], [34.496706, 2.52954], [34.49596, 2.530349], [34.49401, 2.531634], [34.492444, 2.533131], [34.490984, 2.53386], [34.488181, 2.534266], [34.481881, 2.534517], [34.480688, 2.534366], [34.480027, 2.534049], [34.479001, 2.533208], [34.470896, 2.526142], [34.467804, 2.524653], [34.46384, 2.522315], [34.461172, 2.521669], [34.459664, 2.520847], [34.458996, 2.520608], [34.457484, 2.520422], [34.452531, 2.520382], [34.451273, 2.520097], [34.4474, 2.518432], [34.446699, 2.518303], [34.445814, 2.518318], [34.441259, 2.518886], [34.43784, 2.519708], [34.437016, 2.519787], [34.435345, 2.51972], [34.434383, 2.519894], [34.4298, 2.52199], [34.419168, 2.525412], [34.41811, 2.52595], [34.416892, 2.526801], [34.415325, 2.528999], [34.414579, 2.529715], [34.412543, 2.53088], [34.41, 2.531811], [34.407227, 2.533826], [34.406324, 2.534359], [34.397909, 2.538051], [34.393612, 2.539461], [34.391001, 2.54081], [34.387882, 2.541963], [34.383074, 2.544105], [34.381726, 2.544418], [34.378174, 2.544905], [34.375028, 2.544528], [34.373517, 2.544673], [34.372299, 2.545087], [34.371483, 2.545496], [34.36955, 2.547091], [34.368641, 2.547603], [34.36766, 2.547889], [34.364482, 2.548254], [34.361913, 2.548827], [34.361152, 2.549106], [34.360108, 2.549833], [34.359388, 2.550725], [34.356752, 2.556934], [34.354274, 2.560295], [34.341083, 2.572684], [34.333964, 2.579015], [34.329298, 2.58293], [34.328358, 2.584034], [34.327477, 2.585319], [34.327021, 2.586403], [34.3266, 2.589922], [34.325353, 2.593816], [34.324878, 2.598711], [34.32452, 2.599662], [34.323933, 2.600477], [34.32176, 2.602404], [34.320158, 2.603256], [34.317542, 2.604047], [34.311211, 2.605256], [34.30555, 2.606954], [34.304514, 2.607506], [34.303825, 2.608246], [34.303415, 2.609091], [34.303295, 2.60999], [34.303744, 2.612686], [34.303737, 2.616859], [34.302678, 2.621321], [34.302647, 2.622364], [34.302855, 2.625513], [34.30188, 2.629034], [34.301743, 2.630712], [34.302098, 2.633693], [34.303393, 2.637563], [34.304208, 2.640766], [34.30443, 2.642373], [34.304662, 2.646421], [34.305618, 2.649936], [34.306263, 2.652728], [34.306333, 2.653538], [34.306079, 2.65491], [34.305428, 2.655978], [34.302835, 2.65932], [34.300561, 2.661466], [34.300017, 2.662129], [34.29954, 2.663147], [34.299163, 2.664763], [34.299278, 2.666147], [34.30019, 2.668529], [34.300626, 2.669991], [34.30091, 2.672099], [34.300858, 2.675034], [34.301602, 2.677914], [34.302038, 2.680545], [34.302027, 2.681396], [34.301808, 2.682323], [34.299359, 2.687467], [34.299107, 2.688293], [34.29903, 2.689072], [34.299247, 2.690614], [34.299663, 2.691976], [34.301259, 2.694492], [34.301669, 2.695483], [34.301818, 2.696779], [34.301323, 2.699344], [34.300762, 2.700684], [34.300249, 2.701486], [34.298323, 2.703615], [34.296733, 2.706195], [34.294088, 2.71385], [34.292757, 2.718508], [34.290483, 2.723989], [34.289684, 2.725318], [34.28681, 2.728801], [34.286389, 2.729652], [34.285429, 2.732458], [34.284675, 2.734265], [34.284176, 2.734999], [34.282788, 2.736474], [34.28202, 2.737755], [34.279993, 2.743247], [34.278847, 2.748395], [34.277653, 2.751753], [34.276952, 2.755937], [34.276126, 2.757617], [34.274148, 2.760377], [34.273519, 2.761478], [34.272558, 2.76413], [34.271346, 2.768492], [34.269761, 2.772506], [34.269234, 2.773456], [34.26859, 2.774227], [34.265783, 2.776538], [34.264692, 2.77767], [34.262756, 2.78093], [34.261951, 2.782701], [34.261001, 2.785792], [34.260132, 2.791507], [34.258513, 2.799872], [34.258106, 2.806118], [34.257567, 2.809681], [34.25766, 2.810771], [34.258315, 2.813583], [34.258429, 2.814523], [34.257915, 2.819806], [34.257499, 2.820806], [34.255732, 2.823099], [34.254373, 2.825381], [34.252176, 2.827917], [34.251631, 2.828718], [34.251094, 2.830148], [34.250407, 2.833773], [34.249629, 2.835638], [34.248708, 2.837169], [34.247307, 2.83903], [34.246629, 2.839778], [34.245769, 2.840467], [34.24464, 2.84107], [34.242096, 2.841817], [34.241085, 2.842285], [34.236426, 2.845806], [34.234312, 2.847307], [34.232602, 2.848335], [34.230023, 2.849486], [34.225844, 2.850903], [34.224532, 2.851584], [34.222595, 2.853319], [34.219229, 2.856739], [34.218834, 2.857427], [34.218556, 2.85914], [34.218195, 2.859709], [34.217344, 2.860208], [34.213315, 2.861821], [34.212183, 2.862885], [34.211691, 2.863971], [34.211672, 2.864828], [34.211967, 2.865794], [34.220192, 2.8849], [34.220587, 2.886057], [34.22091, 2.887702], [34.221375, 2.893283], [34.22083, 2.899305], [34.222049, 2.9038], [34.222198, 2.904701], [34.222101, 2.905692], [34.221256, 2.907854], [34.221156, 2.908661], [34.221418, 2.909446], [34.224033, 2.913353], [34.22453, 2.914396], [34.224362, 2.915312], [34.223545, 2.916557], [34.223297, 2.91719], [34.222213, 2.921167], [34.222081, 2.921993], [34.222526, 2.924931], [34.224142, 2.928037], [34.224282, 2.928777], [34.224231, 2.929514], [34.223575, 2.930862], [34.222792, 2.931736], [34.222401, 2.932387], [34.222108, 2.934634], [34.221487, 2.937288], [34.218689, 2.94309], [34.218521, 2.943836], [34.218431, 2.945383], [34.218697, 2.945899], [34.220707, 2.948213], [34.223603, 2.951069], [34.22477, 2.951923], [34.226764, 2.952976], [34.2272, 2.9535], [34.227659, 2.955476], [34.227724, 2.956914], [34.227524, 2.959969], [34.22711, 2.961924], [34.226556, 2.9634], [34.223689, 2.968197], [34.222835, 2.971052], [34.222639, 2.971324], [34.222222, 2.971511], [34.218507, 2.971032], [34.216071, 2.970301], [34.215363, 2.96992], [34.212912, 2.967869], [34.212269, 2.967463], [34.209461, 2.966889], [34.205855, 2.965186], [34.205123, 2.96503], [34.200245, 2.965926], [34.192379, 2.971202], [34.191775, 2.971359], [34.19056, 2.971231]]}, "properties": {"lot_id": "OPRC-NOR-03", "lot_name": "North Eastern Region OPRC scope", "region": "North Eastern", "status": "Scoped under OPRC", "contractor": "TBD \u2014 scoping (FY25-26 NDPIV master)", "lot_total_km": 311.6, "road_no": "B301", "link_id": "B301_Link01", "link_name": "Ariamoi - Kaladonapal - Kaperimoru", "length_km": 83.373}}, {"type": "Feature", "geometry": {"type": "LineString", "coordinates": [[34.19056, 2.971231], [34.186994, 2.970885], [34.180858, 2.970987], [34.174307, 2.969471], [34.173514, 2.969544], [34.166775, 2.971087], [34.165726, 2.971012], [34.161388, 2.969843], [34.152763, 2.967219], [34.147072, 2.965153], [34.141552, 2.962517], [34.138456, 2.960063], [34.136414, 2.958617], [34.133825, 2.956072], [34.133219, 2.955792], [34.132553, 2.955652], [34.131402, 2.955833], [34.129733, 2.956494], [34.129055, 2.956987], [34.122238, 2.964033], [34.120502, 2.965554], [34.117386, 2.970011], [34.113432, 2.973855], [34.111351, 2.97781], [34.111204, 2.978639], [34.111324, 2.980356], [34.112572, 2.984723], [34.112805, 2.987698], [34.116025, 2.995858], [34.116953, 2.999217], [34.116913, 3.0002], [34.115934, 3.003814], [34.115516, 3.004638], [34.114451, 3.006211], [34.114189, 3.006405], [34.113342, 3.006568], [34.112748, 3.006433], [34.106907, 3.002805], [34.103625, 2.999988], [34.102727, 2.999454], [34.090858, 2.995366], [34.08979, 2.995192], [34.08673, 2.996457], [34.086279, 2.996779], [34.085583, 2.997574], [34.084356, 2.999314], [34.082028, 3.005142], [34.080629, 3.007695], [34.079924, 3.008596], [34.077925, 3.010066]]}, "properties": {"lot_id": "OPRC-NOR-03", "lot_name": "North Eastern Region OPRC scope", "region": "North Eastern", "status": "Scoped under OPRC", "contractor": "TBD \u2014 scoping (FY25-26 NDPIV master)", "lot_total_km": 311.6, "road_no": "B301", "link_id": "B301_Link02", "link_name": "Kapelimoru - Kotido", "length_km": 19.038}}, {"type": "Feature", "geometry": {"type": "LineString", "coordinates": [[34.195953, 2.092171], [34.208097, 2.094007], [34.214372, 2.095284], [34.221033, 2.096817], [34.22213, 2.0972], [34.222963, 2.09777], [34.22489, 2.098532], [34.225891, 2.099213], [34.226351, 2.099776], [34.226831, 2.101722], [34.227157, 2.10454], [34.227777, 2.106388], [34.229038, 2.109053], [34.229156, 2.109885], [34.229016, 2.110467], [34.227957, 2.112092], [34.227531, 2.113125], [34.226377, 2.117853], [34.225624, 2.119742], [34.225512, 2.121558], [34.225571, 2.122305], [34.229421, 2.133733], [34.230369, 2.137098], [34.232339, 2.15378], [34.232566, 2.155028], [34.234934, 2.162446], [34.235698, 2.163572], [34.237663, 2.165514], [34.238324, 2.167007], [34.238402, 2.168332], [34.238298, 2.172496], [34.238625, 2.177344], [34.241018, 2.186924], [34.242417, 2.195665], [34.244147, 2.20487], [34.244566, 2.205904], [34.245073, 2.206655], [34.260171, 2.22532], [34.269333, 2.242358], [34.275399, 2.249023], [34.289359, 2.267279], [34.292281, 2.271312], [34.301855, 2.281087], [34.308103, 2.288063], [34.317748, 2.297729], [34.32123, 2.30073], [34.326992, 2.305212], [34.336753, 2.312219], [34.341089, 2.315846], [34.345228, 2.318178], [34.346631, 2.319343], [34.349066, 2.321728], [34.352027, 2.325099], [34.357433, 2.332394], [34.361061, 2.336955], [34.364025, 2.340061], [34.368313, 2.343341], [34.375227, 2.351127], [34.375968, 2.352304], [34.376278, 2.353268], [34.380589, 2.368067], [34.381392, 2.372285], [34.381912, 2.373589], [34.39313, 2.387933], [34.402538, 2.398939], [34.406757, 2.404067], [34.4092, 2.406811], [34.414798, 2.413593], [34.417257, 2.416767], [34.422598, 2.422992], [34.423756, 2.424196], [34.425591, 2.425525], [34.426561, 2.425988], [34.427468, 2.426102], [34.465388, 2.421316], [34.466363, 2.421324], [34.467621, 2.421872], [34.469207, 2.422927], [34.469748, 2.423457], [34.476466, 2.431111], [34.477237, 2.433068], [34.47777, 2.435859], [34.478913, 2.439106], [34.478962, 2.441305], [34.478748, 2.442507], [34.472592, 2.452632], [34.472412, 2.453211], [34.47248, 2.454152], [34.473348, 2.455756], [34.474416, 2.457215], [34.477446, 2.459758], [34.486831, 2.468859], [34.495143, 2.476241], [34.496787, 2.477528], [34.498995, 2.479045], [34.501866, 2.48071], [34.513128, 2.485941], [34.517283, 2.487547], [34.520641, 2.488644], [34.525214, 2.48951], [34.528193, 2.490286], [34.531388, 2.490721], [34.536566, 2.492317], [34.540059, 2.493077], [34.542785, 2.493875], [34.544404, 2.494803], [34.546541, 2.496614], [34.548949, 2.498436], [34.551101, 2.499689], [34.55449, 2.501059], [34.562447, 2.50358], [34.564987, 2.504269]]}, "properties": {"lot_id": "OPRC-NOR-03", "lot_name": "North Eastern Region OPRC scope", "region": "North Eastern", "status": "Scoped under OPRC", "contractor": "TBD \u2014 scoping (FY25-26 NDPIV master)", "lot_total_km": 311.6, "road_no": "B303", "link_id": "B303_Link03", "link_name": "Iriri - Akisim (Lorengechora) - Ariamoi - Nadunget", "length_km": 68.814}}, {"type": "Feature", "geometry": {"type": "LineString", "coordinates": [[33.616678, 1.715354], [33.616706, 1.718212], [33.616618, 1.718848], [33.61645, 1.719119], [33.615793, 1.71932], [33.612418, 1.719269], [33.611866, 1.719942], [33.613841, 1.725847], [33.614166, 1.727388], [33.617835, 1.760244], [33.618128, 1.761285], [33.618674, 1.762515], [33.628701, 1.77989]]}, "properties": {"lot_id": "OPRC-NOR-03", "lot_name": "North Eastern Region OPRC scope", "region": "North Eastern", "status": "Scoped under OPRC", "contractor": "TBD \u2014 scoping (FY25-26 NDPIV master)", "lot_total_km": 311.6, "road_no": "B303", "link_id": "B303_Link01", "link_name": "Soroti - Arapai", "length_km": 7.999}}, {"type": "Feature", "geometry": {"type": "LineString", "coordinates": [[33.628701, 1.77989], [33.646356, 1.811137], [33.65021, 1.817563], [33.65265, 1.822054], [33.654661, 1.824581], [33.659104, 1.830787], [33.662955, 1.835545], [33.668513, 1.841308], [33.671332, 1.843711], [33.671495, 1.844333], [33.671198, 1.847681], [33.671409, 1.848247], [33.672255, 1.849498], [33.673182, 1.850569], [33.674107, 1.851369], [33.680442, 1.855647], [33.68892, 1.860989], [33.692992, 1.86342], [33.693665, 1.863722], [33.695035, 1.863923], [33.701818, 1.864423], [33.708589, 1.865222], [33.724988, 1.866202], [33.731679, 1.866808], [33.737602, 1.866865], [33.740503, 1.866753], [33.744761, 1.867017], [33.747561, 1.866848], [33.750491, 1.86701], [33.753509, 1.866967], [33.757301, 1.866738], [33.760007, 1.866375], [33.764351, 1.86604], [33.766741, 1.865576], [33.76816, 1.865444], [33.772475, 1.865937], [33.776517, 1.866153], [33.781139, 1.865578], [33.795457, 1.862974], [33.808282, 1.863381], [33.816539, 1.863358], [33.838484, 1.85663], [33.839301, 1.856429], [33.839951, 1.856434], [33.846414, 1.858361], [33.86884, 1.86571], [33.891514, 1.872968], [33.910212, 1.879743], [33.925892, 1.88581], [33.927868, 1.887085], [33.930613, 1.889507], [33.941808, 1.900312], [33.953469, 1.91126], [33.96049, 1.918039], [33.960951, 1.918356], [33.961578, 1.918572], [33.962814, 1.918716], [33.967568, 1.918254], [33.97179, 1.918343], [33.977461, 1.918781], [33.991377, 1.920277], [33.992994, 1.920306], [33.997815, 1.920054], [34.000483, 1.919686], [34.007812, 1.918057], [34.031068, 1.912143], [34.033078, 1.911895], [34.03475, 1.911852], [34.036409, 1.91195], [34.037302, 1.912291], [34.084667, 1.944704], [34.09529, 1.951736], [34.096323, 1.95267], [34.096762, 1.953352], [34.096971, 1.954064], [34.097018, 1.95602], [34.096865, 1.95701], [34.088073, 1.982556], [34.085189, 1.9914], [34.085112, 1.991817], [34.085235, 1.992137], [34.094454, 2.001456], [34.108539, 2.015426], [34.195338, 2.091786], [34.195953, 2.092171]]}, "properties": {"lot_id": "OPRC-NOR-03", "lot_name": "North Eastern Region OPRC scope", "region": "North Eastern", "status": "Scoped under OPRC", "contractor": "TBD \u2014 scoping (FY25-26 NDPIV master)", "lot_total_km": 311.6, "road_no": "B303", "link_id": "B303_Link02", "link_name": "Arapai - Katakwi - Iriri", "length_km": 81.862}}, {"type": "Feature", "geometry": {"type": "LineString", "coordinates": [[34.581859, 1.843322], [34.582025, 1.845992], [34.582545, 1.849753], [34.583485, 1.853052], [34.584262, 1.855148], [34.584365, 1.858439], [34.584663, 1.861019], [34.584569, 1.861334], [34.584187, 1.861797], [34.584125, 1.862092], [34.584241, 1.867033], [34.583485, 1.86858], [34.582736, 1.869566], [34.58027, 1.871617], [34.576293, 1.875559], [34.571553, 1.879159], [34.570597, 1.88095], [34.569327, 1.884032], [34.567229, 1.887399], [34.565654, 1.892671], [34.563462, 1.899258], [34.563255, 1.900315], [34.562912, 1.904471], [34.563164, 1.909725], [34.562519, 1.916286], [34.562777, 1.91696], [34.562881, 1.917796], [34.562731, 1.918397], [34.561912, 1.919611], [34.562175, 1.921991], [34.561835, 1.923627], [34.561835, 1.925339], [34.561604, 1.926396], [34.560777, 1.928475], [34.560226, 1.931213], [34.558493, 1.942264], [34.558325, 1.946324], [34.558382, 1.950044], [34.558991, 1.956067], [34.559325, 1.9577], [34.55968, 1.960839], [34.559616, 1.96294], [34.558827, 1.971117], [34.559008, 1.97393], [34.559308, 1.976433], [34.560883, 1.985336], [34.562766, 1.993346], [34.563611, 1.99634], [34.564119, 2.000546], [34.565082, 2.006829], [34.565559, 2.008779], [34.566137, 2.010012], [34.566664, 2.010751], [34.571453, 2.015519], [34.572269, 2.01652], [34.572912, 2.017976], [34.573276, 2.019598], [34.573339, 2.021662], [34.57288, 2.023835], [34.569276, 2.032376], [34.568809, 2.033851], [34.568423, 2.035603], [34.568437, 2.03601], [34.570088, 2.040796], [34.571305, 2.044766], [34.572274, 2.047075], [34.572362, 2.048366], [34.571952, 2.049241], [34.572154, 2.049882], [34.574445, 2.054851], [34.57573, 2.057042], [34.576958, 2.058819], [34.578236, 2.062398], [34.580565, 2.064938], [34.587606, 2.070575], [34.591023, 2.073674], [34.591738, 2.07413], [34.593157, 2.074618], [34.594918, 2.075033], [34.602378, 2.075828], [34.603094, 2.075967], [34.603908, 2.076309], [34.605086, 2.076994], [34.611275, 2.081826], [34.612367, 2.082749], [34.615058, 2.08551], [34.617329, 2.087569], [34.618331, 2.088123], [34.621128, 2.089093], [34.622694, 2.08949], [34.623402, 2.089462], [34.633858, 2.085455], [34.637516, 2.084607], [34.63888, 2.084003], [34.640439, 2.083023], [34.641921, 2.081366], [34.642658, 2.080986], [34.643354, 2.080915], [34.647824, 2.081551], [34.648944, 2.081384], [34.649597, 2.081022], [34.650038, 2.080584], [34.652112, 2.077559], [34.652823, 2.077067], [34.654342, 2.076348], [34.654873, 2.076268], [34.656013, 2.076364], [34.656979, 2.076685], [34.658454, 2.077325], [34.660563, 2.078502], [34.661401, 2.079487], [34.662184, 2.080701], [34.664883, 2.085915], [34.666245, 2.087954], [34.66708, 2.088881], [34.667561, 2.089223], [34.669316, 2.089823], [34.669735, 2.090266], [34.670329, 2.091534], [34.672213, 2.096357], [34.672548, 2.0969], [34.673387, 2.09778], [34.674318, 2.098455], [34.675574, 2.099023], [34.676795, 2.100161], [34.677472, 2.100577], [34.681859, 2.100721], [34.682514, 2.10088], [34.68442, 2.101651], [34.684765, 2.101866], [34.685415, 2.102558], [34.68634, 2.10404], [34.686939, 2.105889], [34.687473, 2.111241], [34.688306, 2.115032], [34.689775, 2.117523], [34.690553, 2.120838], [34.692048, 2.123205], [34.692476, 2.124577], [34.692621, 2.127397], [34.69211, 2.129274], [34.691936, 2.131846], [34.692514, 2.135435], [34.692105, 2.136425], [34.691876, 2.13741], [34.691907, 2.138388], [34.691742, 2.139053], [34.691791, 2.139468], [34.691588, 2.140822], [34.691522, 2.142613], [34.692036, 2.146533], [34.692378, 2.147752], [34.693009, 2.149194]]}, "properties": {"lot_id": "OPRC-NOR-03", "lot_name": "North Eastern Region OPRC scope", "region": "North Eastern", "status": "Scoped under OPRC", "contractor": "TBD \u2014 scoping (FY25-26 NDPIV master)", "lot_total_km": 311.6, "road_no": "C960", "link_id": "C960_Link01", "link_name": "Angatun - Nabilatuk - Lokapel", "length_km": 46.817}}, {"type": "Feature", "geometry": {"type": "LineString", "coordinates": [[34.728015, 1.898142], [34.729928, 1.897648], [34.734561, 1.895798], [34.739503, 1.894823], [34.740278, 1.894289], [34.742321, 1.892215], [34.744502, 1.8917], [34.745272, 1.891398], [34.749796, 1.888652], [34.751604, 1.887849], [34.752907, 1.887538], [34.753622, 1.887487], [34.755869, 1.887747], [34.756403, 1.88794], [34.757059, 1.888704], [34.75762, 1.890086], [34.758033, 1.900671], [34.758172, 1.901758], [34.758456, 1.902472], [34.759213, 1.903492], [34.76159, 1.905627], [34.763009, 1.908542], [34.765731, 1.912252], [34.766708, 1.913926], [34.76833, 1.915828], [34.771231, 1.918569], [34.773935, 1.920097], [34.774596, 1.920691], [34.775337, 1.92191], [34.777426, 1.926733], [34.778469, 1.928169], [34.780576, 1.930368], [34.782715, 1.933704], [34.783573, 1.9348], [34.78438, 1.93553], [34.785257, 1.935857], [34.792162, 1.935805], [34.794376, 1.936332], [34.795615, 1.936759], [34.796876, 1.937498], [34.799663, 1.93997], [34.800356, 1.940852], [34.80187, 1.943398], [34.802842, 1.94438], [34.804413, 1.945232], [34.808458, 1.946439], [34.80964, 1.946638], [34.816633, 1.947122], [34.818742, 1.94664], [34.821358, 1.945688], [34.824954, 1.945421], [34.825913, 1.944774], [34.827467, 1.943056], [34.82819, 1.942429], [34.831212, 1.940705], [34.832834, 1.938274], [34.833246, 1.93795], [34.833622, 1.937829], [34.840408, 1.939092], [34.843982, 1.939424], [34.848128, 1.940375], [34.84996, 1.940645], [34.851319, 1.940467], [34.85389, 1.939587], [34.861251, 1.937536], [34.862743, 1.937488], [34.868003, 1.937956], [34.869883, 1.938283], [34.873819, 1.939725], [34.878235, 1.94231], [34.879819, 1.943555], [34.885273, 1.94845], [34.898739, 1.957512], [34.89953, 1.957891], [34.900393, 1.958105], [34.902785, 1.958145], [34.904688, 1.957926], [34.905908, 1.957056], [34.906402, 1.956369], [34.908031, 1.952893], [34.914579, 1.945589], [34.919039, 1.941268], [34.919934, 1.940835], [34.921008, 1.940749], [34.923098, 1.94103], [34.927738, 1.942], [34.929528, 1.942577], [34.930902, 1.943164], [34.933268, 1.945008], [34.936455, 1.947882], [34.941532, 1.952208], [34.944743, 1.954206]]}, "properties": {"lot_id": "OPRC-NOR-03", "lot_name": "North Eastern Region OPRC scope", "region": "North Eastern", "status": "Scoped under OPRC", "contractor": "TBD \u2014 scoping (FY25-26 NDPIV master)", "lot_total_km": 311.6, "road_no": "C961", "link_id": "C961_Link01", "link_name": "Chosan To Amudat", "length_km": 30.731}}, {"type": "Feature", "geometry": {"type": "LineString", "coordinates": [[34.944553, 1.955026], [34.945811, 1.950868], [34.946112, 1.949564], [34.946059, 1.948928], [34.946193, 1.948268], [34.94665, 1.947399], [34.94699, 1.946359], [34.947138, 1.941657], [34.948757, 1.935498], [34.949215, 1.934674], [34.949663, 1.934131], [34.952788, 1.931361], [34.953641, 1.930853], [34.955473, 1.930255], [34.955949, 1.929856], [34.960039, 1.92279], [34.963053, 1.918374], [34.963707, 1.916384], [34.9642, 1.915316], [34.965286, 1.914339], [34.965924, 1.913515], [34.96674, 1.912067], [34.96769, 1.90996], [34.968399, 1.909045], [34.968658, 1.908376], [34.968394, 1.905302], [34.968653, 1.903909], [34.968445, 1.902689], [34.968021, 1.901216], [34.960907, 1.895952], [34.953103, 1.89229], [34.952851, 1.891965], [34.95276, 1.891423], [34.952882, 1.887905], [34.953061, 1.887326], [34.95447, 1.885372], [34.956454, 1.8831], [34.960734, 1.877588], [34.962304, 1.875769], [34.963256, 1.875117], [34.969139, 1.872063], [34.970934, 1.870425], [34.972039, 1.869691], [34.975522, 1.866676], [34.98528, 1.857931], [34.986259, 1.857505], [34.987041, 1.857468], [34.988245, 1.85791], [34.990267, 1.857871], [34.991121, 1.858132], [34.992739, 1.858917], [34.994546, 1.859051], [34.995876, 1.858859], [34.996791, 1.85828], [34.997339, 1.857691], [34.998864, 1.855257], [35.00038, 1.853275], [35.001223, 1.851719], [35.001353, 1.847542], [35.001881, 1.845778], [35.001979, 1.844802], [35.00179, 1.843961], [35.001231, 1.842614], [35.00052, 1.841539], [34.999287, 1.840139], [34.998684, 1.839254], [34.997846, 1.837067], [34.998222, 1.835312], [34.999028, 1.833611], [34.999198, 1.832897], [34.999471, 1.828014], [34.999173, 1.826721], [34.998705, 1.825863], [34.998103, 1.825448], [34.997195, 1.825114], [34.994813, 1.824719], [34.990948, 1.823367], [34.989923, 1.823341], [34.988369, 1.823569], [34.987065, 1.822974], [34.986382, 1.822432], [34.985437, 1.82114], [34.983818, 1.819776], [34.980214, 1.818695], [34.977588, 1.817288], [34.974539, 1.814217], [34.973396, 1.813278], [34.972884, 1.813007], [34.972003, 1.812881], [34.969964, 1.81301], [34.96832, 1.813645], [34.967583, 1.814089], [34.966946, 1.815021], [34.965941, 1.815646], [34.96507, 1.816524], [34.964423, 1.816968], [34.961441, 1.818056], [34.960606, 1.818138], [34.959356, 1.817968], [34.958773, 1.818167], [34.958135, 1.818593], [34.956906, 1.820104], [34.956268, 1.820684], [34.954724, 1.821535], [34.953052, 1.821826], [34.951463, 1.822443], [34.949639, 1.822535], [34.948111, 1.822899], [34.947887, 1.822908], [34.947752, 1.822782], [34.948074, 1.821524], [34.948208, 1.820475], [34.948683, 1.819417], [34.948861, 1.818513], [34.949184, 1.817807], [34.949938, 1.816766], [34.95044, 1.815527], [34.950519, 1.813872], [34.951082, 1.811331], [34.95089, 1.808212], [34.951641, 1.804386], [34.951746, 1.80199], [34.952391, 1.799991], [34.952659, 1.798273], [34.953645, 1.796391], [34.953689, 1.79536], [34.954236, 1.7945], [34.954307, 1.793723], [34.954026, 1.791435], [34.953332, 1.789266], [34.952854, 1.787223], [34.953203, 1.785695], [34.952923, 1.784728], [34.953021, 1.783688], [34.952829, 1.781183], [34.952433, 1.780044], [34.952522, 1.779239], [34.952449, 1.778317], [34.95216, 1.77707], [34.952644, 1.775315], [34.952661, 1.774646], [34.952489, 1.773778], [34.951814, 1.772124], [34.951696, 1.77141], [34.952053, 1.769321], [34.952007, 1.768498], [34.951638, 1.767323], [34.951448, 1.765949], [34.950512, 1.764449], [34.949061, 1.760942], [34.948232, 1.758457], [34.948033, 1.757643], [34.947969, 1.756287], [34.947201, 1.7524], [34.947063, 1.749298], [34.947161, 1.747906], [34.946367, 1.745284], [34.945987, 1.74222], [34.945995, 1.741252], [34.945714, 1.739589], [34.945874, 1.737798], [34.945566, 1.734959], [34.945686, 1.729525], [34.945541, 1.727979], [34.945773, 1.726143], [34.945859, 1.722969], [34.94528, 1.718946], [34.945343, 1.718575], [34.945827, 1.717698], [34.945845, 1.717354], [34.945745, 1.716477], [34.945196, 1.715284], [34.944961, 1.714055], [34.943944, 1.712745], [34.943665, 1.711976], [34.94379, 1.71109], [34.944813, 1.71033], [34.946286, 1.709831], [34.947651, 1.708419], [34.947928, 1.707442], [34.947334, 1.706547], [34.94701, 1.70549], [34.946973, 1.70492], [34.947224, 1.704025], [34.946954, 1.703392], [34.946117, 1.702317], [34.945497, 1.701902], [34.943284, 1.699969], [34.942834, 1.699201], [34.942276, 1.698641], [34.941493, 1.696969], [34.941087, 1.696512], [34.940746, 1.695586], [34.940305, 1.695089], [34.94017, 1.694565], [34.940116, 1.694167], [34.94032, 1.69235], [34.941854, 1.689418], [34.942419, 1.687872], [34.942426, 1.686597], [34.942874, 1.684905], [34.94272, 1.683414], [34.943123, 1.682527], [34.94349, 1.680646], [34.943129, 1.679182], [34.943164, 1.678485], [34.942965, 1.677428], [34.94308, 1.675185], [34.942108, 1.67392], [34.941963, 1.672347], [34.940547, 1.66676], [34.940267, 1.66535], [34.940194, 1.664121], [34.939833, 1.66234], [34.939436, 1.6613], [34.939101, 1.658425], [34.938586, 1.655749], [34.938926, 1.654384], [34.938988, 1.652738], [34.938573, 1.651183], [34.937735, 1.649321], [34.937564, 1.648263], [34.936097, 1.646113], [34.93527, 1.645643], [34.93474, 1.645517], [34.933715, 1.64503], [34.932169, 1.644778], [34.929212, 1.643678], [34.928763, 1.643688], [34.927721, 1.643978], [34.927092, 1.643924], [34.926345, 1.643364], [34.925644, 1.642524], [34.924996, 1.642109], [34.923109, 1.642255], [34.920935, 1.642077], [34.920072, 1.642331], [34.919569, 1.642286], [34.916791, 1.640914], [34.915363, 1.640843], [34.913547, 1.640194], [34.912279, 1.63949], [34.911686, 1.638722], [34.911397, 1.637728], [34.910974, 1.636941], [34.911037, 1.636525], [34.911395, 1.635774], [34.911709, 1.634391], [34.911771, 1.633884], [34.911645, 1.63327], [34.910988, 1.632366], [34.90937, 1.631572], [34.908569, 1.63028], [34.90764, 1.627116], [34.906362, 1.624115], [34.906262, 1.623184], [34.905676, 1.621548], [34.905835, 1.61803], [34.906085, 1.616203], [34.906488, 1.615299], [34.906703, 1.614313], [34.907367, 1.613733], [34.90733, 1.61263], [34.907671, 1.611889], [34.908533, 1.611101], [34.909467, 1.610919], [34.909754, 1.610693], [34.910041, 1.610078], [34.910471, 1.609516], [34.910481, 1.608893], [34.910259, 1.607876], [34.910143, 1.605496], [34.909776, 1.604472], [34.909784, 1.603938], [34.909604, 1.603477], [34.909639, 1.602953], [34.909486, 1.60242], [34.909386, 1.600693], [34.909448, 1.599888], [34.910211, 1.598666], [34.910451, 1.596894], [34.90998, 1.592599], [34.910366, 1.59155], [34.910329, 1.590827], [34.910023, 1.59033], [34.909743, 1.588829], [34.910254, 1.587563], [34.910433, 1.586803], [34.910891, 1.585925], [34.91142, 1.585256], [34.911715, 1.583547], [34.912451, 1.582298], [34.913042, 1.580769], [34.912697, 1.579275], [34.912883, 1.578644], [34.912976, 1.576556], [34.913289, 1.575416], [34.913357, 1.574732], [34.913188, 1.573246], [34.912826, 1.571866]]}, "properties": {"lot_id": "OPRC-NOR-03", "lot_name": "North Eastern Region OPRC scope", "region": "North Eastern", "status": "Scoped under OPRC", "contractor": "TBD \u2014 scoping (FY25-26 NDPIV master)", "lot_total_km": 311.6, "road_no": "C963", "link_id": "C963_Link03", "link_name": "Amudat - Alakasi - Kalita", "length_km": 56.73}}, {"type": "Feature", "geometry": {"type": "LineString", "coordinates": [[34.817099, 2.380975], [34.819858, 2.379726], [34.820716, 2.379441], [34.824052, 2.378787], [34.825293, 2.378686], [34.829356, 2.378807], [34.835495, 2.378066], [34.837779, 2.378172], [34.838175, 2.37837], [34.838562, 2.378994], [34.838438, 2.380016], [34.83851, 2.380269], [34.839347, 2.380828], [34.846866, 2.383929], [34.848647, 2.384541], [34.849196, 2.384866], [34.850789, 2.386329], [34.851968, 2.386942], [34.854729, 2.387996], [34.85722, 2.388689], [34.857693, 2.388904], [34.858129, 2.389294], [34.859181, 2.389717], [34.860451, 2.389932], [34.86381, 2.389033], [34.865355, 2.388371], [34.87026, 2.385389], [34.872793, 2.384029], [34.873987, 2.38316], [34.876404, 2.381863], [34.878775, 2.380413], [34.881784, 2.378827], [34.883438, 2.378318], [34.885154, 2.377954], [34.886251, 2.377889], [34.887869, 2.378059], [34.888517, 2.377985], [34.893809, 2.376025], [34.900225, 2.37466], [34.900944, 2.374189], [34.90187, 2.37317], [34.902954, 2.371654], [34.903394, 2.37131], [34.913362, 2.36865], [34.914837, 2.368056], [34.915814, 2.367336], [34.915731, 2.366912], [34.915958, 2.366087], [34.915484, 2.364304], [34.915429, 2.363689], [34.915573, 2.3633], [34.916528, 2.361957], [34.916675, 2.360938], [34.917123, 2.359563], [34.917184, 2.358343], [34.915715, 2.355894], [34.915462, 2.354556], [34.914939, 2.353535], [34.914074, 2.352243], [34.913199, 2.349523], [34.912316, 2.348276], [34.910741, 2.347221], [34.909372, 2.345107], [34.908758, 2.343227], [34.90806, 2.340383], [34.907026, 2.338663], [34.906873, 2.338021], [34.90698, 2.337686], [34.908003, 2.336039], [34.908675, 2.33451], [34.909652, 2.332737], [34.910586, 2.331326], [34.911806, 2.330166], [34.91477, 2.328606], [34.915058, 2.328326], [34.915533, 2.327294], [34.915863, 2.32554], [34.915869, 2.323785], [34.915156, 2.321309], [34.91502, 2.320468], [34.915, 2.31922], [34.914513, 2.317557], [34.914483, 2.315451], [34.914329, 2.314583], [34.913905, 2.313426], [34.912976, 2.31151], [34.912706, 2.311239], [34.911753, 2.310716], [34.911473, 2.310084], [34.911545, 2.309496], [34.912038, 2.308528], [34.912109, 2.307876], [34.911853, 2.304956], [34.910916, 2.303041], [34.91085, 2.301305], [34.910974, 2.299306], [34.911331, 2.297488], [34.911528, 2.297063], [34.912533, 2.295769], [34.912802, 2.295018], [34.912698, 2.291799], [34.912766, 2.288851], [34.913124, 2.287087], [34.913366, 2.286563], [34.914775, 2.285222], [34.915089, 2.284616], [34.914881, 2.283613], [34.913817, 2.281327], [34.913673, 2.280712], [34.914318, 2.27912], [34.916391, 2.276748], [34.916569, 2.275735], [34.916584, 2.27351], [34.915329, 2.268937], [34.913491, 2.265458], [34.911122, 2.262052], [34.91085, 2.260127], [34.910457, 2.25529], [34.910087, 2.253699], [34.909455, 2.251991], [34.909166, 2.25068], [34.907995, 2.248774], [34.90649, 2.245701], [34.905931, 2.244979], [34.903942, 2.242974], [34.903024, 2.241583], [34.901966, 2.236991], [34.898746, 2.228459], [34.8977, 2.225341], [34.896966, 2.221246], [34.895788, 2.21348], [34.896155, 2.212512], [34.896511, 2.209871], [34.899358, 2.200301], [34.902415, 2.194239], [34.903689, 2.192763], [34.904344, 2.191795], [34.907726, 2.186103], [34.908828, 2.183253], [34.908997, 2.182367], [34.908807, 2.181418], [34.908816, 2.180767], [34.909663, 2.175955], [34.915695, 2.162339], [34.915749, 2.161878], [34.915477, 2.16044], [34.916069, 2.159264], [34.916355, 2.158314], [34.916327, 2.156994], [34.916665, 2.154209], [34.916689, 2.152093], [34.917746, 2.149298], [34.917809, 2.148873], [34.917529, 2.148457], [34.917107, 2.148177], [34.915551, 2.147492], [34.910994, 2.147832], [34.910518, 2.147788], [34.906822, 2.14612], [34.906228, 2.145777], [34.905832, 2.145325], [34.904896, 2.143852], [34.904265, 2.142361], [34.900044, 2.130783], [34.89826, 2.127286], [34.897333, 2.126139], [34.89488, 2.119795], [34.888426, 2.111845], [34.887769, 2.110761], [34.887453, 2.109758], [34.887417, 2.109297], [34.887766, 2.108311], [34.888681, 2.106908], [34.889256, 2.106301], [34.892003, 2.104028], [34.894407, 2.10011], [34.895026, 2.099368], [34.895709, 2.098716], [34.898897, 2.09647], [34.899256, 2.096062], [34.901388, 2.091342], [34.901622, 2.090562], [34.902296, 2.083237], [34.905181, 2.075792], [34.905729, 2.075312], [34.906771, 2.075003], [34.908073, 2.074251], [34.912089, 2.072772], [34.912538, 2.072455], [34.913022, 2.071677], [34.913084, 2.070899], [34.912579, 2.068983], [34.912384, 2.065151], [34.912491, 2.06307], [34.912909, 2.059778], [34.912518, 2.048249], [34.913563, 2.042398], [34.913988, 2.037352], [34.913879, 2.036394], [34.913139, 2.03379], [34.913123, 2.027379], [34.913328, 2.025951], [34.914572, 2.021799], [34.915971, 2.019518], [34.919863, 2.011629], [34.920976, 2.010407], [34.921263, 2.009846], [34.92274, 2.005287], [34.923837, 1.997835], [34.924428, 1.996514], [34.925855, 1.994243], [34.926642, 1.991331], [34.927088, 1.987903], [34.929033, 1.983841], [34.92976, 1.982818], [34.930415, 1.982384], [34.934801, 1.982225], [34.936391, 1.981391], [34.936911, 1.980694], [34.937879, 1.978378], [34.939781, 1.975853], [34.940113, 1.975229], [34.940444, 1.974207], [34.940649, 1.972552], [34.942209, 1.96972], [34.94331, 1.965324], [34.943065, 1.963778], [34.942173, 1.961166], [34.942127, 1.960714], [34.943379, 1.958692], [34.943651, 1.957141], [34.944553, 1.955026]]}, "properties": {"lot_id": "OPRC-NOR-03", "lot_name": "North Eastern Region OPRC scope", "region": "North Eastern", "status": "Scoped under OPRC", "contractor": "TBD \u2014 scoping (FY25-26 NDPIV master)", "lot_total_km": 311.6, "road_no": "C963", "link_id": "C963_Link02", "link_name": "Lokitanyara - Loro - Amudat", "length_km": 62.855}}, {"type": "Feature", "geometry": {"type": "LineString", "coordinates": [[34.657696, 2.533004], [34.657356, 2.531199], [34.655727, 2.524671], [34.655065, 2.520428], [34.655273, 2.519928], [34.656747, 2.518025], [34.657003, 2.517281], [34.656722, 2.515319], [34.657609, 2.513012], [34.657721, 2.511167], [34.658039, 2.508799], [34.658015, 2.507838], [34.657854, 2.507124], [34.65808, 2.506434], [34.658104, 2.503689], [34.658466, 2.502305], [34.659842, 2.499664], [34.660801, 2.497505], [34.6615, 2.496819], [34.664129, 2.495168], [34.664552, 2.495004], [34.665092, 2.494976], [34.666408, 2.495339], [34.666961, 2.495058], [34.667172, 2.494804], [34.668123, 2.492527], [34.66916, 2.49072], [34.672004, 2.48778], [34.675272, 2.484125], [34.680324, 2.479835], [34.681392, 2.477378], [34.682074, 2.476536], [34.683437, 2.475205], [34.68488, 2.474045], [34.68567, 2.473236], [34.688512, 2.468695], [34.690008, 2.4671], [34.6906, 2.466242], [34.690709, 2.465698], [34.690621, 2.464702], [34.690021, 2.463255], [34.689801, 2.461474], [34.689924, 2.451117], [34.690276, 2.449527], [34.690671, 2.448663], [34.691609, 2.44751], [34.692345, 2.44692], [34.693257, 2.446521], [34.694251, 2.446191], [34.695205, 2.446025], [34.696182, 2.446106], [34.69917, 2.446785], [34.699873, 2.446832], [34.702577, 2.446743], [34.704206, 2.446361], [34.704993, 2.445988], [34.708487, 2.443739], [34.711184, 2.442642], [34.714432, 2.441977], [34.715389, 2.441658], [34.71756, 2.440237], [34.719419, 2.438809], [34.721011, 2.437108], [34.724892, 2.432104], [34.725616, 2.431015], [34.727865, 2.42674], [34.729677, 2.424142], [34.73062, 2.422984], [34.732841, 2.420654], [34.735397, 2.418302], [34.736922, 2.415985], [34.739778, 2.413658], [34.740743, 2.412649], [34.741206, 2.411766], [34.741545, 2.409957], [34.742583, 2.405868], [34.743246, 2.404755], [34.746632, 2.400938], [34.747008, 2.400672], [34.752346, 2.398802], [34.753281, 2.398421], [34.753721, 2.398113], [34.755144, 2.39661], [34.755538, 2.396031], [34.757031, 2.392285], [34.757763, 2.391568], [34.761236, 2.390417], [34.762226, 2.390208], [34.767312, 2.389684], [34.773912, 2.39069], [34.77616, 2.390868], [34.780619, 2.390735], [34.782008, 2.390575], [34.788133, 2.388677], [34.792231, 2.388025], [34.793372, 2.387364], [34.796533, 2.384837], [34.797557, 2.384338], [34.800712, 2.383737], [34.804847, 2.38384], [34.810744, 2.383263], [34.813719, 2.382463], [34.817099, 2.380975]]}, "properties": {"lot_id": "OPRC-NOR-03", "lot_name": "North Eastern Region OPRC scope", "region": "North Eastern", "status": "Scoped under OPRC", "contractor": "TBD \u2014 scoping (FY25-26 NDPIV master)", "lot_total_km": 311.6, "road_no": "C963", "link_id": "C963_Link01", "link_name": "Moroto - Lokitanyara", "length_km": 28.078}}, {"type": "Feature", "geometry": {"type": "LineString", "coordinates": [[31.494855, 2.460884], [31.494285, 2.461768], [31.491145, 2.465262], [31.485005, 2.46934], [31.479967, 2.472471], [31.479119, 2.473266], [31.477356, 2.475582], [31.476529, 2.476435], [31.473507, 2.47866], [31.47179, 2.480327], [31.468988, 2.482663], [31.465659, 2.484783], [31.462487, 2.487354], [31.461438, 2.489897], [31.45721, 2.494698], [31.453296, 2.501551], [31.44838, 2.508728], [31.44804, 2.509586], [31.447799, 2.51066], [31.446848, 2.517842], [31.446606, 2.518864], [31.444508, 2.523311], [31.44238, 2.527178], [31.440404, 2.530404], [31.43971, 2.531305], [31.428828, 2.543424], [31.421341, 2.552352], [31.408151, 2.5691], [31.403807, 2.575072], [31.401858, 2.578496], [31.399262, 2.582382], [31.39518, 2.587158], [31.389078, 2.595557], [31.388491, 2.59662], [31.386842, 2.600849], [31.385958, 2.602725], [31.384947, 2.604035], [31.382452, 2.606862], [31.382027, 2.607584], [31.381674, 2.609178], [31.381622, 2.610408], [31.382187, 2.612587], [31.382705, 2.615401], [31.382966, 2.621976], [31.384301, 2.628436], [31.384857, 2.629787], [31.386034, 2.631925], [31.386724, 2.633464], [31.389474, 2.640893], [31.391782, 2.645214], [31.392746, 2.647273], [31.395627, 2.657099], [31.397759, 2.661736], [31.398227, 2.663737], [31.398631, 2.670558], [31.398488, 2.674036], [31.397508, 2.68574], [31.397329, 2.689737], [31.396414, 2.694906], [31.396516, 2.702141], [31.396421, 2.703395], [31.394486, 2.710317], [31.392785, 2.714437], [31.392746, 2.715369], [31.392958, 2.716893], [31.392511, 2.718529], [31.392795, 2.719857], [31.392847, 2.720687], [31.392186, 2.725105], [31.391551, 2.727981], [31.390916, 2.729372], [31.388418, 2.733549], [31.387156, 2.736107], [31.385914, 2.737806], [31.383082, 2.740944], [31.381939, 2.74193], [31.379797, 2.743398], [31.376465, 2.745393], [31.371157, 2.747397], [31.366937, 2.748653], [31.364755, 2.749783], [31.361289, 2.751837], [31.358101, 2.753458], [31.355472, 2.755319], [31.349651, 2.76074], [31.349189, 2.76149], [31.348547, 2.76363], [31.348208, 2.766054], [31.348014, 2.768715], [31.347622, 2.770769], [31.346348, 2.774069], [31.344855, 2.779096], [31.344188, 2.780272], [31.342316, 2.783052], [31.336375, 2.793136], [31.334869, 2.795785], [31.33365, 2.798588], [31.332458, 2.800706], [31.331497, 2.801671], [31.3304, 2.802519], [31.317428, 2.810415], [31.313027, 2.813443], [31.307871, 2.816644], [31.306669, 2.817616], [31.304738, 2.819699], [31.300621, 2.824928], [31.298964, 2.827646], [31.297471, 2.830558], [31.294371, 2.833203], [31.293031, 2.834698], [31.29251, 2.835607], [31.291699, 2.837854], [31.291304, 2.83838], [31.28885, 2.840195], [31.283818, 2.843454], [31.27527, 2.848698], [31.270582, 2.851958], [31.269903, 2.852205], [31.266556, 2.852925], [31.263555, 2.85405], [31.262755, 2.854473], [31.25802, 2.857596], [31.255394, 2.858805], [31.251957, 2.861378], [31.2493, 2.862992], [31.246139, 2.865296], [31.243414, 2.866945], [31.240898, 2.868144], [31.238089, 2.869996], [31.23558, 2.872298], [31.232644, 2.875392]]}, "properties": {"lot_id": "OPRC-NOR-04", "lot_name": "Northern Region OPRC scope", "region": "Northern", "status": "Scoped under OPRC", "contractor": "TBD \u2014 scoping (FY25-26 NDPIV master)", "lot_total_km": 228.0, "road_no": "C743", "link_id": "C743_Link01", "link_name": "Pakwach - Inde", "length_km": 59.771}}, {"type": "Feature", "geometry": {"type": "LineString", "coordinates": [[31.232644, 2.875392], [31.229294, 2.878217], [31.228083, 2.878931], [31.226881, 2.879444], [31.215166, 2.88267], [31.203792, 2.885372], [31.201477, 2.886228], [31.199223, 2.887538], [31.197396, 2.888217], [31.193402, 2.888781], [31.186539, 2.889999], [31.184259, 2.889851], [31.178543, 2.889022], [31.176089, 2.888888], [31.174255, 2.889041], [31.167813, 2.890183], [31.160752, 2.891626], [31.15363, 2.893321], [31.15253, 2.893437], [31.148511, 2.893453], [31.144353, 2.893736], [31.136893, 2.895105], [31.132706, 2.896097], [31.128199, 2.896997], [31.125092, 2.897113], [31.119962, 2.896763], [31.115427, 2.896837], [31.113877, 2.897045], [31.111482, 2.897709], [31.110639, 2.897495], [31.106987, 2.897235], [31.104701, 2.896942], [31.100768, 2.896896], [31.098637, 2.89706], [31.096575, 2.897568], [31.09475, 2.898223], [31.092287, 2.899307], [31.088518, 2.900408], [31.085782, 2.900922], [31.082661, 2.901206], [31.081587, 2.901568], [31.08044, 2.902176], [31.079098, 2.902561], [31.073979, 2.90299], [31.072531, 2.903352], [31.070794, 2.903486], [31.069574, 2.904226], [31.06573, 2.907078], [31.06224, 2.908983], [31.061728, 2.909017], [31.060057, 2.908644], [31.055937, 2.908343], [31.055009, 2.908392], [31.049129, 2.911839], [31.046804, 2.912347], [31.040668, 2.913227], [31.031107, 2.916629], [31.03061, 2.916628], [31.026957, 2.915769], [31.023658, 2.915519], [31.018524, 2.914648], [31.017591, 2.914809], [31.015983, 2.915959], [31.014909, 2.916293], [31.012573, 2.916642], [31.010687, 2.916245], [31.009969, 2.916267], [31.00755, 2.917311], [31.005724, 2.918247], [31.004173, 2.919607], [31.001642, 2.921255], [30.995158, 2.924083], [30.994626, 2.924147], [30.992553, 2.923833], [30.99069, 2.92419], [30.985134, 2.924879], [30.983818, 2.925324], [30.982269, 2.926216], [30.981893, 2.926781], [30.981801, 2.927596], [30.982683, 2.93351], [30.98251, 2.934256], [30.981422, 2.936812], [30.981154, 2.939427], [30.980831, 2.940308], [30.980435, 2.940965], [30.976958, 2.945642], [30.976373, 2.945843], [30.97214, 2.945601], [30.96951, 2.945676], [30.963567, 2.946424], [30.963238, 2.946272]]}, "properties": {"lot_id": "OPRC-NOR-04", "lot_name": "Northern Region OPRC scope", "region": "Northern", "status": "Scoped under OPRC", "contractor": "TBD \u2014 scoping (FY25-26 NDPIV master)", "lot_total_km": 228.0, "road_no": "C743", "link_id": "C743_Link02", "link_name": "Inde - Ocoko", "length_km": 33.019}}, {"type": "Feature", "geometry": {"type": "LineString", "coordinates": [[31.311394, 2.233862], [31.309793, 2.233886], [31.308392, 2.23432], [31.302579, 2.237499], [31.300449, 2.238948], [31.294467, 2.242494], [31.293981, 2.242872], [31.293682, 2.243568], [31.293787, 2.244093], [31.294569, 2.245729], [31.294206, 2.24574], [31.293417, 2.24534], [31.293169, 2.245371], [31.292391, 2.246429], [31.291229, 2.246857], [31.290736, 2.246298], [31.290329, 2.246169], [31.290117, 2.246219], [31.289422, 2.24665], [31.289381, 2.247734], [31.288825, 2.248502], [31.288134, 2.247873], [31.287685, 2.247631], [31.287041, 2.247492], [31.286522, 2.247607], [31.28578, 2.247581], [31.284558, 2.246844], [31.283487, 2.247013], [31.281925, 2.246665], [31.280385, 2.246883], [31.279826, 2.247104], [31.278575, 2.248146], [31.277671, 2.248168], [31.275614, 2.246711], [31.273784, 2.24621], [31.271427, 2.245883], [31.270341, 2.245968], [31.26927, 2.246265], [31.267911, 2.245993], [31.26664, 2.246211], [31.265353, 2.246698], [31.264678, 2.247074], [31.263864, 2.247799], [31.263412, 2.247929], [31.262764, 2.247819], [31.262307, 2.247902], [31.261053, 2.248779], [31.260083, 2.248921], [31.259583, 2.249367], [31.258812, 2.250451], [31.257626, 2.251512], [31.254807, 2.252835], [31.253571, 2.252946], [31.253122, 2.252861], [31.251398, 2.252], [31.250606, 2.251733], [31.247926, 2.251241], [31.245845, 2.251073], [31.245242, 2.250901], [31.242125, 2.24934], [31.239559, 2.248205], [31.238563, 2.247543], [31.237149, 2.246809], [31.235147, 2.245939], [31.233317, 2.245452], [31.232151, 2.245411], [31.228608, 2.245637], [31.223263, 2.247171], [31.222766, 2.247255], [31.221388, 2.247129], [31.220138, 2.247246], [31.218944, 2.247688], [31.217363, 2.248567], [31.215995, 2.249559], [31.211041, 2.253836], [31.210548, 2.254845], [31.210276, 2.256167], [31.210202, 2.257132], [31.210302, 2.257424], [31.211111, 2.258205], [31.213372, 2.261503], [31.214425, 2.262683], [31.21511, 2.264087], [31.215337, 2.265474], [31.215484, 2.267893], [31.215446, 2.271727], [31.214732, 2.27776], [31.214294, 2.279837], [31.213917, 2.280294], [31.211016, 2.282555], [31.20963, 2.284266], [31.209278, 2.285321], [31.209164, 2.286071], [31.2092, 2.286748], [31.210246, 2.29104], [31.210088, 2.294369], [31.209897, 2.295761], [31.207666, 2.301383], [31.207364, 2.301809], [31.206571, 2.302442], [31.203283, 2.303793], [31.203018, 2.303706], [31.202984, 2.303487], [31.202862, 2.303411], [31.195024, 2.305669], [31.190438, 2.307288], [31.187063, 2.308926], [31.181349, 2.311175], [31.174472, 2.313094], [31.170146, 2.314548], [31.158637, 2.318012], [31.158042, 2.318046], [31.157456, 2.317584], [31.157075, 2.317433], [31.156191, 2.317424], [31.155752, 2.317699], [31.155076, 2.319211], [31.15471, 2.319704], [31.153831, 2.319883], [31.152757, 2.319463], [31.151691, 2.319302], [31.151236, 2.319503], [31.150929, 2.320159], [31.150795, 2.32021], [31.149163, 2.319854], [31.147974, 2.317871], [31.146907, 2.316932], [31.146244, 2.316115], [31.145488, 2.315637], [31.142705, 2.314569], [31.140725, 2.314533], [31.139375, 2.313844], [31.138973, 2.313896], [31.138641, 2.314536], [31.13833, 2.31483], [31.137239, 2.315168], [31.136948, 2.315813], [31.136987, 2.31601], [31.137257, 2.31628], [31.13726, 2.316597], [31.136729, 2.317149], [31.136333, 2.317177], [31.135825, 2.316831], [31.135455, 2.315977], [31.135192, 2.314321], [31.134718, 2.312606], [31.134393, 2.310408], [31.134154, 2.310117], [31.133623, 2.309894], [31.131024, 2.3092], [31.130714, 2.309244], [31.129508, 2.309888], [31.129124, 2.311499], [31.127297, 2.3154], [31.126987, 2.315242], [31.126521, 2.313359], [31.12614, 2.31289], [31.125105, 2.312076], [31.124623, 2.311526], [31.123839, 2.311151], [31.123396, 2.310691], [31.122819, 2.310513], [31.121081, 2.31069], [31.119096, 2.311316], [31.117669, 2.312653], [31.116995, 2.313601], [31.116612, 2.314521], [31.116619, 2.31511], [31.116823, 2.315338], [31.1174, 2.315453], [31.117456, 2.315661], [31.116461, 2.316552], [31.115523, 2.317039], [31.114691, 2.318001], [31.113988, 2.319987], [31.113682, 2.3213], [31.113731, 2.322111], [31.114125, 2.32386], [31.114106, 2.324483], [31.113783, 2.324944], [31.112384, 2.325864], [31.111681, 2.325592], [31.110779, 2.324526], [31.110358, 2.32434], [31.107888, 2.324533], [31.106148, 2.324506], [31.103746, 2.324146], [31.100474, 2.321401], [31.099614, 2.320296], [31.099006, 2.31972], [31.097548, 2.318954], [31.095652, 2.316016], [31.091695, 2.311902], [31.090949, 2.31066], [31.090757, 2.309922], [31.089793, 2.309317], [31.088811, 2.309016], [31.0868, 2.30934], [31.086515, 2.309241], [31.085952, 2.308648], [31.085469, 2.308701], [31.079671, 2.313113], [31.078227, 2.315391], [31.076777, 2.319682], [31.07613, 2.320344], [31.074671, 2.321483], [31.073776, 2.323494], [31.072962, 2.324969], [31.072627, 2.325914], [31.07261, 2.326658], [31.072367, 2.327583], [31.072386, 2.328124], [31.071777, 2.328847], [31.070328, 2.329968], [31.069978, 2.330694], [31.069903, 2.331222], [31.070012, 2.332354], [31.069904, 2.333054], [31.069407, 2.334715], [31.068988, 2.335368], [31.068898, 2.335865], [31.069045, 2.336457], [31.070149, 2.338644], [31.07071, 2.341457], [31.070685, 2.344638], [31.069916, 2.34698], [31.069725, 2.347927], [31.069763, 2.348584], [31.069603, 2.349602], [31.069652, 2.349933], [31.070375, 2.351579], [31.070506, 2.352191], [31.070455, 2.352932], [31.070081, 2.354691], [31.069838, 2.358274], [31.06999, 2.359068], [31.070716, 2.360809], [31.070988, 2.361854], [31.071179, 2.364975], [31.071002, 2.365339], [31.069056, 2.366853], [31.068342, 2.367712], [31.067956, 2.36923], [31.0679, 2.37128], [31.066699, 2.375413], [31.066017, 2.376087], [31.065125, 2.376523], [31.062872, 2.376604], [31.061666, 2.376955], [31.058125, 2.379819], [31.057027, 2.380523], [31.055936, 2.380905], [31.055335, 2.380903], [31.055153, 2.3808], [31.054585, 2.379274], [31.054079, 2.378386], [31.053406, 2.37758], [31.052717, 2.377058], [31.052126, 2.376863], [31.051858, 2.377028], [31.051555, 2.377993], [31.051561, 2.37847], [31.051148, 2.378844], [31.05084, 2.378665], [31.04988, 2.377422], [31.048826, 2.377101], [31.048632, 2.377446], [31.048517, 2.378467], [31.047979, 2.379283], [31.047022, 2.380387], [31.046757, 2.380439], [31.0464, 2.38033], [31.045554, 2.379125], [31.045216, 2.37883], [31.044845, 2.378933], [31.044358, 2.379854], [31.042779, 2.379782], [31.042389, 2.37993], [31.04226, 2.38023], [31.042752, 2.38117], [31.04279, 2.381818], [31.042259, 2.382965], [31.041734, 2.384796], [31.041585, 2.385784], [31.041278, 2.38628], [31.040851, 2.386322], [31.03918, 2.385628], [31.038062, 2.385475], [31.035434, 2.386321], [31.03463, 2.386998], [31.034171, 2.387212], [31.031833, 2.386748], [31.031624, 2.386613]]}, "properties": {"lot_id": "OPRC-NOR-04", "lot_name": "Northern Region OPRC scope", "region": "Northern", "status": "Scoped under OPRC", "contractor": "TBD \u2014 scoping (FY25-26 NDPIV master)", "lot_total_km": 228.0, "road_no": "C747", "link_id": "C747_Link01", "link_name": "Panyimur - Paidha Via Erusi - Goli", "length_km": 52.029}}, {"type": "Feature", "geometry": {"type": "LineString", "coordinates": [[30.92492, 2.477397], [30.924002, 2.479215], [30.923677, 2.480833], [30.923799, 2.482618], [30.92449, 2.485893], [30.924427, 2.486345], [30.923985, 2.486896], [30.922576, 2.48807], [30.919036, 2.490224], [30.917847, 2.491868], [30.916094, 2.496004], [30.915376, 2.497018], [30.914061, 2.498498], [30.912572, 2.502121], [30.912544, 2.502646], [30.912714, 2.503635], [30.912658, 2.504328], [30.912287, 2.506189], [30.912204, 2.507726], [30.911775, 2.509244], [30.911366, 2.510051], [30.909515, 2.512549], [30.908103, 2.51422], [30.907291, 2.515671], [30.906191, 2.518848], [30.906089, 2.519904], [30.906295, 2.520655], [30.908159, 2.523695], [30.911795, 2.527342], [30.912477, 2.52766], [30.916063, 2.528183], [30.916638, 2.528401], [30.917266, 2.528821], [30.917787, 2.529672], [30.917749, 2.531007], [30.917961, 2.532058], [30.918256, 2.532531], [30.919316, 2.533356], [30.91968, 2.533812], [30.919776, 2.536247], [30.918752, 2.537857], [30.918668, 2.539396], [30.919584, 2.541389], [30.920735, 2.542747], [30.922177, 2.547433], [30.92211, 2.548051], [30.921351, 2.549357], [30.921233, 2.550325], [30.921295, 2.55093], [30.921568, 2.551473], [30.92345, 2.553548], [30.923825, 2.554198], [30.924055, 2.556224], [30.925686, 2.561773], [30.926845, 2.563205], [30.927066, 2.563664], [30.92705, 2.564153], [30.926477, 2.565161], [30.926516, 2.565743], [30.927732, 2.567369], [30.929806, 2.569189], [30.930747, 2.571008], [30.931295, 2.571425], [30.932067, 2.571698], [30.932426, 2.571951], [30.932997, 2.573091], [30.932967, 2.575027], [30.933337, 2.580005], [30.933316, 2.583408], [30.933014, 2.584666], [30.932738, 2.585025], [30.932155, 2.585469], [30.930324, 2.585923], [30.926145, 2.585984], [30.923208, 2.586765], [30.92086, 2.586954], [30.920097, 2.586858], [30.919323, 2.586405], [30.918527, 2.58576], [30.917052, 2.584195], [30.916495, 2.583859], [30.913965, 2.584287], [30.913076, 2.584266], [30.912449, 2.584151], [30.910145, 2.583238], [30.909322, 2.583124], [30.906661, 2.583473], [30.90577, 2.583851], [30.905113, 2.584501], [30.904779, 2.585151], [30.902088, 2.595208], [30.901564, 2.596736], [30.900983, 2.597386], [30.899849, 2.598325], [30.898851, 2.598676], [30.897031, 2.598591], [30.894258, 2.597941], [30.893269, 2.59797], [30.892558, 2.598267], [30.890902, 2.599485], [30.890078, 2.5999], [30.887352, 2.600659], [30.886537, 2.600674], [30.884364, 2.600162], [30.883729, 2.600128], [30.88325, 2.600295], [30.883079, 2.600521], [30.883007, 2.601045], [30.883804, 2.60326], [30.884124, 2.604891], [30.884026, 2.605476], [30.883804, 2.605622], [30.882912, 2.605717], [30.878171, 2.607997], [30.877455, 2.608829], [30.876987, 2.610464], [30.87397, 2.614339], [30.873642, 2.615341], [30.87327, 2.617591], [30.873368, 2.617998], [30.874076, 2.61922], [30.87454, 2.621165], [30.874128, 2.625203], [30.875188, 2.630644], [30.87531, 2.632397], [30.875148, 2.633624], [30.874673, 2.63443], [30.873302, 2.635477], [30.872498, 2.635873], [30.870066, 2.63606], [30.868395, 2.636549], [30.865819, 2.638466], [30.865045, 2.638921], [30.861913, 2.640281], [30.860441, 2.640528], [30.859409, 2.640889], [30.857445, 2.64253], [30.85466, 2.644284], [30.853446, 2.644815], [30.850089, 2.645757], [30.849709, 2.645759], [30.848953, 2.645357], [30.846921, 2.643809], [30.846597, 2.643682], [30.846141, 2.643698], [30.844969, 2.644036], [30.83961, 2.645107], [30.837519, 2.646618], [30.837044, 2.647291], [30.836881, 2.647797], [30.836925, 2.64852], [30.837238, 2.649244], [30.839902, 2.652603], [30.841228, 2.655534], [30.842026, 2.656575], [30.845195, 2.659356], [30.846091, 2.65986], [30.848051, 2.660826], [30.850262, 2.660893], [30.851017, 2.661111], [30.851888, 2.661637], [30.853208, 2.662806], [30.855496, 2.665296], [30.856569, 2.666926], [30.858166, 2.670707], [30.859284, 2.672459], [30.859715, 2.674109], [30.859641, 2.675447], [30.859433, 2.676251], [30.858695, 2.677614], [30.857991, 2.678436], [30.857396, 2.679405], [30.856538, 2.681571], [30.856347, 2.682593], [30.856664, 2.685736], [30.856445, 2.687176], [30.856168, 2.68818], [30.854993, 2.690627], [30.854007, 2.694269], [30.85406, 2.695011], [30.854857, 2.696513], [30.855269, 2.697548], [30.855143, 2.698271], [30.854943, 2.698719], [30.854547, 2.699071], [30.853089, 2.700091], [30.851404, 2.700993], [30.851003, 2.701394], [30.850672, 2.702306], [30.850371, 2.70386], [30.849708, 2.705521], [30.848636, 2.706935], [30.847105, 2.707926], [30.846496, 2.708915], [30.844929, 2.713229], [30.84463, 2.71543], [30.844683, 2.716737], [30.845118, 2.717875], [30.847025, 2.720229], [30.84813, 2.722444], [30.849424, 2.724383], [30.85058, 2.726622], [30.851577, 2.728191], [30.85214, 2.729939], [30.852041, 2.733227], [30.851879, 2.733647], [30.850916, 2.735068], [30.850696, 2.735655], [30.850657, 2.738382], [30.850015, 2.740035], [30.849812, 2.74089], [30.849634, 2.74227], [30.84964, 2.743714], [30.850313, 2.746688], [30.851598, 2.754123], [30.852542, 2.758792], [30.853668, 2.762369], [30.854066, 2.763141], [30.854895, 2.763976], [30.857729, 2.765896], [30.858071, 2.766454], [30.858787, 2.768411], [30.860278, 2.770495], [30.860584, 2.772475], [30.861361, 2.775351], [30.861465, 2.777566], [30.861983, 2.779872], [30.862646, 2.781013], [30.863509, 2.782054], [30.864561, 2.783029], [30.866531, 2.784313], [30.867318, 2.785356], [30.867707, 2.786202], [30.867914, 2.78697], [30.867896, 2.788998], [30.868095, 2.790452], [30.86831, 2.790896], [30.868907, 2.791545], [30.870878, 2.793242], [30.872654, 2.795144], [30.873726, 2.796108], [30.877863, 2.80289], [30.88472, 2.810626], [30.885392, 2.811585], [30.885625, 2.812237], [30.88563, 2.814189], [30.885383, 2.817454], [30.885132, 2.819161], [30.885138, 2.820127], [30.885408, 2.822886], [30.88605, 2.825898], [30.886413, 2.828973], [30.886065, 2.83267], [30.88572, 2.834351], [30.885735, 2.835321], [30.886184, 2.837487], [30.88858, 2.84563], [30.889347, 2.847259], [30.889283, 2.848063], [30.888569, 2.849345], [30.888294, 2.850277], [30.888514, 2.850675], [30.889995, 2.852061], [30.890497, 2.85283], [30.891177, 2.854649], [30.891425, 2.856756], [30.89068, 2.860886], [30.889911, 2.863795], [30.888405, 2.867911], [30.888194, 2.868851], [30.888207, 2.869695], [30.888557, 2.87099], [30.888799, 2.872723], [30.888882, 2.875249], [30.888669, 2.876793], [30.887711, 2.879496], [30.886895, 2.88038], [30.885949, 2.881138], [30.884957, 2.882917], [30.884497, 2.883468], [30.881788, 2.884921], [30.879437, 2.886444]]}, "properties": {"lot_id": "OPRC-NOR-04", "lot_name": "Northern Region OPRC scope", "region": "Northern", "status": "Scoped under OPRC", "contractor": "TBD \u2014 scoping (FY25-26 NDPIV master)", "lot_total_km": 228.0, "road_no": "C763", "link_id": "C763_Link02", "link_name": "Zombo - Vurra", "length_km": 61.2}}, {"type": "Feature", "geometry": {"type": "LineString", "coordinates": [[31.031403, 2.385718], [31.030726, 2.385501], [31.028407, 2.385523], [31.027402, 2.386628], [31.025936, 2.387092], [31.025668, 2.387033], [31.024758, 2.386188], [31.024011, 2.385668], [31.023179, 2.385556], [31.021623, 2.386629], [31.019155, 2.387586], [31.018333, 2.38779], [31.01548, 2.387996], [31.014728, 2.388187], [31.014052, 2.388532], [31.013637, 2.389041], [31.013322, 2.389682], [31.012086, 2.39467], [31.011543, 2.396037], [31.010352, 2.398223], [31.008302, 2.401065], [31.006447, 2.405108], [31.005699, 2.40598], [31.002206, 2.407397], [31.000623, 2.408654], [31.00043, 2.40907], [31.00057, 2.410623], [31.000334, 2.412049], [30.999052, 2.413642], [30.997437, 2.415365], [30.996629, 2.417595], [30.995906, 2.418535], [30.995439, 2.418786], [30.992285, 2.418805], [30.99195, 2.418493], [30.991, 2.416858], [30.990663, 2.416661], [30.985791, 2.416887], [30.982141, 2.416636], [30.981785, 2.416273], [30.981451, 2.415606], [30.981228, 2.413339], [30.980887, 2.412228], [30.980027, 2.411645], [30.97806, 2.410609], [30.975939, 2.408434], [30.975233, 2.408088], [30.97024, 2.40823], [30.967494, 2.408047], [30.966602, 2.40899], [30.965343, 2.410081], [30.964564, 2.411033], [30.962344, 2.412537], [30.962054, 2.412936], [30.961696, 2.413817], [30.961101, 2.414424], [30.960681, 2.414396], [30.960041, 2.413849], [30.959815, 2.413835], [30.959714, 2.41414], [30.959881, 2.416081], [30.959742, 2.416607], [30.959395, 2.416954], [30.958028, 2.417012], [30.956707, 2.417617], [30.955848, 2.418487], [30.955262, 2.420416], [30.955673, 2.42101], [30.956837, 2.421807], [30.958388, 2.423353], [30.959227, 2.423846], [30.959358, 2.424033], [30.959385, 2.42503], [30.958355, 2.426336], [30.958304, 2.427688], [30.957248, 2.428593], [30.957077, 2.428924], [30.95646, 2.430744], [30.956272, 2.43206], [30.956381, 2.432442], [30.957009, 2.433072], [30.958029, 2.433309], [30.958395, 2.433636], [30.95875, 2.434534], [30.958968, 2.436084], [30.960667, 2.438575], [30.961156, 2.439894], [30.961411, 2.440908], [30.96132, 2.441518], [30.961387, 2.442801], [30.960599, 2.445779], [30.960553, 2.446104], [30.960821, 2.447054], [30.960262, 2.448608], [30.959931, 2.451262], [30.958683, 2.454136], [30.957294, 2.455186], [30.956916, 2.455854], [30.956249, 2.458609], [30.956125, 2.46135], [30.955658, 2.463111], [30.95441, 2.464746], [30.953557, 2.465397], [30.950529, 2.465785], [30.94836, 2.466329], [30.947618, 2.467096], [30.947023, 2.468496], [30.946131, 2.46961], [30.945395, 2.470051], [30.94376, 2.470572], [30.942873, 2.470989], [30.939924, 2.471859], [30.939375, 2.471754], [30.937181, 2.470926], [30.93557, 2.471011], [30.933317, 2.471925], [30.932254, 2.471918], [30.931793, 2.472325], [30.93119, 2.473423], [30.931014, 2.473532], [30.930535, 2.473533], [30.929498, 2.473098], [30.928953, 2.473033], [30.927393, 2.473366], [30.926865, 2.473592], [30.926219, 2.47433], [30.92492, 2.477397]]}, "properties": {"lot_id": "OPRC-NOR-04", "lot_name": "Northern Region OPRC scope", "region": "Northern", "status": "Scoped under OPRC", "contractor": "TBD \u2014 scoping (FY25-26 NDPIV master)", "lot_total_km": 228.0, "road_no": "C763", "link_id": "C763_Link01", "link_name": "Paidha - Zombo", "length_km": 22.0}}, {"type": "Feature", "geometry": {"type": "LineString", "coordinates": [[31.913927, -0.127753], [31.897208, -0.134115], [31.87984, -0.14294], [31.8788, -0.143946], [31.87437, -0.1488], [31.87114, -0.15369], [31.86858, -0.15707], [31.863376, -0.16304], [31.862542, -0.1644], [31.860866, -0.168263], [31.860336, -0.169215], [31.85027, -0.18239], [31.849126, -0.184256], [31.848761, -0.185118], [31.845722, -0.193184], [31.843698, -0.204821], [31.839614, -0.21877], [31.83751, -0.22455], [31.83639, -0.22973], [31.835482, -0.232918], [31.834968, -0.233751], [31.825826, -0.245658], [31.824827, -0.246618], [31.82422, -0.24738], [31.82296, -0.25018], [31.821235, -0.254709], [31.81875, -0.2597], [31.816983, -0.264196], [31.816592, -0.264956], [31.81535, -0.26701], [31.811672, -0.271045], [31.810307, -0.272251], [31.80666, -0.27342], [31.80626, -0.27372], [31.805007, -0.275114], [31.800398, -0.278108], [31.798896, -0.278805], [31.79624, -0.279151], [31.795249, -0.279509], [31.790677, -0.282241], [31.788311, -0.283198], [31.786807, -0.284262], [31.78611, -0.28531], [31.785509, -0.28798], [31.78465, -0.29072], [31.784247, -0.292742], [31.78327, -0.29535], [31.78288, -0.29842], [31.78265, -0.29922], [31.78103, -0.30142], [31.778925, -0.302975], [31.777851, -0.304893], [31.777168, -0.305548], [31.776598, -0.305805], [31.772338, -0.30676], [31.77145, -0.30675], [31.76854, -0.30616], [31.767558, -0.306193], [31.76531, -0.30684], [31.76478, -0.3073], [31.764192, -0.308375], [31.76383, -0.30857], [31.760235, -0.308973], [31.75689, -0.30876], [31.75516, -0.30895], [31.75399, -0.30937], [31.75279, -0.30996], [31.75062, -0.31132], [31.74407, -0.31432], [31.74305, -0.31523], [31.74143, -0.31769], [31.740181, -0.319051], [31.739804, -0.319739], [31.73929, -0.32143], [31.73844, -0.32249], [31.73429, -0.32457], [31.72704, -0.3273], [31.72453, -0.3287], [31.72303, -0.32986], [31.7218, -0.3313], [31.72103, -0.33266], [31.72051, -0.33408], [31.719835, -0.336577]]}, "properties": {"lot_id": "OPRC-SOU-05", "lot_name": "Southern Region OPRC scope", "region": "Southern", "status": "Scoped under OPRC", "contractor": "TBD \u2014 scoping (FY25-26 NDPIV master)", "lot_total_km": 435.3, "road_no": "A002", "link_id": "A002_Link05", "link_name": "Lukaya - Masaka - Bypass", "length_km": 34.0}}, {"type": "Feature", "geometry": {"type": "LineString", "coordinates": [[31.719835, -0.336577], [31.71932, -0.33671], [31.71498, -0.33635], [31.71351, -0.33651], [31.71195, -0.33709], [31.70686, -0.3395], [31.70541, -0.33981], [31.70404, -0.33959], [31.69767, -0.33694], [31.69621, -0.3366], [31.68184, -0.33749], [31.68079, -0.33779], [31.677264, -0.339337], [31.675135, -0.339726], [31.669784, -0.339785], [31.66882, -0.33957], [31.66695, -0.33866], [31.6659, -0.33839], [31.660904, -0.338222], [31.65665, -0.33867], [31.64858, -0.33837], [31.64725, -0.33873], [31.64267, -0.34076], [31.63759, -0.34107], [31.63692, -0.34127], [31.63514, -0.34218], [31.63378, -0.34256], [31.63023, -0.34262], [31.62954, -0.34275], [31.62888, -0.34304], [31.62558, -0.34511], [31.62491, -0.34538], [31.62389, -0.3455], [31.62133, -0.3453], [31.620038, -0.345374], [31.607486, -0.348405], [31.60674, -0.34848], [31.60538, -0.348319], [31.59973, -0.346015], [31.599039, -0.34585], [31.598178, -0.345857], [31.593163, -0.346526], [31.592606, -0.346705], [31.59175, -0.34731], [31.58833, -0.35161], [31.58783, -0.35207], [31.58661, -0.35261], [31.58487, -0.3529], [31.57982, -0.35364], [31.56283, -0.35481], [31.56147, -0.35468], [31.5532, -0.35317], [31.55184, -0.35318], [31.551, -0.35342], [31.54848, -0.35458], [31.547572, -0.355191], [31.5398, -0.36525], [31.53922, -0.36587], [31.53841, -0.36646], [31.527062, -0.371174], [31.52026, -0.37354], [31.51401, -0.37522], [31.51322, -0.37562], [31.51043, -0.37755], [31.50951, -0.37794], [31.508213, -0.378025], [31.50575, -0.377737], [31.504811, -0.377748], [31.495, -0.380618], [31.493967, -0.380816], [31.492831, -0.380917], [31.488117, -0.380677], [31.478389, -0.38201], [31.477839, -0.382175], [31.47716, -0.38256], [31.472263, -0.386193], [31.471353, -0.386728], [31.46825, -0.38806], [31.458102, -0.392043], [31.456884, -0.39202], [31.454804, -0.391208], [31.453924, -0.391092], [31.45333, -0.391201], [31.45277, -0.39148], [31.45103, -0.39301], [31.45005, -0.39344], [31.44903, -0.39345], [31.44736, -0.392834], [31.446075, -0.392703], [31.445425, -0.392852], [31.44431, -0.39339], [31.44288, -0.39385], [31.441094, -0.394066], [31.439935, -0.393932], [31.43667, -0.39299], [31.43575, -0.39297], [31.42451, -0.39735], [31.42363, -0.39753], [31.42265, -0.39739], [31.42069, -0.3963], [31.4192, -0.39593], [31.409763, -0.396072], [31.408503, -0.396532], [31.406943, -0.398117], [31.406111, -0.398588], [31.404915, -0.398801], [31.40073, -0.39809], [31.398898, -0.398209], [31.39758, -0.39869], [31.390428, -0.402279], [31.38937, -0.402661], [31.38818, -0.40291], [31.368863, -0.404597], [31.366467, -0.404567], [31.363979, -0.404125], [31.362489, -0.403639], [31.360681, -0.402853], [31.358779, -0.401678], [31.357227, -0.400388], [31.35119, -0.39466], [31.34998, -0.39387], [31.348897, -0.393379], [31.347512, -0.393072], [31.34639, -0.39302], [31.334739, -0.393268], [31.332752, -0.393043], [31.327897, -0.391928], [31.326408, -0.391356], [31.31311, -0.38438], [31.30239, -0.38066], [31.30058, -0.38039], [31.29404, -0.38009], [31.290286, -0.380991], [31.289488, -0.380942], [31.288767, -0.380722], [31.287958, -0.380205], [31.286829, -0.378964], [31.286391, -0.378627], [31.285871, -0.37844], [31.283691, -0.378081], [31.281823, -0.377422], [31.279442, -0.377067], [31.27864, -0.376696], [31.278116, -0.376248], [31.27727, -0.37509], [31.275977, -0.374179], [31.27488, -0.37306], [31.2726, -0.37215], [31.270333, -0.370985], [31.265787, -0.369668], [31.261869, -0.368632], [31.261315, -0.368587], [31.260573, -0.368729], [31.25981, -0.36914], [31.25697, -0.37165], [31.25616, -0.372542], [31.253251, -0.376531], [31.25291, -0.37692], [31.25218, -0.37736], [31.251694, -0.377499], [31.248311, -0.377752], [31.247107, -0.377958], [31.234969, -0.381204], [31.22486, -0.38407], [31.22399, -0.38422], [31.21277, -0.384976], [31.208971, -0.385846], [31.20676, -0.3861], [31.20586, -0.38597], [31.20496, -0.3856], [31.20151, -0.3833], [31.20084, -0.38297], [31.19946, -0.382771], [31.19878, -0.38294], [31.190159, -0.3873], [31.188302, -0.388627], [31.185828, -0.391005], [31.185107, -0.391498], [31.181943, -0.39266], [31.159427, -0.403711], [31.15709, -0.40422], [31.154294, -0.405256]]}, "properties": {"lot_id": "OPRC-SOU-05", "lot_name": "Southern Region OPRC scope", "region": "Southern", "status": "Scoped under OPRC", "contractor": "TBD \u2014 scoping (FY25-26 NDPIV master)", "lot_total_km": 435.3, "road_no": "A002", "link_id": "A002_Link06", "link_name": "Masaka - Lyantonde", "length_km": 67.781}}, {"type": "Feature", "geometry": {"type": "LineString", "coordinates": [[32.335338, 0.221155], [32.333918, 0.219608], [32.33285, 0.21876], [32.32727, 0.21518], [32.315601, 0.207294], [32.31356, 0.20605], [32.308525, 0.203276], [32.307689, 0.202942], [32.306718, 0.202724], [32.30267, 0.20242], [32.30161, 0.20195], [32.30077, 0.20111], [32.29504, 0.1919], [32.293739, 0.190207], [32.292382, 0.188979], [32.28036, 0.17983], [32.274253, 0.174142], [32.27353, 0.1736], [32.27226, 0.17316], [32.26201, 0.17156], [32.261107, 0.170967], [32.257501, 0.166572], [32.256783, 0.166025], [32.255898, 0.165618], [32.24584, 0.16288], [32.24466, 0.16287], [32.23938, 0.16385], [32.23802, 0.16379], [32.2368, 0.163379], [32.231411, 0.160746], [32.23081, 0.16008], [32.230395, 0.159279], [32.229758, 0.155849], [32.229402, 0.154914], [32.227739, 0.152639], [32.225271, 0.148855], [32.224204, 0.146912], [32.221276, 0.140863], [32.220674, 0.139995], [32.219911, 0.139243], [32.214205, 0.135152], [32.207378, 0.130822], [32.20413, 0.12904], [32.20045, 0.12628], [32.19812, 0.124737], [32.196802, 0.124092], [32.18372, 0.11898], [32.18235, 0.11827], [32.18115, 0.117345], [32.18045, 0.11654], [32.179646, 0.115354], [32.176439, 0.109837], [32.175448, 0.108583], [32.174623, 0.107902], [32.14938, 0.09323], [32.14794, 0.09219], [32.14591, 0.09037], [32.144094, 0.088977], [32.142639, 0.088024], [32.131636, 0.082329], [32.107576, 0.063471], [32.105907, 0.062344]]}, "properties": {"lot_id": "OPRC-SOU-05", "lot_name": "Southern Region OPRC scope", "region": "Southern", "status": "Scoped under OPRC", "contractor": "TBD \u2014 scoping (FY25-26 NDPIV master)", "lot_total_km": 435.3, "road_no": "A002", "link_id": "A002_Link03", "link_name": "Mpigi - Buwama", "length_km": 32.081}}, {"type": "Feature", "geometry": {"type": "LineString", "coordinates": [[32.516015, 0.306291], [32.50466, 0.29619], [32.50175, 0.2927], [32.50104, 0.29226], [32.49948, 0.29168], [32.49877, 0.29106], [32.49831, 0.29039], [32.49756, 0.28789], [32.49711, 0.28715], [32.49672, 0.2868], [32.491608, 0.285049], [32.48918, 0.28527], [32.488145, 0.284972], [32.487293, 0.284473], [32.48491, 0.28245], [32.483093, 0.280763], [32.48179, 0.27924], [32.480852, 0.278651], [32.479882, 0.278584], [32.47856, 0.27868], [32.47733, 0.27816], [32.47644, 0.27802], [32.4759, 0.2781], [32.47195, 0.27932], [32.47101, 0.27939], [32.47042, 0.27919], [32.46981, 0.27867], [32.46869, 0.27725], [32.46768, 0.27469], [32.46705, 0.27356], [32.46523, 0.27218], [32.46413, 0.27152], [32.46349, 0.27142], [32.46273, 0.27162], [32.46188, 0.27223], [32.46085, 0.2734], [32.45939, 0.2756], [32.45839, 0.27832], [32.45693, 0.28154], [32.45657, 0.28266], [32.4559, 0.28352], [32.45529, 0.28406], [32.45452, 0.28421], [32.45386, 0.28406], [32.45323, 0.28376], [32.45186, 0.28239], [32.44904, 0.28077], [32.446373, 0.278395], [32.441755, 0.275729], [32.440986, 0.275104], [32.440398, 0.274304], [32.438503, 0.270313], [32.43763, 0.26921], [32.43675, 0.26841], [32.43556, 0.26766], [32.421348, 0.260664], [32.415025, 0.258456], [32.414264, 0.258281], [32.413387, 0.258215], [32.406975, 0.258725], [32.405965, 0.258512], [32.404054, 0.257762], [32.403139, 0.25735], [32.400822, 0.255912], [32.399494, 0.254804], [32.397561, 0.252846], [32.39685, 0.252376], [32.387155, 0.249009], [32.384734, 0.248051], [32.383898, 0.247409], [32.381441, 0.244685], [32.380497, 0.244152], [32.352418, 0.241313], [32.35089, 0.24086], [32.34995, 0.24025], [32.34945, 0.23976], [32.34889, 0.23894], [32.345917, 0.231856], [32.344566, 0.229246], [32.343951, 0.228346], [32.340517, 0.225311], [32.337728, 0.223387], [32.335337, 0.221152]]}, "properties": {"lot_id": "OPRC-SOU-05", "lot_name": "Southern Region OPRC scope", "region": "Southern", "status": "Scoped under OPRC", "contractor": "TBD \u2014 scoping (FY25-26 NDPIV master)", "lot_total_km": 435.3, "road_no": "A002", "link_id": "A002_Link02", "link_name": "Busega - Mpigi", "length_km": 25.342}}, {"type": "Feature", "geometry": {"type": "LineString", "coordinates": [[32.105907, 0.06234], [32.10583, 0.06221], [32.105677, 0.062222], [32.092691, 0.055465], [32.09184, 0.05485], [32.090825, 0.053626], [32.086489, 0.045693], [32.08568, 0.04462], [32.084963, 0.043895], [32.076005, 0.035327], [32.062748, 0.025736], [32.06153, 0.024551], [32.052072, 0.012815], [32.042351, 0.00287], [32.040526, 0.000829], [32.026059, -0.020037], [32.025029, -0.02127], [32.02083, -0.02445], [32.005376, -0.035691], [31.995773, -0.042807], [31.99464, -0.04375], [31.993187, -0.045498], [31.952409, -0.100872], [31.951652, -0.101778], [31.936747, -0.117366], [31.935547, -0.118228], [31.924841, -0.123134], [31.918435, -0.126029], [31.913923, -0.127753]]}, "properties": {"lot_id": "OPRC-SOU-05", "lot_name": "Southern Region OPRC scope", "region": "Southern", "status": "Scoped under OPRC", "contractor": "TBD \u2014 scoping (FY25-26 NDPIV master)", "lot_total_km": 435.3, "road_no": "A002", "link_id": "A002_Link04", "link_name": "Buwama - Lukaya", "length_km": 30.5}}, {"type": "Feature", "geometry": {"type": "LineString", "coordinates": [[32.572561, 0.29354], [32.571614, 0.293482], [32.569316, 0.292556], [32.568655, 0.292454], [32.563182, 0.293395], [32.559325, 0.294201], [32.556808, 0.294211], [32.555439, 0.294469], [32.552246, 0.294444], [32.548626, 0.29502], [32.535583, 0.298385], [32.520584, 0.304759], [32.517157, 0.306487], [32.516369, 0.306501], [32.516015, 0.306291]]}, "properties": {"lot_id": "OPRC-SOU-05", "lot_name": "Southern Region OPRC scope", "region": "Southern", "status": "Scoped under OPRC", "contractor": "TBD \u2014 scoping (FY25-26 NDPIV master)", "lot_total_km": 435.3, "road_no": "A002", "link_id": "A002_Link01", "link_name": "Kibuye - Natete - Busega", "length_km": 6.524}}, {"type": "Feature", "geometry": {"type": "LineString", "coordinates": [[29.993259, -1.259745], [29.99348, -1.26078], [29.99374, -1.26763], [29.99344, -1.27083], [29.99277, -1.27239], [29.99272, -1.27305], [29.99354, -1.27699], [29.99524, -1.28188], [29.99796, -1.29259], [30.00019, -1.30722], [30.00019, -1.31124], [30.00046, -1.31213], [30.00115, -1.31359], [30.00137, -1.31459], [30.00126, -1.31566], [30.00076, -1.31666], [29.99906, -1.31826], [29.99709, -1.31969], [29.99649, -1.32035], [29.99628, -1.32106], [29.99635, -1.3217], [29.99651, -1.32206], [29.99696, -1.32256], [29.99969, -1.32421], [30.00081, -1.32481], [30.00291, -1.32557], [30.00372, -1.32601], [30.00476, -1.32707], [30.00578, -1.32896], [30.00602, -1.33003], [30.00594, -1.33118], [30.00282, -1.33895], [30.00282, -1.33957], [30.00312, -1.34013], [30.00368, -1.34049], [30.00434, -1.34053], [30.00761, -1.33959], [30.01023, -1.33928], [30.01291, -1.33861], [30.01391, -1.33865], [30.01475, -1.33899], [30.0157, -1.3399], [30.01834, -1.3435], [30.01876, -1.34425], [30.01905, -1.34535], [30.01901, -1.34782], [30.01957, -1.34996], [30.01951, -1.3511], [30.01914, -1.35219], [30.01657, -1.356], [30.01598, -1.3573], [30.01506, -1.36083], [30.01499, -1.3619], [30.01511, -1.36377], [30.0149, -1.3647], [30.01452, -1.36567], [30.01402, -1.36649], [30.01282, -1.3679], [30.0101, -1.37045], [30.00746, -1.37427], [30.00712, -1.37501], [30.00593, -1.37922], [30.00481, -1.38175], [30.00416, -1.38419], [30.00367, -1.38488], [30.00243, -1.386], [30.00205, -1.38662], [30.00183, -1.3874], [30.0018, -1.38827], [30.00193, -1.38899], [30.00313, -1.39156], [30.00362, -1.39377], [30.00391, -1.396], [30.00455, -1.39777], [30.00468, -1.40127], [30.00607, -1.40966], [30.00617, -1.41193], [30.00692, -1.41358], [30.00784, -1.4147], [30.00834, -1.4155], [30.00962, -1.419], [30.01005, -1.42072], [30.01068, -1.42215], [30.01077, -1.42348], [30.01175, -1.42477]]}, "properties": {"lot_id": "OPRC-SOU-05", "lot_name": "Southern Region OPRC scope", "region": "Southern", "status": "Scoped under OPRC", "contractor": "TBD \u2014 scoping (FY25-26 NDPIV master)", "lot_total_km": 435.3, "road_no": "A002", "link_id": "A002_Link11", "link_name": "Kabale - Katuna", "length_km": 21.697}}, {"type": "Feature", "geometry": {"type": "LineString", "coordinates": [[30.200083, -0.98598], [30.190708, -1.004191], [30.190175, -1.006479], [30.18541, -1.03199], [30.184, -1.04834], [30.1836, -1.05073], [30.1826, -1.05532], [30.18243, -1.0568], [30.18253, -1.05834], [30.18395, -1.06914], [30.18403, -1.07056], [30.18396, -1.07274], [30.18031, -1.1005], [30.17888, -1.10649], [30.17824, -1.12161], [30.17803, -1.12298], [30.1774, -1.12423], [30.17672, -1.12495], [30.16707, -1.13253], [30.16552, -1.13359], [30.16119, -1.136], [30.15582, -1.1386], [30.15454, -1.13901], [30.15266, -1.13918], [30.14636, -1.139], [30.14559, -1.13911], [30.1449, -1.13942], [30.14431, -1.13988], [30.14377, -1.14064], [30.1435, -1.1414], [30.14323, -1.14296], [30.14289, -1.14362], [30.14202, -1.14451], [30.14107, -1.14508], [30.14022, -1.1453], [30.13957, -1.1453], [30.13626, -1.1444], [30.13482, -1.14356], [30.13128, -1.14086], [30.12836, -1.13985], [30.1275, -1.13977], [30.12677, -1.13994], [30.12496, -1.14099], [30.12443, -1.14153], [30.12404, -1.14231], [30.12391, -1.14307], [30.12379, -1.14616], [30.12391, -1.1468], [30.12432, -1.14756], [30.12595, -1.14934], [30.12654, -1.15132], [30.12704, -1.15217], [30.129023, -1.15441], [30.13141, -1.15582], [30.13191, -1.15652], [30.1321, -1.15715], [30.13214, -1.1578], [30.1317, -1.1597], [30.131826, -1.161199], [30.133185, -1.163332], [30.133383, -1.163848], [30.133456, -1.164559], [30.133081, -1.165789], [30.132416, -1.166732], [30.12961, -1.17055], [30.12852, -1.17136], [30.12723, -1.17164], [30.117626, -1.171171], [30.11641, -1.17138], [30.1151, -1.17207], [30.11426, -1.172881], [30.112591, -1.175606], [30.111605, -1.179107], [30.111484, -1.180008], [30.11152, -1.180459], [30.111911, -1.181411], [30.112815, -1.182555], [30.114216, -1.184136], [30.115152, -1.184838], [30.12091, -1.18657], [30.122339, -1.187182], [30.12326, -1.18811], [30.12351, -1.189], [30.12349, -1.18971], [30.122527, -1.192705], [30.122499, -1.193443], [30.123674, -1.199529], [30.12441, -1.20266], [30.12451, -1.20379], [30.12206, -1.21306], [30.11996, -1.22049], [30.11928, -1.22187], [30.11864, -1.22276], [30.114923, -1.226595], [30.11445, -1.22763], [30.11372, -1.22991], [30.112614, -1.232779], [30.11237, -1.23389], [30.11194, -1.2346], [30.11086, -1.23559], [30.10417, -1.23942], [30.1031, -1.23965], [30.09854, -1.23958], [30.09677, -1.24021], [30.09563, -1.24075], [30.095001, -1.241571], [30.093924, -1.243479], [30.09249, -1.24502], [30.09168, -1.24547], [30.0908, -1.24579], [30.09002, -1.24596], [30.08765, -1.24618], [30.08684, -1.24659], [30.08546, -1.248063], [30.08406, -1.249849], [30.083491, -1.251498], [30.083014, -1.252347], [30.07951, -1.25501], [30.07815, -1.25669], [30.07761, -1.25695], [30.07722, -1.25696], [30.07658, -1.25668], [30.07511, -1.25492], [30.07475, -1.25417], [30.07441, -1.25303], [30.07428, -1.25208], [30.07472, -1.24927], [30.07453, -1.24725], [30.07422, -1.24628], [30.07277, -1.24398], [30.06857, -1.23884], [30.0671, -1.2363], [30.06628, -1.23569], [30.06481, -1.23511], [30.0638, -1.23391], [30.06333, -1.23362], [30.06256, -1.23353], [30.0604, -1.23373], [30.05897, -1.23458], [30.05835, -1.23469], [30.05793, -1.23462], [30.05745, -1.23434], [30.05678, -1.23346], [30.056529, -1.232692], [30.05682, -1.23201], [30.05712, -1.23171], [30.05773, -1.23146], [30.05935, -1.23147], [30.0601, -1.23135], [30.06149, -1.23053], [30.06182, -1.22978], [30.0617, -1.22915], [30.06124, -1.22809], [30.06072, -1.22754], [30.060094, -1.227296], [30.058012, -1.227577], [30.057293, -1.227934], [30.055551, -1.229768], [30.054598, -1.231273], [30.05461, -1.23177], [30.05443, -1.23228], [30.05404, -1.23278], [30.05252, -1.23338], [30.050867, -1.233805], [30.050527, -1.233963], [30.050361, -1.234225], [30.050399, -1.234702], [30.050764, -1.235057], [30.0522, -1.23523], [30.05271, -1.23541], [30.05394, -1.23616], [30.05454, -1.23677], [30.05497, -1.237928], [30.05548, -1.24102], [30.05533, -1.24196], [30.054593, -1.243798], [30.053852, -1.244365], [30.051994, -1.245108], [30.051303, -1.245901], [30.051222, -1.24629], [30.051462, -1.248451], [30.051402, -1.248932], [30.051139, -1.249654], [30.05058, -1.25029], [30.05005, -1.25054], [30.047347, -1.251288], [30.046456, -1.25142], [30.045975, -1.251367], [30.043591, -1.250546], [30.03922, -1.25005], [30.03786, -1.24957], [30.03743, -1.24929], [30.03706, -1.24867], [30.03685, -1.24755], [30.0366, -1.24697], [30.03547, -1.24601], [30.03462, -1.24563], [30.034087, -1.245661], [30.03322, -1.24615], [30.03266, -1.24623], [30.031214, -1.245911], [30.02785, -1.24749], [30.02718, -1.24795], [30.026749, -1.2488], [30.026746, -1.249153], [30.02712, -1.25019], [30.02708, -1.25059], [30.02689, -1.25097], [30.025683, -1.252277], [30.025478, -1.252729], [30.02551, -1.253318], [30.025918, -1.253978], [30.02819, -1.25621], [30.031279, -1.259585], [30.03152, -1.26059], [30.03142, -1.2611], [30.03108, -1.26171], [30.03046, -1.26222], [30.02967, -1.26243], [30.02765, -1.2624], [30.02575, -1.26156], [30.02148, -1.26054], [30.015247, -1.258254], [30.013998, -1.258032], [30.00903, -1.257586], [30.007341, -1.256975], [30.003772, -1.255043], [30.002431, -1.254858], [30.001978, -1.25491], [30.000617, -1.255443], [29.99768, -1.2569], [29.993221, -1.25946], [29.993259, -1.259745]]}, "properties": {"lot_id": "OPRC-SOU-05", "lot_name": "Southern Region OPRC scope", "region": "Southern", "status": "Scoped under OPRC", "contractor": "TBD \u2014 scoping (FY25-26 NDPIV master)", "lot_total_km": 435.3, "road_no": "A002", "link_id": "A002_Link10", "link_name": "Rubaale - Muhanga - Kabale", "length_km": 59.407}}, {"type": "Feature", "geometry": {"type": "LineString", "coordinates": [[30.265383, -0.881469], [30.26342, -0.89148], [30.263, -0.8926], [30.26223, -0.89372], [30.254709, -0.901992], [30.253635, -0.902907], [30.25105, -0.90469], [30.24994, -0.90522], [30.24879, -0.9054], [30.244105, -0.905435], [30.242668, -0.90589], [30.241651, -0.9065], [30.240848, -0.907318], [30.240046, -0.908797], [30.238788, -0.915335], [30.238382, -0.916376], [30.237483, -0.91751], [30.224686, -0.925868], [30.222707, -0.927352], [30.221613, -0.927839], [30.218301, -0.928526], [30.217493, -0.928813], [30.216444, -0.929391], [30.215063, -0.930836], [30.213704, -0.933499], [30.213344, -0.934343], [30.212975, -0.935716], [30.210716, -0.949215], [30.21057, -0.95077], [30.21095, -0.95317], [30.210819, -0.954049], [30.210552, -0.95489], [30.210082, -0.955574], [30.20656, -0.958702], [30.206101, -0.959338], [30.20583, -0.96], [30.20154, -0.98021], [30.200412, -0.985179], [30.200083, -0.98598]]}, "properties": {"lot_id": "OPRC-SOU-05", "lot_name": "Southern Region OPRC scope", "region": "Southern", "status": "Scoped under OPRC", "contractor": "TBD \u2014 scoping (FY25-26 NDPIV master)", "lot_total_km": 435.3, "road_no": "A002", "link_id": "A002_Link09", "link_name": "Ntungamo - Rubaale", "length_km": 14.951}}, {"type": "Feature", "geometry": {"type": "LineString", "coordinates": [[30.649308, -0.617219], [30.64655, -0.61763], [30.64296, -0.61848], [30.63978, -0.62019], [30.63765, -0.62093], [30.63678, -0.62135], [30.63566, -0.62218], [30.63491, -0.62301], [30.63177, -0.62783], [30.63076, -0.62877], [30.62944, -0.62939], [30.62349, -0.6308], [30.62276, -0.63109], [30.62174, -0.63186], [30.62028, -0.63366], [30.61881, -0.63466], [30.6107, -0.63688], [30.60979, -0.63695], [30.60815, -0.6367], [30.60718, -0.63675], [30.59888, -0.6396], [30.59776, -0.63986], [30.59445, -0.64027], [30.5928, -0.6406], [30.59011, -0.6413], [30.58748, -0.64235], [30.58608, -0.6427], [30.58447, -0.64279], [30.57774, -0.64245], [30.57009, -0.64275], [30.56566, -0.64305], [30.56479, -0.64296], [30.56134, -0.64302], [30.55943, -0.6426], [30.54312, -0.6369], [30.53736, -0.63503], [30.53519, -0.63491], [30.52608, -0.63512], [30.52141, -0.63528], [30.52026, -0.63544], [30.51874, -0.63593], [30.4881, -0.64822], [30.48664, -0.64918], [30.4857, -0.6501], [30.48286, -0.65417], [30.48184, -0.65502], [30.48084, -0.65552], [30.46721, -0.65856], [30.46117, -0.65915], [30.45859, -0.6597], [30.45664, -0.66042], [30.45492, -0.6613], [30.44579, -0.66719], [30.44416, -0.66797], [30.4104, -0.67839], [30.40868, -0.6787], [30.40301, -0.67907], [30.40168, -0.67947], [30.40099, -0.67982], [30.39254, -0.68671], [30.39156, -0.68764], [30.39069, -0.68909], [30.38944, -0.69365], [30.38862, -0.69531], [30.38779, -0.69641], [30.38224, -0.70285], [30.38142, -0.70396], [30.38079, -0.70523], [30.3804, -0.70651], [30.37811, -0.71763], [30.37738, -0.71922], [30.37659, -0.72024], [30.376, -0.72079], [30.372946, -0.722747], [30.371674, -0.723301], [30.359156, -0.726326], [30.357867, -0.726771], [30.35556, -0.728078], [30.350995, -0.730981], [30.349674, -0.732228], [30.348273, -0.733928], [30.347682, -0.734814], [30.345333, -0.739819], [30.345133, -0.740507], [30.34492, -0.742065], [30.344595, -0.742991], [30.3401, -0.750026], [30.337217, -0.751819], [30.335859, -0.752503], [30.334258, -0.753657], [30.333331, -0.754018], [30.331508, -0.754152], [30.33062, -0.754353], [30.329877, -0.754703], [30.328643, -0.755561], [30.327851, -0.755919], [30.326985, -0.756162], [30.32568, -0.756262], [30.324742, -0.756113], [30.32346, -0.755611], [30.32241, -0.754828], [30.321351, -0.753622], [30.320703, -0.753102], [30.31856, -0.752531], [30.317376, -0.752493], [30.316328, -0.752863], [30.315685, -0.753374], [30.315241, -0.75396], [30.314191, -0.755912], [30.313204, -0.756902], [30.312023, -0.757484], [30.308687, -0.758358], [30.307626, -0.75881], [30.306936, -0.759404], [30.306545, -0.759915], [30.304354, -0.764298], [30.303731, -0.765045], [30.292533, -0.77302], [30.289136, -0.775563], [30.288675, -0.776172], [30.288372, -0.776853], [30.287884, -0.780223], [30.287596, -0.781074], [30.287168, -0.781869], [30.286429, -0.782775], [30.281483, -0.787489], [30.280661, -0.788085], [30.27995, -0.788443], [30.278971, -0.788743], [30.277704, -0.788851], [30.269698, -0.787482], [30.269056, -0.787575], [30.268547, -0.787812], [30.267614, -0.788664], [30.267145, -0.789839], [30.263988, -0.801928], [30.263793, -0.803423], [30.263858, -0.804749], [30.264331, -0.806663], [30.268576, -0.817018], [30.270553, -0.822262], [30.274568, -0.839407], [30.274797, -0.840723], [30.274852, -0.841903], [30.27469, -0.84348], [30.274138, -0.845319], [30.273602, -0.84642], [30.271393, -0.849966], [30.270852, -0.851576], [30.270841, -0.853322], [30.272045, -0.859612], [30.272078, -0.860449], [30.271921, -0.861536], [30.271421, -0.862837], [30.269317, -0.866489], [30.269563, -0.866853], [30.269511, -0.867206], [30.268236, -0.870921], [30.267125, -0.873623], [30.266222, -0.876711], [30.265551, -0.87776], [30.265602, -0.879863], [30.26538, -0.881481]]}, "properties": {"lot_id": "OPRC-SOU-05", "lot_name": "Southern Region OPRC scope", "region": "Southern", "status": "Scoped under OPRC", "contractor": "TBD \u2014 scoping (FY25-26 NDPIV master)", "lot_total_km": 435.3, "road_no": "A002", "link_id": "A002_Link08", "link_name": "Mbarara (Bushenyi Junction) - Ntungamo", "length_km": 61.729}}, {"type": "Feature", "geometry": {"type": "LineString", "coordinates": [[31.154294, -0.405256], [31.15121, -0.40641], [31.14843, -0.40813], [31.14735, -0.40856], [31.13133, -0.41243], [31.12677, -0.41417], [31.119405, -0.418333], [31.111641, -0.422907], [31.107642, -0.426347], [31.106021, -0.427429], [31.089621, -0.435928], [31.070744, -0.444135], [31.056492, -0.451933], [31.050231, -0.455887], [31.048921, -0.456329], [31.046322, -0.456647], [31.044773, -0.457276], [31.043305, -0.458377], [31.035363, -0.465204], [31.034179, -0.465981], [31.025755, -0.469708], [31.024808, -0.46998], [31.016442, -0.471119], [31.015528, -0.471487], [31.011056, -0.473983], [31.00991, -0.474674], [31.009216, -0.475331], [31.00546, -0.479614], [31.004623, -0.480879], [31.003668, -0.483063], [31.003062, -0.483884], [31.001982, -0.484728], [30.995395, -0.489147], [30.99377, -0.4898], [30.992236, -0.490056], [30.990843, -0.490028], [30.987159, -0.489579], [30.985083, -0.489801], [30.984061, -0.490209], [30.983243, -0.490705], [30.980139, -0.493633], [30.979383, -0.494113], [30.978378, -0.494497], [30.97722, -0.494622], [30.969069, -0.494182], [30.955789, -0.495168], [30.954321, -0.494971], [30.941766, -0.492553], [30.94041, -0.492566], [30.936471, -0.493188], [30.93357, -0.492833], [30.932425, -0.492838], [30.931512, -0.492995], [30.928059, -0.494053], [30.926636, -0.494369], [30.910392, -0.496383], [30.909137, -0.496624], [30.907588, -0.497286], [30.905269, -0.49897], [30.90428, -0.499558], [30.89674, -0.50318], [30.895348, -0.503588], [30.89406, -0.503612], [30.892896, -0.503359], [30.891791, -0.502822], [30.878214, -0.493691], [30.87704, -0.492563], [30.873725, -0.488297], [30.872777, -0.487396], [30.871716, -0.486621], [30.869799, -0.485654], [30.868124, -0.485178], [30.866408, -0.484982], [30.864373, -0.485058], [30.862194, -0.48566], [30.860748, -0.486372], [30.855626, -0.490262], [30.854547, -0.491265], [30.853695, -0.492585], [30.853292, -0.493707], [30.852671, -0.498212], [30.852361, -0.499371], [30.851777, -0.500514], [30.850961, -0.501553], [30.850058, -0.502312], [30.841457, -0.508222], [30.840396, -0.508825], [30.839198, -0.509279], [30.838145, -0.509506], [30.836874, -0.509617], [30.807303, -0.511602], [30.791399, -0.510542], [30.77263, -0.51088], [30.771259, -0.51119], [30.77049, -0.5115], [30.766117, -0.514076], [30.764268, -0.514761], [30.763079, -0.514937], [30.761984, -0.514947], [30.758936, -0.514369], [30.757827, -0.514292], [30.756341, -0.514426], [30.755085, -0.514783], [30.753961, -0.515317], [30.752922, -0.516032], [30.747911, -0.520195], [30.746763, -0.520879], [30.745747, -0.52128], [30.744282, -0.521604], [30.736296, -0.522592], [30.73454, -0.523071], [30.718851, -0.531187], [30.717965, -0.531797], [30.717276, -0.532451], [30.716281, -0.53396], [30.715326, -0.536484], [30.713701, -0.54387], [30.713592, -0.544952], [30.713663, -0.545783], [30.714268, -0.54774], [30.714378, -0.548499], [30.714332, -0.549169], [30.714101, -0.549966], [30.713579, -0.550861], [30.705236, -0.562641], [30.703891, -0.564063], [30.696955, -0.570766], [30.695827, -0.57157], [30.690873, -0.574522], [30.689238, -0.575768], [30.683836, -0.58166], [30.682936, -0.582472], [30.681768, -0.583218], [30.677999, -0.585006], [30.677006, -0.58573], [30.674939, -0.58753], [30.668373, -0.591242], [30.667106, -0.592251], [30.665908, -0.59376], [30.665196, -0.595238], [30.663922, -0.599347], [30.66321, -0.602432], [30.663251, -0.60283], [30.663096, -0.603078], [30.662906, -0.603982], [30.660854, -0.60845], [30.660773, -0.610718], [30.66053, -0.612056], [30.659033, -0.615151], [30.658818, -0.615396], [30.658274, -0.6157], [30.655474, -0.616399], [30.652346, -0.616523], [30.650337, -0.617057], [30.649308, -0.617219]]}, "properties": {"lot_id": "OPRC-SOU-05", "lot_name": "Southern Region OPRC scope", "region": "Southern", "status": "Scoped under OPRC", "contractor": "TBD \u2014 scoping (FY25-26 NDPIV master)", "lot_total_km": 435.3, "road_no": "A002", "link_id": "A002_Link07", "link_name": "Lyantonde - Mbarara (Bushenyi Junction)", "length_km": 67.306}}, {"type": "Feature", "geometry": {"type": "MultiLineString", "coordinates": [[[29.802565, -1.205199], [29.802287, -1.205082]], [[29.802287, -1.205081], [29.801823, -1.205213], [29.801571, -1.205448], [29.801555, -1.205613], [29.802098, -1.206583], [29.802015, -1.206962], [29.801483, -1.207857], [29.801414, -1.208096], [29.801527, -1.208408], [29.802112, -1.208546], [29.803731, -1.208267], [29.803881, -1.208308], [29.804232, -1.208798], [29.804586, -1.208825], [29.805022, -1.208441], [29.805536, -1.207285], [29.805911, -1.206938], [29.806283, -1.206813], [29.806566, -1.206874], [29.806974, -1.207167], [29.807735, -1.207361], [29.807978, -1.207833], [29.807794, -1.208306], [29.807362, -1.208684], [29.806103, -1.210229], [29.80578, -1.21091], [29.805719, -1.211899], [29.804624, -1.2131], [29.804427, -1.213671], [29.804552, -1.213933], [29.805208, -1.213964], [29.805951, -1.21432], [29.8061, -1.214523], [29.806002, -1.215092], [29.806111, -1.2155], [29.806054, -1.215757], [29.80498, -1.216124], [29.804835, -1.216296], [29.804914, -1.216658], [29.805525, -1.216957], [29.805615, -1.217405], [29.80523, -1.218304], [29.804395, -1.219286], [29.804492, -1.21963], [29.805438, -1.220049], [29.805485, -1.220321], [29.805101, -1.220672], [29.804541, -1.220916], [29.804002, -1.220768], [29.801943, -1.220913], [29.801785, -1.221056], [29.801581, -1.221599], [29.800579, -1.222095], [29.800498, -1.222328], [29.80065, -1.222559], [29.80152, -1.223029], [29.801531, -1.223301], [29.801135, -1.22372], [29.801191, -1.223888], [29.802126, -1.22434], [29.802923, -1.22519], [29.803797, -1.225311], [29.803977, -1.225442], [29.804694, -1.227092], [29.805663, -1.2284], [29.805896, -1.229311], [29.806106, -1.229658], [29.806879, -1.230048], [29.807816, -1.230269], [29.808114, -1.230494], [29.808944, -1.231553], [29.809241, -1.232244], [29.809837, -1.232815], [29.809992, -1.233103], [29.809981, -1.234506], [29.810674, -1.235525], [29.810953, -1.236866], [29.811572, -1.237418], [29.811889, -1.238124], [29.8119, -1.238303], [29.811555, -1.238784], [29.811544, -1.238974], [29.812024, -1.240508], [29.811961, -1.241368], [29.811768, -1.241981], [29.811543, -1.242381], [29.810561, -1.242849], [29.809781, -1.244794], [29.808812, -1.245148], [29.808243, -1.245227], [29.808083, -1.245464], [29.808075, -1.245832], [29.808615, -1.247226], [29.808386, -1.248128], [29.808463, -1.248901], [29.808692, -1.24944], [29.80821, -1.25012], [29.808041, -1.250615], [29.807995, -1.250945], [29.808166, -1.251684], [29.806371, -1.252004], [29.804851, -1.25193], [29.803909, -1.252099], [29.803312, -1.251788], [29.802748, -1.251755], [29.802176, -1.252025], [29.801412, -1.252064], [29.800668, -1.252332], [29.799785, -1.253071], [29.799703, -1.253288], [29.799757, -1.253689], [29.80009, -1.254246], [29.801677, -1.255001], [29.804115, -1.254579], [29.804942, -1.254613], [29.805564, -1.254829], [29.805891, -1.25513], [29.806086, -1.255633], [29.806351, -1.256667], [29.806239, -1.256915], [29.806001, -1.256844], [29.805748, -1.255665], [29.805385, -1.255301], [29.80481, -1.255121], [29.80305, -1.255495], [29.801212, -1.256625], [29.800299, -1.257486], [29.799961, -1.257527], [29.799568, -1.257379], [29.799091, -1.257605], [29.798834, -1.257555], [29.797898, -1.256872], [29.797677, -1.256567], [29.797381, -1.255757], [29.797186, -1.255553], [29.796225, -1.255305], [29.795509, -1.255454], [29.79463, -1.254279], [29.793728, -1.254066], [29.793617, -1.253829], [29.793611, -1.253096], [29.793347, -1.252576], [29.793085, -1.25224], [29.792337, -1.251899], [29.792039, -1.251501], [29.79166, -1.251334], [29.79122, -1.251317], [29.790383, -1.252677], [29.790119, -1.252921], [29.789919, -1.252902], [29.789731, -1.252579], [29.78991, -1.251356], [29.789802, -1.250997], [29.789596, -1.250978], [29.788832, -1.251754], [29.788587, -1.251746], [29.788106, -1.251215], [29.788101, -1.250666], [29.787807, -1.250205], [29.787352, -1.249742], [29.786448, -1.249437], [29.785887, -1.248651], [29.78559, -1.248541], [29.784296, -1.249017], [29.783915, -1.249035], [29.783851, -1.24784], [29.783593, -1.247466], [29.78326, -1.247336], [29.782633, -1.247465], [29.781687, -1.247387], [29.781144, -1.246858], [29.780228, -1.246565], [29.779702, -1.24582], [29.779035, -1.245625], [29.778507, -1.245141], [29.77825, -1.245306], [29.778148, -1.245751], [29.778407, -1.247327], [29.778225, -1.247516], [29.777712, -1.247652], [29.777442, -1.247995], [29.776575, -1.248511], [29.77634, -1.248347], [29.776004, -1.247289], [29.775784, -1.247234], [29.775807, -1.247663], [29.776146, -1.248635], [29.776437, -1.248803], [29.777514, -1.248733], [29.778779, -1.248046], [29.779078, -1.247628], [29.779397, -1.247572], [29.780193, -1.24847], [29.781663, -1.249096], [29.781853, -1.249357], [29.781839, -1.250591], [29.781935, -1.250783], [29.782702, -1.251196], [29.783459, -1.251386], [29.783684, -1.251625], [29.783687, -1.252003], [29.783353, -1.252635], [29.782619, -1.25309], [29.781692, -1.25392], [29.781764, -1.254176], [29.782562, -1.254755], [29.782495, -1.255039], [29.780727, -1.255133], [29.780286, -1.255543], [29.780021, -1.255639], [29.778231, -1.255716], [29.776701, -1.25559], [29.776426, -1.255841], [29.776326, -1.256553], [29.77537, -1.257485], [29.774989, -1.25821], [29.774687, -1.258451], [29.774072, -1.258632], [29.773998, -1.259209], [29.772599, -1.259279], [29.771675, -1.259143], [29.771349, -1.259286], [29.771494, -1.259884], [29.77264, -1.260716], [29.77273, -1.261195], [29.772518, -1.261457], [29.771582, -1.261888], [29.770806, -1.261555], [29.770663, -1.261674], [29.77069, -1.261986], [29.770876, -1.26233], [29.772177, -1.263648], [29.772291, -1.264528], [29.773001, -1.266679], [29.77349, -1.267345], [29.773626, -1.26794], [29.773215, -1.271086], [29.773268, -1.273446], [29.773059, -1.275196], [29.772842, -1.275247], [29.772335, -1.274791], [29.771492, -1.274297], [29.770391, -1.27411], [29.769292, -1.273438], [29.768892, -1.272826], [29.767585, -1.272132], [29.766067, -1.27197], [29.76535, -1.271644], [29.763661, -1.272054], [29.763251, -1.272538], [29.763222, -1.273056], [29.763826, -1.275456], [29.763832, -1.276089], [29.764022, -1.276374], [29.764471, -1.276558], [29.764657, -1.276841], [29.764664, -1.277543], [29.7644, -1.27799], [29.764441, -1.278657], [29.764513, -1.278905], [29.76515, -1.279404], [29.765394, -1.279865], [29.765448, -1.280471], [29.765802, -1.281111], [29.766078, -1.282255], [29.765962, -1.282659], [29.765736, -1.282572], [29.76563, -1.281509], [29.765444, -1.281128], [29.765082, -1.280752], [29.764815, -1.279929], [29.764357, -1.279714], [29.764005, -1.279813], [29.763766, -1.280054], [29.763712, -1.280677], [29.76392, -1.281142], [29.763916, -1.28146], [29.763337, -1.282148], [29.76298, -1.282375], [29.762417, -1.282477], [29.761918, -1.282387], [29.761655, -1.282205], [29.761414, -1.281697], [29.761618, -1.280737], [29.761122, -1.279936], [29.761214, -1.279053], [29.759899, -1.275266], [29.75886, -1.274246], [29.758674, -1.273504], [29.758472, -1.273195], [29.757184, -1.272439], [29.756368, -1.271766], [29.756045, -1.271674], [29.75549, -1.271872], [29.753494, -1.273915], [29.752206, -1.275433], [29.751534, -1.275852], [29.750864, -1.276046], [29.747626, -1.276409], [29.745519, -1.277425], [29.743489, -1.278071], [29.734762, -1.280243], [29.733279, -1.280815], [29.73181, -1.281676], [29.730733, -1.281749], [29.727182, -1.28152], [29.725133, -1.281771], [29.722703, -1.281731], [29.719674, -1.282269], [29.717677, -1.282167], [29.716274, -1.282518], [29.714508, -1.282391], [29.713083, -1.282449], [29.711873, -1.282853], [29.710852, -1.283756], [29.710523, -1.283903], [29.709872, -1.283819], [29.708716, -1.283175], [29.7083, -1.283061], [29.703292, -1.283054], [29.699584, -1.282529], [29.696913, -1.282449], [29.690268, -1.282736], [29.688227, -1.283387]], [[29.688227, -1.283387], [29.688054, -1.283437]]]}, "properties": {"lot_id": "OPRC-SOU-05", "lot_name": "Southern Region OPRC scope", "region": "Southern", "status": "Scoped under OPRC", "contractor": "TBD \u2014 scoping (FY25-26 NDPIV master)", "lot_total_km": 435.3, "road_no": "B153", "link_id": "B153_Link02", "link_name": "Muko - Nyakabande - Kisoro", "length_km": 33.845}}, {"type": "Feature", "geometry": {"type": "LineString", "coordinates": [[29.688054, -1.283437], [29.685444, -1.284252], [29.684701, -1.284386], [29.684086, -1.284189], [29.680939, -1.282425], [29.680558, -1.28207], [29.680388, -1.281642], [29.680241, -1.28088], [29.680301, -1.279962], [29.680022, -1.279804], [29.679086, -1.279702], [29.678226, -1.27941], [29.675828, -1.277851], [29.674793, -1.276985], [29.674272, -1.276345], [29.67153, -1.273688], [29.66995, -1.272827], [29.66891, -1.271451], [29.668737, -1.271064], [29.666776, -1.269728], [29.664883, -1.268636], [29.664084, -1.268554], [29.662695, -1.268758], [29.658511, -1.268138], [29.653321, -1.268331], [29.651822, -1.268292], [29.651147, -1.268542], [29.650096, -1.269499], [29.642878, -1.276672], [29.641666, -1.278829], [29.640861, -1.280558], [29.640488, -1.280998], [29.640008, -1.281144], [29.637291, -1.281171], [29.636024, -1.281723], [29.635395, -1.282151], [29.635105, -1.282532], [29.634914, -1.282875], [29.634584, -1.2842], [29.634, -1.284914], [29.630002, -1.28742], [29.624393, -1.291266], [29.618264, -1.292092], [29.615697, -1.292625], [29.612085, -1.293808], [29.609316, -1.294489], [29.606926, -1.294438], [29.605771, -1.294175], [29.603769, -1.294272], [29.599781, -1.29418], [29.598563, -1.295103], [29.598182, -1.29568]]}, "properties": {"lot_id": "OPRC-SOU-05", "lot_name": "Southern Region OPRC scope", "region": "Southern", "status": "Scoped under OPRC", "contractor": "TBD \u2014 scoping (FY25-26 NDPIV master)", "lot_total_km": 435.3, "road_no": "B153", "link_id": "B153_Link03", "link_name": "Kisoro - Bunagana", "length_km": 12.026}}, {"type": "Feature", "geometry": {"type": "LineString", "coordinates": [[29.974017, -1.244764], [29.971781, -1.243955], [29.971012, -1.243567], [29.970574, -1.243198], [29.969669, -1.241979], [29.968752, -1.240297], [29.967354, -1.238549], [29.963968, -1.23358], [29.961974, -1.231662], [29.959779, -1.229784], [29.958078, -1.228861], [29.956179, -1.227373], [29.955554, -1.226157], [29.955417, -1.224775], [29.954242, -1.223295], [29.953723, -1.223151], [29.952491, -1.223419], [29.952041, -1.223403], [29.951748, -1.223044], [29.951447, -1.221667], [29.951117, -1.220984], [29.947727, -1.217976], [29.946471, -1.217232], [29.944679, -1.216547], [29.944399, -1.216526], [29.942927, -1.216882], [29.941861, -1.216639], [29.94148, -1.216417], [29.940652, -1.215439], [29.93842, -1.213377], [29.937846, -1.212197], [29.937326, -1.211898], [29.936442, -1.211956], [29.935973, -1.211819], [29.935617, -1.211445], [29.935529, -1.21094], [29.935653, -1.209048], [29.935135, -1.207775], [29.934873, -1.206387], [29.93417, -1.204406], [29.934117, -1.202891], [29.933782, -1.201984], [29.933079, -1.200886], [29.932267, -1.200101], [29.930739, -1.199341], [29.929511, -1.199044], [29.927631, -1.197542], [29.927479, -1.197267], [29.927705, -1.196833], [29.928783, -1.195993], [29.928936, -1.195741], [29.928479, -1.192996], [29.927317, -1.189299], [29.926954, -1.188795], [29.925748, -1.187693], [29.92559, -1.187291], [29.926385, -1.185614], [29.926649, -1.184368], [29.926897, -1.182023], [29.927295, -1.181315], [29.927861, -1.180891], [29.928976, -1.177707], [29.928738, -1.176217], [29.928712, -1.174115], [29.92805, -1.172101], [29.927968, -1.171458], [29.928047, -1.170791], [29.928728, -1.169228], [29.928796, -1.168674], [29.928263, -1.16677], [29.926911, -1.163669], [29.926714, -1.162553], [29.926749, -1.161224], [29.926478, -1.160049], [29.925382, -1.158229], [29.924854, -1.156799], [29.924713, -1.155872], [29.923626, -1.154379], [29.9225, -1.1523], [29.921884, -1.151491], [29.921505, -1.151185], [29.919339, -1.150131], [29.918969, -1.149816], [29.918665, -1.149093], [29.918752, -1.148115], [29.918625, -1.1478], [29.91731, -1.146379], [29.916386, -1.145061], [29.9148, -1.143593], [29.913324, -1.141891], [29.912862, -1.141251], [29.912038, -1.139589], [29.910367, -1.138129], [29.909514, -1.136418], [29.908227, -1.135295], [29.908079, -1.134926], [29.908005, -1.134026], [29.908051, -1.133223], [29.908268, -1.13252], [29.908103, -1.132131], [29.907337, -1.13139], [29.906479, -1.129766], [29.905984, -1.128372], [29.904456, -1.128077], [29.903254, -1.127554], [29.902103, -1.127552], [29.900271, -1.1279], [29.899683, -1.12774], [29.899293, -1.127445], [29.898483, -1.125801], [29.896562, -1.123255], [29.89569, -1.120949], [29.895116, -1.120317], [29.895004, -1.120048], [29.895341, -1.119109], [29.895575, -1.117828], [29.895567, -1.117469], [29.895363, -1.117155], [29.895098, -1.117131], [29.894797, -1.11748], [29.894849, -1.118436], [29.894637, -1.11926], [29.893713, -1.11958], [29.89357, -1.119855], [29.893715, -1.120508], [29.894532, -1.121147], [29.894482, -1.121401], [29.894179, -1.121557], [29.893604, -1.121623], [29.892775, -1.121567], [29.892258, -1.122462], [29.891298, -1.123151], [29.890327, -1.123309], [29.889369, -1.123099], [29.889257, -1.1233], [29.889339, -1.124064], [29.889231, -1.12437], [29.888246, -1.124923], [29.887895, -1.125469], [29.88766, -1.125613], [29.88669, -1.125499], [29.885974, -1.125262], [29.884086, -1.125285], [29.882265, -1.124415], [29.87959, -1.123637], [29.877873, -1.1229], [29.875152, -1.123147], [29.874833, -1.123263], [29.874453, -1.123637], [29.874113, -1.123497], [29.873825, -1.123516], [29.873009, -1.123779], [29.872646, -1.124096], [29.87228, -1.124158], [29.871676, -1.124049], [29.871133, -1.124312], [29.870851, -1.124622], [29.870703, -1.125168], [29.87078, -1.126266], [29.870003, -1.127859], [29.870155, -1.128443], [29.870062, -1.129402], [29.87048, -1.130605], [29.869516, -1.131438], [29.86943, -1.133021], [29.86926, -1.133435], [29.868847, -1.133879], [29.868627, -1.1347], [29.86857, -1.135084], [29.868965, -1.136543], [29.868954, -1.136981], [29.869314, -1.137423], [29.869364, -1.137774], [29.869244, -1.138173], [29.868902, -1.138633], [29.868933, -1.139194], [29.868606, -1.139612], [29.868675, -1.141146], [29.868555, -1.141522], [29.868302, -1.14181], [29.868182, -1.142364], [29.86794, -1.142554], [29.867689, -1.142542], [29.866629, -1.141799], [29.864199, -1.141223], [29.862702, -1.141829], [29.862509, -1.142868], [29.861843, -1.143411], [29.861288, -1.143426], [29.859101, -1.14238], [29.858755, -1.142443], [29.858635, -1.142679], [29.858857, -1.14352], [29.858881, -1.143835], [29.858769, -1.144044], [29.858464, -1.144311], [29.857609, -1.144554], [29.857204, -1.145497], [29.856788, -1.14588], [29.855431, -1.146466], [29.853905, -1.147306], [29.853732, -1.147519], [29.853397, -1.148592], [29.853006, -1.149053], [29.851781, -1.149554], [29.851708, -1.149794], [29.85185, -1.150349], [29.851863, -1.151133], [29.851089, -1.152218], [29.850106, -1.153074], [29.849573, -1.154015], [29.849326, -1.154914], [29.849382, -1.155385], [29.849712, -1.156306], [29.850424, -1.157309], [29.850364, -1.157941], [29.849832, -1.158684], [29.849104, -1.159293], [29.846799, -1.161896], [29.846693, -1.16223], [29.846728, -1.163411], [29.84611, -1.164296], [29.845886, -1.165277], [29.845616, -1.165476], [29.845151, -1.165576], [29.844692, -1.165909], [29.843907, -1.166877], [29.843745, -1.167755], [29.84264, -1.169108], [29.842728, -1.169457], [29.843528, -1.169911], [29.843568, -1.170152], [29.843453, -1.170402], [29.843048, -1.17067], [29.842399, -1.170755], [29.841737, -1.170999], [29.841324, -1.171405], [29.841397, -1.171797], [29.841624, -1.172092], [29.84246, -1.172218], [29.842641, -1.17236], [29.84273, -1.17265], [29.842324, -1.173966], [29.841643, -1.175491], [29.841688, -1.176247], [29.842172, -1.177613], [29.84208, -1.178349], [29.84177, -1.179362], [29.841855, -1.180658], [29.842843, -1.182554], [29.843347, -1.184242], [29.844282, -1.185784], [29.844277, -1.186139], [29.843899, -1.18694], [29.84396, -1.187244], [29.844268, -1.187589], [29.845132, -1.18753], [29.846065, -1.188358], [29.84626, -1.188658], [29.846103, -1.189846], [29.846183, -1.190737], [29.846105, -1.192261], [29.845616, -1.194548], [29.845235, -1.195332], [29.844505, -1.196056], [29.844244, -1.19606], [29.843178, -1.195548], [29.842414, -1.194949], [29.841644, -1.194895], [29.84115, -1.194344], [29.84073, -1.194176], [29.840051, -1.194351], [29.839361, -1.194768], [29.83819, -1.194931], [29.837812, -1.194867], [29.83703, -1.194321], [29.836661, -1.194316], [29.836158, -1.195154], [29.835545, -1.195511], [29.835405, -1.196133], [29.835236, -1.196278], [29.834127, -1.196276], [29.832944, -1.195831], [29.832612, -1.196044], [29.832485, -1.196276], [29.832524, -1.197006], [29.832701, -1.197555], [29.833053, -1.197938], [29.834091, -1.198589], [29.835354, -1.199062], [29.836635, -1.199035], [29.837345, -1.199172], [29.837786, -1.1995], [29.837912, -1.199934], [29.837428, -1.200926], [29.836383, -1.201675], [29.835781, -1.20262], [29.833851, -1.204038], [29.833552, -1.204369], [29.833164, -1.205985], [29.83323, -1.206928], [29.833153, -1.207345], [29.832889, -1.207807], [29.832279, -1.20824], [29.832158, -1.208464], [29.832475, -1.209719], [29.831897, -1.210601], [29.831654, -1.211473], [29.831632, -1.21231], [29.831508, -1.212527], [29.831103, -1.212621], [29.830431, -1.212403], [29.823712, -1.209681], [29.82126, -1.207602], [29.819899, -1.207194], [29.819065, -1.206469], [29.818135, -1.20619], [29.817569, -1.205731], [29.816978, -1.20553], [29.816676, -1.205074], [29.816357, -1.204144], [29.815379, -1.203094], [29.814673, -1.201318], [29.814425, -1.201107], [29.813851, -1.200932], [29.813336, -1.200897], [29.813111, -1.20103], [29.812845, -1.202145], [29.812652, -1.202478], [29.811002, -1.204447], [29.810058, -1.205168], [29.809474, -1.205328], [29.807808, -1.204817], [29.806053, -1.204791], [29.80563, -1.204996], [29.80518, -1.205455], [29.804346, -1.206956], [29.80413, -1.207045], [29.803735, -1.206823], [29.803532, -1.206827], [29.803161, -1.207201], [29.802984, -1.207238], [29.802811, -1.207122], [29.802366, -1.20594], [29.802416, -1.205669], [29.802632, -1.205399], [29.802565, -1.205199]]}, "properties": {"lot_id": "OPRC-SOU-05", "lot_name": "Southern Region OPRC scope", "region": "Southern", "status": "Scoped under OPRC", "contractor": "TBD \u2014 scoping (FY25-26 NDPIV master)", "lot_total_km": 435.3, "road_no": "B153", "link_id": "B153_Link01", "link_name": "Kabale - Ikumba - Muko", "length_km": 41.999}}, {"type": "Feature", "geometry": {"type": "LineString", "coordinates": [[30.500839, -0.130673], [30.501206, -0.130921], [30.504247, -0.131312], [30.506877, -0.131884], [30.508351, -0.132558], [30.510067, -0.133942], [30.510832, -0.134214], [30.51175, -0.134199], [30.512761, -0.133983], [30.515564, -0.132781], [30.516497, -0.132634], [30.517179, -0.132614], [30.518358, -0.132991], [30.519562, -0.133191], [30.521519, -0.133126], [30.523217, -0.133799], [30.524112, -0.133982], [30.525415, -0.133775], [30.526985, -0.133979], [30.529311, -0.132912], [30.530929, -0.132877], [30.5316, -0.133247], [30.532329, -0.134483], [30.53292, -0.135226], [30.534631, -0.136752], [30.535196, -0.137011], [30.536591, -0.137292], [30.538636, -0.137969], [30.539215, -0.137877], [30.540731, -0.137259], [30.543118, -0.135734], [30.546252, -0.134535], [30.548401, -0.134593], [30.549462, -0.134454], [30.551612, -0.134446], [30.554217, -0.135619], [30.555399, -0.135917], [30.555947, -0.135852], [30.557061, -0.135436], [30.55829, -0.134743], [30.559131, -0.13458], [30.560469, -0.134622], [30.561263, -0.134031], [30.563951, -0.131427], [30.564569, -0.131188], [30.568107, -0.130628], [30.56857, -0.130416], [30.568971, -0.129656], [30.569207, -0.127924], [30.569653, -0.127146], [30.572245, -0.124278], [30.575449, -0.121859], [30.577311, -0.120942], [30.578517, -0.120911], [30.579054, -0.120778], [30.580307, -0.120146], [30.582141, -0.119465], [30.584598, -0.118175], [30.587024, -0.117212], [30.588716, -0.11626], [30.590252, -0.114994], [30.592303, -0.11447], [30.594547, -0.113307], [30.596406, -0.112683], [30.598896, -0.111483], [30.599733, -0.110958], [30.600818, -0.109748], [30.601558, -0.109322], [30.603, -0.108967], [30.604843, -0.108754], [30.607778, -0.109115], [30.608693, -0.108806], [30.61026, -0.107634], [30.610839, -0.107413], [30.611606, -0.107491], [30.613616, -0.108122], [30.617568, -0.108639], [30.618008, -0.108612], [30.618691, -0.108369], [30.620498, -0.107469], [30.621231, -0.106893], [30.622415, -0.105314], [30.624063, -0.103682], [30.624801, -0.102714], [30.625578, -0.100664], [30.626038, -0.098937], [30.626328, -0.098392], [30.626918, -0.098008], [30.633538, -0.098733], [30.638443, -0.098604], [30.639423, -0.098459], [30.642745, -0.097274], [30.645781, -0.096687], [30.647858, -0.096835], [30.650372, -0.097308], [30.653293, -0.097405], [30.655823, -0.097202], [30.657669, -0.097395], [30.661654, -0.096656], [30.663539, -0.096771], [30.664952, -0.096558], [30.66761, -0.095377], [30.668295, -0.095242], [30.672285, -0.09548], [30.673214, -0.095788], [30.674116, -0.096244], [30.674817, -0.096405], [30.675598, -0.096426], [30.677601, -0.09615], [30.67923, -0.096732], [30.682218, -0.096665], [30.682686, -0.096772], [30.685244, -0.097913], [30.688649, -0.097118], [30.690121, -0.096964], [30.690773, -0.096784], [30.691565, -0.096292], [30.692435, -0.095421], [30.693466, -0.094816], [30.693978, -0.09468], [30.695488, -0.094801], [30.696182, -0.094568], [30.698003, -0.093125], [30.69917, -0.092414], [30.69954, -0.092003], [30.700051, -0.090919], [30.70045, -0.090435], [30.702318, -0.089059], [30.70374, -0.088387], [30.704268, -0.087993], [30.704688, -0.087399], [30.706053, -0.08441], [30.706576, -0.083842], [30.70986, -0.083282], [30.715203, -0.083406], [30.716646, -0.083324], [30.718603, -0.082956], [30.720366, -0.08207], [30.721518, -0.081686], [30.724153, -0.081498], [30.726626, -0.080773], [30.727522, -0.080316], [30.729564, -0.078774], [30.732725, -0.077296], [30.733869, -0.076452], [30.735628, -0.074822], [30.737182, -0.073684], [30.73891, -0.072609], [30.740899, -0.071809], [30.742035, -0.071106], [30.74395, -0.069415], [30.745847, -0.068242], [30.748246, -0.066272], [30.750171, -0.06509], [30.750674, -0.064526], [30.752426, -0.061628], [30.753089, -0.059195], [30.75373, -0.058067]]}, "properties": {"lot_id": "OPRC-SOU-05", "lot_name": "Southern Region OPRC scope", "region": "Southern", "status": "Scoped under OPRC", "contractor": "TBD \u2014 scoping (FY25-26 NDPIV master)", "lot_total_km": 435.3, "road_no": "C356", "link_id": "C356_Link01", "link_name": "Ibanda - Kanoni - Kazo", "length_km": 32.433}}, {"type": "Feature", "geometry": {"type": "LineString", "coordinates": [[30.75373, -0.058067], [30.754212, -0.057328], [30.755658, -0.052027], [30.756249, -0.050576], [30.756588, -0.049132], [30.75744, -0.046609], [30.758632, -0.044025], [30.758985, -0.041959], [30.760274, -0.039723], [30.760304, -0.039302], [30.759962, -0.037821], [30.760093, -0.037168], [30.76127, -0.035637], [30.762637, -0.033512], [30.763908, -0.030619], [30.765177, -0.028513], [30.767537, -0.026797], [30.769324, -0.025067], [30.772818, -0.022536], [30.773316, -0.021979], [30.774635, -0.01803], [30.775379, -0.016967], [30.776207, -0.015118], [30.776541, -0.013027], [30.777531, -0.011356], [30.778188, -0.009695], [30.778473, -0.006215], [30.780188, -0.00269], [30.781351, -0.000782], [30.78156, 0.000349], [30.782349, 0.002793], [30.782299, 0.003951], [30.782415, 0.004852], [30.783003, 0.006823], [30.783692, 0.007949], [30.785308, 0.010107], [30.78616, 0.012198], [30.786692, 0.013001], [30.787611, 0.013714], [30.789277, 0.014307], [30.790716, 0.015335], [30.792723, 0.015708], [30.793506, 0.016018], [30.794775, 0.016914], [30.798348, 0.020112], [30.802692, 0.023446], [30.803464, 0.023778], [30.804613, 0.023907], [30.805893, 0.023854], [30.806858, 0.024073], [30.807784, 0.024614], [30.808182, 0.025337], [30.808465, 0.025586], [30.810122, 0.02655], [30.812379, 0.027414], [30.815635, 0.029455], [30.817528, 0.031278], [30.822299, 0.036617], [30.823449, 0.037522], [30.824817, 0.038839], [30.825367, 0.039229], [30.827271, 0.040116], [30.829146, 0.041164], [30.830567, 0.042376], [30.832934, 0.043861], [30.833266, 0.044274], [30.833836, 0.045535], [30.835059, 0.047734], [30.837381, 0.05004], [30.83788, 0.05074], [30.838323, 0.051716], [30.839112, 0.052666], [30.83992, 0.052894], [30.842424, 0.053235], [30.84375, 0.053084], [30.845313, 0.052573], [30.845961, 0.052566], [30.850621, 0.054047], [30.851114, 0.054096], [30.852713, 0.053897], [30.853823, 0.054096], [30.860056, 0.056296], [30.861473, 0.057161], [30.863277, 0.059545], [30.863973, 0.060288], [30.864866, 0.061002], [30.868585, 0.063067], [30.871419, 0.065146], [30.874634, 0.066634], [30.875324, 0.067173], [30.876161, 0.068316], [30.878394, 0.070654], [30.879538, 0.072228], [30.881138, 0.073743], [30.882557, 0.076471], [30.883486, 0.077949], [30.884936, 0.079268], [30.886726, 0.080116], [30.886892, 0.080491], [30.886825, 0.081662], [30.887027, 0.082089], [30.890152, 0.085467], [30.891583, 0.086824], [30.89211, 0.08802], [30.892732, 0.091858], [30.893472, 0.093232], [30.895271, 0.095963], [30.896116, 0.096502], [30.898219, 0.097025], [30.899134, 0.09745], [30.900864, 0.098613], [30.902954, 0.099788], [30.905118, 0.101392], [30.907571, 0.102834], [30.908059, 0.103376], [30.909776, 0.107541], [30.91043, 0.109899], [30.910345, 0.112441], [30.910524, 0.113605], [30.910556, 0.11524], [30.910494, 0.120854], [30.910322, 0.121485], [30.909639, 0.122845], [30.908299, 0.125039], [30.907908, 0.126568], [30.908119, 0.127751], [30.908968, 0.129673], [30.909516, 0.130446]]}, "properties": {"lot_id": "OPRC-SOU-05", "lot_name": "Southern Region OPRC scope", "region": "Southern", "status": "Scoped under OPRC", "contractor": "TBD \u2014 scoping (FY25-26 NDPIV master)", "lot_total_km": 435.3, "road_no": "C356", "link_id": "C356_Link02", "link_name": "Kazo - Buremba", "length_km": 29.938}}, {"type": "Feature", "geometry": {"type": "LineString", "coordinates": [[30.681516, -0.583337], [30.679155, -0.583337], [30.674597, -0.582536], [30.668258, -0.582376], [30.66689, -0.582171], [30.664729, -0.581649], [30.663542, -0.581522], [30.660662, -0.581742], [30.658527, -0.581532], [30.656882, -0.581685], [30.653856, -0.58265], [30.651967, -0.583383], [30.65015, -0.584359], [30.647633, -0.586157], [30.642444, -0.588449], [30.639297, -0.589137], [30.636649, -0.590338], [30.63561, -0.590602], [30.634611, -0.590582], [30.632872, -0.590176], [30.63188, -0.590164], [30.631258, -0.590283], [30.62657, -0.59205], [30.62444, -0.593118], [30.622921, -0.594425], [30.621858, -0.595753], [30.621155, -0.597114], [30.619363, -0.601707], [30.617888, -0.604579], [30.616986, -0.605998], [30.612002, -0.612314], [30.611423, -0.61328], [30.611211, -0.61375], [30.610935, -0.615344], [30.610965, -0.618722], [30.610748, -0.619516], [30.610204, -0.620426], [30.609443, -0.621108], [30.60554, -0.623179], [30.604028, -0.624351], [30.602979, -0.625814], [30.598458, -0.633238], [30.596376, -0.6358], [30.595311, -0.63686], [30.594377, -0.6376], [30.589797, -0.641055], [30.588107, -0.642104]]}, "properties": {"lot_id": "OPRC-SOU-05", "lot_name": "Southern Region OPRC scope", "region": "Southern", "status": "Scoped under OPRC", "contractor": "TBD \u2014 scoping (FY25-26 NDPIV master)", "lot_total_km": 435.3, "road_no": "C390", "link_id": "C390_Link01", "link_name": "Mbarara Bypass", "length_km": 14.0}}, {"type": "Feature", "geometry": {"type": "LineString", "coordinates": [[30.58447, -0.64279], [30.5862, -0.64258], [30.587006, -0.642362], [30.588798, -0.641591], [30.595554, -0.636519], [30.596815, -0.635153], [30.598483, -0.633005], [30.59866, -0.632544], [30.598961, -0.632226], [30.603078, -0.625469], [30.603809, -0.6245], [30.60508, -0.623378], [30.609277, -0.621097], [30.61021, -0.620233], [30.610695, -0.619387], [30.610937, -0.618545], [30.610926, -0.615094], [30.61105, -0.614127], [30.611449, -0.613056], [30.612274, -0.611854], [30.616767, -0.60612], [30.61792, -0.604385], [30.61916, -0.601997], [30.621115, -0.597007], [30.6219, -0.595557], [30.623274, -0.593938], [30.62488, -0.592742], [30.625971, -0.592201], [30.631226, -0.590206], [30.632537, -0.590079], [30.634737, -0.590525], [30.635839, -0.590483], [30.636715, -0.590216], [30.639288, -0.589034], [30.64238, -0.588407], [30.647549, -0.586127], [30.650496, -0.584061], [30.651847, -0.583324], [30.656031, -0.581802], [30.65767, -0.581482], [30.660255, -0.581678], [30.664022, -0.5815], [30.668087, -0.582284], [30.674523, -0.582505], [30.679832, -0.583361], [30.680912, -0.583278], [30.681765, -0.583032], [30.683836, -0.58166]]}, "properties": {"lot_id": "OPRC-SOU-05", "lot_name": "Southern Region OPRC scope", "region": "Southern", "status": "Scoped under OPRC", "contractor": "TBD \u2014 scoping (FY25-26 NDPIV master)", "lot_total_km": 435.3, "road_no": "C390N1", "link_id": "C390N1_Link01", "link_name": "Mbarara Bypass (Dual)", "length_km": 14.0}}, {"type": "Feature", "geometry": {"type": "LineString", "coordinates": [[29.688227, -1.283387], [29.689444, -1.285625], [29.692902, -1.291068], [29.693349, -1.29124], [29.69457, -1.290771], [29.694931, -1.290798], [29.696936, -1.291878], [29.69856, -1.293003], [29.69962, -1.293201], [29.700077, -1.293471], [29.700905, -1.294966], [29.700697, -1.296862], [29.700908, -1.29777], [29.701203, -1.29805], [29.702027, -1.297863], [29.702335, -1.298066], [29.702162, -1.299005], [29.702347, -1.300432], [29.702642, -1.301313], [29.702974, -1.301762], [29.704067, -1.302383], [29.707929, -1.302675], [29.708761, -1.302888], [29.709624, -1.304568], [29.711049, -1.305836], [29.711615, -1.306151], [29.712856, -1.306556], [29.713622, -1.307051], [29.716064, -1.30891], [29.717641, -1.310506], [29.718815, -1.311282], [29.720338, -1.312507], [29.723818, -1.314821], [29.725164, -1.316041], [29.726091, -1.316711], [29.727122, -1.319096], [29.728101, -1.320416], [29.729323, -1.324649], [29.729307, -1.325663], [29.72875, -1.327042], [29.728617, -1.327704], [29.728665, -1.328345], [29.728907, -1.329085], [29.729332, -1.329474], [29.729659, -1.329565], [29.730258, -1.329494], [29.731281, -1.328995], [29.732104, -1.328756], [29.733191, -1.328801], [29.733907, -1.329215], [29.734297, -1.329854], [29.734508, -1.331649], [29.734818, -1.332399], [29.735117, -1.332704], [29.736144, -1.333332], [29.736447, -1.333689], [29.73895, -1.339057], [29.739946, -1.339677], [29.740223, -1.340702]]}, "properties": {"lot_id": "OPRC-SOU-05", "lot_name": "Southern Region OPRC scope", "region": "Southern", "status": "Scoped under OPRC", "contractor": "TBD \u2014 scoping (FY25-26 NDPIV master)", "lot_total_km": 435.3, "road_no": "C412", "link_id": "C412_Link01", "link_name": "Kisoro - Kyanika", "length_km": 9.89}}, {"type": "Feature", "geometry": {"type": "LineString", "coordinates": [[30.294944, -0.973664], [30.290441, -0.972236], [30.286719, -0.973247], [30.286312, -0.973527], [30.285832, -0.974094], [30.282883, -0.978037], [30.281308, -0.979769], [30.280152, -0.980764], [30.27966, -0.980907], [30.278738, -0.980409], [30.278297, -0.980418], [30.273958, -0.983652], [30.271769, -0.984994], [30.271131, -0.985219], [30.262481, -0.984865], [30.256831, -0.985279], [30.251416, -0.984576], [30.244042, -0.984512], [30.241318, -0.985059], [30.233615, -0.987107], [30.221795, -0.990546], [30.220338, -0.99064], [30.217722, -0.990397], [30.211324, -0.990273], [30.207902, -0.989873], [30.203797, -0.988373], [30.202214, -0.987074], [30.200109, -0.985931]]}, "properties": {"lot_id": "OPRC-SOU-05", "lot_name": "Southern Region OPRC scope", "region": "Southern", "status": "Scoped under OPRC", "contractor": "TBD \u2014 scoping (FY25-26 NDPIV master)", "lot_total_km": 435.3, "road_no": "C418", "link_id": "C418_Link01", "link_name": "Kakukuru - Rubale", "length_km": 11.343}}, {"type": "Feature", "geometry": {"type": "LineString", "coordinates": [[30.127327, -1.139791], [30.127371, -1.139522], [30.127272, -1.139307], [30.12614, -1.138143], [30.125346, -1.137533], [30.124856, -1.136647], [30.12421, -1.135838], [30.123781, -1.135018], [30.123285, -1.133538], [30.123162, -1.132628], [30.123415, -1.131757], [30.12301, -1.131237], [30.122907, -1.130295], [30.123349, -1.128676], [30.123777, -1.127604], [30.123688, -1.124735], [30.123417, -1.12354], [30.122325, -1.122279], [30.121979, -1.121321], [30.122341, -1.119826], [30.122415, -1.11835], [30.122703, -1.116671], [30.12267, -1.116068], [30.121824, -1.114085], [30.120656, -1.112752], [30.119376, -1.11069], [30.118967, -1.108304], [30.118251, -1.106223], [30.11814, -1.105578], [30.118663, -1.101401], [30.118787, -1.098981], [30.119122, -1.096701], [30.118684, -1.094672], [30.118481, -1.092147], [30.118707, -1.089784], [30.118649, -1.087942], [30.118867, -1.086584], [30.118618, -1.085334], [30.118988, -1.083898], [30.118026, -1.080781], [30.118107, -1.079846], [30.11799, -1.078128], [30.118227, -1.076424], [30.118543, -1.075263], [30.119283, -1.073812], [30.120566, -1.07217], [30.121035, -1.071758], [30.122868, -1.068813], [30.12354, -1.066413], [30.12416, -1.065069], [30.124663, -1.064339], [30.123988, -1.062159], [30.123272, -1.061243], [30.122825, -1.060363], [30.122279, -1.059848], [30.122746, -1.057697], [30.122673, -1.057074], [30.122434, -1.056501], [30.122132, -1.056247], [30.121234, -1.055998], [30.120149, -1.055932], [30.119466, -1.056091], [30.119311, -1.055985], [30.119529, -1.055027], [30.119524, -1.054113], [30.119097, -1.052211], [30.12106, -1.04784], [30.121444, -1.044782], [30.121432, -1.042511], [30.121239, -1.040893], [30.121011, -1.040425], [30.118016, -1.038576], [30.117757, -1.037195], [30.11844, -1.030703], [30.118497, -1.029224], [30.118994, -1.026012], [30.119207, -1.023703], [30.119608, -1.021771], [30.119777, -1.01924], [30.11977, -1.016977], [30.119285, -1.014302], [30.118684, -1.011853], [30.118634, -1.010776], [30.118923, -1.009213], [30.119733, -1.006267], [30.119506, -1.003348], [30.119192, -1.001661], [30.119046, -0.99986], [30.119118, -0.997117], [30.11954, -0.992746], [30.120324, -0.986869], [30.120507, -0.986116], [30.122254, -0.982205], [30.123632, -0.978705], [30.126839, -0.97297], [30.127845, -0.971424], [30.128467, -0.970061], [30.12847, -0.967511], [30.129958, -0.963109], [30.130344, -0.960413], [30.130813, -0.958925], [30.131072, -0.957406], [30.131164, -0.955997], [30.131093, -0.953846], [30.131421, -0.952432], [30.131152, -0.950918], [30.131204, -0.949913], [30.132737, -0.945141], [30.132911, -0.943817], [30.133596, -0.943198], [30.134433, -0.942842], [30.134798, -0.942528], [30.135015, -0.941317], [30.135264, -0.940618], [30.136764, -0.938776], [30.13695, -0.93841], [30.136972, -0.937882], [30.136659, -0.935763], [30.137276, -0.932713], [30.137584, -0.932112], [30.138018, -0.931631], [30.139539, -0.931258], [30.140391, -0.930576], [30.141945, -0.92845], [30.144636, -0.926261], [30.145297, -0.925515], [30.146102, -0.923978], [30.147622, -0.921581], [30.150682, -0.914153], [30.151018, -0.912554], [30.151118, -0.910724], [30.151854, -0.905065], [30.152567, -0.901247], [30.152357, -0.896816], [30.152428, -0.895035], [30.154074, -0.890342], [30.154322, -0.889261], [30.154543, -0.887297], [30.154794, -0.886646], [30.155299, -0.885851], [30.155287, -0.884033], [30.156022, -0.878961], [30.15594, -0.876425], [30.156121, -0.872277], [30.155004, -0.867134], [30.155574, -0.862854], [30.15593, -0.861167], [30.155979, -0.859458], [30.155771, -0.858599], [30.155215, -0.857405], [30.154223, -0.854606], [30.153205, -0.851359], [30.152264, -0.850102], [30.15155, -0.84938], [30.149683, -0.848338], [30.148836, -0.847741], [30.147352, -0.846233], [30.145496, -0.845739], [30.144874, -0.845464], [30.143863, -0.844625], [30.143461, -0.843559], [30.143076, -0.842989], [30.139789, -0.841131], [30.13866, -0.840244], [30.13812, -0.839592], [30.137181, -0.83874], [30.13524, -0.836498], [30.134607, -0.835517], [30.134282, -0.834876], [30.134082, -0.832777], [30.133973, -0.832561]]}, "properties": {"lot_id": "OPRC-SOU-05", "lot_name": "Southern Region OPRC scope", "region": "Southern", "status": "Scoped under OPRC", "contractor": "TBD \u2014 scoping (FY25-26 NDPIV master)", "lot_total_km": 435.3, "road_no": "C430", "link_id": "C430_Link01", "link_name": "Rwashamaire - Rwahi", "length_km": 37.745}}, {"type": "Feature", "geometry": {"type": "LineString", "coordinates": [[30.119091, -1.025157], [30.116684, -1.027223], [30.114582, -1.028799], [30.112043, -1.029974], [30.111441, -1.029955], [30.110044, -1.029163], [30.1094, -1.028441], [30.108655, -1.027221], [30.108185, -1.026684], [30.107254, -1.026103], [30.106127, -1.025742], [30.104599, -1.025502], [30.102886, -1.024577], [30.100029, -1.023461], [30.097658, -1.023411], [30.094576, -1.021889], [30.093074, -1.021418], [30.090784, -1.021057], [30.08527, -1.019267], [30.084447, -1.01882], [30.083406, -1.017569], [30.082515, -1.016803], [30.080624, -1.015671], [30.078221, -1.015355], [30.077181, -1.015668], [30.076129, -1.01571], [30.075394, -1.015317], [30.074849, -1.014594], [30.07451, -1.014357], [30.072097, -1.013514], [30.07148, -1.013607], [30.068817, -1.014461], [30.066873, -1.014562], [30.066254, -1.014249], [30.065891, -1.013893], [30.065614, -1.012642], [30.065134, -1.01156], [30.064472, -1.010846], [30.064121, -1.010234], [30.0638, -1.010064], [30.06329, -1.010251], [30.062546, -1.011006], [30.061123, -1.011882], [30.059176, -1.012765], [30.055456, -1.013714], [30.052167, -1.01439], [30.049308, -1.015463], [30.048852, -1.015529], [30.046446, -1.015403], [30.044213, -1.016223], [30.041493, -1.01631], [30.039857, -1.016102], [30.035226, -1.014687], [30.034596, -1.014156], [30.032039, -1.013472], [30.030984, -1.012894], [30.028278, -1.011729], [30.027133, -1.011564], [30.024899, -1.009922], [30.020096, -1.007149], [30.016495, -1.005621], [30.014104, -1.004313], [30.011641, -1.003274], [30.005419, -1.001296], [30.003781, -1.001252], [29.998744, -1.000717], [29.994731, -1.000011], [29.993843, -0.999665], [29.992561, -0.998394]]}, "properties": {"lot_id": "OPRC-SOU-05", "lot_name": "Southern Region OPRC scope", "region": "Southern", "status": "Scoped under OPRC", "contractor": "TBD \u2014 scoping (FY25-26 NDPIV master)", "lot_total_km": 435.3, "road_no": "C431", "link_id": "C431_Link02", "link_name": "Kyempene - Rubirizi", "length_km": 15.755}}, {"type": "Feature", "geometry": {"type": "LineString", "coordinates": [[30.18815, -1.017433], [30.186699, -1.017269], [30.185752, -1.01741], [30.178974, -1.019698], [30.17696, -1.020785], [30.17662, -1.020758], [30.175339, -1.020151], [30.173157, -1.020244], [30.170817, -1.020572], [30.16706, -1.021198], [30.162893, -1.02206], [30.158792, -1.022975], [30.154518, -1.024124], [30.151581, -1.024741], [30.146952, -1.02551], [30.144689, -1.025686], [30.143216, -1.026033], [30.141438, -1.026265], [30.139108, -1.02621], [30.135219, -1.025337], [30.133099, -1.025024], [30.127471, -1.024724], [30.12532, -1.024488], [30.120566, -1.024741], [30.11973, -1.024873], [30.119091, -1.025157]]}, "properties": {"lot_id": "OPRC-SOU-05", "lot_name": "Southern Region OPRC scope", "region": "Southern", "status": "Scoped under OPRC", "contractor": "TBD \u2014 scoping (FY25-26 NDPIV master)", "lot_total_km": 435.3, "road_no": "C431", "link_id": "C431_Link01", "link_name": "Rubaare - Kyempene", "length_km": 7.88}}, {"type": "Feature", "geometry": {"type": "LineString", "coordinates": [[29.776858, -0.894394], [29.777312, -0.89469], [29.777656, -0.895911], [29.778248, -0.896589], [29.778831, -0.896915], [29.780194, -0.897277], [29.780625, -0.897277], [29.781227, -0.897043], [29.781388, -0.896817], [29.781613, -0.896041], [29.781344, -0.895571], [29.781866, -0.894749], [29.782638, -0.894407], [29.783167, -0.894976], [29.7848, -0.894842], [29.785689, -0.894021], [29.785869, -0.893452], [29.786291, -0.892929], [29.787, -0.892866], [29.787332, -0.892948], [29.787601, -0.893544], [29.788013, -0.893888], [29.788579, -0.893599], [29.790114, -0.893293], [29.791603, -0.893222], [29.792367, -0.892175], [29.792458, -0.890956], [29.792655, -0.890721], [29.793687, -0.890731], [29.794244, -0.890984], [29.794907, -0.891572], [29.794853, -0.892295], [29.795283, -0.892376], [29.795759, -0.892657], [29.796288, -0.892522], [29.79662, -0.892278], [29.796701, -0.891935], [29.796074, -0.891085], [29.795913, -0.89039], [29.796255, -0.88946], [29.796677, -0.889144], [29.797834, -0.889461], [29.800804, -0.889924], [29.801702, -0.889573], [29.802411, -0.888941], [29.803937, -0.888572], [29.80628, -0.887689], [29.807824, -0.887826], [29.80996, -0.88734], [29.810265, -0.887412], [29.81074, -0.887873], [29.811018, -0.887964], [29.81161, -0.887892], [29.812436, -0.888028], [29.81616, -0.887815], [29.816609, -0.887698], [29.816933, -0.887021], [29.817166, -0.886967], [29.817713, -0.88759], [29.817883, -0.88834], [29.818134, -0.888864], [29.818959, -0.889543], [29.821468, -0.893348], [29.824993, -0.895564], [29.825674, -0.896152], [29.826401, -0.896568], [29.826831, -0.897011], [29.827621, -0.897229], [29.829226, -0.898711], [29.83093, -0.899661], [29.831262, -0.899951], [29.832113, -0.901207], [29.832202, -0.902336], [29.832085, -0.903095], [29.83133, -0.904368], [29.831482, -0.904693], [29.832119, -0.905317], [29.832189, -0.906546], [29.832602, -0.907206], [29.832682, -0.907531], [29.832116, -0.908371], [29.832053, -0.908976], [29.832259, -0.90931], [29.833192, -0.909799], [29.833819, -0.910495], [29.833828, -0.910712], [29.833442, -0.910955], [29.833397, -0.911199], [29.83398, -0.911534], [29.834374, -0.911932], [29.835155, -0.91233], [29.835594, -0.912674], [29.835657, -0.912854], [29.835056, -0.912899], [29.834633, -0.913314], [29.833996, -0.913585], [29.832613, -0.914676], [29.832586, -0.915128], [29.832935, -0.915797], [29.833608, -0.916385], [29.83411, -0.916602], [29.83604, -0.916549], [29.836901, -0.916713], [29.839889, -0.91686], [29.84216, -0.916284], [29.844655, -0.916159], [29.845041, -0.91644], [29.845228, -0.917398], [29.846036, -0.917317], [29.846359, -0.917453], [29.846574, -0.918302], [29.846726, -0.918474], [29.847202, -0.918592], [29.847848, -0.918493], [29.848341, -0.918746], [29.848844, -0.918675], [29.849724, -0.918359], [29.850029, -0.918097], [29.850092, -0.917908], [29.849931, -0.917266], [29.850264, -0.91649], [29.850749, -0.915767], [29.850256, -0.914475], [29.849566, -0.914149], [29.84953, -0.913842], [29.849934, -0.913427], [29.850563, -0.913039], [29.851003, -0.91304], [29.85163, -0.913447], [29.85198, -0.913447], [29.852448, -0.912788], [29.852736, -0.911876], [29.852951, -0.911722], [29.85331, -0.912229], [29.853075, -0.914198], [29.853451, -0.915083], [29.855021, -0.915907], [29.855353, -0.915898], [29.855828, -0.915682], [29.85608, -0.915835], [29.85616, -0.916251], [29.855863, -0.916919], [29.85571, -0.918148], [29.855862, -0.918464], [29.856516, -0.919151], [29.858202, -0.920508], [29.859297, -0.920906], [29.860024, -0.920825], [29.860769, -0.920591], [29.861263, -0.920303], [29.862125, -0.920077], [29.862753, -0.920105], [29.863506, -0.920404], [29.865022, -0.921525], [29.865973, -0.921942], [29.866511, -0.922331], [29.867354, -0.923443], [29.867721, -0.924644], [29.868016, -0.925133], [29.869541, -0.926046], [29.8705, -0.927077], [29.872465, -0.928109], [29.874223, -0.929257], [29.874662, -0.929664], [29.87503, -0.930351], [29.875334, -0.931652], [29.875127, -0.932357], [29.875421, -0.934254], [29.87525, -0.934968], [29.875292, -0.937958], [29.875184, -0.93869], [29.874473, -0.940622], [29.873745, -0.941462], [29.873799, -0.941922], [29.874274, -0.94204], [29.874643, -0.941697], [29.875209, -0.940316], [29.87627, -0.938799], [29.877347, -0.938195], [29.878227, -0.937446], [29.879152, -0.937085], [29.880076, -0.937456], [29.881054, -0.937258], [29.881485, -0.937349], [29.881816, -0.938334], [29.882336, -0.939193], [29.882883, -0.939627], [29.884892, -0.940803], [29.88551, -0.94233], [29.885941, -0.942629], [29.886838, -0.942756], [29.888149, -0.942279], [29.888777, -0.942704], [29.889297, -0.942795], [29.890832, -0.942724], [29.891541, -0.94258], [29.892492, -0.942879], [29.893013, -0.942897], [29.894071, -0.943422], [29.895283, -0.94355], [29.895714, -0.943397], [29.895921, -0.942692], [29.896217, -0.942195], [29.896469, -0.942087], [29.896693, -0.942178], [29.89689, -0.942684], [29.89643, -0.944915], [29.896635, -0.946469], [29.896616, -0.947679], [29.897029, -0.947761], [29.897954, -0.947346], [29.898591, -0.946715], [29.898888, -0.946028], [29.899095, -0.945974], [29.899409, -0.946255], [29.899309, -0.947194], [29.899524, -0.947736], [29.899775, -0.947944], [29.901112, -0.94846], [29.901747, -0.951099], [29.901925, -0.952653], [29.902911, -0.953503], [29.90353, -0.954335], [29.903107, -0.954849], [29.902649, -0.955788], [29.902936, -0.956105], [29.903043, -0.956701], [29.903473, -0.957198], [29.903329, -0.957776], [29.903382, -0.958508], [29.903553, -0.958843], [29.904288, -0.959105], [29.904656, -0.959566], [29.904258, -0.963225], [29.903799, -0.964164], [29.903502, -0.965428], [29.902882, -0.966187], [29.902729, -0.966783], [29.903275, -0.968175], [29.904288, -0.969196], [29.904853, -0.970064], [29.904951, -0.970579], [29.904861, -0.970877], [29.904583, -0.971184], [29.903038, -0.971806], [29.902338, -0.972275], [29.902354, -0.973964], [29.902712, -0.97504], [29.903627, -0.975836], [29.903922, -0.976568], [29.905339, -0.978421], [29.905778, -0.978891], [29.906684, -0.979091], [29.9069, -0.979335], [29.906926, -0.979741], [29.906701, -0.980283], [29.906557, -0.981331], [29.906565, -0.982117], [29.906797, -0.983283], [29.90677, -0.98396], [29.906563, -0.984258], [29.90606, -0.984628], [29.905898, -0.985034], [29.906077, -0.985531], [29.906705, -0.986463], [29.906874, -0.987384], [29.906631, -0.987989], [29.905616, -0.989063], [29.904737, -0.988837], [29.904243, -0.988927], [29.903561, -0.988872], [29.903381, -0.98907], [29.903336, -0.98935], [29.904484, -0.990399], [29.905318, -0.991575], [29.905694, -0.991936], [29.906258, -0.993644], [29.906581, -0.994141], [29.908769, -0.995625], [29.909967, -0.996823]]}, "properties": {"lot_id": "OPRC-SOU-05", "lot_name": "Southern Region OPRC scope", "region": "Southern", "status": "Scoped under OPRC", "contractor": "TBD \u2014 scoping (FY25-26 NDPIV master)", "lot_total_km": 435.3, "road_no": "C432", "link_id": "C432_Link01", "link_name": "Kanungu - Rugyeyo - Kabaranga", "length_km": 30.663}}, {"type": "Feature", "geometry": {"type": "LineString", "coordinates": [[29.909964, -0.996822], [29.911336, -0.998381], [29.911761, -0.99848], [29.911955, -0.99869], [29.911875, -1.00021], [29.911395, -1.001362], [29.911467, -1.00168], [29.911273, -1.00213], [29.910427, -1.002981], [29.9103, -1.003633], [29.91061, -1.004154], [29.910959, -1.004276], [29.911505, -1.004251], [29.911871, -1.004553], [29.91214, -1.005192], [29.91225, -1.006363], [29.912777, -1.007105], [29.9129, -1.007918], [29.914409, -1.008393], [29.915539, -1.009183], [29.91579, -1.00966], [29.915867, -1.010103], [29.915543, -1.011405], [29.915806, -1.011998], [29.917997, -1.013805], [29.91833, -1.013843], [29.918652, -1.013598], [29.919009, -1.013556], [29.920022, -1.014106], [29.920425, -1.014644], [29.921014, -1.014531], [29.921372, -1.01459], [29.921963, -1.015068], [29.922547, -1.015955], [29.922749, -1.016387], [29.922797, -1.016894], [29.923281, -1.016827], [29.923967, -1.017349], [29.924837, -1.017543], [29.927729, -1.018919], [29.928562, -1.019102], [29.92949, -1.018997], [29.930345, -1.019053], [29.931736, -1.019782], [29.932337, -1.020433], [29.934315, -1.021493], [29.934975, -1.021664], [29.935712, -1.021309], [29.936185, -1.020479], [29.936438, -1.019736], [29.936837, -1.019278], [29.937947, -1.018459], [29.938042, -1.018031], [29.937982, -1.017459], [29.938146, -1.016741], [29.937358, -1.016082], [29.937331, -1.015916], [29.937622, -1.014594], [29.937624, -1.013727], [29.937769, -1.013509], [29.938318, -1.01321], [29.939139, -1.013238], [29.939724, -1.012837], [29.940203, -1.012741], [29.940525, -1.012862], [29.940811, -1.013327], [29.941093, -1.013556], [29.941659, -1.013672]]}, "properties": {"lot_id": "OPRC-SOU-05", "lot_name": "Southern Region OPRC scope", "region": "Southern", "status": "Scoped under OPRC", "contractor": "TBD \u2014 scoping (FY25-26 NDPIV master)", "lot_total_km": 435.3, "road_no": "C432", "link_id": "C432_Link02", "link_name": "Kabaranga - Kisiizi", "length_km": 6.429}}, {"type": "Feature", "geometry": {"type": "LineString", "coordinates": [[29.786012, -0.827112], [29.786642, -0.827864], [29.786659, -0.828939], [29.786596, -0.829111], [29.78612, -0.829318], [29.78577, -0.829833], [29.785339, -0.829318], [29.784631, -0.828947], [29.784182, -0.828847], [29.783267, -0.829379], [29.782522, -0.828936], [29.781741, -0.829116], [29.781203, -0.829079], [29.780243, -0.829241], [29.778725, -0.830188], [29.778734, -0.830342], [29.779066, -0.830505], [29.779183, -0.830722], [29.779164, -0.831264], [29.778706, -0.83223], [29.778768, -0.832862], [29.778077, -0.833232], [29.777565, -0.833855], [29.778631, -0.836024], [29.778353, -0.836114], [29.777842, -0.835634], [29.777563, -0.835562], [29.775822, -0.836419], [29.775651, -0.836906], [29.775713, -0.837439], [29.776099, -0.83781], [29.776691, -0.837783], [29.776951, -0.838624], [29.77625, -0.83949], [29.775478, -0.839571], [29.775335, -0.839679], [29.77529, -0.839851], [29.775487, -0.840537], [29.775136, -0.841124], [29.775646, -0.842561], [29.776211, -0.843121], [29.776372, -0.843447], [29.776929, -0.843718], [29.777503, -0.843619], [29.777422, -0.84436], [29.77822, -0.845183], [29.778784, -0.846095], [29.778909, -0.846881], [29.778819, -0.847017], [29.778182, -0.847269], [29.778047, -0.847567], [29.778029, -0.84819], [29.777867, -0.848497], [29.776996, -0.849002], [29.776754, -0.849029], [29.776368, -0.848785], [29.776009, -0.848731], [29.774528, -0.849055], [29.773864, -0.849054], [29.773451, -0.849225], [29.773227, -0.849812], [29.773235, -0.850174], [29.773817, -0.851773], [29.774633, -0.852288], [29.775306, -0.852415], [29.775602, -0.852596], [29.775682, -0.853292], [29.776139, -0.854151], [29.776121, -0.854593], [29.776246, -0.854982], [29.775312, -0.855785], [29.775195, -0.85611], [29.775294, -0.856544], [29.775975, -0.85789], [29.776171, -0.858848], [29.776063, -0.859534], [29.776269, -0.860311], [29.775801, -0.861367], [29.776429, -0.862091], [29.776509, -0.862335], [29.776491, -0.863337], [29.776311, -0.863951], [29.776516, -0.864819], [29.776489, -0.865614], [29.776883, -0.866192], [29.777322, -0.867529], [29.777689, -0.867909], [29.777913, -0.868388], [29.778774, -0.868822], [29.778756, -0.869075], [29.778486, -0.869526], [29.778585, -0.869861], [29.778961, -0.870096], [29.779751, -0.870097], [29.779993, -0.87035], [29.780064, -0.871316], [29.779767, -0.872174], [29.779758, -0.872517], [29.779892, -0.87296], [29.780403, -0.873683], [29.780115, -0.874523], [29.780088, -0.874966], [29.780249, -0.875156], [29.780931, -0.875337], [29.781119, -0.875707], [29.781083, -0.876683], [29.780921, -0.87671], [29.780553, -0.876457], [29.780293, -0.87642], [29.779952, -0.87651], [29.77962, -0.876808], [29.779521, -0.877223], [29.779942, -0.878299], [29.779241, -0.878804], [29.778855, -0.879635], [29.778262, -0.880284], [29.778288, -0.880799], [29.778736, -0.882001], [29.778664, -0.882263], [29.778341, -0.88266], [29.778448, -0.883347], [29.778223, -0.883301], [29.777587, -0.882687], [29.777335, -0.882677], [29.777317, -0.883725], [29.776778, -0.884194], [29.776616, -0.884501], [29.776625, -0.884691], [29.776804, -0.884881], [29.777737, -0.885117], [29.778105, -0.885352], [29.778158, -0.885867], [29.778472, -0.886283], [29.778651, -0.88706], [29.778111, -0.888342], [29.778264, -0.888541], [29.778954, -0.888749], [29.779301, -0.889011], [29.779166, -0.889954], [29.779334, -0.890401], [29.778635, -0.891612], [29.778003, -0.891834], [29.777917, -0.892573], [29.777568, -0.893458], [29.775912, -0.895505], [29.775851, -0.895863], [29.776041, -0.896805], [29.775717, -0.897074], [29.774948, -0.89732]]}, "properties": {"lot_id": "OPRC-SOU-05", "lot_name": "Southern Region OPRC scope", "region": "Southern", "status": "Scoped under OPRC", "contractor": "TBD \u2014 scoping (FY25-26 NDPIV master)", "lot_total_km": 435.3, "road_no": "C442", "link_id": "C442_Link03", "link_name": "Mitaano - Kanungu", "length_km": 11.933}}, {"type": "Feature", "geometry": {"type": "LineString", "coordinates": [[29.846553, -0.796921], [29.845937, -0.79684], [29.844081, -0.797273], [29.843315, -0.797046], [29.842852, -0.797296], [29.842468, -0.798058], [29.84233, -0.798684], [29.84299, -0.799977], [29.842928, -0.800745], [29.842619, -0.801172], [29.842045, -0.801548], [29.841198, -0.801649], [29.840907, -0.801791], [29.840588, -0.802164], [29.840459, -0.802565], [29.840507, -0.803005], [29.841473, -0.804325], [29.841511, -0.80462], [29.84062, -0.804241], [29.840182, -0.804265], [29.839441, -0.804878], [29.838614, -0.805297], [29.838085, -0.805866], [29.837536, -0.805993], [29.837064, -0.805913], [29.836456, -0.805305], [29.835316, -0.805023], [29.834531, -0.806119], [29.833756, -0.806217], [29.833264, -0.80665], [29.833033, -0.807542], [29.833001, -0.808483], [29.832436, -0.808665], [29.831778, -0.808419], [29.831641, -0.807029], [29.831298, -0.805955], [29.831786, -0.804632], [29.832319, -0.803881], [29.832302, -0.803204], [29.832668, -0.802546], [29.832631, -0.802267], [29.832263, -0.801841], [29.832672, -0.800956], [29.83266, -0.800347], [29.832491, -0.80017], [29.832132, -0.800058], [29.831076, -0.800759], [29.83039, -0.800846], [29.830079, -0.800746], [29.829044, -0.799661], [29.828157, -0.798016], [29.827882, -0.797845], [29.82727, -0.797762], [29.826617, -0.797022], [29.826136, -0.796754], [29.825973, -0.796121], [29.825609, -0.79584], [29.825158, -0.795163], [29.823972, -0.794163], [29.823781, -0.793177], [29.824167, -0.792646], [29.824706, -0.79227], [29.824789, -0.792079], [29.824195, -0.791767], [29.823168, -0.791792], [29.822903, -0.791199], [29.82322, -0.789997], [29.823204, -0.789484], [29.822459, -0.786068], [29.822971, -0.784826], [29.823106, -0.784197], [29.822931, -0.783924], [29.821875, -0.783624], [29.82167, -0.783188], [29.821713, -0.782591], [29.822094, -0.782132], [29.822125, -0.781322], [29.821908, -0.780023], [29.821998, -0.779553], [29.821827, -0.778381], [29.821558, -0.777866], [29.821678, -0.777116], [29.821615, -0.77655], [29.821437, -0.776164], [29.821433, -0.775515], [29.8218, -0.773476], [29.821466, -0.772845], [29.821409, -0.772273], [29.820664, -0.771758], [29.820193, -0.770954], [29.820123, -0.770251], [29.819345, -0.769585], [29.81938, -0.76932], [29.820023, -0.768379], [29.819266, -0.767327], [29.818792, -0.767082], [29.818641, -0.766868], [29.818545, -0.766297], [29.818645, -0.765931], [29.818637, -0.76504], [29.818375, -0.764285], [29.818062, -0.763805], [29.818137, -0.763028], [29.818365, -0.762346], [29.817889, -0.761373], [29.817593, -0.76103], [29.817963, -0.760646], [29.818956, -0.760803], [29.819212, -0.760484], [29.819426, -0.759634], [29.818845, -0.758823], [29.818371, -0.758728], [29.817231, -0.759556], [29.81681, -0.760437], [29.816804, -0.760858], [29.816202, -0.762089], [29.815907, -0.76313], [29.815023, -0.764738], [29.814907, -0.766228], [29.815068, -0.766791], [29.815318, -0.768893], [29.815574, -0.769325], [29.81562, -0.769956], [29.815573, -0.770108], [29.815181, -0.770391], [29.815138, -0.771034], [29.811407, -0.773847], [29.810966, -0.774014], [29.810272, -0.775773], [29.810025, -0.776936], [29.809693, -0.777761], [29.809667, -0.778923], [29.809536, -0.779283], [29.807409, -0.781044], [29.806758, -0.781387], [29.80519, -0.784852], [29.805042, -0.785445], [29.804813, -0.785602], [29.80415, -0.785444], [29.803933, -0.785594], [29.803824, -0.78585], [29.803647, -0.786629], [29.804115, -0.787143], [29.803869, -0.787785], [29.803846, -0.788184], [29.804031, -0.788452], [29.804493, -0.788156], [29.804707, -0.78817], [29.804845, -0.789004], [29.8045, -0.790033], [29.804588, -0.792119], [29.803909, -0.793875], [29.803822, -0.794924], [29.804059, -0.795307], [29.804833, -0.79538], [29.805034, -0.795567], [29.805033, -0.795938], [29.80456, -0.796777], [29.804901, -0.797296], [29.804926, -0.798412], [29.805371, -0.799119], [29.806267, -0.799838], [29.806717, -0.800912], [29.806759, -0.8019], [29.806466, -0.803667], [29.805829, -0.805133], [29.805536, -0.807133], [29.80563, -0.808835], [29.805462, -0.809511], [29.804462, -0.810981], [29.803302, -0.812257], [29.801565, -0.812964], [29.800905, -0.813527], [29.800526, -0.814104], [29.799868, -0.81697], [29.800068, -0.817451], [29.801, -0.817986], [29.801604, -0.81884], [29.801666, -0.819119], [29.801241, -0.820133], [29.80107, -0.820369], [29.800549, -0.820511], [29.799378, -0.82109], [29.799051, -0.821564], [29.798761, -0.822624], [29.79836, -0.82292], [29.797994, -0.823039], [29.797361, -0.822961], [29.796838, -0.823513], [29.79595, -0.823468], [29.795087, -0.823266], [29.794389, -0.823389], [29.793553, -0.823363], [29.792288, -0.823717], [29.791275, -0.824254], [29.79124, -0.824565], [29.791555, -0.825224], [29.791398, -0.825597], [29.790502, -0.825661], [29.789719, -0.826194], [29.789069, -0.826318], [29.78848, -0.82623], [29.787592, -0.825765], [29.787184, -0.82523], [29.786673, -0.825467], [29.785815, -0.8253], [29.785435, -0.825553], [29.785377, -0.825785], [29.786012, -0.827112]]}, "properties": {"lot_id": "OPRC-SOU-05", "lot_name": "Southern Region OPRC scope", "region": "Southern", "status": "Scoped under OPRC", "contractor": "TBD \u2014 scoping (FY25-26 NDPIV master)", "lot_total_km": 435.3, "road_no": "C442", "link_id": "C442_Link02", "link_name": "Ruerere - Mitaano", "length_km": 21.211}}, {"type": "Feature", "geometry": {"type": "LineString", "coordinates": [[29.926436, -0.79094], [29.925807, -0.791541], [29.92253, -0.79093], [29.921631, -0.790626], [29.920823, -0.790646], [29.920411, -0.790908], [29.918986, -0.792435], [29.917079, -0.795201], [29.91593, -0.796606], [29.915043, -0.797299], [29.914556, -0.79744], [29.91381, -0.797441], [29.912202, -0.79702], [29.909282, -0.795611], [29.907297, -0.795832], [29.906735, -0.795656], [29.905784, -0.794997], [29.903878, -0.792891], [29.903106, -0.792263], [29.902222, -0.791955], [29.90099, -0.791719], [29.899808, -0.791167], [29.898233, -0.789471], [29.896809, -0.787703], [29.896362, -0.787388], [29.895948, -0.787333], [29.895605, -0.787415], [29.895365, -0.787624], [29.894643, -0.789711], [29.893631, -0.790536], [29.892038, -0.793903], [29.889858, -0.79575], [29.888209, -0.796424], [29.887591, -0.796551], [29.886368, -0.796347], [29.884654, -0.795723], [29.882473, -0.795802], [29.881062, -0.79565], [29.87901, -0.796902], [29.878723, -0.798079], [29.876071, -0.798643], [29.875589, -0.798339], [29.875117, -0.797579], [29.874827, -0.797883], [29.874525, -0.798626], [29.873751, -0.799014], [29.873237, -0.799118], [29.872537, -0.799717], [29.872183, -0.799883], [29.871554, -0.799772], [29.871185, -0.799255], [29.870407, -0.79981], [29.869965, -0.799768], [29.868985, -0.798979], [29.868346, -0.798619], [29.868228, -0.798338], [29.868376, -0.797788], [29.868102, -0.797531], [29.86637, -0.797491], [29.864613, -0.796636], [29.86401, -0.796556], [29.863118, -0.796708], [29.86219, -0.796274], [29.861343, -0.796382], [29.860415, -0.796334], [29.858954, -0.796712], [29.858045, -0.796692], [29.857237, -0.796938], [29.856284, -0.796889], [29.855624, -0.79655], [29.854827, -0.797169], [29.854237, -0.797465], [29.85366, -0.797993], [29.852911, -0.797825], [29.852525, -0.797531], [29.851421, -0.797823], [29.851117, -0.797795], [29.850746, -0.797587], [29.850359, -0.797148], [29.849713, -0.79692], [29.848132, -0.797298], [29.846553, -0.796921]]}, "properties": {"lot_id": "OPRC-SOU-05", "lot_name": "Southern Region OPRC scope", "region": "Southern", "status": "Scoped under OPRC", "contractor": "TBD \u2014 scoping (FY25-26 NDPIV master)", "lot_total_km": 435.3, "road_no": "C442", "link_id": "C442_Link01", "link_name": "Rukungiri - Ruerere", "length_km": 11.144}}, {"type": "Feature", "geometry": {"type": "LineString", "coordinates": [[29.721553, -1.281934], [29.720963, -1.282284], [29.720597, -1.282744], [29.720424, -1.283247], [29.720444, -1.283905], [29.722489, -1.289559], [29.724071, -1.292094], [29.724242, -1.292695], [29.724334, -1.293725], [29.724236, -1.294312], [29.724012, -1.294762], [29.722932, -1.296232], [29.721747, -1.298123], [29.721211, -1.298538]]}, "properties": {"lot_id": "OPRC-SOU-05", "lot_name": "Southern Region OPRC scope", "region": "Southern", "status": "Scoped under OPRC", "contractor": "TBD \u2014 scoping (FY25-26 NDPIV master)", "lot_total_km": 435.3, "road_no": "C453", "link_id": "C453_Link01", "link_name": "Nyakabande - Muganzi", "length_km": 2.105}}, {"type": "Feature", "geometry": {"type": "MultiLineString", "coordinates": [[[29.72118, -1.298495], [29.721701, -1.29977], [29.722694, -1.301182], [29.724007, -1.303615], [29.724742, -1.305121], [29.724832, -1.305621], [29.724656, -1.306576], [29.724375, -1.30702], [29.721957, -1.308201], [29.721477, -1.308582], [29.721067, -1.309158], [29.720877, -1.309707], [29.720825, -1.310316], [29.721274, -1.313055]], [[29.70127, -1.282828], [29.70167, -1.283765], [29.702771, -1.284621], [29.704313, -1.287047], [29.704792, -1.287519], [29.705583, -1.287812], [29.707588, -1.287897], [29.709351, -1.288344], [29.709744, -1.288581], [29.710002, -1.288994], [29.710283, -1.290144], [29.710371, -1.291467], [29.710748, -1.291959], [29.712665, -1.292947], [29.715443, -1.29356], [29.717909, -1.293814], [29.718593, -1.294167], [29.720056, -1.295265], [29.720513, -1.295675], [29.720795, -1.296166], [29.720864, -1.297559], [29.721179, -1.298492]]]}, "properties": {"lot_id": "OPRC-SOU-05", "lot_name": "Southern Region OPRC scope", "region": "Southern", "status": "Scoped under OPRC", "contractor": "TBD \u2014 scoping (FY25-26 NDPIV master)", "lot_total_km": 435.3, "road_no": "C457", "link_id": "C457_Link01", "link_name": "Kisoro - Muganzi - Chahi", "length_km": 5.1}}, {"type": "Feature", "geometry": {"type": "LineString", "coordinates": [[30.930521, 0.13409], [30.931199, 0.135882], [30.931295, 0.140306], [30.931129, 0.141715], [30.930602, 0.144266], [30.930364, 0.146924], [30.929906, 0.148435], [30.929706, 0.148714], [30.929241, 0.149013], [30.926845, 0.15017], [30.922416, 0.151072], [30.920676, 0.151928], [30.919472, 0.1533], [30.918132, 0.155616], [30.917306, 0.157765], [30.917656, 0.159291], [30.917704, 0.160226], [30.917418, 0.161149], [30.916663, 0.162283], [30.916061, 0.162784], [30.912959, 0.164644], [30.911475, 0.165849], [30.909945, 0.16661], [30.906781, 0.168654], [30.906236, 0.16916], [30.905526, 0.170076], [30.904495, 0.171994], [30.903114, 0.175677], [30.902476, 0.177777], [30.902444, 0.178721], [30.902265, 0.179565], [30.9019, 0.180512], [30.901861, 0.183052], [30.902432, 0.185142], [30.902209, 0.18638], [30.902217, 0.187578], [30.901933, 0.189772], [30.900739, 0.19282], [30.900207, 0.194115], [30.900073, 0.1942], [30.899663, 0.19408], [30.898461, 0.194165], [30.897099, 0.19362], [30.896366, 0.193531], [30.894405, 0.194212], [30.893499, 0.194771], [30.893079, 0.195393], [30.892559, 0.198339], [30.89167, 0.201659], [30.891758, 0.20368]]}, "properties": {"lot_id": "OPRC-SOU-05", "lot_name": "Southern Region OPRC scope", "region": "Southern", "status": "Scoped under OPRC", "contractor": "TBD \u2014 scoping (FY25-26 NDPIV master)", "lot_total_km": 435.3, "road_no": "C552", "link_id": "C552_Link01", "link_name": "Nyakaliiro - Kabagole", "length_km": 10.156}}, {"type": "Feature", "geometry": {"type": "LineString", "coordinates": [[30.891758, 0.20368], [30.892227, 0.20606], [30.892707, 0.207365], [30.893277, 0.208241], [30.896851, 0.212796], [30.897779, 0.215939], [30.898312, 0.217137], [30.898969, 0.219242], [30.899405, 0.219856], [30.900191, 0.220482], [30.900505, 0.220898], [30.901201, 0.223457], [30.90187, 0.224015], [30.903378, 0.22481], [30.903564, 0.225039], [30.904415, 0.228179], [30.90545, 0.230034], [30.906165, 0.232675], [30.90642, 0.233242], [30.907089, 0.234241], [30.907941, 0.235165], [30.909231, 0.235877], [30.911092, 0.236532], [30.912598, 0.23771], [30.913734, 0.238912], [30.914346, 0.239975], [30.915267, 0.243519], [30.915801, 0.244269], [30.918911, 0.247666], [30.919133, 0.248058], [30.919282, 0.24911], [30.919265, 0.249963], [30.919117, 0.250324], [30.91883, 0.252243], [30.919032, 0.254407], [30.919274, 0.254915], [30.920724, 0.257022], [30.924115, 0.260609], [30.924672, 0.262136], [30.924755, 0.264464], [30.924907, 0.265002], [30.928228, 0.267721], [30.929656, 0.268403], [30.931165, 0.27007], [30.932321, 0.271042], [30.936482, 0.272892], [30.939399, 0.273054], [30.94023, 0.273237], [30.941189, 0.273914], [30.942836, 0.275742], [30.944302, 0.276963], [30.945344, 0.277576], [30.946578, 0.277998], [30.949167, 0.279232], [30.95021, 0.279562], [30.950864, 0.280083], [30.951134, 0.280749], [30.951033, 0.284019], [30.951229, 0.284573], [30.95218, 0.286079], [30.952683, 0.287181], [30.95286, 0.288714], [30.953, 0.292165], [30.953331, 0.293082], [30.953948, 0.294086], [30.955497, 0.295658], [30.956436, 0.296273], [30.959451, 0.297228], [30.962808, 0.297677], [30.963652, 0.297952], [30.965093, 0.299478], [30.968109, 0.301609], [30.968687, 0.302206], [30.970843, 0.305959], [30.971682, 0.309836], [30.972336, 0.311176], [30.972832, 0.312986], [30.973904, 0.314901], [30.975371, 0.316671], [30.975762, 0.31752], [30.976282, 0.318139], [30.977965, 0.319316], [30.979904, 0.320306], [30.981049, 0.321141], [30.983137, 0.323747], [30.983755, 0.325149], [30.984113, 0.326702], [30.985051, 0.327645], [30.985971, 0.328978], [30.986851, 0.329333], [30.988601, 0.330477], [30.990462, 0.331195], [30.990712, 0.331392], [30.991083, 0.332321], [30.99123, 0.333121], [30.991269, 0.335488], [30.99152, 0.336542], [30.991927, 0.337597], [30.995331, 0.341536], [30.996168, 0.343448], [30.997141, 0.344659], [30.997567, 0.345518], [30.998238, 0.347239], [30.998627, 0.348604], [30.998722, 0.34981], [30.998696, 0.352409], [30.998391, 0.354703], [30.998012, 0.355968], [30.998139, 0.356775], [30.998623, 0.358055], [30.998602, 0.358455], [30.997875, 0.359799], [30.996034, 0.362333], [30.995479, 0.363679], [30.993607, 0.366708], [30.992883, 0.368589], [30.992634, 0.369679], [30.991935, 0.370667], [30.991463, 0.371172], [30.98969, 0.371859], [30.986365, 0.373944], [30.985692, 0.374468], [30.984869, 0.375383], [30.984207, 0.376654], [30.983059, 0.381406], [30.983141, 0.38203], [30.984099, 0.383292], [30.98532, 0.385984], [30.985608, 0.38748], [30.985947, 0.390469], [30.985889, 0.391948], [30.986518, 0.395837], [30.986771, 0.396889], [30.987631, 0.39906], [30.987129, 0.402484], [30.986704, 0.406574], [30.986755, 0.407321], [30.987175, 0.408745], [30.987761, 0.409156], [30.989328, 0.409744], [30.990547, 0.411336], [30.990953, 0.411613], [30.991963, 0.411947], [30.992794, 0.413114], [30.993285, 0.413619], [30.993867, 0.413866], [30.996198, 0.414448], [30.996891, 0.415058], [30.998955, 0.416069], [31.002103, 0.418153], [31.005125, 0.418829], [31.006314, 0.419303], [31.007161, 0.420264], [31.011287, 0.423744], [31.0144, 0.425769], [31.014815, 0.426463], [31.015445, 0.428634], [31.015491, 0.429696], [31.015223, 0.431331], [31.015632, 0.433377], [31.015873, 0.434069], [31.016735, 0.435202], [31.017027, 0.43717], [31.017322, 0.437931], [31.019345, 0.439882], [31.021837, 0.44169], [31.02293, 0.442629], [31.0237, 0.443909], [31.025482, 0.445646], [31.026414, 0.447184], [31.026953, 0.448639], [31.028703, 0.450496], [31.030257, 0.452535], [31.031127, 0.455283], [31.03296, 0.45876], [31.033406, 0.460333], [31.033688, 0.460595], [31.035274, 0.461384], [31.036793, 0.46313], [31.037297, 0.463415], [31.038562, 0.463604], [31.039256, 0.464425], [31.039618, 0.465088], [31.040874, 0.469111], [31.042406, 0.472301], [31.043341, 0.473354], [31.045649, 0.47487], [31.046471, 0.476955], [31.047493, 0.478646], [31.048521, 0.479442], [31.049023, 0.479684], [31.054246, 0.481382]]}, "properties": {"lot_id": "OPRC-SOU-05", "lot_name": "Southern Region OPRC scope", "region": "Southern", "status": "Scoped under OPRC", "contractor": "TBD \u2014 scoping (FY25-26 NDPIV master)", "lot_total_km": 435.3, "road_no": "C552", "link_id": "C552_Link02", "link_name": "Kabagole - Kyegegwa", "length_km": 40.784}}, {"type": "Feature", "geometry": {"type": "LineString", "coordinates": [[32.488322, 0.849141], [32.487787, 0.849918], [32.487186, 0.851136], [32.486714, 0.853016], [32.484189, 0.87909], [32.483819, 0.881355], [32.48238, 0.885668], [32.471582, 0.915325], [32.471135, 0.916836], [32.470908, 0.918426], [32.470623, 0.944432], [32.470729, 0.947865], [32.475827, 0.985457], [32.475925, 0.986928], [32.475752, 0.988402], [32.475376, 0.989639], [32.470727, 0.999976], [32.470215, 1.001802], [32.469967, 1.00367], [32.467187, 1.048946], [32.464547, 1.157604], [32.464283, 1.160492], [32.461106, 1.183761], [32.460924, 1.185724], [32.460991, 1.187824], [32.461216, 1.189654], [32.465268, 1.218805], [32.46539, 1.221078], [32.465257, 1.222877], [32.462113, 1.24384], [32.461298, 1.246621], [32.460545, 1.248227], [32.458966, 1.250658], [32.424154, 1.295322], [32.423226, 1.296727], [32.422676, 1.297868], [32.422113, 1.299765], [32.421911, 1.301502], [32.42216, 1.326926]]}, "properties": {"lot_id": "OPRC-WES-06", "lot_name": "Western Region OPRC scope", "region": "Western", "status": "Scoped under OPRC", "contractor": "TBD \u2014 scoping (FY25-26 NDPIV master)", "lot_total_km": 123.0, "road_no": "A006", "link_id": "A006_Link05", "link_name": "Luweero - Nakasongola", "length_km": 54.829}}, {"type": "Feature", "geometry": {"type": "LineString", "coordinates": [[32.521047, 0.465889], [32.519653, 0.466835], [32.519211, 0.467393], [32.518947, 0.467974], [32.518311, 0.474315], [32.51807, 0.475239], [32.517178, 0.477439], [32.517065, 0.478136], [32.517106, 0.47872], [32.517531, 0.479805], [32.521854, 0.487179], [32.522366, 0.488538], [32.522835, 0.492862], [32.522407, 0.498271], [32.522474, 0.499664], [32.523746, 0.505575], [32.525872, 0.511612], [32.527387, 0.520368], [32.527393, 0.521861], [32.526526, 0.525096], [32.526483, 0.526652], [32.528419, 0.531996], [32.529816, 0.53506], [32.531672, 0.536651], [32.532225, 0.537571], [32.533497, 0.544105], [32.533742, 0.545995], [32.533082, 0.552762], [32.532853, 0.553784], [32.532492, 0.55466], [32.528759, 0.561881], [32.528519, 0.562872], [32.528657, 0.563893], [32.532208, 0.575763], [32.532499, 0.57724], [32.532124, 0.606899], [32.533953, 0.622223], [32.534002, 0.623999], [32.528374, 0.67265], [32.52786, 0.674262], [32.523307, 0.684386], [32.523059, 0.685156], [32.522931, 0.686104], [32.522647, 0.698924], [32.523036, 0.700116], [32.527537, 0.708213], [32.527984, 0.709239], [32.528292, 0.711015], [32.528207, 0.717847]]}, "properties": {"lot_id": "OPRC-WES-06", "lot_name": "Western Region OPRC scope", "region": "Western", "status": "Scoped under OPRC", "contractor": "TBD \u2014 scoping (FY25-26 NDPIV master)", "lot_total_km": 123.0, "road_no": "A006", "link_id": "A006_Link03", "link_name": "Matuga - Wobulenzi", "length_km": 28.92}}, {"type": "Feature", "geometry": {"type": "LineString", "coordinates": [[32.42216, 1.326926], [32.422047, 1.328352], [32.421648, 1.329643], [32.420773, 1.331027], [32.41956, 1.332113], [32.418269, 1.332762], [32.398232, 1.34046], [32.395885, 1.341633], [32.310792, 1.39964], [32.3088, 1.400709], [32.307565, 1.401095], [32.305844, 1.401407], [32.183109, 1.421158], [32.180556, 1.421824], [32.178029, 1.422973], [32.176528, 1.423937], [32.175197, 1.425018], [32.173871, 1.42638], [32.172702, 1.427909], [32.130629, 1.495795], [32.12967, 1.497085], [32.12863, 1.498123], [32.12756, 1.498938], [32.126586, 1.499509], [32.124387, 1.500353], [32.049691, 1.52046], [32.048298, 1.520873], [32.047286, 1.521325], [32.045989, 1.522217], [32.044887, 1.523349], [32.044038, 1.524664], [32.043437, 1.526237], [32.043154, 1.527961], [32.041459, 1.545126]]}, "properties": {"lot_id": "OPRC-WES-06", "lot_name": "Western Region OPRC scope", "region": "Western", "status": "Scoped under OPRC", "contractor": "TBD \u2014 scoping (FY25-26 NDPIV master)", "lot_total_km": 123.0, "road_no": "A006", "link_id": "A006_Link06", "link_name": "Nakasongola - Kafu", "length_km": 52.216}}, {"type": "Feature", "geometry": {"type": "LineString", "coordinates": [[32.545676, 0.400973], [32.545128, 0.402268], [32.54437, 0.403349], [32.537428, 0.410817], [32.536908, 0.411647], [32.536701, 0.412792], [32.536983, 0.41645], [32.536886, 0.418391], [32.5365, 0.421404], [32.536065, 0.42349], [32.534677, 0.426828], [32.534353, 0.4335], [32.534048, 0.434253], [32.533493, 0.435013], [32.530817, 0.437239], [32.530073, 0.438101], [32.529589, 0.438999], [32.528404, 0.442043], [32.528312, 0.442621], [32.528396, 0.443316], [32.529471, 0.446106], [32.530163, 0.447067], [32.532735, 0.449759], [32.533301, 0.450847], [32.533401, 0.451563], [32.533315, 0.452294], [32.532245, 0.455534], [32.531742, 0.456425], [32.529185, 0.459018], [32.528394, 0.460395], [32.52772, 0.461179], [32.525815, 0.462848], [32.521047, 0.465889]]}, "properties": {"lot_id": "OPRC-WES-06", "lot_name": "Western Region OPRC scope", "region": "Western", "status": "Scoped under OPRC", "contractor": "TBD \u2014 scoping (FY25-26 NDPIV master)", "lot_total_km": 123.0, "road_no": "A006", "link_id": "A006_Link02", "link_name": "Kawempe - Matuga", "length_km": 8.591}}, {"type": "Feature", "geometry": {"type": "LineString", "coordinates": [[32.528207, 0.717847], [32.528045, 0.729373], [32.527713, 0.730792], [32.527308, 0.731505], [32.52676, 0.732128], [32.518201, 0.739191], [32.517431, 0.740132], [32.516876, 0.741518], [32.515163, 0.753388], [32.514809, 0.754893], [32.513725, 0.758292], [32.5134, 0.759776], [32.513021, 0.765211], [32.512702, 0.767832], [32.50772, 0.796734], [32.501499, 0.829158], [32.50101, 0.830479], [32.500289, 0.83183], [32.488322, 0.849141]]}, "properties": {"lot_id": "OPRC-WES-06", "lot_name": "Western Region OPRC scope", "region": "Western", "status": "Scoped under OPRC", "contractor": "TBD \u2014 scoping (FY25-26 NDPIV master)", "lot_total_km": 123.0, "road_no": "A006", "link_id": "A006_Link04", "link_name": "Wobulenzi - Kasana - Luweero", "length_km": 15.644}}, {"type": "Feature", "geometry": {"type": "LineString", "coordinates": [[32.571679, 0.34036], [32.571221, 0.34101], [32.570601, 0.342473], [32.569731, 0.343832], [32.566923, 0.347033], [32.565508, 0.347847], [32.564156, 0.348197], [32.563235, 0.348772], [32.562808, 0.348888], [32.562694, 0.349074], [32.562612, 0.349764], [32.56281, 0.350286], [32.562754, 0.355653], [32.561913, 0.360339], [32.561206, 0.362037], [32.560281, 0.365429], [32.556607, 0.374829], [32.556678, 0.375563], [32.55736, 0.377207], [32.557492, 0.378459], [32.55737, 0.379249], [32.556787, 0.380711], [32.554864, 0.384493], [32.548388, 0.39397], [32.54787, 0.395092], [32.545676, 0.400973]]}, "properties": {"lot_id": "OPRC-WES-06", "lot_name": "Western Region OPRC scope", "region": "Western", "status": "Scoped under OPRC", "contractor": "TBD \u2014 scoping (FY25-26 NDPIV master)", "lot_total_km": 123.0, "road_no": "A006", "link_id": "A006_Link01", "link_name": "Kampala - Kawempe", "length_km": 7.675}}, {"type": "Feature", "geometry": {"type": "LineString", "coordinates": [[32.297457, 2.771641], [32.289956, 2.770767], [32.28861, 2.768397], [32.286874, 2.765751], [32.285849, 2.764512], [32.283618, 2.763106], [32.280692, 2.762177], [32.279333, 2.761373], [32.279229, 2.761203], [32.278974, 2.761401], [32.277603, 2.761883], [32.274816, 2.762222], [32.27361, 2.76253], [32.270939, 2.764], [32.268171, 2.764852], [32.259943, 2.76591], [32.256982, 2.76594], [32.252552, 2.765402], [32.247103, 2.765762], [32.243987, 2.766295], [32.237171, 2.767828], [32.232445, 2.768555], [32.231607, 2.768867], [32.230753, 2.769499], [32.228435, 2.771597], [32.225012, 2.7742], [32.223344, 2.775319], [32.222321, 2.775896], [32.219689, 2.777045], [32.217687, 2.778245], [32.21263, 2.780755], [32.207946, 2.783384], [32.202299, 2.786838], [32.200848, 2.788166], [32.193661, 2.798991], [32.191925, 2.802198], [32.188042, 2.811523], [32.187571, 2.813396], [32.186644, 2.818387], [32.185806, 2.820944], [32.184577, 2.823466], [32.181409, 2.828425], [32.179578, 2.833011], [32.176845, 2.836296], [32.175683, 2.837321], [32.173761, 2.838381], [32.170293, 2.839469], [32.1688, 2.840443], [32.167722, 2.841651], [32.165334, 2.846134], [32.165138, 2.847016], [32.165119, 2.848103], [32.166123, 2.853692], [32.166043, 2.859039], [32.166855, 2.865849], [32.166403, 2.870898], [32.166087, 2.872552], [32.165717, 2.873777], [32.16481, 2.875833], [32.157612, 2.887881], [32.157053, 2.889043], [32.156801, 2.890055], [32.156306, 2.893982], [32.155918, 2.900371], [32.155664, 2.902963], [32.15529, 2.904824], [32.152343, 2.913436], [32.151033, 2.91676], [32.146149, 2.927423], [32.144642, 2.929693], [32.140516, 2.935071], [32.139786, 2.936497], [32.139538, 2.937552], [32.139022, 2.94415], [32.137297, 2.953088], [32.136953, 2.956664], [32.136743, 2.962729], [32.1369, 2.965956], [32.137365, 2.969938], [32.137986, 2.977762], [32.138752, 2.983347], [32.141598, 2.995816], [32.142484, 2.998342], [32.146345, 3.005432], [32.14841, 3.00852], [32.163227, 3.027032], [32.164405, 3.028438], [32.166915, 3.030768], [32.167621, 3.031571], [32.169708, 3.035581], [32.170479, 3.04011], [32.17045, 3.041534], [32.169584, 3.046786], [32.168718, 3.053797], [32.167585, 3.058456], [32.166634, 3.064293], [32.166161, 3.066272], [32.165389, 3.068494], [32.164084, 3.071186], [32.161699, 3.075236], [32.159069, 3.078738], [32.158624, 3.079852], [32.158458, 3.08115], [32.15848, 3.09079], [32.15813, 3.093295], [32.156662, 3.101272], [32.156388, 3.104582], [32.155322, 3.111359], [32.155159, 3.113767], [32.155099, 3.119294], [32.154883, 3.121222], [32.153968, 3.126342], [32.153934, 3.129077], [32.154571, 3.133853], [32.154984, 3.138541], [32.154869, 3.142538], [32.155604, 3.151672], [32.156235, 3.154074], [32.158353, 3.159834], [32.15861, 3.161071], [32.158726, 3.164994], [32.158236, 3.170368], [32.158195, 3.174945], [32.157961, 3.176082], [32.156333, 3.180696], [32.154078, 3.192398], [32.15061, 3.201935], [32.148929, 3.20487], [32.136372, 3.229892], [32.134454, 3.232862], [32.130551, 3.237915], [32.125118, 3.244027], [32.123584, 3.246204], [32.122264, 3.248945], [32.120859, 3.252462], [32.120832, 3.253028], [32.121184, 3.254497]]}, "properties": {"lot_id": "OPRC-WES-06", "lot_name": "Western Region OPRC scope", "region": "Western", "status": "Scoped under OPRC", "contractor": "TBD \u2014 scoping (FY25-26 NDPIV master)", "lot_total_km": 123.0, "road_no": "A006", "link_id": "A006_Link12", "link_name": "Gulu - Atiak", "length_km": 68.164}}, {"type": "Feature", "geometry": {"type": "LineString", "coordinates": [[32.331052, 2.246641], [32.332432, 2.246727], [32.333774, 2.246971], [32.335193, 2.247399], [32.336682, 2.248072], [32.337886, 2.248811], [32.339176, 2.24984], [32.340227, 2.250922], [32.340881, 2.251787], [32.363527, 2.287483], [32.368502, 2.295146], [32.383942, 2.321199], [32.385078, 2.323532], [32.385719, 2.325562], [32.38609, 2.327699], [32.388294, 2.344698], [32.388409, 2.347465], [32.379456, 2.445959]]}, "properties": {"lot_id": "OPRC-WES-06", "lot_name": "Western Region OPRC scope", "region": "Western", "status": "Scoped under OPRC", "contractor": "TBD \u2014 scoping (FY25-26 NDPIV master)", "lot_total_km": 123.0, "road_no": "A006", "link_id": "A006_Link10", "link_name": "Kamdini - Minakulu", "length_km": 24.24}}, {"type": "Feature", "geometry": {"type": "LineString", "coordinates": [[32.121184, 3.254497], [32.123018, 3.26167], [32.123268, 3.263298], [32.12186, 3.270754], [32.121228, 3.277551], [32.117359, 3.284721], [32.115346, 3.289881], [32.110163, 3.301845], [32.106705, 3.320606], [32.106347, 3.321925], [32.105608, 3.323678], [32.097985, 3.339507], [32.097371, 3.340286], [32.087122, 3.351311], [32.086062, 3.352691], [32.085461, 3.353998], [32.081054, 3.372367], [32.0775, 3.382059], [32.071786, 3.405228], [32.071591, 3.406846], [32.071981, 3.41402], [32.071918, 3.414994], [32.067559, 3.429831], [32.067163, 3.431476], [32.065883, 3.446801], [32.067972, 3.474099], [32.068271, 3.47516], [32.069587, 3.477856], [32.069799, 3.478583], [32.06993, 3.479314], [32.070218, 3.484587], [32.070303, 3.485247], [32.070774, 3.486645], [32.071721, 3.488121], [32.077193, 3.494061], [32.077843, 3.495106], [32.078134, 3.49609], [32.078223, 3.496934], [32.078085, 3.527769], [32.073665, 3.548372], [32.073287, 3.553007], [32.073037, 3.554806], [32.071043, 3.566496], [32.071089, 3.567641], [32.071375, 3.568597], [32.072157, 3.569847], [32.073221, 3.570954]]}, "properties": {"lot_id": "OPRC-WES-06", "lot_name": "Western Region OPRC scope", "region": "Western", "status": "Scoped under OPRC", "contractor": "TBD \u2014 scoping (FY25-26 NDPIV master)", "lot_total_km": 123.0, "road_no": "A006", "link_id": "A006_Link13", "link_name": "Atiak - Nimule (Uganda/Sudan Border)", "length_km": 37.275}}, {"type": "Feature", "geometry": {"type": "MultiLineString", "coordinates": [[[32.379456, 2.445959], [32.377709, 2.465547], [32.377311, 2.467745], [32.369486, 2.486455], [32.368904, 2.488129], [32.368494, 2.489988], [32.365827, 2.50759], [32.365383, 2.509058], [32.358995, 2.526494], [32.358395, 2.528777], [32.358219, 2.530503], [32.357065, 2.567005], [32.356907, 2.568317], [32.351142, 2.584159], [32.340541, 2.603627], [32.334964, 2.617547], [32.333797, 2.620737], [32.332898, 2.625079], [32.32278, 2.679364], [32.322297, 2.680662], [32.317138, 2.690622], [32.316554, 2.692207], [32.307381, 2.732768], [32.305706, 2.744127], [32.304927, 2.747761], [32.303848, 2.751981], [32.302198, 2.756684], [32.300181, 2.761852], [32.298322, 2.768609], [32.297858, 2.771684]], [[32.297858, 2.771684], [32.297897, 2.771714]], [[32.297858, 2.771684], [32.297457, 2.771641]]]}, "properties": {"lot_id": "OPRC-WES-06", "lot_name": "Western Region OPRC scope", "region": "Western", "status": "Scoped under OPRC", "contractor": "TBD \u2014 scoping (FY25-26 NDPIV master)", "lot_total_km": 123.0, "road_no": "A006", "link_id": "A006_Link11", "link_name": "Minakulu - Bobi - Gulu", "length_km": 37.495}}, {"type": "Feature", "geometry": {"type": "LineString", "coordinates": [[32.239829, 2.242529], [32.239746, 2.243263], [32.239599, 2.243575], [32.238078, 2.244475], [32.237256, 2.245203], [32.23644, 2.246284], [32.235908, 2.247511], [32.23572, 2.248925], [32.235965, 2.250407], [32.236582, 2.251665], [32.237515, 2.252698], [32.238955, 2.25354], [32.245078, 2.255768], [32.247136, 2.256406], [32.250317, 2.257038], [32.254285, 2.257488], [32.25516, 2.257923], [32.257266, 2.259571], [32.258251, 2.25998], [32.258936, 2.260065], [32.260514, 2.259836], [32.266602, 2.258366], [32.298012, 2.248215], [32.299703, 2.24771], [32.301747, 2.247268], [32.304305, 2.246947], [32.314719, 2.246157], [32.331052, 2.246641]]}, "properties": {"lot_id": "OPRC-WES-06", "lot_name": "Western Region OPRC scope", "region": "Western", "status": "Scoped under OPRC", "contractor": "TBD \u2014 scoping (FY25-26 NDPIV master)", "lot_total_km": 123.0, "road_no": "A006", "link_id": "A006_Link09", "link_name": "Karuma - Kamdini", "length_km": 12.157}}, {"type": "Feature", "geometry": {"type": "LineString", "coordinates": [[32.041459, 1.545126], [32.041183, 1.546281], [32.040569, 1.547665], [32.037486, 1.55222], [32.036903, 1.553268], [32.035136, 1.557912], [32.034635, 1.56029], [32.030968, 1.653553], [32.029075, 1.706266], [32.017215, 1.782575], [32.016422, 1.785126], [32.010236, 1.800154], [32.009711, 1.802019], [32.009586, 1.803975], [32.009838, 1.805799], [32.010391, 1.807417], [32.01162, 1.809702]]}, "properties": {"lot_id": "OPRC-WES-06", "lot_name": "Western Region OPRC scope", "region": "Western", "status": "Scoped under OPRC", "contractor": "TBD \u2014 scoping (FY25-26 NDPIV master)", "lot_total_km": 123.0, "road_no": "A006", "link_id": "A006_Link07", "link_name": "Kafu - Kigumba", "length_km": 29.676}}, {"type": "Feature", "geometry": {"type": "LineString", "coordinates": [[32.01162, 1.809702], [32.033752, 1.849592], [32.034683, 1.851071], [32.035809, 1.85248], [32.05816, 1.87373], [32.101902, 1.920949], [32.103506, 1.922254], [32.105372, 1.923397], [32.119671, 1.930141], [32.121677, 1.931427], [32.123294, 1.932822], [32.158259, 1.973293], [32.169591, 1.985082], [32.170418, 1.986092], [32.171111, 1.987226], [32.171691, 1.988539], [32.172088, 1.989995], [32.184681, 2.043577], [32.202508, 2.118564], [32.20276, 2.120139], [32.203975, 2.132373], [32.204483, 2.135037], [32.205223, 2.137118], [32.206022, 2.138647], [32.214889, 2.15301], [32.216068, 2.155255], [32.246199, 2.234736], [32.24632, 2.235932], [32.246217, 2.237134], [32.245989, 2.237748], [32.245375, 2.23868], [32.244468, 2.239505], [32.242748, 2.240464], [32.242077, 2.241179], [32.241473, 2.241595], [32.240042, 2.242112], [32.239829, 2.242529]]}, "properties": {"lot_id": "OPRC-WES-06", "lot_name": "Western Region OPRC scope", "region": "Western", "status": "Scoped under OPRC", "contractor": "TBD \u2014 scoping (FY25-26 NDPIV master)", "lot_total_km": 123.0, "road_no": "A006", "link_id": "A006_Link08", "link_name": "Kigumba - Karuma", "length_km": 56.735}}, {"type": "Feature", "geometry": {"type": "LineString", "coordinates": [[31.053062, 0.483019], [31.053164, 0.483431], [31.053052, 0.483853], [31.052417, 0.485235], [31.051625, 0.486284], [31.050095, 0.489543], [31.049784, 0.491045], [31.047992, 0.496982], [31.048067, 0.497876], [31.048437, 0.498816], [31.050881, 0.502493], [31.052406, 0.505262], [31.05247, 0.505621], [31.052046, 0.506792], [31.051135, 0.507936], [31.050632, 0.508838], [31.049504, 0.51188], [31.049728, 0.514209], [31.050481, 0.518042], [31.05053, 0.518822], [31.050343, 0.52033], [31.050707, 0.523238], [31.05074, 0.525151], [31.050464, 0.526224], [31.048608, 0.531403], [31.047425, 0.532796], [31.047274, 0.533119], [31.046966, 0.536448], [31.045611, 0.540531], [31.045574, 0.540948], [31.046509, 0.543433], [31.04689, 0.545019], [31.047736, 0.546007], [31.048296, 0.547211], [31.048711, 0.548712], [31.050078, 0.550231], [31.050748, 0.551714], [31.050918, 0.552755], [31.050783, 0.554761], [31.050825, 0.556812], [31.051208, 0.559184], [31.051687, 0.560207], [31.051754, 0.562798], [31.052399, 0.564374], [31.05322, 0.565985], [31.053681, 0.568101], [31.054755, 0.570746], [31.055028, 0.57346], [31.055528, 0.574894], [31.055775, 0.575352], [31.057023, 0.57656], [31.057494, 0.577258], [31.058443, 0.580384], [31.05908, 0.581735], [31.060417, 0.58406], [31.061532, 0.585238], [31.06278, 0.586029], [31.063117, 0.586424], [31.063653, 0.587707], [31.064796, 0.589663], [31.065378, 0.591067], [31.065513, 0.591913], [31.065277, 0.593459], [31.06544, 0.594229], [31.065589, 0.5945], [31.066604, 0.595503], [31.067908, 0.597524], [31.068012, 0.598103], [31.067954, 0.598676], [31.066986, 0.602744], [31.067112, 0.607935], [31.067394, 0.608378], [31.068574, 0.60913], [31.070869, 0.61188], [31.071688, 0.61303], [31.072456, 0.615344], [31.072844, 0.617801], [31.072456, 0.619009], [31.072773, 0.621325], [31.072729, 0.622019], [31.070973, 0.624852], [31.070415, 0.626395], [31.070547, 0.627492], [31.070152, 0.629998], [31.070246, 0.631766], [31.070164, 0.632184], [31.069068, 0.63492], [31.06849, 0.635737], [31.067646, 0.636586], [31.06746, 0.637075], [31.067489, 0.637519], [31.067643, 0.637855], [31.068851, 0.639169], [31.069319, 0.639917], [31.069617, 0.64079], [31.069571, 0.641267], [31.068195, 0.64396], [31.067092, 0.64552], [31.066702, 0.645923], [31.065485, 0.646692], [31.06414, 0.647979], [31.063662, 0.648584], [31.063024, 0.649785], [31.061737, 0.651232], [31.061222, 0.652162], [31.05989, 0.653287], [31.059706, 0.653817], [31.059719, 0.654141], [31.0602, 0.655347], [31.060316, 0.656295], [31.059571, 0.659208], [31.058551, 0.661821], [31.057617, 0.663483], [31.056806, 0.665479], [31.056599, 0.666333], [31.056075, 0.667117], [31.05591, 0.667579], [31.056008, 0.672102], [31.055224, 0.674945], [31.05505, 0.676521], [31.055131, 0.677743], [31.056027, 0.680008], [31.056108, 0.680729], [31.056903, 0.681222], [31.057864, 0.682114], [31.059263, 0.684191], [31.060264, 0.686264], [31.060499, 0.687383], [31.060081, 0.690251], [31.060691, 0.691855], [31.061033, 0.694214], [31.06098, 0.695085], [31.060759, 0.696032], [31.059656, 0.699754], [31.058076, 0.702325], [31.05849, 0.703567], [31.05853, 0.70577], [31.058789, 0.707458], [31.059943, 0.709518], [31.06006, 0.711534], [31.059878, 0.713798], [31.059372, 0.715857], [31.059403, 0.718205], [31.058576, 0.719922], [31.058205, 0.721314], [31.057956, 0.722446], [31.05806, 0.723775], [31.057731, 0.724797], [31.057597, 0.725728], [31.057702, 0.728357], [31.057413, 0.729903], [31.057342, 0.731123], [31.057636, 0.734729], [31.058122, 0.736512], [31.058906, 0.737678], [31.062281, 0.740095], [31.063803, 0.742262], [31.064587, 0.74302], [31.065097, 0.743237], [31.065798, 0.743335], [31.06726, 0.743211], [31.068354, 0.742943], [31.070067, 0.743538], [31.071581, 0.744511], [31.072849, 0.745139], [31.074523, 0.747769], [31.075273, 0.750615], [31.07615, 0.752044], [31.077181, 0.753261], [31.077626, 0.754557], [31.077562, 0.755366], [31.076521, 0.757711], [31.076222, 0.758856], [31.076311, 0.760016], [31.076775, 0.761116], [31.076503, 0.763228], [31.076513, 0.764175], [31.076815, 0.765844], [31.077607, 0.76815], [31.077932, 0.768639], [31.07859, 0.769158], [31.07931, 0.769939], [31.079965, 0.771453], [31.08004, 0.772259], [31.079543, 0.773488], [31.079769, 0.774401], [31.079657, 0.774893]]}, "properties": {"lot_id": "OPRC-WES-06", "lot_name": "Western Region OPRC scope", "region": "Western", "status": "Scoped under OPRC", "contractor": "TBD \u2014 scoping (FY25-26 NDPIV master)", "lot_total_km": 123.0, "road_no": "C551", "link_id": "C551_Link01", "link_name": "Kyegegwa - Hapuyo - Kibale", "length_km": 36.551}}]}