{
"type": "FeatureCollection",
"name": "traffic_count_stations",
"crs": { "type": "name", "properties": { "name": "urn:ogc:def:crs:OGC:1.3:CRS84" } },
"features": [
{ "type": "Feature", "properties": { "TCS_NO_": 122.0, "TCS_NAME": "A00109", "Link_ID": "A001_Link02", "Link_Name": "Mukono - Lugazi", "LAT": 32.75632, "LON": 0.354546, "X": 472884.9932, "Y": 39188.34832, "STATIONS": "DS", "E": 32.75632, "S": 0.354546, "STATION": "Kampala", "REGION": "Central", "Comment": null, "A2016_NAME": "A00109", "A2011_NAME": "A00109", "compare": "true" }, "geometry": { "type": "Point", "coordinates": [ 32.756320000367793, 0.354546000397647 ] } },
{ "type": "Feature", "properties": { "TCS_NO_": 123.0, "TCS_NAME": "A00114", "Link_ID": "A001_Link03", "Link_Name": "Lugazi - Njeru", "LAT": 33.179248, "LON": 0.44049, "X": 519945.2078, "Y": 48687.67216, "STATIONS": "DS", "E": 33.179248, "S": 0.44049, "STATION": "Kampala", "REGION": "Central", "Comment": null, "A2016_NAME": "A00114", "A2011_NAME": "A00114", "compare": "true" }, "geometry": { "type": "Point", "coordinates": [ 33.179248000195116, 0.440490000413263 ] } },
{ "type": "Feature", "properties": { "TCS_NO_": 55.0, "TCS_NAME": "A00121", "Link_ID": "A001N2_Link01", "Link_Name": "Jinja - Kakira Junction(Dual section)", "LAT": 33.235366, "LON": 0.465198, "X": 526189.534, "Y": 51418.79166, "STATIONS": "DS", "E": 33.235366, "S": 0.465198, "STATION": "Jinja", "REGION": "East", "Comment": null, "A2016_NAME": "A00121", "A2011_NAME": "A00121", "compare": "true" }, "geometry": { "type": "Point", "coordinates": [ 33.235365999841065, 0.465198000387431 ] } },
{ "type": "Feature", "properties": { "TCS_NO_": 56.0, "TCS_NAME": "A00122", "Link_ID": "A001_Link06", "Link_Name": "Kakira junction - Iganga", "LAT": 33.333223, "LON": 0.51135, "X": 537078.0772000001, "Y": 56520.56109, "STATIONS": "DS", "E": 33.333223, "S": 0.51135, "STATION": "Jinja", "REGION": "East", "Comment": null, "A2016_NAME": "A00122", "A2011_NAME": "A00122", "compare": "true" }, "geometry": { "type": "Point", "coordinates": [ 33.333222999741679, 0.511350000002551 ] } },
{ "type": "Feature", "properties": { "TCS_NO_": 124.0, "TCS_NAME": "A00205", "Link_ID": "A002_Link03", "Link_Name": "Mpigi - Buwama", "LAT": 32.3344, "LON": 0.220085, "X": 425934.2376, "Y": 24327.6998, "STATIONS": "DS", "E": 32.3344, "S": 0.220085, "STATION": "Mpigi", "REGION": "Central", "Comment": null, "A2016_NAME": "A00205", "A2011_NAME": "A00205", "compare": "true" }, "geometry": { "type": "Point", "coordinates": [ 32.334400000259848, 0.220084999623055 ] } },
{ "type": "Feature", "properties": { "TCS_NO_": 125.0, "TCS_NAME": "A00214", "Link_ID": "A002_Link06", "Link_Name": "Masaka  - Lyantonde", "LAT": 31.434408, "LON": -0.393421, "X": 325771.0466, "Y": -43501.18065, "STATIONS": "DS", "E": 31.434408, "S": -0.393421, "STATION": "Masaka", "REGION": "Central", "Comment": null, "A2016_NAME": "A00214", "A2011_NAME": "A00214", "compare": "true" }, "geometry": { "type": "Point", "coordinates": [ 31.434407999729444, -0.393420999679336 ] } },
{ "type": "Feature", "properties": { "TCS_NO_": 224.0, "TCS_NAME": "A00222", "Link_ID": "A002_Link09", "Link_Name": "Ntungamo - Rubaale", "LAT": 30.223287, "LON": -0.927042, "X": 190939.752, "Y": -102587.3253, "STATIONS": "DS", "E": 30.223287, "S": -0.927042, "STATION": "Kabale", "REGION": "South", "Comment": null, "A2016_NAME": "A00222", "A2011_NAME": "A00222", "compare": "true" }, "geometry": { "type": "Point", "coordinates": [ 30.223287000095013, -0.927041999588539 ] } },
{ "type": "Feature", "properties": { "TCS_NO_": 126.0, "TCS_NAME": "A00303", "Link_ID": "A003_Link02", "Link_Name": "Zana - Entebbe Airport", "LAT": 32.541104, "LON": 0.140742, "X": 448936.0221, "Y": 15556.74027, "STATIONS": "DS", "E": 32.541104, "S": 0.140742, "STATION": "Kampala", "REGION": "Central", "Comment": null, "A2016_NAME": "A00303", "A2011_NAME": "A00303", "compare": "true" }, "geometry": { "type": "Point", "coordinates": [ 32.54110399964992, 0.140742000043304 ] } },
{ "type": "Feature", "properties": { "TCS_NO_": 127.0, "TCS_NAME": "A00304", "Link_ID": "A003_Link02", "Link_Name": "Zana - Entebbe Airport", "LAT": 32.459875, "LON": 0.042243, "X": 439896.7501, "Y": 4669.36571, "STATIONS": "DS", "E": 32.459875, "S": 0.042243, "STATION": "Kampala", "REGION": "Central", "Comment": null, "A2016_NAME": "A00304", "A2011_NAME": "A00304", "compare": "true" }, "geometry": { "type": "Point", "coordinates": [ 32.459875000331067, 0.042243000214341 ] } },
{ "type": "Feature", "properties": { "TCS_NO_": 128.0, "TCS_NAME": "A00401", "Link_ID": "A004_Link01", "Link_Name": "Masaka round about - Kyotera", "LAT": 31.728986, "LON": -0.336988, "X": 358558.7678, "Y": -37256.54615, "STATIONS": "DS", "E": 31.728986, "S": -0.336988, "STATION": "Masaka", "REGION": "Central", "Comment": null, "A2016_NAME": "A00401", "A2011_NAME": "A00401", "compare": "true" }, "geometry": { "type": "Point", "coordinates": [ 31.728986000003943, -0.336987999896223 ] } },
{ "type": "Feature", "properties": { "TCS_NO_": 129.0, "TCS_NAME": "A00509", "Link_ID": "A005_Link03", "Link_Name": "Mityana - Naama - Myanzi", "LAT": 31.987974, "LON": 0.416103, "X": 387383.9183, "Y": 45999.10314, "STATIONS": "DS", "E": 31.987974, "S": 0.416103, "STATION": "Mubende", "REGION": "Central", "Comment": null, "A2016_NAME": "A00509", "A2011_NAME": "A00509", "compare": "true" }, "geometry": { "type": "Point", "coordinates": [ 31.987974000299914, 0.416102999953523 ] } },
{ "type": "Feature", "properties": { "TCS_NO_": 130.0, "TCS_NAME": "A00514", "Link_ID": "A005_Link05", "Link_Name": "Kiganda-Kitenga", "LAT": 31.587595, "LON": 0.484048, "X": 342824.2832, "Y": 53518.21845, "STATIONS": "DS", "E": 31.587595, "S": 0.484048, "STATION": "Mubende", "REGION": "Central", "Comment": null, "A2016_NAME": "A00514", "A2011_NAME": "A00514", "compare": "true" }, "geometry": { "type": "Point", "coordinates": [ 31.587594999809426, 0.484048000015264 ] } },
{ "type": "Feature", "properties": { "TCS_NO_": 131.0, "TCS_NAME": "A00515", "Link_ID": "A005_Link06", "Link_Name": "Kitenga-Mubende-Lusalira", "LAT": 31.396642, "LON": 0.550429, "X": 321571.1669, "Y": 60862.9974, "STATIONS": "DS", "E": 31.396642, "S": 0.550429, "STATION": "Mubende", "REGION": "Central", "Comment": null, "A2016_NAME": "A00515", "A2011_NAME": "A00515", "compare": "true" }, "geometry": { "type": "Point", "coordinates": [ 31.396642000128281, 0.550428999898486 ] } },
{ "type": "Feature", "properties": { "TCS_NO_": 132.0, "TCS_NAME": "A00516", "Link_ID": "A005_Link07", "Link_Name": "Lusalira - Nabingoola - Lubaale", "LAT": 31.235609, "LON": 0.487317, "X": 303643.2872, "Y": 53888.89633, "STATIONS": "DS", "E": 31.235609, "S": 0.487317, "STATION": "Mubende", "REGION": "Central", "Comment": null, "A2016_NAME": "A00516", "A2011_NAME": "A00516", "compare": "true" }, "geometry": { "type": "Point", "coordinates": [ 31.235608999755584, 0.48731699967982 ] } },
{ "type": "Feature", "properties": { "TCS_NO_": 268.0, "TCS_NAME": "A00518", "Link_ID": "A005_Link08", "Link_Name": "Lubaale - kyegegwa", "LAT": 31.098898, "LON": 0.481522, "X": 288423.2521, "Y": 53252.1433, "STATIONS": "DS", "E": 31.098898, "S": 0.481522, "STATION": "Fort Portal", "REGION": "West", "Comment": null, "A2016_NAME": "A00518", "A2011_NAME": "A00518", "compare": "true" }, "geometry": { "type": "Point", "coordinates": [ 31.098898000442432, 0.481522000440009 ] } },
{ "type": "Feature", "properties": { "TCS_NO_": 133.0, "TCS_NAME": "A00606", "Link_ID": "A006_Link03", "Link_Name": "Matuga - Wobulenzi", "LAT": 32.525945, "LON": 0.67852, "X": 447252.6077, "Y": 74999.47767, "STATIONS": "DS", "E": 32.525945, "S": 0.67852, "STATION": "Luwero", "REGION": "Central", "Comment": null, "A2016_NAME": "A00606", "A2011_NAME": "A00606", "compare": "true" }, "geometry": { "type": "Point", "coordinates": [ 32.525945000261629, 0.67852000009799 ] } },
{ "type": "Feature", "properties": { "TCS_NO_": 134.0, "TCS_NAME": "A00610", "Link_ID": "A006_Link05", "Link_Name": "Luweero - Nakasongola", "LAT": 32.467194, "LON": 1.048777, "X": 440721.0322, "Y": 115926.5362, "STATIONS": "DS", "E": 32.467194, "S": 1.048777, "STATION": "Luwero", "REGION": "Central", "Comment": null, "A2016_NAME": "A00610", "A2011_NAME": "A00610", "compare": "true" }, "geometry": { "type": "Point", "coordinates": [ 32.467193999703397, 1.048777000058578 ] } },
{ "type": "Feature", "properties": { "TCS_NO_": 135.0, "TCS_NAME": "A00612", "Link_ID": "A006_Link06", "Link_Name": "Nakasongola - Kafu", "LAT": 32.214069, "LON": 1.416181, "X": 412569.3313, "Y": 156545.6869, "STATIONS": "DS", "E": 32.214069, "S": 1.416181, "STATION": "Luwero", "REGION": "Central", "Comment": null, "A2016_NAME": "A00612", "A2011_NAME": "A00612", "compare": "true" }, "geometry": { "type": "Point", "coordinates": [ 32.21406899998442, 1.416180999753408 ] } },
{ "type": "Feature", "properties": { "TCS_NO_": 269.0, "TCS_NAME": "A00617", "Link_ID": "A006_Link08", "Link_Name": "Kigumba - Karuma", "LAT": 32.174714, "LON": 2.001194, "X": 408218.7298, "Y": 221216.0927, "STATIONS": "DS", "E": 32.174714, "S": 2.001194, "STATION": "Masindi", "REGION": "West", "Comment": null, "A2016_NAME": "A00617", "A2011_NAME": "A00617", "compare": "true" }, "geometry": { "type": "Point", "coordinates": [ 32.174713999951166, 2.001193999903194 ] } },
{ "type": "Feature", "properties": { "TCS_NO_": 1.0, "TCS_NAME": "A00623", "Link_ID": "A006_Link11", "Link_Name": "Minakulu - Bobi - Gulu", "LAT": 32.378133, "LON": 2.460853, "X": 430863.8194, "Y": 272015.9487, "STATIONS": "DS", "E": 32.378133, "S": 2.460853, "STATION": "Gulu", "REGION": "North", "Comment": null, "A2016_NAME": "A00623", "A2011_NAME": "A00623", "compare": "true" }, "geometry": { "type": "Point", "coordinates": [ 32.378132999838101, 2.460853000165855 ] } },
{ "type": "Feature", "properties": { "TCS_NO_": 57.0, "TCS_NAME": "A00704", "Link_ID": "A007_Link02", "Link_Name": "Tororo - Magodes - Nabumali", "LAT": 34.160358, "LON": 0.923931, "X": 629111.0025, "Y": 102143.3019, "STATIONS": "DS", "E": 34.160358, "S": 0.923931, "STATION": "Tororo", "REGION": "East", "Comment": null, "A2016_NAME": "A00704", "A2011_NAME": "A00704", "compare": "true" }, "geometry": { "type": "Point", "coordinates": [ 34.160358000321537, 0.923931000215532 ] } },
{ "type": "Feature", "properties": { "TCS_NO_": 58.0, "TCS_NAME": "A00711", "Link_ID": "A007_Link04", "Link_Name": "Mbale - Namunsi - Kumi", "LAT": 34.16464, "LON": 1.14575, "X": 629578.4734, "Y": 126666.259, "STATIONS": "DS", "E": 34.16464, "S": 1.14575, "STATION": "Mbale", "REGION": "East", "Comment": null, "A2016_NAME": "A00711", "A2011_NAME": "A00711", "compare": "true" }, "geometry": { "type": "Point", "coordinates": [ 34.164639999936128, 1.145749999662826 ] } },
{ "type": "Feature", "properties": { "TCS_NO_": 2.0, "TCS_NAME": "A00721", "Link_ID": "A007_Link10", "Link_Name": "Ayer - Kamdini", "LAT": 32.507782, "LON": 2.239118, "X": 445269.2737, "Y": 247500.2577, "STATIONS": "DS", "E": 32.507782, "S": 2.239118, "STATION": "Lira", "REGION": "North", "Comment": null, "A2016_NAME": "A00721", "A2011_NAME": "A00721", "compare": "true" }, "geometry": { "type": "Point", "coordinates": [ 32.507781999939425, 2.239118000095687 ] } },
{ "type": "Feature", "properties": { "TCS_NO_": 3.0, "TCS_NAME": "A00801", "Link_ID": "A008_Link01", "Link_Name": "Karuma - Olwiyo", "LAT": 32.05125, "LON": 2.383744, "X": 394513.7792, "Y": 263513.1933, "STATIONS": "DS", "E": 32.05125, "S": 2.383744, "STATION": "Gulu", "REGION": "North", "Comment": null, "A2016_NAME": "A00801", "A2011_NAME": "A00801", "compare": "true" }, "geometry": { "type": "Point", "coordinates": [ 32.051249999987533, 2.383744000185516 ] } },
{ "type": "Feature", "properties": { "TCS_NO_": 4.0, "TCS_NAME": "A00804", "Link_ID": "A008_Link03", "Link_Name": "Packwach - Nebbi", "LAT": 31.481604, "LON": 2.460245, "X": 331175.409, "Y": 272028.6594, "STATIONS": "DS", "E": 31.481604, "S": 2.460245, "STATION": "Arua", "REGION": "North", "Comment": null, "A2016_NAME": "A00804", "A2011_NAME": "A00804", "compare": "true" }, "geometry": { "type": "Point", "coordinates": [ 31.481603999824756, 2.460245000006807 ] } },
{ "type": "Feature", "properties": { "TCS_NO_": 5.0, "TCS_NAME": "A00810", "Link_ID": "A008_Link07", "Link_Name": "Koboko - Oraba(Uganda/Sudan border)", "LAT": 30.938964, "LON": 3.493313, "X": 271032.2333, "Y": 386371.8803, "STATIONS": "DS", "E": 30.938964, "S": 3.493313, "STATION": "Arua", "REGION": "North", "Comment": null, "A2016_NAME": "A00810", "A2011_NAME": "A00810", "compare": "true" }, "geometry": { "type": "Point", "coordinates": [ 30.938964000388353, 3.493313000394721 ] } },
{ "type": "Feature", "properties": { "TCS_NO_": 136.0, "TCS_NAME": "A00902", "Link_ID": "A009_Link02", "Link_Name": "Nansana - Busunju", "LAT": 32.469052, "LON": 0.406898, "X": 440919.4282, "Y": 44976.35902, "STATIONS": "DS", "E": 32.469052, "S": 0.406898, "STATION": "Kampala", "REGION": "Central", "Comment": null, "A2016_NAME": "A00902", "A2011_NAME": "A00902", "compare": "true" }, "geometry": { "type": "Point", "coordinates": [ 32.469051999949897, 0.406897999942771 ] } },
{ "type": "Feature", "properties": { "TCS_NO_": 137.0, "TCS_NAME": "A00906", "Link_ID": "A009_Link03", "Link_Name": "Busunju - Kiboga - Lwamata", "LAT": 32.142553, "LON": 0.60548, "X": 404589.3208, "Y": 66931.2679, "STATIONS": "DS", "E": 32.142553, "S": 0.60548, "STATION": "Kampala", "REGION": "Central", "Comment": null, "A2016_NAME": "A00906", "A2011_NAME": "A00906", "compare": "true" }, "geometry": { "type": "Point", "coordinates": [ 32.142552999821135, 0.605479999802185 ] } },
{ "type": "Feature", "properties": { "TCS_NO_": 138.0, "TCS_NAME": "B10004", "Link_ID": "B100_Link02", "Link_Name": "Gayaza - Kalagi", "LAT": 32.611877, "LON": 0.449001, "X": 456812.6412, "Y": 49629.21392, "STATIONS": "DS", "E": 32.611877, "S": 0.449001, "STATION": "Kampala", "REGION": "Central", "Comment": null, "A2016_NAME": "B10004", "A2011_NAME": "B10004", "compare": "true" }, "geometry": { "type": "Point", "coordinates": [ 32.611876999723791, 0.449000999896271 ] } },
{ "type": "Feature", "properties": { "TCS_NO_": 139.0, "TCS_NAME": "B10105", "Link_ID": "B101_Link03", "Link_Name": "Kayunga - Busana - River Nile", "LAT": 32.973489, "LON": 0.755185, "X": 497050.2013, "Y": 83470.69835000001, "STATIONS": "DS", "E": 32.973489, "S": 0.755185, "STATION": "Kampala", "REGION": "Central", "Comment": null, "A2016_NAME": "B10105", "A2011_NAME": "B10105", "compare": "true" }, "geometry": { "type": "Point", "coordinates": [ 32.973489000317159, 0.755185000287554 ] } },
{ "type": "Feature", "properties": { "TCS_NO_": 140.0, "TCS_NAME": "B10302", "Link_ID": "B103_Link02", "Link_Name": "Villa Maria - Sembabule", "LAT": 31.439757, "LON": -0.070925, "X": 326362.5001, "Y": -7842.29432, "STATIONS": "DS", "E": 31.439757, "S": -0.070925, "STATION": "Masaka", "REGION": "Central", "Comment": null, "A2016_NAME": "B10302", "A2011_NAME": "B10302", "compare": "true" }, "geometry": { "type": "Point", "coordinates": [ 31.439756999985605, -0.070924999788872 ] } },
{ "type": "Feature", "properties": { "TCS_NO_": 141.0, "TCS_NAME": "B10304", "Link_ID": "B103_Link03", "Link_Name": "Nkonge - Kibula - Magege - Kasambya", "LAT": 31.185256, "LON": 0.307506, "X": 298033.2831, "Y": 34005.81322, "STATIONS": "DS", "E": 31.185256, "S": 0.307506, "STATION": "Mubende", "REGION": "Central", "Comment": null, "A2016_NAME": "B10304", "A2011_NAME": "B10304", "compare": "true" }, "geometry": { "type": "Point", "coordinates": [ 31.185255999764649, 0.307506000301714 ] } },
{ "type": "Feature", "properties": { "TCS_NO_": 142.0, "TCS_NAME": "B10305", "Link_ID": "B103_Link04", "Link_Name": "Kasambya - Lusalira", "LAT": 31.289959, "LON": 0.424849, "X": 309692.0346, "Y": 46979.67103, "STATIONS": "DS", "E": 31.289959, "S": 0.424849, "STATION": "Mubende", "REGION": "Central", "Comment": null, "A2016_NAME": "B10305", "A2011_NAME": "B10305", "compare": "true" }, "geometry": { "type": "Point", "coordinates": [ 31.289958999708119, 0.42484900038113 ] } },
{ "type": "Feature", "properties": { "TCS_NO_": 225.0, "TCS_NAME": "B15005", "Link_ID": "B150_Link03", "Link_Name": "Ibanda - Muziza - Kamwenge", "LAT": 30.440641, "LON": 0.140984, "X": 215112.904, "Y": 15598.65923, "STATIONS": "DS", "E": 30.440641, "S": 0.140984, "STATION": "Ibanda", "REGION": "South", "Comment": null, "A2016_NAME": "B15005", "A2011_NAME": "B15005", "compare": "true" }, "geometry": { "type": "Point", "coordinates": [ 30.440640999582513, 0.140984000411322 ] } },
{ "type": "Feature", "properties": { "TCS_NO_": 226.0, "TCS_NAME": "B15202", "Link_ID": "B152_Link02", "Link_Name": "Kagamba - Ishaka", "LAT": 30.162317, "LON": -0.679494, "X": 184128.9887, "Y": -75197.31204, "STATIONS": "DS", "E": 30.162317, "S": -0.679494, "STATION": "Kabale", "REGION": "South", "Comment": null, "A2016_NAME": "B15202", "A2011_NAME": "B15202", "compare": "true" }, "geometry": { "type": "Point", "coordinates": [ 30.162316999729796, -0.679493999848148 ] } },
{ "type": "Feature", "properties": { "TCS_NO_": 270.0, "TCS_NAME": "B20101", "Link_ID": "B201_Link01", "Link_Name": "Kigumba - Masindi", "LAT": 31.871027, "LON": 1.785426, "X": 374426.0431, "Y": 197382.3741, "STATIONS": "DS", "E": 31.871027, "S": 1.785426, "STATION": "Masindi", "REGION": "West", "Comment": null, "A2016_NAME": "B20101", "A2011_NAME": "B20101", "compare": "true" }, "geometry": { "type": "Point", "coordinates": [ 31.871026999596381, 1.785425999810116 ] } },
{ "type": "Feature", "properties": { "TCS_NO_": 271.0, "TCS_NAME": "B20203", "Link_ID": "B202_Link02", "Link_Name": "R. Muzizi - Muhooro - Kagadi", "LAT": 30.732997, "LON": 0.86364, "X": 247701.5838, "Y": 95533.55492, "STATIONS": "DS", "E": 30.732997, "S": 0.86364, "STATION": "Hoima", "REGION": "West", "Comment": null, "A2016_NAME": "B20203", "A2011_NAME": "B20203", "compare": "true" }, "geometry": { "type": "Point", "coordinates": [ 30.732996999911677, 0.863639999686256 ] } },
{ "type": "Feature", "properties": { "TCS_NO_": 272.0, "TCS_NAME": "B20205", "Link_ID": "B202_Link03", "Link_Name": "Kagadi - Mabale - Kabwoya", "LAT": 31.037739, "LON": 1.188799, "X": 281653.1777, "Y": 131475.7812, "STATIONS": "DS", "E": 31.037739, "S": 1.188799, "STATION": "Hoima", "REGION": "West", "Comment": null, "A2016_NAME": "B20205", "A2011_NAME": "B20205", "compare": "true" }, "geometry": { "type": "Point", "coordinates": [ 31.037739000354634, 1.188799000073857 ] } },
{ "type": "Feature", "properties": { "TCS_NO_": 143.0, "TCS_NAME": "B20301", "Link_ID": "B203_Link01", "Link_Name": "Mubende - Kiboyo - Kakumiro", "LAT": 31.374654, "LON": 0.646954, "X": 319126.6978, "Y": 71536.8226, "STATIONS": "DS", "E": 31.374654, "S": 0.646954, "STATION": "Mubende", "REGION": "Central", "Comment": null, "A2016_NAME": "B20301", "A2011_NAME": "B20301", "compare": "true" }, "geometry": { "type": "Point", "coordinates": [ 31.37465399968238, 0.646954000426831 ] } },
{ "type": "Feature", "properties": { "TCS_NO_": 144.0, "TCS_NAME": "B20303", "Link_ID": "B203_Link02", "Link_Name": "Kakumiro - Nkondo - Kijaguza - Bulamagi- Kabaale swamp", "LAT": 31.256477, "LON": 0.902313, "X": 305983.3419, "Y": 99779.30832, "STATIONS": "DS", "E": 31.256477, "S": 0.902313, "STATION": "Mubende", "REGION": "Central", "Comment": null, "A2016_NAME": "B20303", "A2011_NAME": "B20303", "compare": "true" }, "geometry": { "type": "Point", "coordinates": [ 31.256476999813742, 0.902312999745163 ] } },
{ "type": "Feature", "properties": { "TCS_NO_": 6.0, "TCS_NAME": "B25002", "Link_ID": "B250_Link01", "Link_Name": "Atiak - Moyo", "LAT": 31.839033, "LON": 3.360951, "X": 371025.3312, "Y": 371566.9699, "STATIONS": "DS", "E": 31.839033, "S": 3.360951, "STATION": "Moyo", "REGION": "North", "Comment": null, "A2016_NAME": "B25002", "A2011_NAME": "B25002", "compare": "true" }, "geometry": { "type": "Point", "coordinates": [ 31.839032999973028, 3.36095100018855 ] } },
{ "type": "Feature", "properties": { "TCS_NO_": 7.0, "TCS_NAME": "B25005", "Link_ID": "B250_Link02", "Link_Name": "Moyo - Yumbe", "LAT": 31.409521, "LON": 3.556128, "X": 323335.3694, "Y": 393216.2163, "STATIONS": "DS", "E": 31.409521, "S": 3.556128, "STATION": "Moyo", "REGION": "North", "Comment": null, "A2016_NAME": "B25005", "A2011_NAME": "B25005", "compare": "true" }, "geometry": { "type": "Point", "coordinates": [ 31.40952099959452, 3.556128000406943 ] } },
{ "type": "Feature", "properties": { "TCS_NO_": 8.0, "TCS_NAME": "B25001", "Link_ID": "B250_Link01", "Link_Name": "Atiak - Moyo", "LAT": 32.078262, "LON": 3.301995, "X": 397598.3613, "Y": 365021.1833, "STATIONS": "DS", "E": 32.078262, "S": 3.301995, "STATION": "Moyo", "REGION": "North", "Comment": null, "A2016_NAME": "B25001", "A2011_NAME": "B25001", "compare": "true" }, "geometry": { "type": "Point", "coordinates": [ 32.078262000091286, 3.301995000069269 ] } },
{ "type": "Feature", "properties": { "TCS_NO_": 9.0, "TCS_NAME": "B25207", "Link_ID": "B252_Link03", "Link_Name": "Acholibur - Kitgum", "LAT": 32.885703, "LON": 3.287627, "X": 487302.4171, "Y": 363386.3385, "STATIONS": "DS", "E": 32.885703, "S": 3.287627, "STATION": "Kitgum", "REGION": "North", "Comment": null, "A2016_NAME": "B25207", "A2011_NAME": "B25207", "compare": "true" }, "geometry": { "type": "Point", "coordinates": [ 32.885702999893567, 3.287627000285909 ] } },
{ "type": "Feature", "properties": { "TCS_NO_": 273.0, "TCS_NAME": "B25301", "Link_ID": "B253_Link01", "Link_Name": "Rwekunye - Masindi Port", "LAT": 32.0607, "LON": 1.7031, "X": 395520.5549, "Y": 188269.7702, "STATIONS": "DS", "E": 32.0607, "S": 1.7031, "STATION": "Masindi", "REGION": "West", "Comment": null, "A2016_NAME": "B25301", "A2011_NAME": "B25301", "compare": "true" }, "geometry": { "type": "Point", "coordinates": [ 32.060699999605333, 1.70310000026484 ] } },
{ "type": "Feature", "properties": { "TCS_NO_": 10.0, "TCS_NAME": "B25302", "Link_ID": "B253_Link02", "Link_Name": "Masindi Port-Akokoro-Apac-Aduku", "LAT": 32.36627, "LON": 1.822429, "X": 429515.6556, "Y": 201446.2617, "STATIONS": "DS", "E": 32.36627, "S": 1.822429, "STATION": "Lira", "REGION": "North", "Comment": null, "A2016_NAME": "B25302", "A2011_NAME": "B25302", "compare": "true" }, "geometry": { "type": "Point", "coordinates": [ 32.36626999956087, 1.822429000198269 ] } },
{ "type": "Feature", "properties": { "TCS_NO_": 11.0, "TCS_NAME": "B25303", "Link_ID": "B253_Link03", "Link_Name": "Aduku - Lira", "LAT": 32.795815, "LON": 2.127102, "X": 477294.8363, "Y": 235111.3037, "STATIONS": "DS", "E": 32.795815, "S": 2.127102, "STATION": "Lira", "REGION": "North", "Comment": null, "A2016_NAME": "B25303", "A2011_NAME": "B25303", "compare": "true" }, "geometry": { "type": "Point", "coordinates": [ 32.795814999662582, 2.127102000157208 ] } },
{ "type": "Feature", "properties": { "TCS_NO_": 59.0, "TCS_NAME": "B30001", "Link_ID": "B300_Link01", "Link_Name": "Namunsi - Sironko", "LAT": 34.182165, "LON": 1.138424, "X": 631528.9446, "Y": 125857.2131, "STATIONS": "DS", "E": 34.182165, "S": 1.138424, "STATION": "Mbale", "REGION": "East", "Comment": null, "A2016_NAME": "B30001", "A2011_NAME": "B30001", "compare": "true" }, "geometry": { "type": "Point", "coordinates": [ 34.182164999615111, 1.138423999967699 ] } },
{ "type": "Feature", "properties": { "TCS_NO_": 60.0, "TCS_NAME": "B30005", "Link_ID": "B300_Link03", "Link_Name": "Muyembe - Namalu", "LAT": 34.411237, "LON": 1.475982, "X": 656999.5258, "Y": 163190.5851, "STATIONS": "DS", "E": 34.411237, "S": 1.475982, "STATION": "Mbale", "REGION": "East", "Comment": null, "A2016_NAME": "B30005", "A2011_NAME": "B30005", "compare": "true" }, "geometry": { "type": "Point", "coordinates": [ 34.411236999887706, 1.475982000169211 ] } },
{ "type": "Feature", "properties": { "TCS_NO_": 97.0, "TCS_NAME": "B30009", "Link_ID": "B300_Link05", "Link_Name": "Lokapel - Ariamoi", "LAT": 34.602362, "LON": 2.320386, "X": 678180.874, "Y": 256574.6203, "STATIONS": "DS", "E": 34.602362, "S": 2.320386, "STATION": "Moroto", "REGION": "North East", "Comment": null, "A2016_NAME": "B30009", "A2011_NAME": "B30009", "compare": "true" }, "geometry": { "type": "Point", "coordinates": [ 34.60236200030613, 2.320386000313704 ] } },
{ "type": "Feature", "properties": { "TCS_NO_": 98.0, "TCS_NAME": "B30103", "Link_ID": "B301_Link02", "Link_Name": "Kapelimoru - Kotido", "LAT": 34.115303, "LON": 2.972008, "X": 623947.3381000001, "Y": 328561.7109, "STATIONS": "DS", "E": 34.115303, "S": 2.972008, "STATION": "Kotido", "REGION": "North East", "Comment": null, "A2016_NAME": "B30103", "A2011_NAME": "B30103", "compare": "true" }, "geometry": { "type": "Point", "coordinates": [ 34.115303000033464, 2.972008000069195 ] } },
{ "type": "Feature", "properties": { "TCS_NO_": 99.0, "TCS_NAME": "B30105", "Link_ID": "B301_Link03", "Link_Name": "Kotido - Apaan - Kabong", "LAT": 34.121318, "LON": 3.538836, "X": 624546.226, "Y": 391227.938, "STATIONS": "DS", "E": 34.121318, "S": 3.538836, "STATION": "Kotido", "REGION": "North East", "Comment": null, "A2016_NAME": "B30105", "A2011_NAME": "B30105", "compare": "true" }, "geometry": { "type": "Point", "coordinates": [ 34.121318000425447, 3.538835999781611 ] } },
{ "type": "Feature", "properties": { "TCS_NO_": 12.0, "TCS_NAME": "B30203", "Link_ID": "B302_Link02", "Link_Name": "Abim - Kilak", "LAT": 33.241919, "LON": 2.767392, "X": 526888.4317, "Y": 305885.0391, "STATIONS": "DS", "E": 33.241919, "S": 2.767392, "STATION": "Kitgum", "REGION": "North", "Comment": null, "A2016_NAME": "B30203", "A2011_NAME": "B30203", "compare": "true" }, "geometry": { "type": "Point", "coordinates": [ 33.24191899986198, 2.767391999840981 ] } },
{ "type": "Feature", "properties": { "TCS_NO_": 100.0, "TCS_NAME": "B30301", "Link_ID": "B303_Link01", "Link_Name": "Soroti - Arapai", "LAT": 33.61628, "LON": 1.746355, "X": 568546.1783, "Y": 193036.5451, "STATIONS": "DS", "E": 33.61628, "S": 1.746355, "STATION": "Soroti", "REGION": "North East", "Comment": null, "A2016_NAME": "B30301", "A2011_NAME": "B30301", "compare": "true" }, "geometry": { "type": "Point", "coordinates": [ 33.616280000221877, 1.746355000283074 ] } },
{ "type": "Feature", "properties": { "TCS_NO_": 101.0, "TCS_NAME": "B30302", "Link_ID": "B303_Link01", "Link_Name": "Soroti - Arapai", "LAT": 33.628538, "LON": 1.779603, "X": 569908.4156, "Y": 196712.1216, "STATIONS": "DS", "E": 33.628538, "S": 1.779603, "STATION": "Soroti", "REGION": "North East", "Comment": null, "A2016_NAME": "B30302", "A2011_NAME": "B30302", "compare": "true" }, "geometry": { "type": "Point", "coordinates": [ 33.628537999828893, 1.779603000178383 ] } },
{ "type": "Feature", "properties": { "TCS_NO_": 61.0, "TCS_NAME": "B30401", "Link_ID": "B304_Link01", "Link_Name": "Muyembe - Kaserem - Kapchorwa", "LAT": 34.319641, "LON": 1.339773, "X": 646816.2074, "Y": 148124.9576, "STATIONS": "DS", "E": 34.319641, "S": 1.339773, "STATION": "Mbale", "REGION": "East", "Comment": null, "A2016_NAME": "B30401", "A2011_NAME": "B30401", "compare": "true" }, "geometry": { "type": "Point", "coordinates": [ 34.319641000032163, 1.339772999724232 ] } },
{ "type": "Feature", "properties": { "TCS_NO_": 62.0, "TCS_NAME": "B30501", "Link_ID": "B305_Link01", "Link_Name": "Tirinyi - Pallisa", "LAT": 33.749118, "LON": 1.088482, "X": 583345.5526000001, "Y": 120320.4697, "STATIONS": "DS", "E": 33.749118, "S": 1.088482, "STATION": "Mbale", "REGION": "East", "Comment": null, "A2016_NAME": "B30501", "A2011_NAME": "B30501", "compare": "true" }, "geometry": { "type": "Point", "coordinates": [ 33.749117999895816, 1.088482000044337 ] } },
{ "type": "Feature", "properties": { "TCS_NO_": 63.0, "TCS_NAME": "B30601", "Link_ID": "B306_Link01", "Link_Name": "Tororo(Malaba junction) - Busia", "LAT": 34.131228, "LON": 0.564168, "X": 625879.5395, "Y": 62369.74736, "STATIONS": "DS", "E": 34.131228, "S": 0.564168, "STATION": "Tororo", "REGION": "East", "Comment": null, "A2016_NAME": "B30601", "A2011_NAME": "B30601", "compare": "true" }, "geometry": { "type": "Point", "coordinates": [ 34.13122799967249, 0.564168000352993 ] } },
{ "type": "Feature", "properties": { "TCS_NO_": 64.0, "TCS_NAME": "B30702", "Link_ID": "B307_Link02", "Link_Name": "Buwenge - Kamuli", "LAT": 33.146631, "LON": 0.763143, "X": 516314.9444, "Y": 84350.60856, "STATIONS": "DS", "E": 33.146631, "S": 0.763143, "STATION": "Jinja", "REGION": "East", "Comment": null, "A2016_NAME": "B30702", "A2011_NAME": "B30702", "compare": "true" }, "geometry": { "type": "Point", "coordinates": [ 33.146630999720912, 0.76314300034926 ] } },
{ "type": "Feature", "properties": { "TCS_NO_": 65.0, "TCS_NAME": "B30801", "Link_ID": "B308_Link01", "Link_Name": "Namutere - Busia", "LAT": 34.019887, "LON": 0.480938, "X": 613489.9366, "Y": 53166.54781, "STATIONS": "DS", "E": 34.019887, "S": 0.480938, "STATION": "Tororo", "REGION": "East", "Comment": null, "A2016_NAME": "B30801", "A2011_NAME": "B30801", "compare": "true" }, "geometry": { "type": "Point", "coordinates": [ 34.019887000284882, 0.480937999589059 ] } },
{ "type": "Feature", "properties": { "TCS_NO_": 145.0, "TCS_NAME": "C16001", "Link_ID": "C160_Link01", "Link_Name": "Mpigi-Kasanje-Buwaya", "LAT": 32.392632, "LON": 0.159778, "X": 432414.1576, "Y": 17661.22921, "STATIONS": "DS", "E": 32.392632, "S": 0.159778, "STATION": "Mpigi", "REGION": "Central", "Comment": null, "A2016_NAME": "C16001", "A2011_NAME": "C16001", "compare": "true" }, "geometry": { "type": "Point", "coordinates": [ 32.392632000266644, 0.159778000154631 ] } },
{ "type": "Feature", "properties": { "TCS_NO_": 146.0, "TCS_NAME": "C04101", "Link_ID": "C041_Link01", "Link_Name": "Namataba - Kyampisi", "LAT": 32.906525, "LON": 0.493977, "X": 489598.9727, "Y": 54599.40699, "STATIONS": "DS", "E": 32.906525, "S": 0.493977, "STATION": "Kampala", "REGION": "Central", "Comment": null, "A2016_NAME": "C04101", "A2011_NAME": "C04101", "compare": "true" }, "geometry": { "type": "Point", "coordinates": [ 32.906524999629085, 0.4939770001385 ] } },
{ "type": "Feature", "properties": { "TCS_NO_": 147.0, "TCS_NAME": "C02902", "Link_ID": "C029_Link01", "Link_Name": "Njeru-Nyenga-Buikwe", "LAT": 33.163594, "LON": 0.386987, "X": 518203.5778, "Y": 42773.89445, "STATIONS": "DS", "E": 33.163594, "S": 0.386987, "STATION": "Kampala", "REGION": "Central", "Comment": null, "A2016_NAME": "C02902", "A2011_NAME": "C02902", "compare": "true" }, "geometry": { "type": "Point", "coordinates": [ 33.163593999563489, 0.386986999950125 ] } },
{ "type": "Feature", "properties": { "TCS_NO_": 148.0, "TCS_NAME": "C03601", "Link_ID": "C036_Link01", "Link_Name": "Nambole - Kampala Industrial Park - Mukono", "LAT": 32.674404, "LON": 0.349804, "X": 463769.8144, "Y": 38664.4676, "STATIONS": "DS", "E": 32.674404, "S": 0.349804, "STATION": "Kampala", "REGION": "Central", "Comment": null, "A2016_NAME": "C03601", "A2011_NAME": "C03601", "compare": "true" }, "geometry": { "type": "Point", "coordinates": [ 32.674403999944673, 0.349804000254437 ] } },
{ "type": "Feature", "properties": { "TCS_NO_": 149.0, "TCS_NAME": "C04501", "Link_ID": "C045_Link01", "Link_Name": "Kabimbiri - Misindye", "LAT": 32.846684, "LON": 0.526095, "X": 482940.4861, "Y": 58149.522, "STATIONS": "DS", "E": 32.846684, "S": 0.526095, "STATION": "Kampala", "REGION": "Central", "Comment": null, "A2016_NAME": "C04501", "A2011_NAME": "C04501", "compare": "true" }, "geometry": { "type": "Point", "coordinates": [ 32.846684000066602, 0.52609500008424 ] } },
{ "type": "Feature", "properties": { "TCS_NO_": 150.0, "TCS_NAME": "C15003", "Link_ID": "C150_Link01", "Link_Name": "Najanankumbi - Busabala", "LAT": 32.592027, "LON": 0.249396, "X": 454602.8388, "Y": 27566.44662, "STATIONS": "DS", "E": 32.592027, "S": 0.249396, "STATION": "Kampala", "REGION": "Central", "Comment": null, "A2016_NAME": "C15003", "A2011_NAME": "C15003", "compare": "true" }, "geometry": { "type": "Point", "coordinates": [ 32.592026999846212, 0.249395999625733 ] } },
{ "type": "Feature", "properties": { "TCS_NO_": 151.0, "TCS_NAME": "C15204", "Link_ID": "C152_Link01", "Link_Name": "Kireka-Namugongo-Misindye-Seeta", "LAT": 32.708525, "LON": 0.383341, "X": 467566.6887, "Y": 42371.27814, "STATIONS": "DS", "E": 32.708525, "S": 0.383341, "STATION": "Kampala", "REGION": "Central", "Comment": null, "A2016_NAME": "C15204", "A2011_NAME": "C15204", "compare": "true" }, "geometry": { "type": "Point", "coordinates": [ 32.708524999629105, 0.383340999987183 ] } },
{ "type": "Feature", "properties": { "TCS_NO_": 152.0, "TCS_NAME": "C15301", "Link_ID": "C153_Link01", "Link_Name": "Lweza - Kigo Prison", "LAT": 32.575616, "LON": 0.207, "X": 452776.5166, "Y": 22880.36235, "STATIONS": "DS", "E": 32.575616, "S": 0.207, "STATION": "Kampala", "REGION": "Central", "Comment": null, "A2016_NAME": "C15301", "A2011_NAME": "C15301", "compare": "true" }, "geometry": { "type": "Point", "coordinates": [ 32.575616000278217, 0.206999999650293 ] } },
{ "type": "Feature", "properties": { "TCS_NO_": 153.0, "TCS_NAME": "C15401", "Link_ID": "C154_Link01", "Link_Name": "Matugga - Semuto - Kapeka", "LAT": 32.468461, "LON": 0.503904, "X": 440854.4468, "Y": 55698.96445, "STATIONS": "DS", "E": 32.468461, "S": 0.503904, "STATION": "Luwero", "REGION": "Central", "Comment": null, "A2016_NAME": "C15401", "A2011_NAME": "C15401", "compare": "true" }, "geometry": { "type": "Point", "coordinates": [ 32.468460999675472, 0.503904000169541 ] } },
{ "type": "Feature", "properties": { "TCS_NO_": 154.0, "TCS_NAME": "C15404", "Link_ID": "C154_Link02", "Link_Name": "Kapeka-Butalangwa", "LAT": 32.230805, "LON": 0.754602, "X": 414412.6091, "Y": 83413.81351000001, "STATIONS": "DS", "E": 32.230805, "S": 0.754602, "STATION": "Luwero", "REGION": "Central", "Comment": null, "A2016_NAME": "C15404", "A2011_NAME": "C15404", "compare": "true" }, "geometry": { "type": "Point", "coordinates": [ 32.230805000150667, 0.754602000382079 ] } },
{ "type": "Feature", "properties": { "TCS_NO_": 155.0, "TCS_NAME": "C18002", "Link_ID": "C180_Link01", "Link_Name": "Nakawuka - Namutamala - Katende - Bujuko", "LAT": 32.375647, "LON": 0.288863, "X": 430524.6742, "Y": 31929.89943, "STATIONS": "DS", "E": 32.375647, "S": 0.288863, "STATION": "Mpigi", "REGION": "Central", "Comment": null, "A2016_NAME": "C18002", "A2011_NAME": "C18002", "compare": "true" }, "geometry": { "type": "Point", "coordinates": [ 32.375647000308845, 0.28886300032724 ] } },
{ "type": "Feature", "properties": { "TCS_NO_": 156.0, "TCS_NAME": "C16201", "Link_ID": "C162_Link01", "Link_Name": "Mpigi - Kanoni", "LAT": 32.116242, "LON": 0.180936, "X": 401656.3762, "Y": 20001.31018, "STATIONS": "DS", "E": 32.116242, "S": 0.180936, "STATION": "Mpigi", "REGION": "Central", "Comment": null, "A2016_NAME": "C16201", "A2011_NAME": "C16201", "compare": "true" }, "geometry": { "type": "Point", "coordinates": [ 32.116241999668603, 0.180936000096381 ] } },
{ "type": "Feature", "properties": { "TCS_NO_": 157.0, "TCS_NAME": "C16202", "Link_ID": "C162_Link02", "Link_Name": "Kanoni - Kabulasoke", "LAT": 31.857702, "LON": 0.173679, "X": 372882.947, "Y": 19200.56029, "STATIONS": "DS", "E": 31.857702, "S": 0.173679, "STATION": "Mpigi", "REGION": "Central", "Comment": null, "A2016_NAME": "C16202", "A2011_NAME": "C16202", "compare": "true" }, "geometry": { "type": "Point", "coordinates": [ 31.857702000247173, 0.173678999985896 ] } },
{ "type": "Feature", "properties": { "TCS_NO_": 158.0, "TCS_NAME": "C16204", "Link_ID": "C162_Link04", "Link_Name": "Madu - Kasambya", "LAT": 31.511686, "LON": 0.182245, "X": 334369.9521, "Y": 20150.39869, "STATIONS": "DS", "E": 31.511686, "S": 0.182245, "STATION": "Mpigi", "REGION": "Central", "Comment": null, "A2016_NAME": "C16204", "A2011_NAME": "C16204", "compare": "true" }, "geometry": { "type": "Point", "coordinates": [ 31.511686000308714, 0.182245000206649 ] } },
{ "type": "Feature", "properties": { "TCS_NO_": 159.0, "TCS_NAME": "C16301", "Link_ID": "C163_Link01", "Link_Name": "MitalaMaria-Bulo-Kanoni", "LAT": 32.00991, "LON": 0.113643, "X": 389822.4929, "Y": 12562.90379, "STATIONS": "DS", "E": 32.00991, "S": 0.113643, "STATION": "Mpigi", "REGION": "Central", "Comment": null, "A2016_NAME": "C16301", "A2011_NAME": "C16301", "compare": "true" }, "geometry": { "type": "Point", "coordinates": [ 32.009910000146419, 0.11364300042419 ] } },
{ "type": "Feature", "properties": { "TCS_NO_": 160.0, "TCS_NAME": "C16601", "Link_ID": "C166_Link01", "Link_Name": "Madu-Kisozi-R.Katonga", "LAT": 31.614129, "LON": 0.137016, "X": 345772.5081, "Y": 15148.84619, "STATIONS": "DS", "E": 31.614129, "S": 0.137016, "STATION": "Mpigi", "REGION": "Central", "Comment": null, "A2016_NAME": "C16601", "A2011_NAME": "C16601", "compare": "true" }, "geometry": { "type": "Point", "coordinates": [ 31.614129000353159, 0.137015999988478 ] } },
{ "type": "Feature", "properties": { "TCS_NO_": 161.0, "TCS_NAME": "C16602", "Link_ID": "C166_Link02", "Link_Name": "R. Katonga - Sembabule", "LAT": 31.508165, "LON": -0.001209, "X": 333977.1894, "Y": -133.62606, "STATIONS": "DS", "E": 31.508165, "S": -0.001209, "STATION": "Masaka", "REGION": "Central", "Comment": null, "A2016_NAME": "C16602", "A2011_NAME": "C16602", "compare": "true" }, "geometry": { "type": "Point", "coordinates": [ 31.508164999814937, -0.001208999895368 ] } },
{ "type": "Feature", "properties": { "TCS_NO_": 162.0, "TCS_NAME": "C16604", "Link_ID": "C166_Link04", "Link_Name": "Matete - Mbirizi", "LAT": 31.474279, "LON": -0.318433, "X": 330207.8613, "Y": -35208.98349, "STATIONS": "DS", "E": 31.474279, "S": -0.318433, "STATION": "Masaka", "REGION": "Central", "Comment": null, "A2016_NAME": "C16604", "A2011_NAME": "C16604", "compare": "true" }, "geometry": { "type": "Point", "coordinates": [ 31.474279000175784, -0.31843300038264 ] } },
{ "type": "Feature", "properties": { "TCS_NO_": 163.0, "TCS_NAME": "C26202", "Link_ID": "C262_Link01", "Link_Name": "Mityana-Misigi-Kanoni", "LAT": 31.894334, "LON": 0.19725, "X": 376960.1017, "Y": 21806.17833, "STATIONS": "DS", "E": 31.894334, "S": 0.19725, "STATION": "Mpigi", "REGION": "Central", "Comment": null, "A2016_NAME": "C26202", "A2011_NAME": "C26202", "compare": "true" }, "geometry": { "type": "Point", "coordinates": [ 31.894333999714377, 0.197249999687756 ] } },
{ "type": "Feature", "properties": { "TCS_NO_": 164.0, "TCS_NAME": "C17501", "Link_ID": "C175_Link01", "Link_Name": "Abayita Ababiri - Kasenyi", "LAT": 32.51606, "LON": 0.077184, "X": 446149.0485, "Y": 8531.48568, "STATIONS": "DS", "E": 32.51606, "S": 0.077184, "STATION": "Kampala", "REGION": "Central", "Comment": null, "A2016_NAME": "C17501", "A2011_NAME": "C17501", "compare": "true" }, "geometry": { "type": "Point", "coordinates": [ 32.516060000368782, 0.077183999941667 ] } },
{ "type": "Feature", "properties": { "TCS_NO_": 165.0, "TCS_NAME": "C17803", "Link_ID": "C178_Link01", "Link_Name": "Natete - Nakawuka - Kisubi", "LAT": 32.495108, "LON": 0.238627, "X": 443817.8806, "Y": 26376.46159, "STATIONS": "DS", "E": 32.495108, "S": 0.238627, "STATION": "Kampala", "REGION": "Central", "Comment": null, "A2016_NAME": "C17803", "A2011_NAME": "C17803", "compare": "true" }, "geometry": { "type": "Point", "coordinates": [ 32.495108000034236, 0.238627000335839 ] } },
{ "type": "Feature", "properties": { "TCS_NO_": 166.0, "TCS_NAME": "C17901", "Link_ID": "C179_Link01", "Link_Name": "Old Masaka Road (Kyengera -Kabojja Secondary)", "LAT": 32.516061, "LON": 0.299874, "X": 446149.849, "Y": 33146.24703, "STATIONS": "DS", "E": 32.516061, "S": 0.299874, "STATION": "Kampala", "REGION": "Central", "Comment": null, "A2016_NAME": "C17901", "A2011_NAME": "C17901", "compare": "true" }, "geometry": { "type": "Point", "coordinates": [ 32.516061000414879, 0.299873999985152 ] } },
{ "type": "Feature", "properties": { "TCS_NO_": 167.0, "TCS_NAME": "C18003", "Link_ID": "C180_Link01", "Link_Name": "Nakawuka - Namutamala - Katende - Bujuko", "LAT": 32.421719, "LON": 0.221347, "X": 435651.1724, "Y": 24466.77991, "STATIONS": "DS", "E": 32.421719, "S": 0.221347, "STATION": "Mpigi", "REGION": "Central", "Comment": null, "A2016_NAME": "C18003", "A2011_NAME": "C18003", "compare": "true" }, "geometry": { "type": "Point", "coordinates": [ 32.421718999832024, 0.221347000263904 ] } },
{ "type": "Feature", "properties": { "TCS_NO_": 168.0, "TCS_NAME": "C18201", "Link_ID": "C182_Link01", "Link_Name": "Buloba - Wakiso", "LAT": 32.470516, "LON": 0.365901, "X": 441081.9817, "Y": 40444.74352, "STATIONS": "DS", "E": 32.470516, "S": 0.365901, "STATION": "Kampala", "REGION": "Central", "Comment": null, "A2016_NAME": "C18201", "A2011_NAME": "C18201", "compare": "true" }, "geometry": { "type": "Point", "coordinates": [ 32.470516000013447, 0.365900999731423 ] } },
{ "type": "Feature", "properties": { "TCS_NO_": 169.0, "TCS_NAME": "C18401", "Link_ID": "C184_Link01", "Link_Name": "Kakiri-Masulita-Danze-Mawale", "LAT": 32.369254, "LON": 0.489692, "X": 429814.9219, "Y": 54129.02783, "STATIONS": "DS", "E": 32.369254, "S": 0.489692, "STATION": "Luwero", "REGION": "Central", "Comment": null, "A2016_NAME": "C18401", "A2011_NAME": "C18401", "compare": "true" }, "geometry": { "type": "Point", "coordinates": [ 32.369253999572493, 0.48969200038556 ] } },
{ "type": "Feature", "properties": { "TCS_NO_": 170.0, "TCS_NAME": "C18603", "Link_ID": "C186_Link01", "Link_Name": "Namyumba-Kakonda-Wabikokoma-Semuto", "LAT": 32.321237, "LON": 0.600388, "X": 424472.9617, "Y": 66365.63046, "STATIONS": "DS", "E": 32.321237, "S": 0.600388, "STATION": "Luwero", "REGION": "Central", "Comment": null, "A2016_NAME": "C18603", "A2011_NAME": "C18603", "compare": "true" }, "geometry": { "type": "Point", "coordinates": [ 32.321237000287397, 0.60038799970647 ] } },
{ "type": "Feature", "properties": { "TCS_NO_": 171.0, "TCS_NAME": "C18701", "Link_ID": "C187_Link01", "Link_Name": "Namayumba - Kitalya Prison - Kamuli", "LAT": 32.244426, "LON": 0.462876, "X": 415923.7903, "Y": 51166.18983, "STATIONS": "DS", "E": 32.244426, "S": 0.462876, "STATION": "Kampala", "REGION": "Central", "Comment": null, "A2016_NAME": "C18701", "A2011_NAME": "C18701", "compare": "true" }, "geometry": { "type": "Point", "coordinates": [ 32.244425999660223, 0.462876000327185 ] } },
{ "type": "Feature", "properties": { "TCS_NO_": 172.0, "TCS_NAME": "C18801", "Link_ID": "C188_Link01", "Link_Name": "Kyabadaza - Kibibi", "LAT": 32.188076, "LON": 0.176945, "X": 409650.5164, "Y": 19559.68061, "STATIONS": "DS", "E": 32.188076, "S": 0.176945, "STATION": "Mpigi", "REGION": "Central", "Comment": null, "A2016_NAME": "C18801", "A2011_NAME": "C18801", "compare": "true" }, "geometry": { "type": "Point", "coordinates": [ 32.188076000107344, 0.176945000411479 ] } },
{ "type": "Feature", "properties": { "TCS_NO_": 173.0, "TCS_NAME": "C19001", "Link_ID": "C190_Link01", "Link_Name": "Kayabwe - Nkozi - Kinyika - Ngando - Wab", "LAT": 31.912953, "LON": 0.083083, "X": 379031.7461, "Y": 9184.83125, "STATIONS": "DS", "E": 31.912953, "S": 0.083083, "STATION": "Mpigi", "REGION": "Central", "Comment": null, "A2016_NAME": "C19001", "A2011_NAME": "C19001", "compare": "true" }, "geometry": { "type": "Point", "coordinates": [ 31.912953000380696, 0.083083000380213 ] } },
{ "type": "Feature", "properties": { "TCS_NO_": 174.0, "TCS_NAME": "C19301", "Link_ID": "C193_Link01", "Link_Name": "Wakiso-Kassengejja- Matugga", "LAT": 32.498758, "LON": 0.434321, "X": 444225.1939, "Y": 48007.39235, "STATIONS": "DS", "E": 32.498758, "S": 0.434321, "STATION": "Kampala", "REGION": "Central", "Comment": null, "A2016_NAME": "C19301", "A2011_NAME": "C19301", "compare": "true" }, "geometry": { "type": "Point", "coordinates": [ 32.498758000181624, 0.434321000114096 ] } },
{ "type": "Feature", "properties": { "TCS_NO_": 175.0, "TCS_NAME": "C19401", "Link_ID": "C194_Link01", "Link_Name": "Matugga - Kasangati", "LAT": 32.56469, "LON": 0.455449, "X": 451561.9068, "Y": 50342.28927, "STATIONS": "DS", "E": 32.56469, "S": 0.455449, "STATION": "Kampala", "REGION": "Central", "Comment": null, "A2016_NAME": "C19401", "A2011_NAME": "C19401", "compare": "true" }, "geometry": { "type": "Point", "coordinates": [ 32.564690000043527, 0.455448999571729 ] } },
{ "type": "Feature", "properties": { "TCS_NO_": 176.0, "TCS_NAME": "C19501", "Link_ID": "C195_Link01", "Link_Name": "Nakawuka Kasanje", "LAT": 32.428015, "LON": 0.172569, "X": 436351.6234, "Y": 19075.07053, "STATIONS": "DS", "E": 32.428015, "S": 0.172569, "STATION": "Kampala", "REGION": "Central", "Comment": null, "A2016_NAME": "C19501", "A2011_NAME": "C19501", "compare": "true" }, "geometry": { "type": "Point", "coordinates": [ 32.42801499969255, 0.172569000059354 ] } },
{ "type": "Feature", "properties": { "TCS_NO_": 177.0, "TCS_NAME": "C22301", "Link_ID": "C223_Link01", "Link_Name": "Taba -Kyeesiga-Ddimo Landing site", "LAT": 31.710245, "LON": -0.574127, "X": 356477.5499, "Y": -63474.48709, "STATIONS": "DS", "E": 31.710245, "S": -0.574127, "STATION": "Masaka", "REGION": "Central", "Comment": null, "A2016_NAME": "C22301", "A2011_NAME": "C22301", "compare": "true" }, "geometry": { "type": "Point", "coordinates": [ 31.710245000006807, -0.574126999861107 ] } },
{ "type": "Feature", "properties": { "TCS_NO_": 178.0, "TCS_NAME": "C21101", "Link_ID": "C211_Link01", "Link_Name": "Nyendo - Lambu port Junction", "LAT": 31.87179, "LON": -0.31246, "X": 374452.181, "Y": -34542.94844, "STATIONS": "DS", "E": 31.87179, "S": -0.31246, "STATION": "Masaka", "REGION": "Central", "Comment": null, "A2016_NAME": "C21101", "A2011_NAME": "C21101", "compare": "true" }, "geometry": { "type": "Point", "coordinates": [ 31.871789999708767, -0.312460000128851 ] } },
{ "type": "Feature", "properties": { "TCS_NO_": 179.0, "TCS_NAME": "C21401", "Link_ID": "C214_Link01", "Link_Name": "Lyantonde - Lumbugu", "LAT": 31.26532, "LON": -0.569819, "X": 306953.2888, "Y": -63011.21614, "STATIONS": "DS", "E": 31.26532, "S": -0.569819, "STATION": "Masaka", "REGION": "Central", "Comment": null, "A2016_NAME": "C21401", "A2011_NAME": "C21401", "compare": "true" }, "geometry": { "type": "Point", "coordinates": [ 31.265320000217912, -0.569818999946847 ] } },
{ "type": "Feature", "properties": { "TCS_NO_": 180.0, "TCS_NAME": "C21601", "Link_ID": "C216_Link01", "Link_Name": "Lukaya - Miwuula", "LAT": 31.841074, "LON": -0.041711, "X": 371031.6961, "Y": -4611.25734, "STATIONS": "DS", "E": 31.841074, "S": -0.041711, "STATION": "Masaka", "REGION": "Central", "Comment": null, "A2016_NAME": "C21601", "A2011_NAME": "C21601", "compare": "true" }, "geometry": { "type": "Point", "coordinates": [ 31.841073999665412, -0.041710999762756 ] } },
{ "type": "Feature", "properties": { "TCS_NO_": 181.0, "TCS_NAME": "C22601", "Link_ID": "C226_Link01", "Link_Name": "Kyabakuza - Kyogya - Matete", "LAT": 31.612846, "LON": -0.263429, "X": 345630.9354, "Y": -29125.37196, "STATIONS": "DS", "E": 31.612846, "S": -0.263429, "STATION": "Masaka", "REGION": "Central", "Comment": null, "A2016_NAME": "C22601", "A2011_NAME": "C22601", "compare": "true" }, "geometry": { "type": "Point", "coordinates": [ 31.612845999643241, -0.26342899994836 ] } },
{ "type": "Feature", "properties": { "TCS_NO_": 182.0, "TCS_NAME": "C21801", "Link_ID": "C218_Link01", "Link_Name": "Masaka - Kidda - Buwunga - Nkuke - Kyana", "LAT": 31.77043, "LON": -0.444723, "X": 363173.1856, "Y": -49166.61177, "STATIONS": "DS", "E": 31.77043, "S": -0.444723, "STATION": "Masaka", "REGION": "Central", "Comment": null, "A2016_NAME": "C21801", "A2011_NAME": "C21801", "compare": "true" }, "geometry": { "type": "Point", "coordinates": [ 31.770430000144415, -0.444723000266208 ] } },
{ "type": "Feature", "properties": { "TCS_NO_": 183.0, "TCS_NAME": "C22103", "Link_ID": "C221_Link02", "Link_Name": "Lusakalwamese - Bikira", "LAT": 31.649127, "LON": -0.649277, "X": 349677.2325, "Y": -71784.71693, "STATIONS": "DS", "E": 31.649127, "S": -0.649277, "STATION": "Masaka", "REGION": "Central", "Comment": null, "A2016_NAME": "C22103", "A2011_NAME": "C22103", "compare": "true" }, "geometry": { "type": "Point", "coordinates": [ 31.649127000011106, -0.649277000333257 ] } },
{ "type": "Feature", "properties": { "TCS_NO_": 184.0, "TCS_NAME": "C22501", "Link_ID": "C225_Link01", "Link_Name": "Kyabakuza - Kiwangala - Ndagwe - Namabal", "LAT": 31.51139, "LON": -0.486379, "X": 334342.1577, "Y": -53777.73335, "STATIONS": "DS", "E": 31.51139, "S": -0.486379, "STATION": "Masaka", "REGION": "Central", "Comment": null, "A2016_NAME": "C22501", "A2011_NAME": "C22501", "compare": "true" }, "geometry": { "type": "Point", "coordinates": [ 31.511390000148424, -0.486379000290583 ] } },
{ "type": "Feature", "properties": { "TCS_NO_": 185.0, "TCS_NAME": "C22602", "Link_ID": "C226_Link02", "Link_Name": "Matete - Kakinga - Kaliro", "LAT": 31.273725, "LON": -0.24354, "X": 307881.2664, "Y": -26930.81766, "STATIONS": "DS", "E": 31.273725, "S": -0.24354, "STATION": "Masaka", "REGION": "Central", "Comment": null, "A2016_NAME": "C22602", "A2011_NAME": "C22602", "compare": "true" }, "geometry": { "type": "Point", "coordinates": [ 31.273725000208628, -0.24354000007088 ] } },
{ "type": "Feature", "properties": { "TCS_NO_": 227.0, "TCS_NAME": "C36702", "Link_ID": "C367_Link01", "Link_Name": "Biharwe - Rushozi - Ruhengere - Kikatsi", "LAT": 30.810951, "LON": -0.363462, "X": 256358.8433, "Y": -40203.01366, "STATIONS": "DS", "E": 30.810951, "S": -0.363462, "STATION": "Ibanda", "REGION": "South", "Comment": null, "A2016_NAME": "C36702", "A2011_NAME": "C36702", "compare": "true" }, "geometry": { "type": "Point", "coordinates": [ 30.810951000188538, -0.363462000370987 ] } },
{ "type": "Feature", "properties": { "TCS_NO_": 186.0, "TCS_NAME": "C22901", "Link_ID": "C229_Link01", "Link_Name": "Luku Pier - Kalangala HQ", "LAT": 32.155794, "LON": -0.315556, "X": 406058.9744, "Y": -34882.21997, "STATIONS": "DS", "E": 32.155794, "S": -0.315556, "STATION": "Masaka", "REGION": "Central", "Comment": null, "A2016_NAME": "C22901", "A2011_NAME": "C22901", "compare": "true" }, "geometry": { "type": "Point", "coordinates": [ 32.155793999793332, -0.315555999909407 ] } },
{ "type": "Feature", "properties": { "TCS_NO_": 187.0, "TCS_NAME": "C23001", "Link_ID": "C230_Link01", "Link_Name": "Kalangala HQ - Mulabana", "LAT": 32.278503, "LON": -0.417041, "X": 419715.423, "Y": -46099.288, "STATIONS": "DS", "E": 32.278503, "S": -0.417041, "STATION": "Masaka", "REGION": "Central", "Comment": null, "A2016_NAME": "C23001", "A2011_NAME": "C23001", "compare": "true" }, "geometry": { "type": "Point", "coordinates": [ 32.278503000013473, -0.417040999842243 ] } },
{ "type": "Feature", "properties": { "TCS_NO_": 188.0, "TCS_NAME": "C26001", "Link_ID": "C260_Link01", "Link_Name": "Mityana - Busunju", "LAT": 32.112133, "LON": 0.487025, "X": 401202.1429, "Y": 53837.46044, "STATIONS": "DS", "E": 32.112133, "S": 0.487025, "STATION": "Mpigi", "REGION": "Central", "Comment": null, "A2016_NAME": "C26001", "A2011_NAME": "C26001", "compare": "true" }, "geometry": { "type": "Point", "coordinates": [ 32.112132999938069, 0.487024999704033 ] } },
{ "type": "Feature", "properties": { "TCS_NO_": 189.0, "TCS_NAME": "C27302", "Link_ID": "C273_Link02", "Link_Name": "Kasanda - Bukuya", "LAT": 31.834065, "LON": 0.608924, "X": 370258.9022, "Y": 67318.44154, "STATIONS": "DS", "E": 31.834065, "S": 0.608924, "STATION": "Mubende", "REGION": "Central", "Comment": null, "A2016_NAME": "C27302", "A2011_NAME": "C27302", "compare": "true" }, "geometry": { "type": "Point", "coordinates": [ 31.834065000199644, 0.60892400034237 ] } },
{ "type": "Feature", "properties": { "TCS_NO_": 190.0, "TCS_NAME": "C27101", "Link_ID": "C271_Link01", "Link_Name": "Wakitundu - Bulera - Mutetema", "LAT": 32.021063, "LON": 0.491971, "X": 391067.4437, "Y": 54385.54491, "STATIONS": "DS", "E": 32.021063, "S": 0.491971, "STATION": "Mubende", "REGION": "Central", "Comment": null, "A2016_NAME": "C27101", "A2011_NAME": "C27101", "compare": "true" }, "geometry": { "type": "Point", "coordinates": [ 32.021063000057438, 0.491971000261515 ] } },
{ "type": "Feature", "properties": { "TCS_NO_": 191.0, "TCS_NAME": "C27102", "Link_ID": "C271_Link02", "Link_Name": "Mutetema-Kyamusisi - Bukuya", "LAT": 31.903307, "LON": 0.60767, "X": 377964.8097, "Y": 67178.19515, "STATIONS": "DS", "E": 31.903307, "S": 0.60767, "STATION": "Mubende", "REGION": "Central", "Comment": null, "A2016_NAME": "C27102", "A2011_NAME": "C27102", "compare": "true" }, "geometry": { "type": "Point", "coordinates": [ 31.903306999818255, 0.60767000007047 ] } },
{ "type": "Feature", "properties": { "TCS_NO_": 274.0, "TCS_NAME": "C27106", "Link_ID": "C271_Link04", "Link_Name": "Kitumbi Bridge - Bukwiri", "LAT": 31.58527, "LON": 1.002188, "X": 342583.816, "Y": 110805.9434, "STATIONS": "DS", "E": 31.58527, "S": 1.002188, "STATION": "Hoima", "REGION": "West", "Comment": null, "A2016_NAME": "C27106", "A2011_NAME": "C27106", "compare": "true" }, "geometry": { "type": "Point", "coordinates": [ 31.58526999961083, 1.002188000076217 ] } },
{ "type": "Feature", "properties": { "TCS_NO_": 192.0, "TCS_NAME": "C27201", "Link_ID": "C272_Link01", "Link_Name": "Hoima Road/Kituuma-Kiryoka-Mutetema", "LAT": 32.058627, "LON": 0.586722, "X": 395249.5182, "Y": 64859.21369, "STATIONS": "DS", "E": 32.058627, "S": 0.586722, "STATION": "Mpigi", "REGION": "Central", "Comment": null, "A2016_NAME": "C27201", "A2011_NAME": "C27201", "compare": "true" }, "geometry": { "type": "Point", "coordinates": [ 32.058627000235902, 0.586721999920428 ] } },
{ "type": "Feature", "properties": { "TCS_NO_": 193.0, "TCS_NAME": "C27401", "Link_ID": "C274_Link01", "Link_Name": "Kasanda - Madudu", "LAT": 31.45595, "LON": 0.655179, "X": 328176.0651, "Y": 72443.47392, "STATIONS": "DS", "E": 31.45595, "S": 0.655179, "STATION": "Mubende", "REGION": "Central", "Comment": null, "A2016_NAME": "C27401", "A2011_NAME": "C27401", "compare": "true" }, "geometry": { "type": "Point", "coordinates": [ 31.455950000292319, 0.655179000210751 ] } },
{ "type": "Feature", "properties": { "TCS_NO_": 194.0, "TCS_NAME": "C27402", "Link_ID": "C274_Link02", "Link_Name": "Madudu - Kiyuya", "LAT": 31.659021, "LON": 0.58666, "X": 350776.6396, "Y": 64861.50757, "STATIONS": "DS", "E": 31.659021, "S": 0.58666, "STATION": "Mubende", "REGION": "Central", "Comment": null, "A2016_NAME": "C27402", "A2011_NAME": "C27402", "compare": "true" }, "geometry": { "type": "Point", "coordinates": [ 31.659021000318944, 0.586659999759206 ] } },
{ "type": "Feature", "properties": { "TCS_NO_": 195.0, "TCS_NAME": "C27701", "Link_ID": "C277_Link01", "Link_Name": "Kitenga -Ikula-Kanyogoga", "LAT": 31.422578, "LON": 0.360869, "X": 324453.5508, "Y": 39902.10295, "STATIONS": "DS", "E": 31.422578, "S": 0.360869, "STATION": "Mubende", "REGION": "Central", "Comment": null, "A2016_NAME": "C27701", "A2011_NAME": "C27701", "compare": "true" }, "geometry": { "type": "Point", "coordinates": [ 31.422578000074679, 0.360868999704621 ] } },
{ "type": "Feature", "properties": { "TCS_NO_": 196.0, "TCS_NAME": "C30001", "Link_ID": "C300_Link01", "Link_Name": "Kayunga-Bale-Galiraya-Lake Kyoga", "LAT": 32.888323, "LON": 1.077025, "X": 487575.309, "Y": 119043.9502, "STATIONS": "DS", "E": 32.888323, "S": 1.077025, "STATION": "Kampala", "REGION": "Central", "Comment": null, "A2016_NAME": "C30001", "A2011_NAME": "C30001", "compare": "true" }, "geometry": { "type": "Point", "coordinates": [ 32.888323000206356, 1.077024999604077 ] } },
{ "type": "Feature", "properties": { "TCS_NO_": 197.0, "TCS_NAME": "C30101", "Link_ID": "C301_Link01", "Link_Name": "Zirobwe -Kikyusa - Luweero", "LAT": 32.645401, "LON": 0.832981, "X": 460545.8687, "Y": 92071.29803000001, "STATIONS": "DS", "E": 32.645401, "S": 0.832981, "STATION": "Luwero", "REGION": "Central", "Comment": null, "A2016_NAME": "C30101", "A2011_NAME": "C30101", "compare": "true" }, "geometry": { "type": "Point", "coordinates": [ 32.645400999756362, 0.832980999573522 ] } },
{ "type": "Feature", "properties": { "TCS_NO_": 198.0, "TCS_NAME": "C30201", "Link_ID": "C302_Link01", "Link_Name": "Gayaza-Zirobwe", "LAT": 32.617826, "LON": 0.512864, "X": 457475.0178, "Y": 56688.15526, "STATIONS": "DS", "E": 32.617826, "S": 0.512864, "STATION": "Luwero", "REGION": "Central", "Comment": null, "A2016_NAME": "C30201", "A2011_NAME": "C30201", "compare": "true" }, "geometry": { "type": "Point", "coordinates": [ 32.617825999770105, 0.512863999673868 ] } },
{ "type": "Feature", "properties": { "TCS_NO_": 199.0, "TCS_NAME": "C31101", "Link_ID": "C311_Link01", "Link_Name": "Bombo - Ndejje - Kalasa", "LAT": 32.466247, "LON": 0.615545, "X": 440609.2385, "Y": 68039.2609, "STATIONS": "DS", "E": 32.466247, "S": 0.615545, "STATION": "Luwero", "REGION": "Central", "Comment": null, "A2016_NAME": "C31101", "A2011_NAME": "C31101", "compare": "true" }, "geometry": { "type": "Point", "coordinates": [ 32.466247000099031, 0.615544999901886 ] } },
{ "type": "Feature", "properties": { "TCS_NO_": 200.0, "TCS_NAME": "C30401", "Link_ID": "C304_Link01", "Link_Name": "Kisule - Nakaseke - Kapeeka", "LAT": 32.387496, "LON": 0.716847, "X": 431847.5872, "Y": 79237.69982, "STATIONS": "DS", "E": 32.387496, "S": 0.716847, "STATION": "Luwero", "REGION": "Central", "Comment": null, "A2016_NAME": "C30401", "A2011_NAME": "C30401", "compare": "true" }, "geometry": { "type": "Point", "coordinates": [ 32.387495999940484, 0.716847000388782 ] } },
{ "type": "Feature", "properties": { "TCS_NO_": 201.0, "TCS_NAME": "C30701", "Link_ID": "C307_Link01", "Link_Name": "Butalangwa - Ngoma - Bulyamusenyu", "LAT": 32.034579, "LON": 1.081372, "X": 392586.6526, "Y": 119541.3132, "STATIONS": "DS", "E": 32.034579, "S": 1.081372, "STATION": "Luwero", "REGION": "Central", "Comment": null, "A2016_NAME": "C30701", "A2011_NAME": "C30701", "compare": "true" }, "geometry": { "type": "Point", "coordinates": [ 32.0345790001208, 1.081372000417559 ] } },
{ "type": "Feature", "properties": { "TCS_NO_": 202.0, "TCS_NAME": "C32501", "Link_ID": "C325_Link01", "Link_Name": "Kikyusa- Bamugolode - Kazwama - Nakasongola", "LAT": 32.741114, "LON": 1.188836, "X": 471198.5759, "Y": 131403.6847, "STATIONS": "DS", "E": 32.741114, "S": 1.188836, "STATION": "Luwero", "REGION": "Central", "Comment": null, "A2016_NAME": "C32501", "A2011_NAME": "C32501", "compare": "true" }, "geometry": { "type": "Point", "coordinates": [ 32.741113999711388, 1.18883599998145 ] } },
{ "type": "Feature", "properties": { "TCS_NO_": 66.0, "TCS_NAME": "C31001", "Link_ID": "C310_Link01", "Link_Name": "Kamuli - Namasagali", "LAT": 33.026061, "LON": 0.958745, "X": 502899.5162, "Y": 105970.1864, "STATIONS": "DS", "E": 33.026061, "S": 0.958745, "STATION": "Jinja", "REGION": "East", "Comment": null, "A2016_NAME": "C31001", "A2011_NAME": "C31001", "compare": "true" }, "geometry": { "type": "Point", "coordinates": [ 33.026061000115135, 0.958745000381498 ] } },
{ "type": "Feature", "properties": { "TCS_NO_": 203.0, "TCS_NAME": "C31201", "Link_ID": "C312_Link01", "Link_Name": "Kalule - Bowa - Nakaseke", "LAT": 32.450019, "LON": 0.669153, "X": 438804.039, "Y": 73964.99573, "STATIONS": "DS", "E": 32.450019, "S": 0.669153, "STATION": "Luwero", "REGION": "Central", "Comment": null, "A2016_NAME": "C31201", "A2011_NAME": "C31201", "compare": "true" }, "geometry": { "type": "Point", "coordinates": [ 32.450018999976919, 0.66915299981116 ] } },
{ "type": "Feature", "properties": { "TCS_NO_": 204.0, "TCS_NAME": "C31301", "Link_ID": "C313_Link01", "Link_Name": "Katikamu - Kikyusa", "LAT": 32.576613, "LON": 0.782032, "X": 452891.5724, "Y": 86440.47469, "STATIONS": "DS", "E": 32.576613, "S": 0.782032, "STATION": "Luwero", "REGION": "Central", "Comment": null, "A2016_NAME": "C31301", "A2011_NAME": "C31301", "compare": "true" }, "geometry": { "type": "Point", "coordinates": [ 32.576613000389727, 0.78203199997688 ] } },
{ "type": "Feature", "properties": { "TCS_NO_": 205.0, "TCS_NAME": "C31701", "Link_ID": "C317_Link01", "Link_Name": "Katuugo-Kinyogogga", "LAT": 32.337544, "LON": 1.134985, "X": 426297.9547, "Y": 125458.5475, "STATIONS": "DS", "E": 32.337544, "S": 1.134985, "STATION": "Luwero", "REGION": "Central", "Comment": null, "A2016_NAME": "C31701", "A2011_NAME": "C31701", "compare": "true" }, "geometry": { "type": "Point", "coordinates": [ 32.337543999555976, 1.134984999658059 ] } },
{ "type": "Feature", "properties": { "TCS_NO_": 206.0, "TCS_NAME": "C32601", "Link_ID": "C326_Link01", "Link_Name": "Nakasongola - Lwampanga - Zengebe Access", "LAT": 32.514186, "LON": 1.460026, "X": 445957.8835, "Y": 161382.9795, "STATIONS": "DS", "E": 32.514186, "S": 1.460026, "STATION": "Luwero", "REGION": "Central", "Comment": null, "A2016_NAME": "C32601", "A2011_NAME": "C32601", "compare": "true" }, "geometry": { "type": "Point", "coordinates": [ 32.514186000283757, 1.460026 ] } },
{ "type": "Feature", "properties": { "TCS_NO_": 228.0, "TCS_NAME": "C35001", "Link_ID": "C350_Link01", "Link_Name": "Katete-Isingiro", "LAT": 30.720703, "LON": -0.714058, "X": 246323.4856, "Y": -78987.77015, "STATIONS": "DS", "E": 30.720703, "S": -0.714058, "STATION": "Mbarara", "REGION": "South", "Comment": null, "A2016_NAME": "C35001", "A2011_NAME": "C35001", "compare": "true" }, "geometry": { "type": "Point", "coordinates": [ 30.720703000443166, -0.714058000176522 ] } },
{ "type": "Feature", "properties": { "TCS_NO_": 229.0, "TCS_NAME": "C35901", "Link_ID": "C359_Link01", "Link_Name": "Rugaaga-Rushasha-Rwentaha", "LAT": 31.106637, "LON": -0.689097, "X": 289292.6645, "Y": -76207.87044, "STATIONS": "DS", "E": 31.106637, "S": -0.689097, "STATION": "Mbarara", "REGION": "South", "Comment": null, "A2016_NAME": "C35901", "A2011_NAME": "C35901", "compare": "true" }, "geometry": { "type": "Point", "coordinates": [ 31.106637000297383, -0.689097000226354 ] } },
{ "type": "Feature", "properties": { "TCS_NO_": 230.0, "TCS_NAME": "C35301", "Link_ID": "C353_Link01", "Link_Name": "Nsongezi-Kyaka", "LAT": 30.80971, "LON": -0.995063, "X": 256252.3004, "Y": -110065.3976, "STATIONS": "DS", "E": 30.80971, "S": -0.995063, "STATION": "Mbarara", "REGION": "South", "Comment": null, "A2016_NAME": "C35301", "A2011_NAME": "C35301", "compare": "true" }, "geometry": { "type": "Point", "coordinates": [ 30.809709999616814, -0.995062999557717 ] } },
{ "type": "Feature", "properties": { "TCS_NO_": 231.0, "TCS_NAME": "C35501", "Link_ID": "C355_Link01", "Link_Name": "Nyakahita-Rushere", "LAT": 31.04145, "LON": -0.301855, "X": 282022.647, "Y": -33383.6567, "STATIONS": "DS", "E": 31.04145, "S": -0.301855, "STATION": "Ibanda", "REGION": "South", "Comment": null, "A2016_NAME": "C35501", "A2011_NAME": "C35501", "compare": "true" }, "geometry": { "type": "Point", "coordinates": [ 31.04144999971777, -0.301855000307967 ] } },
{ "type": "Feature", "properties": { "TCS_NO_": 232.0, "TCS_NAME": "C35602", "Link_ID": "C356_Link02", "Link_Name": "Kazo-Buremba", "LAT": 30.830342, "LON": 0.042202, "X": 258513.3714, "Y": 4667.95736, "STATIONS": "DS", "E": 30.830342, "S": 0.042202, "STATION": "Ibanda", "REGION": "South", "Comment": null, "A2016_NAME": "C35602", "A2011_NAME": "C35602", "compare": "true" }, "geometry": { "type": "Point", "coordinates": [ 30.830341999583652, 0.042202000122245 ] } },
{ "type": "Feature", "properties": { "TCS_NO_": 233.0, "TCS_NAME": "C36001", "Link_ID": "C360_Link01", "Link_Name": "Ekitindo - Ngarama - Kasheshe", "LAT": 30.886715, "LON": -0.865288, "X": 264817.2708, "Y": -95705.8845, "STATIONS": "DS", "E": 30.886715, "S": -0.865288, "STATION": "Mbarara", "REGION": "South", "Comment": null, "A2016_NAME": "C36001", "A2011_NAME": "C36001", "compare": "true" }, "geometry": { "type": "Point", "coordinates": [ 30.886715000197171, -0.865287999941188 ] } },
{ "type": "Feature", "properties": { "TCS_NO_": 234.0, "TCS_NAME": "C36301", "Link_ID": "C363_Link01", "Link_Name": "Kabingo - Nyakitunda - Kabuyanda - Kyezi", "LAT": 30.706505, "LON": -0.864157, "X": 244751.6047, "Y": -95592.48096, "STATIONS": "DS", "E": 30.706505, "S": -0.864157, "STATION": "Mbarara", "REGION": "South", "Comment": null, "A2016_NAME": "C36301", "A2011_NAME": "C36301", "compare": "true" }, "geometry": { "type": "Point", "coordinates": [ 30.706505000405514, -0.864156999945521 ] } },
{ "type": "Feature", "properties": { "TCS_NO_": 235.0, "TCS_NAME": "C36401", "Link_ID": "C364_Link01", "Link_Name": "Ruti - Mwizi - Kabuyanda - Kikagati", "LAT": 30.606583, "LON": -0.783312, "X": 233619.3266, "Y": -86655.67362, "STATIONS": "DS", "E": 30.606583, "S": -0.783312, "STATION": "Mbarara", "REGION": "South", "Comment": null, "A2016_NAME": "C36401", "A2011_NAME": "C36401", "compare": "true" }, "geometry": { "type": "Point", "coordinates": [ 30.606582999705722, -0.783312000348474 ] } },
{ "type": "Feature", "properties": { "TCS_NO_": 236.0, "TCS_NAME": "C36501", "Link_ID": "C365_Link01", "Link_Name": "Nyakiraguju - Ruzinga (Bugamba) Chitwe", "LAT": 30.51192, "LON": -0.741937, "X": 223074.4072, "Y": -82084.29897, "STATIONS": "DS", "E": 30.51192, "S": -0.741937, "STATION": "Mbarara", "REGION": "South", "Comment": null, "A2016_NAME": "C36501", "A2011_NAME": "C36501", "compare": "true" }, "geometry": { "type": "Point", "coordinates": [ 30.511919999608324, -0.741936999792642 ] } },
{ "type": "Feature", "properties": { "TCS_NO_": 237.0, "TCS_NAME": "C43102", "Link_ID": "C431_Link02", "Link_Name": "Kyempene - Rubirizi", "LAT": 30.058603, "LON": -1.012911, "X": 172602.198, "Y": -112105.9128, "STATIONS": "DS", "E": 30.058603, "S": -1.012911, "STATION": "Kabale", "REGION": "South", "Comment": null, "A2016_NAME": "C43102", "A2011_NAME": "C43102", "compare": "true" }, "geometry": { "type": "Point", "coordinates": [ 30.058603000428207, -1.012910999742815 ] } },
{ "type": "Feature", "properties": { "TCS_NO_": 238.0, "TCS_NAME": "C36803", "Link_ID": "C368_Link01", "Link_Name": "Biharwe - Bwizibwera", "LAT": 30.686824, "LON": -0.490537, "X": 242540.3673, "Y": -54263.63939, "STATIONS": "DS", "E": 30.686824, "S": -0.490537, "STATION": "Mbarara", "REGION": "South", "Comment": null, "A2016_NAME": "C36803", "A2011_NAME": "C36803", "compare": "true" }, "geometry": { "type": "Point", "coordinates": [ 30.686824000227489, -0.490536999582844 ] } },
{ "type": "Feature", "properties": { "TCS_NO_": 239.0, "TCS_NAME": "C37003", "Link_ID": "C370_Link02", "Link_Name": "Byanamira - Kashwa", "LAT": 30.749957, "LON": -0.249794, "X": 249564.0688, "Y": -27631.1713, "STATIONS": "DS", "E": 30.749957, "S": -0.249794, "STATION": "Ibanda", "REGION": "South", "Comment": null, "A2016_NAME": "C37003", "A2011_NAME": "C37003", "compare": "true" }, "geometry": { "type": "Point", "coordinates": [ 30.749956999615904, -0.249793999793212 ] } },
{ "type": "Feature", "properties": { "TCS_NO_": 240.0, "TCS_NAME": "C57201", "Link_ID": "C572_Link01", "Link_Name": "Mbarara Bypass", "LAT": 30.382213, "LON": 0.028417, "X": 208603.7746, "Y": 3144.23919, "STATIONS": "DS", "E": 30.382213, "S": 0.028417, "STATION": "Mbarara", "REGION": "South", "Comment": null, "A2016_NAME": "C57201", "A2011_NAME": "C57201", "compare": "true" }, "geometry": { "type": "Point", "coordinates": [ 30.382213000429658, 0.028417000244417 ] } },
{ "type": "Feature", "properties": { "TCS_NO_": 241.0, "TCS_NAME": "C41601", "Link_ID": "C416_Link01", "Link_Name": "Kikagati-Nsongezi", "LAT": 30.452486, "LON": -0.424255, "X": 216439.1035, "Y": -46939.63016, "STATIONS": "DS", "E": 30.452486, "S": -0.424255, "STATION": "Mbarara", "REGION": "South", "Comment": null, "A2016_NAME": "C41601", "A2011_NAME": "C41601", "compare": "true" }, "geometry": { "type": "Point", "coordinates": [ 30.452485999929024, -0.42425499976838 ] } },
{ "type": "Feature", "properties": { "TCS_NO_": 242.0, "TCS_NAME": "C37304", "Link_ID": "C373_Link02", "Link_Name": "Kabujogera - Mahyoro Junction", "LAT": 30.328925, "LON": -0.088715, "X": 202668.1816, "Y": -9816.36316, "STATIONS": "DS", "E": 30.328925, "S": -0.088715, "STATION": "Ibanda", "REGION": "South", "Comment": null, "A2016_NAME": "C37304", "A2011_NAME": "C37304", "compare": "true" }, "geometry": { "type": "Point", "coordinates": [ 30.328924999988828, -0.088714999997194 ] } },
{ "type": "Feature", "properties": { "TCS_NO_": 243.0, "TCS_NAME": "C41001", "Link_ID": "C410_Link01", "Link_Name": "Kagamba-Kebisoni", "LAT": 30.082709, "LON": -0.832882, "X": 175271.4375, "Y": -92178.85173, "STATIONS": "DS", "E": 30.082709, "S": -0.832882, "STATION": "Kabale", "REGION": "South", "Comment": null, "A2016_NAME": "C41001", "A2011_NAME": "C41001", "compare": "true" }, "geometry": { "type": "Point", "coordinates": [ 30.082708999620706, -0.832882000204108 ] } },
{ "type": "Feature", "properties": { "TCS_NO_": 244.0, "TCS_NAME": "C42901", "Link_ID": "C429_Link01", "Link_Name": "Butobere - Muyumbu - Rwamucucu", "LAT": 30.035398, "LON": -1.202294, "X": 170038.0, "Y": -133069.0078, "STATIONS": "DS", "E": 30.035398, "S": -1.202294, "STATION": "Kabale", "REGION": "South", "Comment": null, "A2016_NAME": "C42901", "A2011_NAME": "C42901", "compare": "true" }, "geometry": { "type": "Point", "coordinates": [ 30.035397999618056, -1.202293999868175 ] } },
{ "type": "Feature", "properties": { "TCS_NO_": 245.0, "TCS_NAME": "C43602", "Link_ID": "C436_Link02", "Link_Name": "Nyabwishenya - Nteko", "LAT": 29.673685, "LON": -1.138458, "X": 129727.7454, "Y": -126047.7348, "STATIONS": "DS", "E": 29.673685, "S": -1.138458, "STATION": "Kabale", "REGION": "South", "Comment": null, "A2016_NAME": "C43602", "A2011_NAME": "C43602", "compare": "true" }, "geometry": { "type": "Point", "coordinates": [ 29.673684999762997, -1.138458000436344 ] } },
{ "type": "Feature", "properties": { "TCS_NO_": 246.0, "TCS_NAME": "C41401", "Link_ID": "C414_Link01", "Link_Name": "Katunguru - Ishasha", "LAT": 29.858177, "LON": -0.433091, "X": 150227.1611, "Y": -47942.1744, "STATIONS": "DS", "E": 29.858177, "S": -0.433091, "STATION": "Kasese", "REGION": "South", "Comment": null, "A2016_NAME": "C41401", "A2011_NAME": "C41401", "compare": "true" }, "geometry": { "type": "Point", "coordinates": [ 29.858177000068565, -0.433090999849696 ] } },
{ "type": "Feature", "properties": { "TCS_NO_": 247.0, "TCS_NAME": "C41501", "Link_ID": "C415_Link01", "Link_Name": "Nsiika -  Bihanga -Katerera(Ishaka T/C)", "LAT": 30.39121, "LON": -0.49499, "X": 209616.7616, "Y": -54768.41382, "STATIONS": "DS", "E": 30.39121, "S": -0.49499, "STATION": "Ibanda", "REGION": "South", "Comment": null, "A2016_NAME": "C41501", "A2011_NAME": "C41501", "compare": "true" }, "geometry": { "type": "Point", "coordinates": [ 30.391209999841692, -0.49498999988856 ] } },
{ "type": "Feature", "properties": { "TCS_NO_": 248.0, "TCS_NAME": "C41503", "Link_ID": "C415_Link02", "Link_Name": "Kafunzo-Kikagati", "LAT": 30.517604, "LON": -0.424468, "X": 223691.9667, "Y": -46960.88186, "STATIONS": "DS", "E": 30.517604, "S": -0.424468, "STATION": "Mbarara", "REGION": "South", "Comment": null, "A2016_NAME": "C41503", "A2011_NAME": "C41503", "compare": "true" }, "geometry": { "type": "Point", "coordinates": [ 30.517604000024619, -0.424467999698379 ] } },
{ "type": "Feature", "properties": { "TCS_NO_": 249.0, "TCS_NAME": "C41701", "Link_ID": "C417_Link01", "Link_Name": "Ntungamo-Kakukuru", "LAT": 30.298435, "LON": -0.916506, "X": 199309.5707, "Y": -101414.9946, "STATIONS": "DS", "E": 30.298435, "S": -0.916506, "STATION": "Kabale", "REGION": "South", "Comment": null, "A2016_NAME": "C41701", "A2011_NAME": "C41701", "compare": "true" }, "geometry": { "type": "Point", "coordinates": [ 30.298434999575647, -0.916506000251673 ] } },
{ "type": "Feature", "properties": { "TCS_NO_": 250.0, "TCS_NAME": "C42501", "Link_ID": "C425_Link01", "Link_Name": "Katuna - Rubaya - Muko", "LAT": 29.888181, "LON": -1.396305, "X": 153663.3458, "Y": -154563.331, "STATIONS": "DS", "E": 29.888181, "S": -1.396305, "STATION": "Kabale", "REGION": "South", "Comment": null, "A2016_NAME": "C42501", "A2011_NAME": "C42501", "compare": "true" }, "geometry": { "type": "Point", "coordinates": [ 29.888180999653457, -1.396305000275504 ] } },
{ "type": "Feature", "properties": { "TCS_NO_": 251.0, "TCS_NAME": "C43002", "Link_ID": "C430_Link01", "Link_Name": "Rwashamaire - Rwahi", "LAT": 30.144096, "LON": -0.92668, "X": 182118.1736, "Y": -102554.3236, "STATIONS": "DS", "E": 30.144096, "S": -0.92668, "STATION": "Kabale", "REGION": "South", "Comment": null, "A2016_NAME": "C43002", "A2011_NAME": "C43002", "compare": "true" }, "geometry": { "type": "Point", "coordinates": [ 30.144096000330194, -0.926679999981957 ] } },
{ "type": "Feature", "properties": { "TCS_NO_": 252.0, "TCS_NAME": "C43201", "Link_ID": "C432_Link01", "Link_Name": "Kanungu - Rugyeyo - Kabaranga", "LAT": 29.892419, "LON": -0.94286, "X": 154079.8228, "Y": -104368.9557, "STATIONS": "DS", "E": 29.892419, "S": -0.94286, "STATION": "Kabale", "REGION": "South", "Comment": null, "A2016_NAME": "C43201", "A2011_NAME": "C43201", "compare": "true" }, "geometry": { "type": "Point", "coordinates": [ 29.892418999936922, -0.942859999689176 ] } },
{ "type": "Feature", "properties": { "TCS_NO_": 253.0, "TCS_NAME": "C43301", "Link_ID": "C433_Link01", "Link_Name": "Ikumba - Kanungu", "LAT": 29.848275, "LON": -1.015023, "X": 149168.575, "Y": -112361.6658, "STATIONS": "DS", "E": 29.848275, "S": -1.015023, "STATION": "Kabale", "REGION": "South", "Comment": null, "A2016_NAME": "C43301", "A2011_NAME": "C43301", "compare": "true" }, "geometry": { "type": "Point", "coordinates": [ 29.848275000291096, -1.015023000011411 ] } },
{ "type": "Feature", "properties": { "TCS_NO_": 254.0, "TCS_NAME": "C43401", "Link_ID": "C434_Link01", "Link_Name": "Ikumba - Nfasha - Ruhija - Mpungu - Hama", "LAT": 29.76228, "LON": -1.026009, "X": 139587.1252, "Y": -113587.3941, "STATIONS": "DS", "E": 29.76228, "S": -1.026009, "STATION": "Kabale", "REGION": "South", "Comment": null, "A2016_NAME": "C43401", "A2011_NAME": "C43401", "compare": "true" }, "geometry": { "type": "Point", "coordinates": [ 29.762279999722239, -1.026009000315071 ] } },
{ "type": "Feature", "properties": { "TCS_NO_": 255.0, "TCS_NAME": "C44601", "Link_ID": "C446_Link01", "Link_Name": "Kihihi - Nyamirama - Kikongi - Burama", "LAT": 29.773471, "LON": -0.694873, "X": 140803.2161, "Y": -76927.12504, "STATIONS": "DS", "E": 29.773471, "S": -0.694873, "STATION": "Kabale", "REGION": "South", "Comment": null, "A2016_NAME": "C44601", "A2011_NAME": "C44601", "compare": "true" }, "geometry": { "type": "Point", "coordinates": [ 29.773470999587005, -0.694873000388611 ] } },
{ "type": "Feature", "properties": { "TCS_NO_": 256.0, "TCS_NAME": "C44503", "Link_ID": "C445_Link02", "Link_Name": "Bugangari - Bwambara", "LAT": 29.793744, "LON": -0.583489, "X": 143054.7636, "Y": -64594.92042, "STATIONS": "DS", "E": 29.793744, "S": -0.583489, "STATION": "Kabale", "REGION": "South", "Comment": null, "A2016_NAME": "C44503", "A2011_NAME": "C44503", "compare": "true" }, "geometry": { "type": "Point", "coordinates": [ 29.79374400008561, -0.583488999917392 ] } },
{ "type": "Feature", "properties": { "TCS_NO_": 257.0, "TCS_NAME": "C44702", "Link_ID": "C447_Link02", "Link_Name": "Kabira - Rukungiri", "LAT": 30.014301, "LON": -0.696094, "X": 167639.3878, "Y": -77044.66112, "STATIONS": "DS", "E": 30.014301, "S": -0.696094, "STATION": "Kabale", "REGION": "South", "Comment": null, "A2016_NAME": "C44702", "A2011_NAME": "C44702", "compare": "true" }, "geometry": { "type": "Point", "coordinates": [ 30.014300999791374, -0.696094000038045 ] } },
{ "type": "Feature", "properties": { "TCS_NO_": 258.0, "TCS_NAME": "C44901", "Link_ID": "C449_Link01", "Link_Name": "Buhindagye - Mahyoro", "LAT": 30.320065, "LON": -0.428669, "X": 201689.1325, "Y": -47433.03611, "STATIONS": "DS", "E": 30.320065, "S": -0.428669, "STATION": "Ibanda", "REGION": "South", "Comment": null, "A2016_NAME": "C44901", "A2011_NAME": "C44901", "compare": "true" }, "geometry": { "type": "Point", "coordinates": [ 30.320064999700037, -0.428669000074251 ] } },
{ "type": "Feature", "properties": { "TCS_NO_": 259.0, "TCS_NAME": "C45201", "Link_ID": "C452_Link01", "Link_Name": "Rukungiri - Station Boundary", "LAT": 29.973939, "LON": -0.639819, "X": 163138.3401, "Y": -70818.67003, "STATIONS": "DS", "E": 29.973939, "S": -0.639819, "STATION": "Kabale", "REGION": "South", "Comment": null, "A2016_NAME": "C45201", "A2011_NAME": "C45201", "compare": "true" }, "geometry": { "type": "Point", "coordinates": [ 29.97393900008484, -0.639819000346563 ] } },
{ "type": "Feature", "properties": { "TCS_NO_": 260.0, "TCS_NAME": "C57801", "Link_ID": "C578_Link01", "Link_Name": "Accesses to Ibuga", "LAT": 30.224375, "LON": 0.345257, "X": 191026.3164, "Y": 38206.36784, "STATIONS": "DS", "E": 30.224375, "S": 0.345257, "STATION": "Kasese", "REGION": "South", "Comment": null, "A2016_NAME": "C57801", "A2011_NAME": "C57801", "compare": "true" }, "geometry": { "type": "Point", "coordinates": [ 30.224374999906388, 0.345257000110507 ] } },
{ "type": "Feature", "properties": { "TCS_NO_": 261.0, "TCS_NAME": "C51201", "Link_ID": "C512_Link01", "Link_Name": "Rugendabara - Kaswangali", "LAT": 30.153141, "LON": 0.423809, "X": 183093.1871, "Y": 46901.89267, "STATIONS": "DS", "E": 30.153141, "S": 0.423809, "STATION": "Kasese", "REGION": "South", "Comment": null, "A2016_NAME": "C51201", "A2011_NAME": "C51201", "compare": "true" }, "geometry": { "type": "Point", "coordinates": [ 30.153141000157063, 0.423809000085328 ] } },
{ "type": "Feature", "properties": { "TCS_NO_": 262.0, "TCS_NAME": "C51901", "Link_ID": "C519_Link01", "Link_Name": "Nkenda - Bugoye", "LAT": 30.099932, "LON": 0.295868, "X": 177160.507, "Y": 32744.47479, "STATIONS": "DS", "E": 30.099932, "S": 0.295868, "STATION": "Kasese", "REGION": "South", "Comment": null, "A2016_NAME": "C51901", "A2011_NAME": "C51901", "compare": "true" }, "geometry": { "type": "Point", "coordinates": [ 30.09993199976202, 0.295867999608561 ] } },
{ "type": "Feature", "properties": { "TCS_NO_": 275.0, "TCS_NAME": "C55601", "Link_ID": "C556_Link01", "Link_Name": "Bukuku - Rubona", "LAT": 30.158426, "LON": 0.619333, "X": 183691.8135, "Y": 68539.81173, "STATIONS": "DS", "E": 30.158426, "S": 0.619333, "STATION": "Fort Portal", "REGION": "West", "Comment": null, "A2016_NAME": "C55601", "A2011_NAME": "C55601", "compare": "true" }, "geometry": { "type": "Point", "coordinates": [ 30.158426000159807, 0.619333000117933 ] } },
{ "type": "Feature", "properties": { "TCS_NO_": 276.0, "TCS_NAME": "C54101", "Link_ID": "C541_Link01", "Link_Name": "Karugutu - Ntoroko", "LAT": 30.371081, "LON": 0.92966, "X": 207402.1058, "Y": 102864.469, "STATIONS": "DS", "E": 30.371081, "S": 0.92966, "STATION": "Fort Portal", "REGION": "West", "Comment": null, "A2016_NAME": "C54101", "A2011_NAME": "C54101", "compare": "true" }, "geometry": { "type": "Point", "coordinates": [ 30.371080999688445, 0.929660000009051 ] } },
{ "type": "Feature", "properties": { "TCS_NO_": 277.0, "TCS_NAME": "C54201", "Link_ID": "C542_Link01", "Link_Name": "Fortportal - Kijura - Kabende Bridge-Sogahe-Kyarusozi", "LAT": 30.426489, "LON": 0.839621, "X": 213566.2259, "Y": 92897.73402, "STATIONS": "DS", "E": 30.426489, "S": 0.839621, "STATION": "Fort Portal", "REGION": "West", "Comment": null, "A2016_NAME": "C54201", "A2011_NAME": "C54201", "compare": "true" }, "geometry": { "type": "Point", "coordinates": [ 30.426488999867502, 0.839621000009174 ] } },
{ "type": "Feature", "properties": { "TCS_NO_": 278.0, "TCS_NAME": "C54901", "Link_ID": "C549_Link01", "Link_Name": "Kakabara-Bujuzo-Katooke", "LAT": 30.868113, "LON": 0.690028, "X": 262736.2828, "Y": 76321.99565, "STATIONS": "DS", "E": 30.868113, "S": 0.690028, "STATION": "Fort Portal", "REGION": "West", "Comment": null, "A2016_NAME": "C54901", "A2011_NAME": "C54901", "compare": "true" }, "geometry": { "type": "Point", "coordinates": [ 30.868113000314736, 0.690028000192115 ] } },
{ "type": "Feature", "properties": { "TCS_NO_": 207.0, "TCS_NAME": "C55001", "Link_ID": "C550_Link01", "Link_Name": "Kakumiro-Kibale", "LAT": 31.198825, "LON": 0.776754, "X": 299559.362, "Y": 85897.47121, "STATIONS": "DS", "E": 31.198825, "S": 0.776754, "STATION": "Mubende", "REGION": "Central", "Comment": null, "A2016_NAME": "C55001", "A2011_NAME": "C55001", "compare": "true" }, "geometry": { "type": "Point", "coordinates": [ 31.198824999574128, 0.776754000296933 ] } },
{ "type": "Feature", "properties": { "TCS_NO_": 279.0, "TCS_NAME": "C56301", "Link_ID": "C563_Link01", "Link_Name": "Muhooro-Ndaiga-L. Albert", "LAT": 30.65075, "LON": 0.953045, "X": 238549.5422, "Y": 105429.3824, "STATIONS": "DS", "E": 30.65075, "S": 0.953045, "STATION": "Hoima", "REGION": "West", "Comment": null, "A2016_NAME": "C56301", "A2011_NAME": "C56301", "compare": "true" }, "geometry": { "type": "Point", "coordinates": [ 30.650750000412245, 0.953045000126679 ] } },
{ "type": "Feature", "properties": { "TCS_NO_": 280.0, "TCS_NAME": "C56602", "Link_ID": "C566_Link02", "Link_Name": "Bugwara-Kikwaya", "LAT": 30.976202, "LON": 0.962239, "X": 274786.3836, "Y": 106423.2198, "STATIONS": "DS", "E": 30.976202, "S": 0.962239, "STATION": "Hoima", "REGION": "West", "Comment": null, "A2016_NAME": "C56602", "A2011_NAME": "C56602", "compare": "true" }, "geometry": { "type": "Point", "coordinates": [ 30.976201999922409, 0.962238999630188 ] } },
{ "type": "Feature", "properties": { "TCS_NO_": 208.0, "TCS_NAME": "C56701", "Link_ID": "C567_Link01", "Link_Name": "Kakumiro - Nkooko", "LAT": 31.40123, "LON": 0.852378, "X": 322093.2355, "Y": 94250.33523, "STATIONS": "DS", "E": 31.40123, "S": 0.852378, "STATION": "Mubende", "REGION": "Central", "Comment": null, "A2016_NAME": "C56701", "A2011_NAME": "C56701", "compare": "true" }, "geometry": { "type": "Point", "coordinates": [ 31.401230000364251, 0.852378000144654 ] } },
{ "type": "Feature", "properties": { "TCS_NO_": 281.0, "TCS_NAME": "C56801", "Link_ID": "C568_Link01", "Link_Name": "Kihura - Bwizi", "LAT": 30.69529, "LON": 0.491474, "X": 243483.2398, "Y": 54366.95154, "STATIONS": "DS", "E": 30.69529, "S": 0.491474, "STATION": "Fort Portal", "REGION": "West", "Comment": null, "A2016_NAME": "C56801", "A2011_NAME": "C56801", "compare": "true" }, "geometry": { "type": "Point", "coordinates": [ 30.695290000333273, 0.491473999825303 ] } },
{ "type": "Feature", "properties": { "TCS_NO_": 282.0, "TCS_NAME": "C57101", "Link_ID": "C571_Link01", "Link_Name": "Kamwenge - Kabambiro - Bigusyo - Bihanga", "LAT": 30.510655, "LON": 0.157971, "X": 222911.4633, "Y": 17477.10114, "STATIONS": "DS", "E": 30.510655, "S": 0.157971, "STATION": "Fort Portal", "REGION": "West", "Comment": null, "A2016_NAME": "C57101", "A2011_NAME": "C57101", "compare": "true" }, "geometry": { "type": "Point", "coordinates": [ 30.510654999728501, 0.157970999562053 ] } },
{ "type": "Feature", "properties": { "TCS_NO_": 283.0, "TCS_NAME": "C59001", "Link_ID": "C590_Link01", "Link_Name": "Hoima (Parajwoki) -Biso", "LAT": 31.312852, "LON": 1.576503, "X": 312305.9592, "Y": 174327.4113, "STATIONS": "DS", "E": 31.312852, "S": 1.576503, "STATION": "Hoima", "REGION": "West", "Comment": null, "A2016_NAME": "C59001", "A2011_NAME": "C59001", "compare": "true" }, "geometry": { "type": "Point", "coordinates": [ 31.312851999620136, 1.576502999713739 ] } },
{ "type": "Feature", "properties": { "TCS_NO_": 284.0, "TCS_NAME": "C62301", "Link_ID": "C623_Link01", "Link_Name": "Bukumi-Bulisa", "LAT": 31.456133, "LON": 1.95643, "X": 328284.8724, "Y": 216324.154, "STATIONS": "DS", "E": 31.456133, "S": 1.95643, "STATION": "Masindi", "REGION": "West", "Comment": null, "A2016_NAME": "C62301", "A2011_NAME": "C62301", "compare": "true" }, "geometry": { "type": "Point", "coordinates": [ 31.456132999738202, 1.956430000444186 ] } },
{ "type": "Feature", "properties": { "TCS_NO_": 285.0, "TCS_NAME": "C59101", "Link_ID": "C591_Link01", "Link_Name": "Kabwoya - Kituti", "LAT": 30.92587, "LON": 1.230394, "X": 269203.3972, "Y": 136085.4232, "STATIONS": "DS", "E": 30.92587, "S": 1.230394, "STATION": "Hoima", "REGION": "West", "Comment": null, "A2016_NAME": "C59101", "A2011_NAME": "C59101", "compare": "true" }, "geometry": { "type": "Point", "coordinates": [ 30.925870000000543, 1.230393999983164 ] } },
{ "type": "Feature", "properties": { "TCS_NO_": 286.0, "TCS_NAME": "C59201", "Link_ID": "C592_Link01", "Link_Name": "Parajwoki-Buseruka", "LAT": 31.255495, "LON": 1.507352, "X": 305916.8167, "Y": 166685.8082, "STATIONS": "DS", "E": 31.255495, "S": 1.507352, "STATION": "Hoima", "REGION": "West", "Comment": null, "A2016_NAME": "C59201", "A2011_NAME": "C59201", "compare": "true" }, "geometry": { "type": "Point", "coordinates": [ 31.255495000393978, 1.507351999794992 ] } },
{ "type": "Feature", "properties": { "TCS_NO_": 287.0, "TCS_NAME": "C59401", "Link_ID": "C594_Link01", "Link_Name": "Bugambe-Kidoma", "LAT": 31.299078, "LON": 1.429625, "X": 310760.5361, "Y": 158086.8892, "STATIONS": "DS", "E": 31.299078, "S": 1.429625, "STATION": "Hoima", "REGION": "West", "Comment": null, "A2016_NAME": "C59401", "A2011_NAME": "C59401", "compare": "true" }, "geometry": { "type": "Point", "coordinates": [ 31.299078000249551, 1.429625000093722 ] } },
{ "type": "Feature", "properties": { "TCS_NO_": 288.0, "TCS_NAME": "C62101", "Link_ID": "C621_Link01", "Link_Name": "Rekunye - Masindi", "LAT": 31.8861, "LON": 1.7328, "X": 376099.3154, "Y": 191563.5169, "STATIONS": "DS", "E": 31.8861, "S": 1.7328, "STATION": "Masindi", "REGION": "West", "Comment": null, "A2016_NAME": "C62101", "A2011_NAME": "C62101", "compare": "true" }, "geometry": { "type": "Point", "coordinates": [ 31.886100000414729, 1.732800000219868 ] } },
{ "type": "Feature", "properties": { "TCS_NO_": 289.0, "TCS_NAME": "C60601", "Link_ID": "C606_Link01", "Link_Name": "Rwera-Kaseeta", "LAT": 30.993897, "LON": 1.321774, "X": 276784.1435, "Y": 146186.2051, "STATIONS": "DS", "E": 30.993897, "S": 1.321774, "STATION": "Hoima", "REGION": "West", "Comment": null, "A2016_NAME": "C60601", "A2011_NAME": "C60601", "compare": "true" }, "geometry": { "type": "Point", "coordinates": [ 30.99389700024642, 1.321773999770301 ] } },
{ "type": "Feature", "properties": { "TCS_NO_": 290.0, "TCS_NAME": "C62701", "Link_ID": "C627_Link01", "Link_Name": "Masoode-Nkooko", "LAT": 31.669182, "LON": 0.947955, "X": 351919.9926, "Y": 104806.0903, "STATIONS": "DS", "E": 31.669182, "S": 0.947955, "STATION": "Hoima", "REGION": "West", "Comment": null, "A2016_NAME": "C62701", "A2011_NAME": "C62701", "compare": "true" }, "geometry": { "type": "Point", "coordinates": [ 31.66918200034911, 0.947955000123216 ] } },
{ "type": "Feature", "properties": { "TCS_NO_": 291.0, "TCS_NAME": "C62201", "Link_ID": "C622_Link01", "Link_Name": "Masindi - Biiso", "LAT": 31.530892, "LON": 1.632703, "X": 336572.9675, "Y": 180522.9214, "STATIONS": "DS", "E": 31.530892, "S": 1.632703, "STATION": "Masindi", "REGION": "West", "Comment": null, "A2016_NAME": "C62201", "A2011_NAME": "C62201", "compare": "true" }, "geometry": { "type": "Point", "coordinates": [ 31.53089200016575, 1.632703000443144 ] } },
{ "type": "Feature", "properties": { "TCS_NO_": 292.0, "TCS_NAME": "C62501", "Link_ID": "C625_Link01", "Link_Name": "Kisanja-Park jctn - Buliisa", "LAT": 31.723207, "LON": 2.020282, "X": 358000.8371, "Y": 223358.59, "STATIONS": "DS", "E": 31.723207, "S": 2.020282, "STATION": "Masindi", "REGION": "West", "Comment": null, "A2016_NAME": "C62501", "A2011_NAME": "C62501", "compare": "true" }, "geometry": { "type": "Point", "coordinates": [ 31.723206999703336, 2.020281999714541 ] } },
{ "type": "Feature", "properties": { "TCS_NO_": 293.0, "TCS_NAME": "C63501", "Link_ID": "C635_Link01", "Link_Name": "Katulikile - Mutunda - Atura / Nanda", "LAT": 32.255722, "LON": 2.049141, "X": 417230.8136, "Y": 226511.8903, "STATIONS": "DS", "E": 32.255722, "S": 2.049141, "STATION": "Masindi", "REGION": "West", "Comment": null, "A2016_NAME": "C63501", "A2011_NAME": "C63501", "compare": "true" }, "geometry": { "type": "Point", "coordinates": [ 32.255721999870445, 2.049140999557551 ] } },
{ "type": "Feature", "properties": { "TCS_NO_": 294.0, "TCS_NAME": "C63901", "Link_ID": "C639_Link01", "Link_Name": "Bukommero-Dwaniro-Kyankwanzi", "LAT": 31.98052, "LON": 0.963066, "X": 386567.2814, "Y": 106464.8178, "STATIONS": "DS", "E": 31.98052, "S": 0.963066, "STATION": "Hoima", "REGION": "West", "Comment": null, "A2016_NAME": "C63901", "A2011_NAME": "C63901", "compare": "true" }, "geometry": { "type": "Point", "coordinates": [ 31.980520000097954, 0.963065999995933 ] } },
{ "type": "Feature", "properties": { "TCS_NO_": 13.0, "TCS_NAME": "C65001", "Link_ID": "C650_Link01", "Link_Name": "Lira - Akia", "LAT": 33.237418, "LON": 2.405071, "X": 526395.6595, "Y": 265836.4976, "STATIONS": "DS", "E": 33.237418, "S": 2.405071, "STATION": "Lira", "REGION": "North", "Comment": null, "A2016_NAME": "C65001", "A2011_NAME": "C65001", "compare": "true" }, "geometry": { "type": "Point", "coordinates": [ 33.237418000040748, 2.405070999826819 ] } },
{ "type": "Feature", "properties": { "TCS_NO_": 14.0, "TCS_NAME": "C66101", "Link_ID": "C661_Link01", "Link_Name": "Apac-Cegere", "LAT": 32.52059, "LON": 2.038383, "X": 446686.6177, "Y": 225311.4166, "STATIONS": "DS", "E": 32.52059, "S": 2.038383, "STATION": "Lira", "REGION": "North", "Comment": null, "A2016_NAME": "C66101", "A2011_NAME": "C66101", "compare": "true" }, "geometry": { "type": "Point", "coordinates": [ 32.52058999972877, 2.03838299987558 ] } },
{ "type": "Feature", "properties": { "TCS_NO_": 15.0, "TCS_NAME": "C67101", "Link_ID": "C671_Link01", "Link_Name": "Aloi - Aboko - Bata - Dokolo", "LAT": 33.206423, "LON": 2.0293, "X": 522955.4007, "Y": 224300.9861, "STATIONS": "DS", "E": 33.206423, "S": 2.0293, "STATION": "Lira", "REGION": "North", "Comment": null, "A2016_NAME": "C67101", "A2011_NAME": "C67101", "compare": "true" }, "geometry": { "type": "Point", "coordinates": [ 33.206422999721724, 2.029300000094963 ] } },
{ "type": "Feature", "properties": { "TCS_NO_": 16.0, "TCS_NAME": "C65301", "Link_ID": "C653_Link01", "Link_Name": "Dokolo-Ochero", "LAT": 33.099465, "LON": 1.821397, "X": 511062.3727, "Y": 201320.0694, "STATIONS": "DS", "E": 33.099465, "S": 1.821397, "STATION": "Lira", "REGION": "North", "Comment": null, "A2016_NAME": "C65301", "A2011_NAME": "C65301", "compare": "true" }, "geometry": { "type": "Point", "coordinates": [ 33.099465000109717, 1.821397000271418 ] } },
{ "type": "Feature", "properties": { "TCS_NO_": 17.0, "TCS_NAME": "C66502", "Link_ID": "C665_Link02", "Link_Name": "Anyeke-Minakulu", "LAT": 32.516017, "LON": 2.335687, "X": 446188.6389, "Y": 258174.2901, "STATIONS": "DS", "E": 32.516017, "S": 2.335687, "STATION": "Gulu", "REGION": "North", "Comment": null, "A2016_NAME": "C66502", "A2011_NAME": "C66502", "compare": "true" }, "geometry": { "type": "Point", "coordinates": [ 32.51601700018449, 2.335686999955158 ] } },
{ "type": "Feature", "properties": { "TCS_NO_": 18.0, "TCS_NAME": "C65601", "Link_ID": "C656_Link01", "Link_Name": "Namasale - Alemere", "LAT": 32.697394, "LON": 1.657852, "X": 466341.4046, "Y": 183245.5466, "STATIONS": "DS", "E": 32.697394, "S": 1.657852, "STATION": "Lira", "REGION": "North", "Comment": null, "A2016_NAME": "C65601", "A2011_NAME": "C65601", "compare": "true" }, "geometry": { "type": "Point", "coordinates": [ 32.697393999833253, 1.657852000069795 ] } },
{ "type": "Feature", "properties": { "TCS_NO_": 19.0, "TCS_NAME": "C66901", "Link_ID": "C669_Link01", "Link_Name": "Lira Railway Access", "LAT": 32.914734, "LON": 2.254235, "X": 490519.2684, "Y": 249162.2303, "STATIONS": "DS", "E": 32.914734, "S": 2.254235, "STATION": "Lira", "REGION": "North", "Comment": null, "A2016_NAME": "C66901", "A2011_NAME": "C66901", "compare": "true" }, "geometry": { "type": "Point", "coordinates": [ 32.91473399957448, 2.254235000245103 ] } },
{ "type": "Feature", "properties": { "TCS_NO_": 20.0, "TCS_NAME": "C68102", "Link_ID": "C681_Link02", "Link_Name": "Aswa - Gulu", "LAT": 32.432623, "LON": 2.880954, "X": 436943.4108, "Y": 318450.406, "STATIONS": "DS", "E": 32.432623, "S": 2.880954, "STATION": "Gulu", "REGION": "North", "Comment": null, "A2016_NAME": "C68102", "A2011_NAME": "C68102", "compare": "true" }, "geometry": { "type": "Point", "coordinates": [ 32.432622999951548, 2.880954000027145 ] } },
{ "type": "Feature", "properties": { "TCS_NO_": 21.0, "TCS_NAME": "C67001", "Link_ID": "C670_Link01", "Link_Name": "Lira - Boroboro - Abako - Okude", "LAT": 33.040724, "LON": 2.128526, "X": 504528.4811, "Y": 235267.2541, "STATIONS": "DS", "E": 33.040724, "S": 2.128526, "STATION": "Lira", "REGION": "North", "Comment": null, "A2016_NAME": "C67001", "A2011_NAME": "C67001", "compare": "true" }, "geometry": { "type": "Point", "coordinates": [ 33.040724000012631, 2.128526000174816 ] } },
{ "type": "Feature", "properties": { "TCS_NO_": 22.0, "TCS_NAME": "C67301", "Link_ID": "C673_Link01", "Link_Name": "Ngetta-Apala", "LAT": 32.977097, "LON": 2.342636, "X": 497453.6184, "Y": 258933.0806, "STATIONS": "DS", "E": 32.977097, "S": 2.342636, "STATION": "Lira", "REGION": "North", "Comment": null, "A2016_NAME": "C67301", "A2011_NAME": "C67301", "compare": "true" }, "geometry": { "type": "Point", "coordinates": [ 32.977097000326353, 2.342636000251275 ] } },
{ "type": "Feature", "properties": { "TCS_NO_": 23.0, "TCS_NAME": "C67703", "Link_ID": "C677_Link02", "Link_Name": "Kalongo - Kitgum Matidi", "LAT": 33.258229, "LON": 3.104025, "X": 528692.6315, "Y": 343094.8544, "STATIONS": "DS", "E": 33.258229, "S": 3.104025, "STATION": "Kitgum", "REGION": "North", "Comment": null, "A2016_NAME": "C67703", "A2011_NAME": "C67703", "compare": "true" }, "geometry": { "type": "Point", "coordinates": [ 33.258229000168285, 3.104024999654087 ] } },
{ "type": "Feature", "properties": { "TCS_NO_": 24.0, "TCS_NAME": "C67502", "Link_ID": "C675_Link02", "Link_Name": "Pader - Kwonkwic (Palwo)", "LAT": 33.018038, "LON": 2.920284, "X": 502004.5934, "Y": 322781.912, "STATIONS": "DS", "E": 33.018038, "S": 2.920284, "STATION": "Kitgum", "REGION": "North", "Comment": null, "A2016_NAME": "C67502", "A2011_NAME": "C67502", "compare": "true" }, "geometry": { "type": "Point", "coordinates": [ 33.018037999753915, 2.92028399980677 ] } },
{ "type": "Feature", "properties": { "TCS_NO_": 25.0, "TCS_NAME": "C67802", "Link_ID": "C678_Link02", "Link_Name": "Lokapel - Adilang", "LAT": 33.448003, "LON": 3.23503, "X": 549773.118, "Y": 357582.7945, "STATIONS": "DS", "E": 33.448003, "S": 3.23503, "STATION": "Kitgum", "REGION": "North", "Comment": null, "A2016_NAME": "C67802", "A2011_NAME": "C67802", "compare": "true" }, "geometry": { "type": "Point", "coordinates": [ 33.448003000338247, 3.23503000023436 ] } },
{ "type": "Feature", "properties": { "TCS_NO_": 26.0, "TCS_NAME": "C68001", "Link_ID": "C680_Link01", "Link_Name": "Gulu-Opit", "LAT": 32.477746, "LON": 2.615778, "X": 441945.5344, "Y": 289136.2034, "STATIONS": "DS", "E": 32.477746, "S": 2.615778, "STATION": "Gulu", "REGION": "North", "Comment": null, "A2016_NAME": "C68001", "A2011_NAME": "C68001", "compare": "true" }, "geometry": { "type": "Point", "coordinates": [ 32.477745999778108, 2.615778000354453 ] } },
{ "type": "Feature", "properties": { "TCS_NO_": 27.0, "TCS_NAME": "C68501", "Link_ID": "C685_Link01", "Link_Name": "Katikati - Tenumu - Nwoya", "LAT": 32.091341, "LON": 2.73164, "X": 398998.9203, "Y": 301968.7716, "STATIONS": "DS", "E": 32.091341, "S": 2.73164, "STATION": "Gulu", "REGION": "North", "Comment": null, "A2016_NAME": "C68501", "A2011_NAME": "C68501", "compare": "true" }, "geometry": { "type": "Point", "coordinates": [ 32.091340999787349, 2.731639999586378 ] } },
{ "type": "Feature", "properties": { "TCS_NO_": 28.0, "TCS_NAME": "C72602", "Link_ID": "C726_Link01", "Link_Name": "Adjumani - Sinyanya Ferry landing", "LAT": 31.688425, "LON": 3.297278, "X": 354281.7926, "Y": 364548.2815, "STATIONS": "DS", "E": 31.688425, "S": 3.297278, "STATION": "Moyo", "REGION": "North", "Comment": null, "A2016_NAME": "C72602", "A2011_NAME": "C72602", "compare": "true" }, "geometry": { "type": "Point", "coordinates": [ 31.688425000113739, 3.297278000179631 ] } },
{ "type": "Feature", "properties": { "TCS_NO_": 29.0, "TCS_NAME": "C68901", "Link_ID": "C689_Link01", "Link_Name": "Pakele - Pabbo", "LAT": 32.071465, "LON": 3.116529, "X": 396824.538, "Y": 344518.9642, "STATIONS": "DS", "E": 32.071465, "S": 3.116529, "STATION": "Moyo", "REGION": "North", "Comment": null, "A2016_NAME": "C68901", "A2011_NAME": "C68901", "compare": "true" }, "geometry": { "type": "Point", "coordinates": [ 32.0714649996101, 3.116528999813511 ] } },
{ "type": "Feature", "properties": { "TCS_NO_": 30.0, "TCS_NAME": "C70001", "Link_ID": "C700_Link01", "Link_Name": "Atiak-Palabek", "LAT": 32.272349, "LON": 3.260528, "X": 419158.6949, "Y": 360419.4259, "STATIONS": "DS", "E": 32.272349, "S": 3.260528, "STATION": "Kitgum", "REGION": "North", "Comment": null, "A2016_NAME": "C70001", "A2011_NAME": "C70001", "compare": "true" }, "geometry": { "type": "Point", "coordinates": [ 32.272349000406109, 3.260527999767419 ] } },
{ "type": "Feature", "properties": { "TCS_NO_": 31.0, "TCS_NAME": "C70502", "Link_ID": "C705_Link02", "Link_Name": "Paloga - Madiopei", "LAT": 32.879807, "LON": 3.535938, "X": 486650.7842, "Y": 390833.1805, "STATIONS": "DS", "E": 32.879807, "S": 3.535938, "STATION": "Kitgum", "REGION": "North", "Comment": null, "A2016_NAME": "C70502", "A2011_NAME": "C70502", "compare": "true" }, "geometry": { "type": "Point", "coordinates": [ 32.879806999593427, 3.535938000138628 ] } },
{ "type": "Feature", "properties": { "TCS_NO_": 32.0, "TCS_NAME": "C70301", "Link_ID": "C703_Link01", "Link_Name": "Kitgum - Orom", "LAT": 33.222132, "LON": 3.273647, "X": 524677.7815, "Y": 361843.0353, "STATIONS": "DS", "E": 33.222132, "S": 3.273647, "STATION": "Kitgum", "REGION": "North", "Comment": null, "A2016_NAME": "C70301", "A2011_NAME": "C70301", "compare": "true" }, "geometry": { "type": "Point", "coordinates": [ 33.222132000191721, 3.273647000408801 ] } },
{ "type": "Feature", "properties": { "TCS_NO_": 33.0, "TCS_NAME": "C72201", "Link_ID": "C722_Link01", "Link_Name": "Moyo - Obongi", "LAT": 31.621765, "LON": 3.441716, "X": 346896.9685, "Y": 380528.1756, "STATIONS": "DS", "E": 31.621765, "S": 3.441716, "STATION": "Moyo", "REGION": "North", "Comment": null, "A2016_NAME": "C72201", "A2011_NAME": "C72201", "compare": "true" }, "geometry": { "type": "Point", "coordinates": [ 31.621764999954848, 3.441715999693656 ] } },
{ "type": "Feature", "properties": { "TCS_NO_": 34.0, "TCS_NAME": "C75802", "Link_ID": "C758_Link02", "Link_Name": "Midigo - Kerwa", "LAT": 31.286321, "LON": 3.676747, "X": 309672.0053, "Y": 406579.1501, "STATIONS": "DS", "E": 31.286321, "S": 3.676747, "STATION": "Moyo", "REGION": "North", "Comment": null, "A2016_NAME": "C75802", "A2011_NAME": "C75802", "compare": "true" }, "geometry": { "type": "Point", "coordinates": [ 31.286321000114128, 3.676746999574391 ] } },
{ "type": "Feature", "properties": { "TCS_NO_": 35.0, "TCS_NAME": "C74001", "Link_ID": "C740_Link01", "Link_Name": "Koboko - Yumbe", "LAT": 31.100868, "LON": 3.406444, "X": 289006.373, "Y": 376726.7123, "STATIONS": "DS", "E": 31.100868, "S": 3.406444, "STATION": "Arua", "REGION": "North", "Comment": null, "A2016_NAME": "C74001", "A2011_NAME": "C74001", "compare": "true" }, "geometry": { "type": "Point", "coordinates": [ 31.100867999558602, 3.406443999990643 ] } },
{ "type": "Feature", "properties": { "TCS_NO_": 36.0, "TCS_NAME": "C74302", "Link_ID": "C743_Link02", "Link_Name": "Inde-Ocoko", "LAT": 31.088542, "LON": 2.900401, "X": 287533.7493, "Y": 320763.5827, "STATIONS": "DS", "E": 31.088542, "S": 2.900401, "STATION": "Arua", "REGION": "North", "Comment": null, "A2016_NAME": "C74302", "A2011_NAME": "C74302", "compare": "true" }, "geometry": { "type": "Point", "coordinates": [ 31.088542000413042, 2.900401000206045 ] } },
{ "type": "Feature", "properties": { "TCS_NO_": 37.0, "TCS_NAME": "C74701", "Link_ID": "C747_Link01", "Link_Name": "Panyimur - Paidha Via Erusi-Goli", "LAT": 31.150803, "LON": 2.320146, "X": 294362.4313, "Y": 256581.6422, "STATIONS": "DS", "E": 31.150803, "S": 2.320146, "STATION": "Arua", "REGION": "North", "Comment": null, "A2016_NAME": "C74701", "A2011_NAME": "C74701", "compare": "true" }, "geometry": { "type": "Point", "coordinates": [ 31.150803000058431, 2.320146000037937 ] } },
{ "type": "Feature", "properties": { "TCS_NO_": 38.0, "TCS_NAME": "C74401", "Link_ID": "C744_Link01", "Link_Name": "Eruba - Vurra", "LAT": 30.889242, "LON": 2.926435, "X": 265376.6152, "Y": 323682.562, "STATIONS": "DS", "E": 30.889242, "S": 2.926435, "STATION": "Arua", "REGION": "North", "Comment": null, "A2016_NAME": "C74401", "A2011_NAME": "C74401", "compare": "true" }, "geometry": { "type": "Point", "coordinates": [ 30.889241999818466, 2.926435000175161 ] } },
{ "type": "Feature", "properties": { "TCS_NO_": 39.0, "TCS_NAME": "C74501", "Link_ID": "C745_Link01", "Link_Name": "Nebbi - Goli", "LAT": 31.049571, "LON": 2.438181, "X": 283119.2853, "Y": 269650.9739, "STATIONS": "DS", "E": 31.049571, "S": 2.438181, "STATION": "Arua", "REGION": "North", "Comment": null, "A2016_NAME": "C74501", "A2011_NAME": "C74501", "compare": "true" }, "geometry": { "type": "Point", "coordinates": [ 31.04957100010165, 2.438180999653468 ] } },
{ "type": "Feature", "properties": { "TCS_NO_": 40.0, "TCS_NAME": "C75201", "Link_ID": "C752_Link01", "Link_Name": "Arua - Lia", "LAT": 30.852252, "LON": 3.053662, "X": 261290.5301, "Y": 337763.0157, "STATIONS": "DS", "E": 30.852252, "S": 3.053662, "STATION": "Arua", "REGION": "North", "Comment": null, "A2016_NAME": "C75201", "A2011_NAME": "C75201", "compare": "true" }, "geometry": { "type": "Point", "coordinates": [ 30.852252000029807, 3.053662000101269 ] } },
{ "type": "Feature", "properties": { "TCS_NO_": 41.0, "TCS_NAME": "C75701", "Link_ID": "C757_Link01", "Link_Name": "Keri - Lima - Midigo - Kerila", "LAT": 31.082759, "LON": 3.56471, "X": 287029.3888, "Y": 394234.2904, "STATIONS": "DS", "E": 31.082759, "S": 3.56471, "STATION": "Moyo", "REGION": "North", "Comment": null, "A2016_NAME": "C75701", "A2011_NAME": "C75701", "compare": "true" }, "geometry": { "type": "Point", "coordinates": [ 31.082758999927933, 3.564709999566901 ] } },
{ "type": "Feature", "properties": { "TCS_NO_": 42.0, "TCS_NAME": "C76203", "Link_ID": "C762_Link02", "Link_Name": "Biliafe - Otrevu", "LAT": 31.087811, "LON": 3.123189, "X": 287495.637, "Y": 345402.8945, "STATIONS": "DS", "E": 31.087811, "S": 3.123189, "STATION": "Arua", "REGION": "North", "Comment": null, "A2016_NAME": "C76203", "A2011_NAME": "C76203", "compare": "true" }, "geometry": { "type": "Point", "coordinates": [ 31.087810999977705, 3.123189000272191 ] } },
{ "type": "Feature", "properties": { "TCS_NO_": 43.0, "TCS_NAME": "C76301", "Link_ID": "C763_Link01", "Link_Name": "Paidha-Zombo", "LAT": 30.928623, "LON": 2.56814, "X": 269687.2416, "Y": 284045.1812, "STATIONS": "DS", "E": 30.928623, "S": 2.56814, "STATION": "Arua", "REGION": "North", "Comment": null, "A2016_NAME": "C76301", "A2011_NAME": "C76301", "compare": "true" }, "geometry": { "type": "Point", "coordinates": [ 30.92862300015139, 2.568139999661298 ] } },
{ "type": "Feature", "properties": { "TCS_NO_": 67.0, "TCS_NAME": "C79203", "Link_ID": "C792_Link02", "Link_Name": "Namagera - Lubanyi", "LAT": 33.078342, "LON": 0.734108, "X": 508716.7804, "Y": 81141.08967, "STATIONS": "DS", "E": 33.078342, "S": 0.734108, "STATION": "Jinja", "REGION": "East", "Comment": null, "A2016_NAME": "C79203", "A2011_NAME": "C79203", "compare": "true" }, "geometry": { "type": "Point", "coordinates": [ 33.078341999983365, 0.73410799958458 ] } },
{ "type": "Feature", "properties": { "TCS_NO_": 68.0, "TCS_NAME": "C78103", "Link_ID": "C781_Link02", "Link_Name": "Mayuge - Kaluuba", "LAT": 33.493992, "LON": 0.420334, "X": 554968.1549, "Y": 46461.33592, "STATIONS": "DS", "E": 33.493992, "S": 0.420334, "STATION": "Jinja", "REGION": "East", "Comment": null, "A2016_NAME": "C78103", "A2011_NAME": "C78103", "compare": "true" }, "geometry": { "type": "Point", "coordinates": [ 33.493991999631135, 0.420333999914192 ] } },
{ "type": "Feature", "properties": { "TCS_NO_": 69.0, "TCS_NAME": "C78203", "Link_ID": "C782_Link02", "Link_Name": "Nankoma-Namayingo-Lumino", "LAT": 33.936703, "LON": 0.319814, "X": 604234.6352, "Y": 35353.77852, "STATIONS": "DS", "E": 33.936703, "S": 0.319814, "STATION": "Tororo", "REGION": "East", "Comment": null, "A2016_NAME": "C78203", "A2011_NAME": "C78203", "compare": "true" }, "geometry": { "type": "Point", "coordinates": [ 33.936702999843646, 0.319814000415818 ] } },
{ "type": "Feature", "properties": { "TCS_NO_": 70.0, "TCS_NAME": "C78401", "Link_ID": "C784_Link01", "Link_Name": "Iganga-Kaliro", "LAT": 33.507558, "LON": 0.751834, "X": 556474.4442, "Y": 83103.55749000001, "STATIONS": "DS", "E": 33.507558, "S": 0.751834, "STATION": "Jinja", "REGION": "East", "Comment": null, "A2016_NAME": "C78401", "A2011_NAME": "C78401", "compare": "true" }, "geometry": { "type": "Point", "coordinates": [ 33.507558000201584, 0.751834000438805 ] } },
{ "type": "Feature", "properties": { "TCS_NO_": 71.0, "TCS_NAME": "C80901", "Link_ID": "C809_Link01", "Link_Name": "Kaliro - Namwiwa", "LAT": 33.518067, "LON": 0.996526, "X": 557639.9723, "Y": 110150.6599, "STATIONS": "DS", "E": 33.518067, "S": 0.996526, "STATION": "Jinja", "REGION": "East", "Comment": null, "A2016_NAME": "C80901", "A2011_NAME": "C80901", "compare": "true" }, "geometry": { "type": "Point", "coordinates": [ 33.51806700009206, 0.996525999775145 ] } },
{ "type": "Feature", "properties": { "TCS_NO_": 72.0, "TCS_NAME": "C80301", "Link_ID": "C803_Link01", "Link_Name": "Idudi - Busembatya", "LAT": 33.642046, "LON": 0.685383, "X": 571440.0457, "Y": 75760.24386, "STATIONS": "DS", "E": 33.642046, "S": 0.685383, "STATION": "Jinja", "REGION": "East", "Comment": null, "A2016_NAME": "C80301", "A2011_NAME": "C80301", "compare": "true" }, "geometry": { "type": "Point", "coordinates": [ 33.642046000422624, 0.685383000025467 ] } },
{ "type": "Feature", "properties": { "TCS_NO_": 73.0, "TCS_NAME": "C79202", "Link_ID": "C792_Link01", "Link_Name": "Kaitabawaala - Buyala - Namagera", "LAT": 33.155255, "LON": 0.522596, "X": 517275.2766, "Y": 57762.78448, "STATIONS": "DS", "E": 33.155255, "S": 0.522596, "STATION": "Jinja", "REGION": "East", "Comment": null, "A2016_NAME": "C79202", "A2011_NAME": "C79202", "compare": "true" }, "geometry": { "type": "Point", "coordinates": [ 33.155254999918384, 0.522595999705686 ] } },
{ "type": "Feature", "properties": { "TCS_NO_": 74.0, "TCS_NAME": "C79703", "Link_ID": "C797_Link02", "Link_Name": "Kakira - Namasiga", "LAT": 33.315337, "LON": 0.585291, "X": 535087.4511, "Y": 64693.26266, "STATIONS": "DS", "E": 33.315337, "S": 0.585291, "STATION": "Jinja", "REGION": "East", "Comment": null, "A2016_NAME": "C79703", "A2011_NAME": "C79703", "compare": "true" }, "geometry": { "type": "Point", "coordinates": [ 33.315336999602891, 0.585290999580025 ] } },
{ "type": "Feature", "properties": { "TCS_NO_": 75.0, "TCS_NAME": "C80001", "Link_ID": "C800_Link01", "Link_Name": "Bugiri - Nankoma", "LAT": 33.728199, "LON": 0.502031, "X": 581029.3682, "Y": 55493.98667, "STATIONS": "DS", "E": 33.728199, "S": 0.502031, "STATION": "Jinja", "REGION": "East", "Comment": null, "A2016_NAME": "C80001", "A2011_NAME": "C80001", "compare": "true" }, "geometry": { "type": "Point", "coordinates": [ 33.728199000183736, 0.502031000130614 ] } },
{ "type": "Feature", "properties": { "TCS_NO_": 76.0, "TCS_NAME": "C80601", "Link_ID": "C806_Link01", "Link_Name": "Bugiri - Kiseitaka - Nabukalu - Naigaga", "LAT": 33.688172, "LON": 0.806054, "X": 576570.6356, "Y": 89099.66315, "STATIONS": "DS", "E": 33.688172, "S": 0.806054, "STATION": "Jinja", "REGION": "East", "Comment": null, "A2016_NAME": "C80601", "A2011_NAME": "C80601", "compare": "true" }, "geometry": { "type": "Point", "coordinates": [ 33.688171999738074, 0.806053999792312 ] } },
{ "type": "Feature", "properties": { "TCS_NO_": 77.0, "TCS_NAME": "C81101", "Link_ID": "C811_Link01", "Link_Name": "Kamuli - Nabirumba", "LAT": 33.153909, "LON": 0.98417, "X": 517123.7546, "Y": 108780.8431, "STATIONS": "DS", "E": 33.153909, "S": 0.98417, "STATION": "Jinja", "REGION": "East", "Comment": null, "A2016_NAME": "C81101", "A2011_NAME": "C81101", "compare": "true" }, "geometry": { "type": "Point", "coordinates": [ 33.153908999900466, 0.984170000145411 ] } },
{ "type": "Feature", "properties": { "TCS_NO_": 78.0, "TCS_NAME": "C81701", "Link_ID": "C817_Link01", "Link_Name": "Nankoma - Kaluba", "LAT": 33.627001, "LON": 0.402527, "X": 569769.2526, "Y": 44494.07058, "STATIONS": "DS", "E": 33.627001, "S": 0.402527, "STATION": "Jinja", "REGION": "East", "Comment": null, "A2016_NAME": "C81701", "A2011_NAME": "C81701", "compare": "true" }, "geometry": { "type": "Point", "coordinates": [ 33.627000999996199, 0.402526999821248 ] } },
{ "type": "Feature", "properties": { "TCS_NO_": 79.0, "TCS_NAME": "C83001", "Link_ID": "C830_Link01", "Link_Name": "Busia - Majanji", "LAT": 34.030027, "LON": 0.402872, "X": 614619.5852, "Y": 44536.7615, "STATIONS": "DS", "E": 34.030027, "S": 0.402872, "STATION": "Tororo", "REGION": "East", "Comment": null, "A2016_NAME": "C83001", "A2011_NAME": "C83001", "compare": "true" }, "geometry": { "type": "Point", "coordinates": [ 34.030027000245923, 0.402872000442528 ] } },
{ "type": "Feature", "properties": { "TCS_NO_": 80.0, "TCS_NAME": "C84002", "Link_ID": "C840_Link02", "Link_Name": "Apokor - Kwapa - Tuba", "LAT": 34.22404, "LON": 0.761605, "X": 636203.429, "Y": 84199.58936, "STATIONS": "DS", "E": 34.22404, "S": 0.761605, "STATION": "Tororo", "REGION": "East", "Comment": null, "A2016_NAME": "C84002", "A2011_NAME": "C84002", "compare": "true" }, "geometry": { "type": "Point", "coordinates": [ 34.224039999846184, 0.761604999571148 ] } },
{ "type": "Feature", "properties": { "TCS_NO_": 81.0, "TCS_NAME": "C83201", "Link_ID": "C832_Link01", "Link_Name": "Tororo-Nagongera", "LAT": 34.044244, "LON": 0.759378, "X": 616194.5927, "Y": 83948.16984, "STATIONS": "DS", "E": 34.044244, "S": 0.759378, "STATION": "Tororo", "REGION": "East", "Comment": null, "A2016_NAME": "C83201", "A2011_NAME": "C83201", "compare": "true" }, "geometry": { "type": "Point", "coordinates": [ 34.044244000260449, 0.759378000294532 ] } },
{ "type": "Feature", "properties": { "TCS_NO_": 82.0, "TCS_NAME": "C83701", "Link_ID": "C837_Link01", "Link_Name": "Nagongera - Merikit - Kidoko", "LAT": 34.087433, "LON": 0.806075, "X": 620999.5332, "Y": 89111.70575, "STATIONS": "DS", "E": 34.087433, "S": 0.806075, "STATION": "Tororo", "REGION": "East", "Comment": null, "A2016_NAME": "C83701", "A2011_NAME": "C83701", "compare": "true" }, "geometry": { "type": "Point", "coordinates": [ 34.087432999933071, 0.80607499986138 ] } },
{ "type": "Feature", "properties": { "TCS_NO_": 83.0, "TCS_NAME": "C84401", "Link_ID": "C844_Link01", "Link_Name": "Rubongi - Mulanda", "LAT": 34.083566, "LON": 0.685011, "X": 620572.4198, "Y": 75727.96891, "STATIONS": "DS", "E": 34.083566, "S": 0.685011, "STATION": "Tororo", "REGION": "East", "Comment": null, "A2016_NAME": "C84401", "A2011_NAME": "C84401", "compare": "true" }, "geometry": { "type": "Point", "coordinates": [ 34.08356599967118, 0.68501099995774 ] } },
{ "type": "Feature", "properties": { "TCS_NO_": 84.0, "TCS_NAME": "C86201", "Link_ID": "C862_Link01", "Link_Name": "Namagumba - Budadiri", "LAT": 34.264365, "LON": 1.147174, "X": 640675.6832, "Y": 126828.4714, "STATIONS": "DS", "E": 34.264365, "S": 1.147174, "STATION": "Mbale", "REGION": "East", "Comment": null, "A2016_NAME": "C86201", "A2011_NAME": "C86201", "compare": "true" }, "geometry": { "type": "Point", "coordinates": [ 34.264364999645068, 1.147173999680376 ] } },
{ "type": "Feature", "properties": { "TCS_NO_": 85.0, "TCS_NAME": "C87801", "Link_ID": "C878_Link01", "Link_Name": "Nakaloke-Kabwangasi-Butebo", "LAT": 34.138713, "LON": 1.141863, "X": 626693.6251, "Y": 126235.3994, "STATIONS": "DS", "E": 34.138713, "S": 1.141863, "STATION": "Mbale", "REGION": "East", "Comment": null, "A2016_NAME": "C87801", "A2011_NAME": "C87801", "compare": "true" }, "geometry": { "type": "Point", "coordinates": [ 34.138713000404721, 1.141863000277283 ] } },
{ "type": "Feature", "properties": { "TCS_NO_": 86.0, "TCS_NAME": "C86502", "Link_ID": "C865_Link02", "Link_Name": "Busumbu-Munamba", "LAT": 34.238734, "LON": 0.823911, "X": 637836.7712, "Y": 91088.36791, "STATIONS": "DS", "E": 34.238734, "S": 0.823911, "STATION": "Tororo", "REGION": "East", "Comment": null, "A2016_NAME": "C86502", "A2011_NAME": "C86502", "compare": "true" }, "geometry": { "type": "Point", "coordinates": [ 34.238734000273951, 0.8239110003924 ] } },
{ "type": "Feature", "properties": { "TCS_NO_": 87.0, "TCS_NAME": "C92702", "Link_ID": "C927_Link02", "Link_Name": "Korir - Malera - Kumi", "LAT": 34.09247, "LON": 1.440615, "X": 621533.7626, "Y": 159260.725, "STATIONS": "DS", "E": 34.09247, "S": 1.440615, "STATION": "Mbale", "REGION": "East", "Comment": null, "A2016_NAME": "C92702", "A2011_NAME": "C92702", "compare": "true" }, "geometry": { "type": "Point", "coordinates": [ 34.092470000190417, 1.440614999682509 ] } },
{ "type": "Feature", "properties": { "TCS_NO_": 88.0, "TCS_NAME": "C87201", "Link_ID": "C872_Link01", "Link_Name": "Budaka - Kaderuna", "LAT": 33.933242, "LON": 1.065014, "X": 603833.2579, "Y": 117731.8656, "STATIONS": "DS", "E": 33.933242, "S": 1.065014, "STATION": "Mbale", "REGION": "East", "Comment": null, "A2016_NAME": "C87201", "A2011_NAME": "C87201", "compare": "true" }, "geometry": { "type": "Point", "coordinates": [ 33.933242000318103, 1.065013999696362 ] } },
{ "type": "Feature", "properties": { "TCS_NO_": 89.0, "TCS_NAME": "C87601", "Link_ID": "C876_Link01", "Link_Name": "Nabiganda -Nambale - Kamoto - Malukhu", "LAT": 34.129963, "LON": 1.051926, "X": 625723.7019, "Y": 116292.3117, "STATIONS": "DS", "E": 34.129963, "S": 1.051926, "STATION": "Mbale", "REGION": "East", "Comment": null, "A2016_NAME": "C87601", "A2011_NAME": "C87601", "compare": "true" }, "geometry": { "type": "Point", "coordinates": [ 34.129962999792667, 1.051925999585251 ] } },
{ "type": "Feature", "properties": { "TCS_NO_": 90.0, "TCS_NAME": "C88202", "Link_ID": "C882_Link01", "Link_Name": "Korir - Sironko", "LAT": 34.195733, "LON": 1.284688, "X": 633031.5848, "Y": 142027.9635, "STATIONS": "DS", "E": 34.195733, "S": 1.284688, "STATION": "Mbale", "REGION": "East", "Comment": null, "A2016_NAME": "C88202", "A2011_NAME": "C88202", "compare": "true" }, "geometry": { "type": "Point", "coordinates": [ 34.195733000277812, 1.284688000051233 ] } },
{ "type": "Feature", "properties": { "TCS_NO_": 102.0, "TCS_NAME": "C96401", "Link_ID": "C964_Link01", "Link_Name": "Soroti-Toroma", "LAT": 33.799291, "LON": 1.721511, "X": 588904.1397000001, "Y": 190297.8575, "STATIONS": "DS", "E": 33.799291, "S": 1.721511, "STATION": "Soroti", "REGION": "North East", "Comment": null, "A2016_NAME": "C96401", "A2011_NAME": "C96401", "compare": "true" }, "geometry": { "type": "Point", "coordinates": [ 33.799290999679954, 1.721511000332441 ] } },
{ "type": "Feature", "properties": { "TCS_NO_": 103.0, "TCS_NAME": "C92401", "Link_ID": "C924_Link01", "Link_Name": "Katine to Ochero", "LAT": 33.268813, "LON": 1.723948, "X": 529898.7927, "Y": 190550.6954, "STATIONS": "DS", "E": 33.268813, "S": 1.723948, "STATION": "Soroti", "REGION": "North East", "Comment": null, "A2016_NAME": "C92401", "A2011_NAME": "C92401", "compare": "true" }, "geometry": { "type": "Point", "coordinates": [ 33.268812999920044, 1.723948000300027 ] } },
{ "type": "Feature", "properties": { "TCS_NO_": 104.0, "TCS_NAME": "C92501", "Link_ID": "C925_Link01", "Link_Name": "Soroti - Serere", "LAT": 33.531421, "LON": 1.61685, "X": 559111.3605, "Y": 178718.6724, "STATIONS": "DS", "E": 33.531421, "S": 1.61685, "STATION": "Soroti", "REGION": "North East", "Comment": null, "A2016_NAME": "C92501", "A2011_NAME": "C92501", "compare": "true" }, "geometry": { "type": "Point", "coordinates": [ 33.531420999879288, 1.616849999627846 ] } },
{ "type": "Feature", "properties": { "TCS_NO_": 105.0, "TCS_NAME": "C93201", "Link_ID": "C932_Link01", "Link_Name": "Serere-Pingire", "LAT": 33.353595, "LON": 1.447302, "X": 539334.0463, "Y": 159973.7194, "STATIONS": "DS", "E": 33.353595, "S": 1.447302, "STATION": "Soroti", "REGION": "North East", "Comment": null, "A2016_NAME": "C93201", "A2011_NAME": "C93201", "compare": "true" }, "geometry": { "type": "Point", "coordinates": [ 33.353595000309042, 1.447301999587637 ] } },
{ "type": "Feature", "properties": { "TCS_NO_": 106.0, "TCS_NAME": "C93802", "Link_ID": "C938_Link02", "Link_Name": "Katakwi - Toroma", "LAT": 33.945743, "LON": 1.836107, "X": 605188.6322, "Y": 202973.5289, "STATIONS": "DS", "E": 33.945743, "S": 1.836107, "STATION": "Soroti", "REGION": "North East", "Comment": null, "A2016_NAME": "C93802", "A2011_NAME": "C93802", "compare": "true" }, "geometry": { "type": "Point", "coordinates": [ 33.945743000339235, 1.836106999638389 ] } },
{ "type": "Feature", "properties": { "TCS_NO_": 107.0, "TCS_NAME": "C93901", "Link_ID": "C939_Link01", "Link_Name": "Arapai-Amuria", "LAT": 33.630621, "LON": 1.905648, "X": 570135.2036, "Y": 210645.0268, "STATIONS": "DS", "E": 33.630621, "S": 1.905648, "STATION": "Soroti", "REGION": "North East", "Comment": null, "A2016_NAME": "C93901", "A2011_NAME": "C93901", "compare": "true" }, "geometry": { "type": "Point", "coordinates": [ 33.63062099965947, 1.905647999555583 ] } },
{ "type": "Feature", "properties": { "TCS_NO_": 108.0, "TCS_NAME": "C96501", "Link_ID": "C965_Link01", "Link_Name": "Apeitolim - Iriri", "LAT": 34.055852, "LON": 2.217853, "X": 617409.1872, "Y": 245182.5419, "STATIONS": "DS", "E": 34.055852, "S": 2.217853, "STATION": "Moroto", "REGION": "North East", "Comment": null, "A2016_NAME": "C96501", "A2011_NAME": "C96501", "compare": "true" }, "geometry": { "type": "Point", "coordinates": [ 34.055851999570166, 2.217852999716229 ] } },
{ "type": "Feature", "properties": { "TCS_NO_": 109.0, "TCS_NAME": "C94402", "Link_ID": "C944_Link01", "Link_Name": "Kaberamaido - Dokolo", "LAT": 33.168622, "LON": 1.826832, "X": 518753.9112, "Y": 201921.3511, "STATIONS": "DS", "E": 33.168622, "S": 1.826832, "STATION": "Soroti", "REGION": "North East", "Comment": null, "A2016_NAME": "C94402", "A2011_NAME": "C94402", "compare": "true" }, "geometry": { "type": "Point", "coordinates": [ 33.168622000305106, 1.826831999996841 ] } },
{ "type": "Feature", "properties": { "TCS_NO_": 110.0, "TCS_NAME": "C96001", "Link_ID": "C960_Link01", "Link_Name": "Angatun-Nabilatuk-Lokapel", "LAT": 34.569361, "LON": 2.038523, "X": 674542.6714, "Y": 225404.0965, "STATIONS": "DS", "E": 34.569361, "S": 2.038523, "STATION": "Moroto", "REGION": "North East", "Comment": null, "A2016_NAME": "C96001", "A2011_NAME": "C96001", "compare": "true" }, "geometry": { "type": "Point", "coordinates": [ 34.569361000110121, 2.038523000036491 ] } },
{ "type": "Feature", "properties": { "TCS_NO_": 111.0, "TCS_NAME": "C96101", "Link_ID": "C961_Link01", "Link_Name": "Chosan to Amudat", "LAT": 34.828089, "LON": 1.942511, "X": 703339.105, "Y": 214816.6968, "STATIONS": "DS", "E": 34.828089, "S": 1.942511, "STATION": "Moroto", "REGION": "North East", "Comment": null, "A2016_NAME": "C96101", "A2011_NAME": "C96101", "compare": "true" }, "geometry": { "type": "Point", "coordinates": [ 34.828089000107298, 1.942510999782883 ] } },
{ "type": "Feature", "properties": { "TCS_NO_": 112.0, "TCS_NAME": "C96302", "Link_ID": "C963_Link02", "Link_Name": "Lokitanyara-Loro-Amudat", "LAT": 34.898627, "LON": 2.202535, "X": 711153.4505, "Y": 243582.0358, "STATIONS": "DS", "E": 34.898627, "S": 2.202535, "STATION": "Moroto", "REGION": "North East", "Comment": null, "A2016_NAME": "C96302", "A2011_NAME": "C96302", "compare": "true" }, "geometry": { "type": "Point", "coordinates": [ 34.898627000136003, 2.202535000190153 ] } },
{ "type": "Feature", "properties": { "TCS_NO_": 113.0, "TCS_NAME": "C96303", "Link_ID": "C963_Link03", "Link_Name": "Amudat-Alakasi-Kalita", "LAT": 34.953363, "LON": 1.796953, "X": 717296.5011, "Y": 198734.0976, "STATIONS": "DS", "E": 34.953363, "S": 1.796953, "STATION": "Moroto", "REGION": "North East", "Comment": null, "A2016_NAME": "C96303", "A2011_NAME": "C96303", "compare": "true" }, "geometry": { "type": "Point", "coordinates": [ 34.953362999902595, 1.796952999881114 ] } },
{ "type": "Feature", "properties": { "TCS_NO_": 114.0, "TCS_NAME": "C96703", "Link_ID": "C967_Link01", "Link_Name": "Kokeris - Lopei", "LAT": 34.366595, "LON": 2.513746, "X": 651936.9397, "Y": 277925.7471, "STATIONS": "DS", "E": 34.366595, "S": 2.513746, "STATION": "Moroto", "REGION": "North East", "Comment": null, "A2016_NAME": "C96703", "A2011_NAME": "C96703", "compare": "true" }, "geometry": { "type": "Point", "coordinates": [ 34.366594999759457, 2.513746000377637 ] } },
{ "type": "Feature", "properties": { "TCS_NO_": 115.0, "TCS_NAME": "C98302", "Link_ID": "C983_Link02", "Link_Name": "Kotein - Kenya Border", "LAT": 34.225536, "LON": 3.017955, "X": 636194.0493, "Y": 333654.4484, "STATIONS": "DS", "E": 34.225536, "S": 3.017955, "STATION": "Kotido", "REGION": "North East", "Comment": null, "A2016_NAME": "C98302", "A2011_NAME": "C98302", "compare": "true" }, "geometry": { "type": "Point", "coordinates": [ 34.225535999586782, 3.017955000123209 ] } },
{ "type": "Feature", "properties": { "TCS_NO_": 116.0, "TCS_NAME": "C98001", "Link_ID": "C980_Link01", "Link_Name": "Akwanamoru - Opua - Orogom - Oreta", "LAT": 33.883942, "LON": 2.6952, "X": 598256.4431, "Y": 297938.4368, "STATIONS": "DS", "E": 33.883942, "S": 2.6952, "STATION": "Kotido", "REGION": "North East", "Comment": null, "A2016_NAME": "C98001", "A2011_NAME": "C98001", "compare": "true" }, "geometry": { "type": "Point", "coordinates": [ 33.883942000323088, 2.695199999980048 ] } },
{ "type": "Feature", "properties": { "TCS_NO_": 117.0, "TCS_NAME": "C98101", "Link_ID": "C981_Link01", "Link_Name": "Koputh-Koputh Junction (Lololia)", "LAT": 34.095997, "LON": 3.364094, "X": 621755.6951, "Y": 371906.0437, "STATIONS": "DS", "E": 34.095997, "S": 3.364094, "STATION": "Kotido", "REGION": "North East", "Comment": null, "A2016_NAME": "C98101", "A2011_NAME": "C98101", "compare": "true" }, "geometry": { "type": "Point", "coordinates": [ 34.095997000061573, 3.3640940003379 ] } },
{ "type": "Feature", "properties": { "TCS_NO_": 118.0, "TCS_NAME": "C98201", "Link_ID": "C982_Link01", "Link_Name": "Kotido - Loslang - Layoro", "LAT": 34.186581, "LON": 3.159014, "X": 631846.8647, "Y": 349244.8031, "STATIONS": "DS", "E": 34.186581, "S": 3.159014, "STATION": "Kotido", "REGION": "North East", "Comment": null, "A2016_NAME": "C98201", "A2011_NAME": "C98201", "compare": "true" }, "geometry": { "type": "Point", "coordinates": [ 34.186581000013177, 3.15901400029594 ] } },
{ "type": "Feature", "properties": { "TCS_NO_": 119.0, "TCS_NAME": "C98501", "Link_ID": "C985_Link01", "Link_Name": "Kaabong - Kalapata - Piire", "LAT": 34.176601, "LON": 3.677369, "X": 630667.6107, "Y": 406551.4143, "STATIONS": "DS", "E": 34.176601, "S": 3.677369, "STATION": "Kotido", "REGION": "North East", "Comment": null, "A2016_NAME": "C98501", "A2011_NAME": "C98501", "compare": "true" }, "geometry": { "type": "Point", "coordinates": [ 34.176601000236019, 3.677369000379088 ] } },
{ "type": "Feature", "properties": { "TCS_NO_": 209.0, "TCS_NAME": "C22702", "Link_ID": "C227_Link01", "Link_Name": "Lyantonde - Kaliro - Nabitanga - Ntusi", "LAT": 31.1528, "LON": -0.201182, "X": 294418.3222, "Y": -22248.25242, "STATIONS": "MS", "E": 31.1528, "S": -0.201182, "STATION": "Masaka", "REGION": "Central", "Comment": "ATC Location", "A2016_NAME": "C22702", "A2011_NAME": "C22702", "compare": "true" }, "geometry": { "type": "Point", "coordinates": [ 31.152800000419745, -0.201182000049243 ] } },
{ "type": "Feature", "properties": { "TCS_NO_": 210.0, "TCS_NAME": "A00107", "Link_ID": "A001_Link01", "Link_Name": "Kampala - Mukono", "LAT": 32.674175, "LON": 0.354184, "X": 463744.2881, "Y": 39148.61953, "STATIONS": "MS", "E": 32.674175, "S": 0.354184, "STATION": "Kampala", "REGION": "Central", "Comment": "ATC Location", "A2016_NAME": "A00107", "A2011_NAME": "A00107", "compare": "true" }, "geometry": { "type": "Point", "coordinates": [ 32.674175000176149, 0.354183999891745 ] } },
{ "type": "Feature", "properties": { "TCS_NO_": 211.0, "TCS_NAME": "B10102", "Link_ID": "B101_Link02", "Link_Name": "Kalagi - Bukoloto - kayunga", "LAT": 32.808814, "LON": 0.589747, "X": 478726.8094, "Y": 65185.16784, "STATIONS": "MS", "E": 32.808814, "S": 0.589747, "STATION": "Kampala", "REGION": "Central", "Comment": "ATC Location", "A2016_NAME": "B101_Link01", "A2011_NAME": "B10102", "compare": "true" }, "geometry": { "type": "Point", "coordinates": [ 32.808814000166024, 0.58974700002409 ] } },
{ "type": "Feature", "properties": { "TCS_NO_": 212.0, "TCS_NAME": "C19402", "Link_ID": "C194_Link02", "Link_Name": "Kasangati - Kyaliwajala", "LAT": 32.627893, "LON": 0.412133, "X": 458594.5681, "Y": 45554.09959, "STATIONS": "MS", "E": 32.627893, "S": 0.412133, "STATION": "Kampala", "REGION": "Central", "Comment": "ATC Location", "A2016_NAME": "C19402", "A2011_NAME": "C19402", "compare": "true" }, "geometry": { "type": "Point", "coordinates": [ 32.627892999962057, 0.412133000337747 ] } },
{ "type": "Feature", "properties": { "TCS_NO_": 213.0, "TCS_NAME": "B10202", "Link_ID": "B102_Link01", "Link_Name": "Njeru - Bukoloto", "LAT": 33.000428, "LON": 0.618155, "X": 500047.5736, "Y": 68324.73136000001, "STATIONS": "MS", "E": 33.000428, "S": 0.618155, "STATION": "Kampala", "REGION": "Central", "Comment": "ATC Location", "A2016_NAME": "B10202", "A2011_NAME": "B10202", "compare": "true" }, "geometry": { "type": "Point", "coordinates": [ 33.000427999752446, 0.618154999753472 ] } },
{ "type": "Feature", "properties": { "TCS_NO_": 214.0, "TCS_NAME": "A00211", "Link_ID": "A002_Link04", "Link_Name": "Buwama - Lukaya", "LAT": 31.843214, "LON": -0.206556, "X": 371270.7207, "Y": -22835.28739, "STATIONS": "MS", "E": 31.843214, "S": -0.206556, "STATION": "Mpigi", "REGION": "Central", "Comment": "ATC Location", "A2016_NAME": "A00211", "A2011_NAME": "A00211", "compare": "true" }, "geometry": { "type": "Point", "coordinates": [ 31.843214000325929, -0.206555999659599 ] } },
{ "type": "Feature", "properties": { "TCS_NO_": 91.0, "TCS_NAME": "A01204", "Link_ID": "A012_Link04", "Link_Name": "Kamonkoli - Mbale", "LAT": 33.933866, "LON": 1.013585, "X": 603904.4272, "Y": 112046.6579, "STATIONS": "MS", "E": 33.933866, "S": 1.013585, "STATION": "Mbale", "REGION": "East", "Comment": "ATC Location", "A2016_NAME": "A01204", "A2011_NAME": "A01204", "compare": "true" }, "geometry": { "type": "Point", "coordinates": [ 33.933866000315732, 1.013585000447449 ] } },
{ "type": "Feature", "properties": { "TCS_NO_": 120.0, "TCS_NAME": "C92001", "Link_ID": "C920_Link01", "Link_Name": "Kumi-Brooks corner", "LAT": 33.9341, "LON": 1.48769, "X": 603911.8059, "Y": 164456.7703, "STATIONS": "MS", "E": 33.9341, "S": 1.48769, "STATION": "Soroti", "REGION": "North East", "Comment": "ATC Location", "A2016_NAME": "C92001", "A2011_NAME": "C92001", "compare": "true" }, "geometry": { "type": "Point", "coordinates": [ 33.9341000003148, 1.48768999959384 ] } },
{ "type": "Feature", "properties": { "TCS_NO_": 92.0, "TCS_NAME": "B30502", "Link_ID": "B305_Link02", "Link_Name": "Pallisa - Kanyago Bridge", "LAT": 33.794974, "LON": 1.216074, "X": 588443.7114, "Y": 134425.8861, "STATIONS": "MS", "E": 33.794974, "S": 1.216074, "STATION": "Mbale", "REGION": "East", "Comment": "ATC Location", "A2016_NAME": "B30502", "A2011_NAME": "B30502", "compare": "true" }, "geometry": { "type": "Point", "coordinates": [ 33.794974000249965, 1.216073999715377 ] } },
{ "type": "Feature", "properties": { "TCS_NO_": 44.0, "TCS_NAME": "B25202", "Link_ID": "B252_Link01", "Link_Name": "Lira - Puranga Bridge", "LAT": 32.935763, "LON": 2.481173, "X": 492858.6964, "Y": 274246.1105, "STATIONS": "MS", "E": 32.935763, "S": 2.481173, "STATION": "Lira", "REGION": "North", "Comment": "ATC Location", "A2016_NAME": "B25202", "A2011_NAME": "B25202", "compare": "true" }, "geometry": { "type": "Point", "coordinates": [ 32.935762999862618, 2.481173000133879 ] } },
{ "type": "Feature", "properties": { "TCS_NO_": 45.0, "TCS_NAME": "A00806", "Link_ID": "A008_LINK04", "Link_Name": "Nebbi - Eruba", "LAT": 31.082228, "LON": 2.71155, "X": 286797.4565, "Y": 299878.8853, "STATIONS": "MS", "E": 31.082228, "S": 2.71155, "STATION": "Arua", "REGION": "North", "Comment": "ATC Location", "A2016_NAME": "A00806", "A2011_NAME": "A00806", "compare": "true" }, "geometry": { "type": "Point", "coordinates": [ 31.082227999722477, 2.711550000332295 ] } },
{ "type": "Feature", "properties": { "TCS_NO_": 46.0, "TCS_NAME": "C68601", "Link_ID": "C686_Link01", "Link_Name": "Lamogi - Amuru Junction", "LAT": 32.058582, "LON": 2.827651, "X": 395365.6954, "Y": 312585.3373, "STATIONS": "MS", "E": 32.058582, "S": 2.827651, "STATION": "Kitgum", "REGION": "North", "Comment": null, "A2016_NAME": "C68601", "A2011_NAME": "C68601", "compare": "true" }, "geometry": { "type": "Point", "coordinates": [ 32.058581999959358, 2.827650999793832 ] } },
{ "type": "Feature", "properties": { "TCS_NO_": 295.0, "TCS_NAME": "A00522", "Link_ID": "A005_Link10", "Link_Name": "Kyenjojo - Rugombe - Fortportal", "LAT": 30.392845, "LON": 0.642924, "X": 209806.2911, "Y": 71136.53432000001, "STATIONS": "MS", "E": 30.392845, "S": 0.642924, "STATION": "Fort Portal", "REGION": "West", "Comment": "ATC Location", "A2016_NAME": "A00522", "A2011_NAME": "A00522", "compare": "true" }, "geometry": { "type": "Point", "coordinates": [ 30.392844999697047, 0.642923999842765 ] } },
{ "type": "Feature", "properties": { "TCS_NO_": 296.0, "TCS_NAME": "C57301", "Link_ID": "B150_Link03", "Link_Name": "Ibanda - Muziza - Kamwenge", "LAT": 30.452727525499999, "LON": 0.18483567426200001, "X": 216459.76655500001, "Y": 20450.239449500001, "STATIONS": "MS", "E": 30.452727525499999, "S": 0.18483567426200001, "STATION": "Fort Portal", "REGION": "West", "Comment": null, "A2016_NAME": "C57301", "A2011_NAME": "C57301", "compare": "true" }, "geometry": { "type": "Point", "coordinates": [ 30.452727525481762, 0.184835674261581 ] } },
{ "type": "Feature", "properties": { "TCS_NO_": 263.0, "TCS_NAME": "B15203", "Link_ID": "B152_Link03", "Link_Name": "Ishaka - Buhinda - Rugazi", "LAT": 30.093253, "LON": -0.341037, "X": 176417.801, "Y": -37743.74876, "STATIONS": "MS", "E": 30.093253, "S": -0.341037, "STATION": "Mbarara", "REGION": "South", "Comment": "ATC Location", "A2016_NAME": "B15203", "A2011_NAME": "B15203", "compare": "true" }, "geometry": { "type": "Point", "coordinates": [ 30.093253000225843, -0.341036999557844 ] } },
{ "type": "Feature", "properties": { "TCS_NO_": 47.0, "TCS_NAME": "B250_LINK03", "Link_ID": "B250_Link03", "Link_Name": "Yumbe - Manibe", "LAT": 31.114355, "LON": 3.274894, "X": 290477.4576, "Y": 362175.1516, "STATIONS": "DS", "E": 31.114355, "S": 3.274894, "STATION": "Arua", "REGION": "North", "Comment": null, "A2016_NAME": "B250_LINK03", "A2011_NAME": "Not part of 2011 DS network", "compare": "true" }, "geometry": { "type": "Point", "coordinates": [ 31.114355297758834, 3.274894278248382 ] } },
{ "type": "Feature", "properties": { "TCS_NO_": 297.0, "TCS_NAME": "A005_LINK09", "Link_ID": "A005_Link09", "Link_Name": "Kyegegwa - Kakabala - Kyenjojo", "LAT": 0.0, "LON": 0.0, "X": 0.0, "Y": 0.0, "STATIONS": "DS", "E": 30.83914, "S": 0.556654, "STATION": "Fort Portal", "REGION": "West", "Comment": null, "A2016_NAME": "A005_LINK09", "A2011_NAME": "Not part of 2011 DS network", "compare": "true" }, "geometry": { "type": "Point", "coordinates": [ 30.839140045576698, 0.556653797734612 ] } },
{ "type": "Feature", "properties": { "TCS_NO_": 48.0, "TCS_NAME": "A008_LINK06", "Link_ID": "A008_Link06", "Link_Name": "Manibe - Maracha - Koboko", "LAT": 30.919381, "LON": 3.23488, "X": 268794.8035, "Y": 357792.2126, "STATIONS": "DS", "E": 30.919381, "S": 3.23488, "STATION": "Arua", "REGION": "North", "Comment": null, "A2016_NAME": "A008_LINK06", "A2011_NAME": "Not part of 2011 DS network", "compare": "true" }, "geometry": { "type": "Point", "coordinates": [ 30.919380908502205, 3.234879949250285 ] } },
{ "type": "Feature", "properties": { "TCS_NO_": 264.0, "TCS_NAME": "A002_LINK09", "Link_ID": "A002_Link09", "Link_Name": "Ntungamo - Rubaale", "LAT": 0.0, "LON": 0.0, "X": 0.0, "Y": 0.0, "STATIONS": "DS", "E": 30.223206, "S": -0.927098, "STATION": "Kabale", "REGION": "South", "Comment": null, "A2016_NAME": "A002_LINK09", "A2011_NAME": "Not part of 2011 DS network", "compare": "true" }, "geometry": { "type": "Point", "coordinates": [ 30.223206093486453, -0.927097774642561 ] } },
{ "type": "Feature", "properties": { "TCS_NO_": 265.0, "TCS_NAME": "C356_LINK01", "Link_ID": "C356_Link01", "Link_Name": "Ibanda-Kanoni-Kazo", "LAT": 0.0, "LON": 0.0, "X": 0.0, "Y": 0.0, "STATIONS": "DS", "E": 30.625995, "S": -0.098872, "STATION": "Ibanda", "REGION": "South", "Comment": null, "A2016_NAME": "C356_LINK01", "A2011_NAME": "Not part of 2011 DS network", "compare": "true" }, "geometry": { "type": "Point", "coordinates": [ 30.625994632246545, -0.098871954876756 ] } },
{ "type": "Feature", "properties": { "TCS_NO_": 49.0, "TCS_NAME": "B252_LINK02", "Link_ID": "B252_Link02", "Link_Name": "Puranga Bridge - Corner Kilak - Pejule - Acholibur", "LAT": 32.9406356, "LON": 2.9493592, "X": 493402.9189, "Y": 325995.8724, "STATIONS": "DS", "E": 32.938875, "S": 2.955717, "STATION": "Kitgum", "REGION": "North", "Comment": null, "A2016_NAME": "B252_LINK02", "A2011_NAME": "Not part of 2011 DS network", "compare": "true" }, "geometry": { "type": "Point", "coordinates": [ 32.938874585793542, 2.955717043806601 ] } },
{ "type": "Feature", "properties": { "TCS_NO_": 215.0, "TCS_NAME": "A005_LINK02", "Link_ID": "A005_Link02", "Link_Name": "Bujuuko - Mityana", "LAT": 0.0, "LON": 0.0, "X": 0.0, "Y": 0.0, "STATIONS": "DS", "E": 32.144412, "S": 0.38273, "STATION": "Mpigi", "REGION": "Central", "Comment": null, "A2016_NAME": "A005_LINK02", "A2011_NAME": "Not part of 2011 DS network", "compare": "true" }, "geometry": { "type": "Point", "coordinates": [ 32.144411707834081, 0.382729748778956 ] } },
{ "type": "Feature", "properties": { "TCS_NO_": 93.0, "TCS_NAME": "B300_LINK02", "Link_ID": "B300_Link02", "Link_Name": "Sironko - Muyembe", "LAT": 0.0, "LON": 0.0, "X": 0.0, "Y": 0.0, "STATIONS": "DS", "E": 34.282376, "S": 1.289493, "STATION": "Mbale", "REGION": "East", "Comment": null, "A2016_NAME": "B300_LINK02", "A2011_NAME": "Not part of 2011 DS network", "compare": "true" }, "geometry": { "type": "Point", "coordinates": [ 34.282375913817418, 1.289492817839346 ] } },
{ "type": "Feature", "properties": { "TCS_NO_": 216.0, "TCS_NAME": "A010_LINK01", "Link_ID": "A010_Link01", "Link_Name": "Nsambya-Kabalagala-Gaba", "LAT": 0.0, "LON": 0.0, "X": 0.0, "Y": 0.0, "STATIONS": "DS", "E": 32.61121, "S": 0.282194, "STATION": "Kampala", "REGION": "Central", "Comment": null, "A2016_NAME": "A010_LINK01", "A2011_NAME": "Not part of 2011 DS network", "compare": "true" }, "geometry": { "type": "Point", "coordinates": [ 32.611210246855478, 0.282193861857309 ] } },
{ "type": "Feature", "properties": { "TCS_NO_": 121.0, "TCS_NAME": "B302_LINK01", "Link_ID": "B302_Link01", "Link_Name": "Kotido - Abim", "LAT": 0.0, "LON": 0.0, "X": 0.0, "Y": 0.0, "STATIONS": "DS", "E": 33.836806, "S": 2.908112, "STATION": "Kotido", "REGION": "North East", "Comment": null, "A2016_NAME": "B302_LINK01", "A2011_NAME": "Not part of 2011 DS network", "compare": "true" }, "geometry": { "type": "Point", "coordinates": [ 33.836805835720781, 2.908111945709777 ] } },
{ "type": "Feature", "properties": { "TCS_NO_": 217.0, "TCS_NAME": "A002_LINK02", "Link_ID": "A002_Link02", "Link_Name": "Busega - Mpigi", "LAT": 0.0, "LON": 0.0, "X": 0.0, "Y": 0.0, "STATIONS": "DS", "E": 32.433027, "S": 0.266398, "STATION": "Mpigi", "REGION": "Central", "Comment": null, "A2016_NAME": "A002_LINK02", "A2011_NAME": "Not part of 2011 DS network", "compare": "true" }, "geometry": { "type": "Point", "coordinates": [ 32.433027112111574, 0.26639755700171 ] } },
{ "type": "Feature", "properties": { "TCS_NO_": 211.0, "TCS_NAME": "B101_LINK01", "Link_ID": "B101_Link01", "Link_Name": "Mukono - Kalagi", "LAT": 32.808814, "LON": 0.589747, "X": 478726.8094, "Y": 65185.16784, "STATIONS": "DS", "E": 32.808814, "S": 0.589747, "STATION": "Kampala", "REGION": "Central", "Comment": "ATC Location", "A2016_NAME": "B101_Link01", "A2011_NAME": "B10102", "compare": "true" }, "geometry": { "type": "Point", "coordinates": [ 32.764434336775253, 0.426744804529164 ] } },
{ "type": "Feature", "properties": { "TCS_NO_": 219.0, "TCS_NAME": "B103_LINK01", "Link_ID": "B103_Link01", "Link_Name": "Nyendo - Villa Maria", "LAT": 0.0, "LON": 0.0, "X": 0.0, "Y": 0.0, "STATIONS": "DS", "E": 31.740898, "S": -0.271136, "STATION": "Masaka", "REGION": "Central", "Comment": null, "A2016_NAME": "B103_LINK01", "A2011_NAME": "Not part of 2011 DS network", "compare": "true" }, "geometry": { "type": "Point", "coordinates": [ 31.740897757925268, -0.271136198876434 ] } },
{ "type": "Feature", "properties": { "TCS_NO_": 94.0, "TCS_NAME": "A001_LINK11", "Link_ID": "A001_Link11", "Link_Name": "Tororo junction - Malaba(Uganda/Kenya border)", "LAT": 0.0, "LON": 0.0, "X": 0.0, "Y": 0.0, "STATIONS": "DS", "E": 34.218844, "S": 0.652092, "STATION": "Tororo", "REGION": "East", "Comment": null, "A2016_NAME": "A001_LINK11", "A2011_NAME": "Not part of 2011 DS network", "compare": "true" }, "geometry": { "type": "Point", "coordinates": [ 34.218844076792777, 0.652092379459816 ] } },
{ "type": "Feature", "properties": { "TCS_NO_": 220.0, "TCS_NAME": "C162_LINK03", "Link_ID": "C162_Link03", "Link_Name": "Kabulasoke - Madu", "LAT": 0.0, "LON": 0.0, "X": 0.0, "Y": 0.0, "STATIONS": "DS", "E": 31.742348, "S": 0.187892, "STATION": "Mpigi", "REGION": "Central", "Comment": null, "A2016_NAME": "C162_LINK03", "A2011_NAME": "Not part of 2011 DS network", "compare": "true" }, "geometry": { "type": "Point", "coordinates": [ 31.742347902134043, 0.187892196767507 ] } },
{ "type": "Feature", "properties": { "TCS_NO_": 50.0, "TCS_NAME": "A008_LINK05", "Link_ID": "A008_Link05", "Link_Name": "Eruba - Arua - Manibe", "LAT": 30.915265, "LON": 2.985421, "X": 268282.7243, "Y": 330201.3443, "STATIONS": "DS", "E": 30.915265, "S": 2.985421, "STATION": "Arua", "REGION": "North", "Comment": null, "A2016_NAME": "A008_LINK05", "A2011_NAME": "Not part of 2011 DS network", "compare": "true" }, "geometry": { "type": "Point", "coordinates": [ 30.915264809523364, 2.985420756163023 ] } },
{ "type": "Feature", "properties": { "TCS_NO_": 221.0, "TCS_NAME": "C312_LINK02", "Link_ID": "C312_Link02", "Link_Name": "Nakaseke - Kiwoko", "LAT": 0.0, "LON": 0.0, "X": 0.0, "Y": 0.0, "STATIONS": "DS", "E": 32.398969, "S": 0.791694, "STATION": "Luwero", "REGION": "Central", "Comment": null, "A2016_NAME": "C312_LINK02", "A2011_NAME": "Not part of 2011 DS network", "compare": "true" }, "geometry": { "type": "Point", "coordinates": [ 32.398969461571426, 0.79169437089854 ] } },
{ "type": "Feature", "properties": { "TCS_NO_": 222.0, "TCS_NAME": "A006_LINK02", "Link_ID": "A006_Link02", "Link_Name": "Kawempe - Matuga", "LAT": 0.0, "LON": 0.0, "X": 0.0, "Y": 0.0, "STATIONS": "DS", "E": 32.532823, "S": 0.435625, "STATION": "Kampala", "REGION": "Central", "Comment": null, "A2016_NAME": "A006_LINK02", "A2011_NAME": "Not part of 2011 DS network", "compare": "true" }, "geometry": { "type": "Point", "coordinates": [ 32.532823188839131, 0.435625051255158 ] } },
{ "type": "Feature", "properties": { "TCS_NO_": 266.0, "TCS_NAME": "C419_LINK02", "Link_ID": "C419_Link02", "Link_Name": "Nyakabirizi-Burere-Nsiika", "LAT": 0.0, "LON": 0.0, "X": 0.0, "Y": 0.0, "STATIONS": "DS", "E": 30.705784, "S": -1.012378, "STATION": "Ibanda", "REGION": "South", "Comment": null, "A2016_NAME": "C419_LINK02", "A2011_NAME": "Not part of 2011 DS network", "compare": "true" }, "geometry": { "type": "Point", "coordinates": [ 30.705783950968623, -1.012378218879633 ] } },
{ "type": "Feature", "properties": { "TCS_NO_": 223.0, "TCS_NAME": "A006_LINK04", "Link_ID": "A006_Link04", "Link_Name": "Wobulenzi - Kasana - L uweero", "LAT": 0.0, "LON": 0.0, "X": 0.0, "Y": 0.0, "STATIONS": "DS", "E": 32.510057, "S": 0.78318, "STATION": "Luwero", "REGION": "Central", "Comment": null, "A2016_NAME": "A006_LINK04", "A2011_NAME": "Not part of 2011 DS network", "compare": "true" }, "geometry": { "type": "Point", "coordinates": [ 32.510056552667834, 0.783180391062274 ] } },
{ "type": "Feature", "properties": { "TCS_NO_": 267.0, "TCS_NAME": "A005_LINK12", "Link_ID": "A005_Link12", "Link_Name": "Rwimi(bridge)-Hima-Mubuku", "LAT": 0.0, "LON": 0.0, "X": 0.0, "Y": 0.0, "STATIONS": "DS", "E": 30.180743, "S": 0.301695, "STATION": "Kasese", "REGION": "South", "Comment": null, "A2016_NAME": "A005_LINK12", "A2011_NAME": "Not part of 2011 DS network", "compare": "true" }, "geometry": { "type": "Point", "coordinates": [ 30.180742570613177, 0.301694708044408 ] } },
{ "type": "Feature", "properties": { "TCS_NO_": 298.0, "TCS_NAME": "C548_Link01", "Link_ID": "C548_Link01", "Link_Name": "Rugombe-Kyarusozi-Katooke", "LAT": 0.0, "LON": 0.0, "X": 0.0, "Y": 0.0, "STATIONS": "DS", "E": 30.574782, "S": 0.75962, "STATION": "Fort Portal", "REGION": "West", "Comment": null, "A2016_NAME": "C548_LINK01", "A2011_NAME": "Not part of 2011 DS network", "compare": "true" }, "geometry": { "type": "Point", "coordinates": [ 30.574782125894444, 0.759620301935456 ] } },
{ "type": "Feature", "properties": { "TCS_NO_": 51.0, "TCS_NAME": "C758_LINK01", "Link_ID": "C758_Link01", "Link_Name": "Keriri - Midigo", "LAT": 31.252246, "LON": 3.551795, "X": 305859.7233, "Y": 392768.5904, "STATIONS": "DS", "E": 31.252246, "S": 3.551795, "STATION": "Moyo", "REGION": "North", "Comment": null, "A2016_NAME": "C758_LINK01", "A2011_NAME": "Not part of 2011 DS network", "compare": "true" }, "geometry": { "type": "Point", "coordinates": [ 31.252246036725239, 3.55179475112692 ] } },
{ "type": "Feature", "properties": { "TCS_NO_": 52.0, "TCS_NAME": "C677_LINK03", "Link_ID": "C677_Link03", "Link_Name": "Kalongo - Kitgum Matidi", "LAT": 33.090625, "LON": 3.215927, "X": 510068.5231, "Y": 355460.7505, "STATIONS": "DS", "E": 33.090625, "S": 3.215927, "STATION": "Kitgum", "REGION": "North", "Comment": null, "A2016_NAME": "C677_LINK03", "A2011_NAME": "Not part of 2011 DS network", "compare": "true" }, "geometry": { "type": "Point", "coordinates": [ 33.090624657202227, 3.215926884618057 ] } },
{ "type": "Feature", "properties": { "TCS_NO_": 53.0, "TCS_NAME": "C705_LINK01", "Link_ID": "C705_Link01", "Link_Name": "Padibe - Paloga", "LAT": 33.013591, "LON": 3.615427, "X": 501509.3482, "Y": 399618.6441, "STATIONS": "DS", "E": 33.013591, "S": 3.615427, "STATION": "Kitgum", "REGION": "North", "Comment": null, "A2016_NAME": "C705_LINK01", "A2011_NAME": "Not part of 2011 DS network", "compare": "true" }, "geometry": { "type": "Point", "coordinates": [ 33.013591498848655, 3.615426643125147 ] } },
{ "type": "Feature", "properties": { "TCS_NO_": 95.0, "TCS_NAME": "C782_LINK01", "Link_ID": "C782_Link01", "Link_Name": "Musita-Mayuge - Nankoma", "LAT": 0.0, "LON": 0.0, "X": 0.0, "Y": 0.0, "STATIONS": "DS", "E": 33.432942, "S": 0.494138, "STATION": "Jinja", "REGION": "East", "Comment": null, "A2016_NAME": "C782_LINK01", "A2011_NAME": "Not part of 2011 DS network", "compare": "true" }, "geometry": { "type": "Point", "coordinates": [ 33.432942131374318, 0.49413811548169 ] } },
{ "type": "Feature", "properties": { "TCS_NO_": 96.0, "TCS_NAME": "C840_LINK01", "Link_ID": "C840_Link01", "Link_Name": "Malaba - Mella - Apokor", "LAT": 0.0, "LON": 0.0, "X": 0.0, "Y": 0.0, "STATIONS": "DS", "E": 34.264975, "S": 0.678962, "STATION": "Tororo", "REGION": "East", "Comment": null, "A2016_NAME": "C840_LINK01", "A2011_NAME": "Not part of 2011 DS network", "compare": "true" }, "geometry": { "type": "Point", "coordinates": [ 34.26497546844314, 0.678961582511079 ] } },
{ "type": "Feature", "properties": { "TCS_NO_": 54.0, "TCS_NAME": "C65302", "Link_ID": "C653_Link02", "Link_Name": "Ochero-Namasale", "LAT": 32.7552909, "LON": 1.61158889, "X": 472780.6196, "Y": 178131.0998, "STATIONS": "DS", "E": 0.0, "S": 0.0, "STATION": "Lira", "REGION": "North", "Comment": "Newly added", "A2016_NAME": "C65302", "A2011_NAME": "C65302", "compare": "true" }, "geometry": { "type": "Point", "coordinates": [ 32.755290899855197, 1.611588890115229 ] } }
]
}
